row_id,amount,source_url,snapshot_date,verbatim_quote_from_source,note,currency,funder,funder_code,input_row_ids,money_type,operation,org_id,period,period_end,period_start,quarters,route,unit,verdict
AW-ARI-2024-published_award,3000000.00,https://coefficientgiving.org/wp-content/uploads/Coefficient-Giving-Grants-Archive.csv,2026-09-14,"{""A-CG-1662"": ""$3,000,000.00""}","Same labeled money type only. Source rows retain receiving charities, payer uncertainty and allocation limits; amounts must not be added across types.",USD,,,A-CG-1662,published_award,sum,ARI,2024,,,,,,KEEP
AW-CAIS-2022-published_award,5160000.00,https://coefficientgiving.org/wp-content/uploads/Coefficient-Giving-Grants-Archive.csv,2026-09-14,"{""A-CG-1910"": ""$5,160,000.00""}","Same labeled money type only. Source rows retain receiving charities, payer uncertainty and allocation limits; amounts must not be added across types.",USD,,,A-CG-1910,published_award,sum,CAIS,2022,,,,,,KEEP
AW-CAIS-2023-published_award,7325288.00,https://coefficientgiving.org/wp-content/uploads/Coefficient-Giving-Grants-Archive.csv,2026-09-14,"{""A-CG-1187"": ""$1,433,000.00"", ""A-CG-1222"": ""$1,866,559.00"", ""A-CG-1812"": ""$4,025,729.00""}","Same labeled money type only. Source rows retain receiving charities, payer uncertainty and allocation limits; amounts must not be added across types.",USD,,,A-CG-1187;A-CG-1222;A-CG-1812,published_award,sum,CAIS,2023,,,,,,KEEP
AW-CRI-2024-published_award,3000000.00,https://coefficientgiving.org/wp-content/uploads/Coefficient-Giving-Grants-Archive.csv,2026-09-14,"{""A-CG-1666"": ""$3,000,000.00""}","Same labeled money type only. Source rows retain receiving charities, payer uncertainty and allocation limits; amounts must not be added across types.",USD,,,A-CG-1666,published_award,sum,CRI,2024,,,,,,KEEP
AW-FAS-2020-published_award,175000.00,https://coefficientgiving.org/wp-content/uploads/Coefficient-Giving-Grants-Archive.csv,2026-09-14,"{""A-CG-124"": ""$175,000.00""}","Same labeled money type only. Source rows retain receiving charities, payer uncertainty and allocation limits; amounts must not be added across types.",USD,,,A-CG-124,published_award,sum,FAS,2020,,,,,,KEEP
AW-FAS-2021-published_award,1080000.00,https://coefficientgiving.org/wp-content/uploads/Coefficient-Giving-Grants-Archive.csv,2026-09-14,"{""A-CG-114"": ""$480,000.00"", ""A-CG-825"": ""$600,000.00""}","Same labeled money type only. Source rows retain receiving charities, payer uncertainty and allocation limits; amounts must not be added across types.",USD,,,A-CG-114;A-CG-825,published_award,sum,FAS,2021,,,,,,KEEP
AW-FAS-2023-published_award,352150.00,https://coefficientgiving.org/wp-content/uploads/Coefficient-Giving-Grants-Archive.csv,2026-09-14,"{""A-CG-1770"": ""$352,150.00""}","Same labeled money type only. Source rows retain receiving charities, payer uncertainty and allocation limits; amounts must not be added across types.",USD,,,A-CG-1770,published_award,sum,FAS,2023,,,,,,KEEP
AW-FLI-2015-published_award,1186000.00,https://coefficientgiving.org/wp-content/uploads/Coefficient-Giving-Grants-Archive.csv,2026-09-14,"{""A-CG-903"": ""$1,186,000.00""}","Same labeled money type only. Source rows retain receiving charities, payer uncertainty and allocation limits; amounts must not be added across types.",USD,,,A-CG-903,published_award,sum,FLI,2015,,,,,,KEEP
AW-FLI-2016-published_award,100000.00,https://coefficientgiving.org/wp-content/uploads/Coefficient-Giving-Grants-Archive.csv,2026-09-14,"{""A-CG-904"": ""$100,000.00""}","Same labeled money type only. Source rows retain receiving charities, payer uncertainty and allocation limits; amounts must not be added across types.",USD,,,A-CG-904,published_award,sum,FLI,2016,,,,,,KEEP
AW-FLI-2017-published_award,100000.00,https://coefficientgiving.org/wp-content/uploads/Coefficient-Giving-Grants-Archive.csv,2026-09-14,"{""A-CG-726"": ""$100,000.00""}","Same labeled money type only. Source rows retain receiving charities, payer uncertainty and allocation limits; amounts must not be added across types.",USD,,,A-CG-726,published_award,sum,FLI,2017,,,,,,KEEP
AW-FLI-2018-published_award,250000.00,https://coefficientgiving.org/wp-content/uploads/Coefficient-Giving-Grants-Archive.csv,2026-09-14,"{""A-CG-727"": ""$250,000.00""}","Same labeled money type only. Source rows retain receiving charities, payer uncertainty and allocation limits; amounts must not be added across types.",USD,,,A-CG-727,published_award,sum,FLI,2018,,,,,,KEEP
AW-FLI-2019-published_award,100000.00,https://coefficientgiving.org/wp-content/uploads/Coefficient-Giving-Grants-Archive.csv,2026-09-14,"{""A-CG-518"": ""$100,000.00""}","Same labeled money type only. Source rows retain receiving charities, payer uncertainty and allocation limits; amounts must not be added across types.",USD,,,A-CG-518,published_award,sum,FLI,2019,,,,,,KEEP
AW-FLI-2020-published_award,176000.00,https://coefficientgiving.org/wp-content/uploads/Coefficient-Giving-Grants-Archive.csv,2026-09-14,"{""A-CG-519"": ""$176,000.00""}","Same labeled money type only. Source rows retain receiving charities, payer uncertainty and allocation limits; amounts must not be added across types.",USD,,,A-CG-519,published_award,sum,FLI,2020,,,,,,KEEP
AW-IAPS-2024-published_award,3839944.00,https://coefficientgiving.org/wp-content/uploads/Coefficient-Giving-Grants-Archive.csv,2026-09-14,"{""A-CG-1671"": ""$3,011,895.00"", ""A-CG-2194"": ""$828,049.00""}","Same labeled money type only. Source rows retain receiving charities, payer uncertainty and allocation limits; amounts must not be added across types.",USD,,,A-CG-1671;A-CG-2194,published_award,sum,IAPS,2024,,,,,,KEEP
AW-IAPS-2025-published_award,11510081.00,https://coefficientgiving.org/wp-content/uploads/Coefficient-Giving-Grants-Archive.csv,2026-09-14,"{""A-CG-1296"": ""$11,510,081.00""}","Same labeled money type only. Source rows retain receiving charities, payer uncertainty and allocation limits; amounts must not be added across types.",USD,,,A-CG-1296,published_award,sum,IAPS,2025,,,,,,KEEP
AW-SAIF-2023-published_award,1167513.00,https://coefficientgiving.org/wp-content/uploads/Coefficient-Giving-Grants-Archive.csv,2026-09-14,"{""A-CG-2451"": ""$1,167,513.00""}","Same labeled money type only. Source rows retain receiving charities, payer uncertainty and allocation limits; amounts must not be added across types.",USD,,,A-CG-2451,published_award,sum,SAIF,2023,,,,,,KEEP
DD-AIPI,,https://theaipi.org/donate/,2026-09-14,"{""ID-AIPI"": ""We’re a donor-supported 501(c)(3) non-profit.""}","Separate route subtotal within the identified filed cash-grant pool only. A zero is an empty route subset of an otherwise nonempty observed pool, not proof of no funding. DAF-sponsor status does not identify an adviser or establish each grant’s fund type.",USD,,,ID-AIPI,direct_institution_cash_grants,unavailable,AIPI,,,,,,,OPEN
DD-AIPN,,https://projects.propublica.org/nonprofits/api/v2/organizations/994513850.json,2026-09-14,"{""ID-AIPN"": ""{\""name\"":\""Ai Policy Network Inc\"",\""ein\"":994513850,\""subsection_code\"":4,\""ruling_date\"":\""2025-09-01\""}""}","Separate route subtotal within the identified filed cash-grant pool only. A zero is an empty route subset of an otherwise nonempty observed pool, not proof of no funding. DAF-sponsor status does not identify an adviser or establish each grant’s fund type.",USD,,,ID-AIPN,direct_institution_cash_grants,unavailable,AIPN,,,,,,,OPEN
DD-ARI,2948728,https://projects.propublica.org/nonprofits/full_text/202513209349301211/IRS990ScheduleI,2026-09-14,"{""G-812644663-202513209349301211-3"": ""2,948,728""}","Separate route subtotal within the identified filed cash-grant pool only. A zero is an empty route subset of an otherwise nonempty observed pool, not proof of no funding. DAF-sponsor status does not identify an adviser or establish each grant’s fund type.",USD,,,G-812644663-202513209349301211-3,direct_institution_cash_grants,sum,ARI,,,,,,,KEEP
DD-CAIS,11052288,https://projects.propublica.org/nonprofits/full_text/202441369349105564/IRS990PF,2026-09-14,"{""G-461008520-202441369349105564-27"": ""5,160,000"", ""G-461008520-202441369349105564-28"": ""4,025,729"", ""G-461008520-202501349349105365-237"": ""1,866,559""}","Separate route subtotal within the identified filed cash-grant pool only. A zero is an empty route subset of an otherwise nonempty observed pool, not proof of no funding. DAF-sponsor status does not identify an adviser or establish each grant’s fund type.",USD,,,G-461008520-202441369349105564-27;G-461008520-202441369349105564-28;G-461008520-202501349349105365-237,direct_institution_cash_grants,sum,CAIS,,,,,,,KEEP
DD-CAISAF,,https://projects.propublica.org/nonprofits/api/v2/organizations/932442608.json,2026-09-14,"{""ID-CAISAF"": ""{\""name\"":\""Center For Ai Safety Action Fund Inc\"",\""ein\"":932442608,\""subsection_code\"":4,\""ruling_date\"":\""2023-10-01\""}""}","Separate route subtotal within the identified filed cash-grant pool only. A zero is an empty route subset of an otherwise nonempty observed pool, not proof of no funding. DAF-sponsor status does not identify an adviser or establish each grant’s fund type.",USD,,,ID-CAISAF,direct_institution_cash_grants,unavailable,CAISAF,,,,,,,OPEN
DD-CONTROL,,https://find-and-update.company-information.service.gov.uk/company/15088415,2026-09-14,"{""ID-CONTROL"": ""Private Limited Company by guarantee without share capital use of 'Limited' exemption""}","Separate route subtotal within the identified filed cash-grant pool only. A zero is an empty route subset of an otherwise nonempty observed pool, not proof of no funding. DAF-sponsor status does not identify an adviser or establish each grant’s fund type.",USD,,,ID-CONTROL,direct_institution_cash_grants,unavailable,CONTROL,,,,,,,OPEN
DD-CRI,3000000,https://projects.propublica.org/nonprofits/full_text/202641359349102829/IRS990PF,2026-09-14,"{""G-461008520-202641359349102829-46"": ""3,000,000""}","Separate route subtotal within the identified filed cash-grant pool only. A zero is an empty route subset of an otherwise nonempty observed pool, not proof of no funding. DAF-sponsor status does not identify an adviser or establish each grant’s fund type.",USD,,,G-461008520-202641359349102829-46,direct_institution_cash_grants,sum,CRI,,,,,,,KEEP
DD-ENCODE,,https://encodeai.org/privacy-policy/,2026-09-14,"{""ID-ENCODE"": ""Encode AI Corporation, a 501(c)(4) social welfare organization""}","Separate route subtotal within the identified filed cash-grant pool only. A zero is an empty route subset of an otherwise nonempty observed pool, not proof of no funding. DAF-sponsor status does not identify an adviser or establish each grant’s fund type.",USD,,,ID-ENCODE,direct_institution_cash_grants,unavailable,ENCODE,,,,,,,OPEN
DD-ENCODER,,https://projects.propublica.org/nonprofits/api/v2/organizations/333199430.json,2026-09-14,"{""ID-ENCODER"": ""{\""name\"":\""Encode Research Foundation\"",\""ein\"":333199430,\""subsection_code\"":3,\""ruling_date\"":\""2025-06-01\""}""}","Separate route subtotal within the identified filed cash-grant pool only. A zero is an empty route subset of an otherwise nonempty observed pool, not proof of no funding. DAF-sponsor status does not identify an adviser or establish each grant’s fund type.",USD,,,ID-ENCODER,direct_institution_cash_grants,unavailable,ENCODER,,,,,,,OPEN
DD-FAS,4111985,https://projects.propublica.org/nonprofits/full_text/202341359349105939/IRS990PF,2026-09-14,"{""G-461008520-202341359349105939-42"": ""480,000"", ""G-461008520-202341359349105939-43"": ""600,000"", ""G-461008520-202341359349105939-44"": ""187,640"", ""G-461008520-202441369349105564-89"": ""123,000"", ""G-461008520-202441369349105564-90"": ""8,125"", ""G-461008520-202441369349105564-91"": ""204,119"", ""G-461008520-202441369349105564-92"": ""204,119"", ""G-471052538-202523119349303667-4"": ""750,000"", ""G-812644663-202403209349313635-21"": ""611,000"", ""G-812644663-202403209349313635-22"": ""400,000"", ""G-874657441-202441209349301334-1"": ""543,982""}","Separate route subtotal within the identified filed cash-grant pool only. A zero is an empty route subset of an otherwise nonempty observed pool, not proof of no funding. DAF-sponsor status does not identify an adviser or establish each grant’s fund type.",USD,,,G-461008520-202341359349105939-42;G-461008520-202341359349105939-43;G-461008520-202341359349105939-44;G-461008520-202441369349105564-89;G-461008520-202441369349105564-90;G-461008520-202441369349105564-91;G-461008520-202441369349105564-92;G-471052538-202523119349303667-4;G-812644663-202403209349313635-21;G-812644663-202403209349313635-22;G-874657441-202441209349301334-1,direct_institution_cash_grants,sum,FAS,,,,,,,KEEP
DD-FLI,0,https://projects.propublica.org/nonprofits/full_text/202003199349301770/IRS990ScheduleI,2026-09-14,"{""G-205205488-202003199349301770-651"": ""230,000"", ""G-205205488-202103199349327615-665"": ""309,000"", ""G-205205488-202223199349318287-2610"": ""17,200""}","Separate route subtotal within the identified filed cash-grant pool only. A zero is an empty route subset of an otherwise nonempty observed pool, not proof of no funding. DAF-sponsor status does not identify an adviser or establish each grant’s fund type.",USD,,,G-205205488-202003199349301770-651;G-205205488-202103199349327615-665;G-205205488-202223199349318287-2610,direct_institution_cash_grants,empty_subset,FLI,,,,,,,KEEP
DD-HORIZON,11937990,https://projects.propublica.org/nonprofits/full_text/202441369349105564/IRS990PF,2026-09-14,"{""G-461008520-202441369349105564-106"": ""11,837,990"", ""G-812644663-202303199349323610-25"": ""100,000""}","Separate route subtotal within the identified filed cash-grant pool only. A zero is an empty route subset of an otherwise nonempty observed pool, not proof of no funding. DAF-sponsor status does not identify an adviser or establish each grant’s fund type.",USD,,,G-461008520-202441369349105564-106;G-812644663-202303199349323610-25,direct_institution_cash_grants,sum,HORIZON,,,,,,,KEEP
DD-IAPS,,https://projects.propublica.org/nonprofits/api/v2/organizations/320839313.json,2026-09-14,"{""ID-IAPS"": ""{\""name\"":\""Institute For Ai Policy And Strateg Y Inc\"",\""ein\"":320839313,\""subsection_code\"":3,\""ruling_date\"":\""2026-04-01\""}""}","Separate route subtotal within the identified filed cash-grant pool only. A zero is an empty route subset of an otherwise nonempty observed pool, not proof of no funding. DAF-sponsor status does not identify an adviser or establish each grant’s fund type.",USD,,,ID-IAPS,direct_institution_cash_grants,unavailable,IAPS,,,,,,,OPEN
DD-ITIF,0,https://projects.propublica.org/nonprofits/full_text/202211339349310116/IRS990ScheduleI,2026-09-14,"{""G-232888152-202211339349310116-8530"": ""13,200"", ""G-232888152-202331359349303108-9468"": ""30,000"", ""G-237825575-202011979349306246-3394"": ""227,550"", ""G-237825575-202311359349313966-6461"": ""5,750""}","Separate route subtotal within the identified filed cash-grant pool only. A zero is an empty route subset of an otherwise nonempty observed pool, not proof of no funding. DAF-sponsor status does not identify an adviser or establish each grant’s fund type.",USD,,,G-232888152-202211339349310116-8530;G-232888152-202331359349303108-9468;G-237825575-202011979349306246-3394;G-237825575-202311359349313966-6461,direct_institution_cash_grants,empty_subset,ITIF,,,,,,,KEEP
DD-NETCHOICE,,https://projects.propublica.org/nonprofits/api/v2/organizations/271716101.json,2026-09-14,"{""ID-NETCHOICE"": ""{\""name\"":\""Netchoice\"",\""ein\"":271716101,\""subsection_code\"":6,\""ruling_date\"":\""2018-04-01\""}""}","Separate route subtotal within the identified filed cash-grant pool only. A zero is an empty route subset of an otherwise nonempty observed pool, not proof of no funding. DAF-sponsor status does not identify an adviser or establish each grant’s fund type.",USD,,,ID-NETCHOICE,direct_institution_cash_grants,unavailable,NETCHOICE,,,,,,,OPEN
DD-PC,625000,https://projects.propublica.org/nonprofits/full_text/202000429349301210/IRS990ScheduleI,2026-09-14,"{""G-521263996-202000429349301210-8"": ""150,000"", ""G-521263996-202521499349301107-2"": ""475,000""}","Separate route subtotal within the identified filed cash-grant pool only. A zero is an empty route subset of an otherwise nonempty observed pool, not proof of no funding. DAF-sponsor status does not identify an adviser or establish each grant’s fund type.",USD,,,G-521263996-202000429349301210-8;G-521263996-202521499349301107-2,direct_institution_cash_grants,sum,PC,,,,,,,KEEP
DD-PCF,0,https://projects.propublica.org/nonprofits/full_text/202003199349301770/IRS990ScheduleI,2026-09-14,"{""G-205205488-202003199349301770-3105"": ""5,200"", ""G-205205488-202223199349318287-2888"": ""10,800"", ""G-205205488-202543149349305759-2505"": ""5,250"", ""G-232888152-202211339349310116-13366"": ""63,200"", ""G-232888152-202331359349303108-14880"": ""56,700"", ""G-232888152-202441359349309439-14610"": ""29,050"", ""G-232888152-202511349349313096-16381"": ""64,000"", ""G-232888152-202621329349306657-18905"": ""306,100"", ""G-237825575-202011979349306246-5481"": ""6,500"", ""G-237825575-202121459349300307-9411"": ""7,750"", ""G-237825575-202231339349309863-8571"": ""131,000"", ""G-237825575-202311359349313966-10305"": ""5,750"", ""G-237825575-202431429349301368-10514"": ""5,250"", ""G-237825575-202601289349302480-15381"": ""26,500"", ""G-510198509-202133149349300708-1610"": ""1,309,640"", ""G-510198509-202233189349313898-1460"": ""1,080,000"", ""G-510198509-202400469349300305-1801"": ""170,000"", ""G-510198509-202412739349300401-1647"": ""125,000"", ""G-510198509-202523189349301347-1539"": ""790,000""}","Separate route subtotal within the identified filed cash-grant pool only. A zero is an empty route subset of an otherwise nonempty observed pool, not proof of no funding. DAF-sponsor status does not identify an adviser or establish each grant’s fund type.",USD,,,G-205205488-202003199349301770-3105;G-205205488-202223199349318287-2888;G-205205488-202543149349305759-2505;G-232888152-202211339349310116-13366;G-232888152-202331359349303108-14880;G-232888152-202441359349309439-14610;G-232888152-202511349349313096-16381;G-232888152-202621329349306657-18905;G-237825575-202011979349306246-5481;G-237825575-202121459349300307-9411;G-237825575-202231339349309863-8571;G-237825575-202311359349313966-10305;G-237825575-202431429349301368-10514;G-237825575-202601289349302480-15381;G-510198509-202133149349300708-1610;G-510198509-202233189349313898-1460;G-510198509-202400469349300305-1801;G-510198509-202412739349300401-1647;G-510198509-202523189349301347-1539,direct_institution_cash_grants,empty_subset,PCF,,,,,,,KEEP
DD-PROGRESS,,https://projects.propublica.org/nonprofits/api/v2/organizations/853963084.json,2026-09-14,"{""ID-PROGRESS"": ""{\""name\"":\""Chamber Of Progress\"",\""ein\"":853963084,\""subsection_code\"":6,\""ruling_date\"":\""2021-08-01\""}""}","Separate route subtotal within the identified filed cash-grant pool only. A zero is an empty route subset of an otherwise nonempty observed pool, not proof of no funding. DAF-sponsor status does not identify an adviser or establish each grant’s fund type.",USD,,,ID-PROGRESS,direct_institution_cash_grants,unavailable,PROGRESS,,,,,,,OPEN
DD-SAIF,1100000,https://projects.propublica.org/nonprofits/full_text/202641359349102829/IRS990PF,2026-09-14,"{""G-461008520-202641359349102829-248"": ""100,000"", ""G-461008520-202641359349102829-249"": ""1,000,000""}","Separate route subtotal within the identified filed cash-grant pool only. A zero is an empty route subset of an otherwise nonempty observed pool, not proof of no funding. DAF-sponsor status does not identify an adviser or establish each grant’s fund type.",USD,,,G-461008520-202641359349102829-248;G-461008520-202641359349102829-249,direct_institution_cash_grants,sum,SAIF,,,,,,,KEEP
DD-TECHFREEDOM,1065000,https://projects.propublica.org/nonprofits/full_text/202343009349300919/IRS990ScheduleI,2026-09-14,"{""G-271716101-202343009349300919-18"": ""450,000"", ""G-271716101-202442499349300104-26"": ""250,000"", ""G-271716101-202543119349300534-28"": ""365,000""}","Separate route subtotal within the identified filed cash-grant pool only. A zero is an empty route subset of an otherwise nonempty observed pool, not proof of no funding. DAF-sponsor status does not identify an adviser or establish each grant’s fund type.",USD,,,G-271716101-202343009349300919-18;G-271716101-202442499349300104-26;G-271716101-202543119349300534-28,direct_institution_cash_grants,sum,TECHFREEDOM,,,,,,,KEEP
DN-AIPI,,https://theaipi.org/donate/,2026-09-14,"{""ID-AIPI"": ""We’re a donor-supported 501(c)(3) non-profit.""}","Separate route subtotal within the identified filed cash-grant pool only. A zero is an empty route subset of an otherwise nonempty observed pool, not proof of no funding. DAF-sponsor status does not identify an adviser or establish each grant’s fund type.",USD,,,ID-AIPI,DAF_sponsor_routed_cash_grants,unavailable,AIPI,,,,,,,OPEN
DN-AIPN,,https://projects.propublica.org/nonprofits/api/v2/organizations/994513850.json,2026-09-14,"{""ID-AIPN"": ""{\""name\"":\""Ai Policy Network Inc\"",\""ein\"":994513850,\""subsection_code\"":4,\""ruling_date\"":\""2025-09-01\""}""}","Separate route subtotal within the identified filed cash-grant pool only. A zero is an empty route subset of an otherwise nonempty observed pool, not proof of no funding. DAF-sponsor status does not identify an adviser or establish each grant’s fund type.",USD,,,ID-AIPN,DAF_sponsor_routed_cash_grants,unavailable,AIPN,,,,,,,OPEN
DN-ARI,0,https://projects.propublica.org/nonprofits/full_text/202513209349301211/IRS990ScheduleI,2026-09-14,"{""G-812644663-202513209349301211-3"": ""2,948,728""}","Separate route subtotal within the identified filed cash-grant pool only. A zero is an empty route subset of an otherwise nonempty observed pool, not proof of no funding. DAF-sponsor status does not identify an adviser or establish each grant’s fund type.",USD,,,G-812644663-202513209349301211-3,DAF_sponsor_routed_cash_grants,empty_subset,ARI,,,,,,,KEEP
DN-CAIS,4026240,https://projects.propublica.org/nonprofits/full_text/202413129349304911/IRS990ScheduleI,2026-09-14,"{""G-205205488-202413129349304911-518"": ""1,455,200"", ""G-205205488-202543149349305759-540"": ""1,050,540"", ""G-232888152-202511349349313096-3426"": ""216,000"", ""G-232888152-202621329349306657-3987"": ""1,082,500"", ""G-237825575-202431429349301368-2229"": ""222,000""}","Separate route subtotal within the identified filed cash-grant pool only. A zero is an empty route subset of an otherwise nonempty observed pool, not proof of no funding. DAF-sponsor status does not identify an adviser or establish each grant’s fund type.",USD,,,G-205205488-202413129349304911-518;G-205205488-202543149349305759-540;G-232888152-202511349349313096-3426;G-232888152-202621329349306657-3987;G-237825575-202431429349301368-2229,DAF_sponsor_routed_cash_grants,sum,CAIS,,,,,,,KEEP
DN-CAISAF,,https://projects.propublica.org/nonprofits/api/v2/organizations/932442608.json,2026-09-14,"{""ID-CAISAF"": ""{\""name\"":\""Center For Ai Safety Action Fund Inc\"",\""ein\"":932442608,\""subsection_code\"":4,\""ruling_date\"":\""2023-10-01\""}""}","Separate route subtotal within the identified filed cash-grant pool only. A zero is an empty route subset of an otherwise nonempty observed pool, not proof of no funding. DAF-sponsor status does not identify an adviser or establish each grant’s fund type.",USD,,,ID-CAISAF,DAF_sponsor_routed_cash_grants,unavailable,CAISAF,,,,,,,OPEN
DN-CONTROL,,https://find-and-update.company-information.service.gov.uk/company/15088415,2026-09-14,"{""ID-CONTROL"": ""Private Limited Company by guarantee without share capital use of 'Limited' exemption""}","Separate route subtotal within the identified filed cash-grant pool only. A zero is an empty route subset of an otherwise nonempty observed pool, not proof of no funding. DAF-sponsor status does not identify an adviser or establish each grant’s fund type.",USD,,,ID-CONTROL,DAF_sponsor_routed_cash_grants,unavailable,CONTROL,,,,,,,OPEN
DN-CRI,700000,https://projects.propublica.org/nonprofits/full_text/202621329349306657/IRS990ScheduleI,2026-09-14,"{""G-232888152-202621329349306657-4078"": ""700,000""}","Separate route subtotal within the identified filed cash-grant pool only. A zero is an empty route subset of an otherwise nonempty observed pool, not proof of no funding. DAF-sponsor status does not identify an adviser or establish each grant’s fund type.",USD,,,G-232888152-202621329349306657-4078,DAF_sponsor_routed_cash_grants,sum,CRI,,,,,,,KEEP
DN-ENCODE,,https://encodeai.org/privacy-policy/,2026-09-14,"{""ID-ENCODE"": ""Encode AI Corporation, a 501(c)(4) social welfare organization""}","Separate route subtotal within the identified filed cash-grant pool only. A zero is an empty route subset of an otherwise nonempty observed pool, not proof of no funding. DAF-sponsor status does not identify an adviser or establish each grant’s fund type.",USD,,,ID-ENCODE,DAF_sponsor_routed_cash_grants,unavailable,ENCODE,,,,,,,OPEN
DN-ENCODER,,https://projects.propublica.org/nonprofits/api/v2/organizations/333199430.json,2026-09-14,"{""ID-ENCODER"": ""{\""name\"":\""Encode Research Foundation\"",\""ein\"":333199430,\""subsection_code\"":3,\""ruling_date\"":\""2025-06-01\""}""}","Separate route subtotal within the identified filed cash-grant pool only. A zero is an empty route subset of an otherwise nonempty observed pool, not proof of no funding. DAF-sponsor status does not identify an adviser or establish each grant’s fund type.",USD,,,ID-ENCODER,DAF_sponsor_routed_cash_grants,unavailable,ENCODER,,,,,,,OPEN
DN-FAS,2329300,https://projects.propublica.org/nonprofits/full_text/202103199349327615/IRS990ScheduleI,2026-09-14,"{""G-205205488-202103199349327615-597"": ""375,000"", ""G-205205488-202223199349318287-546"": ""395,000"", ""G-205205488-202333189349318948-1092"": ""312,000"", ""G-205205488-202413129349304911-1022"": ""200,500"", ""G-205205488-202543149349305759-1077"": ""333,000"", ""G-232888152-202621329349306657-8176"": ""70,000"", ""G-237825575-202311359349313966-4458"": ""310,000"", ""G-237825575-202431429349301368-4513"": ""298,800"", ""G-237825575-202511339349301311-5539"": ""25,000"", ""G-237825575-202601289349302480-6636"": ""10,000""}","Separate route subtotal within the identified filed cash-grant pool only. A zero is an empty route subset of an otherwise nonempty observed pool, not proof of no funding. DAF-sponsor status does not identify an adviser or establish each grant’s fund type.",USD,,,G-205205488-202103199349327615-597;G-205205488-202223199349318287-546;G-205205488-202333189349318948-1092;G-205205488-202413129349304911-1022;G-205205488-202543149349305759-1077;G-232888152-202621329349306657-8176;G-237825575-202311359349313966-4458;G-237825575-202431429349301368-4513;G-237825575-202511339349301311-5539;G-237825575-202601289349302480-6636,DAF_sponsor_routed_cash_grants,sum,FAS,,,,,,,KEEP
DN-FLI,556200,https://projects.propublica.org/nonprofits/full_text/202003199349301770/IRS990ScheduleI,2026-09-14,"{""G-205205488-202003199349301770-651"": ""230,000"", ""G-205205488-202103199349327615-665"": ""309,000"", ""G-205205488-202223199349318287-2610"": ""17,200""}","Separate route subtotal within the identified filed cash-grant pool only. A zero is an empty route subset of an otherwise nonempty observed pool, not proof of no funding. DAF-sponsor status does not identify an adviser or establish each grant’s fund type.",USD,,,G-205205488-202003199349301770-651;G-205205488-202103199349327615-665;G-205205488-202223199349318287-2610,DAF_sponsor_routed_cash_grants,sum,FLI,,,,,,,KEEP
DN-HORIZON,21596240,https://projects.propublica.org/nonprofits/full_text/202333189349318948/IRS990ScheduleI,2026-09-14,"{""G-205205488-202333189349318948-1516"": ""6,451,344"", ""G-232888152-202511349349313096-10008"": ""3,398,603"", ""G-232888152-202621329349306657-11582"": ""4,219,061"", ""G-237825575-202511339349301311-7801"": ""7,527,232""}","Separate route subtotal within the identified filed cash-grant pool only. A zero is an empty route subset of an otherwise nonempty observed pool, not proof of no funding. DAF-sponsor status does not identify an adviser or establish each grant’s fund type.",USD,,,G-205205488-202333189349318948-1516;G-232888152-202511349349313096-10008;G-232888152-202621329349306657-11582;G-237825575-202511339349301311-7801,DAF_sponsor_routed_cash_grants,sum,HORIZON,,,,,,,KEEP
DN-IAPS,,https://projects.propublica.org/nonprofits/api/v2/organizations/320839313.json,2026-09-14,"{""ID-IAPS"": ""{\""name\"":\""Institute For Ai Policy And Strateg Y Inc\"",\""ein\"":320839313,\""subsection_code\"":3,\""ruling_date\"":\""2026-04-01\""}""}","Separate route subtotal within the identified filed cash-grant pool only. A zero is an empty route subset of an otherwise nonempty observed pool, not proof of no funding. DAF-sponsor status does not identify an adviser or establish each grant’s fund type.",USD,,,ID-IAPS,DAF_sponsor_routed_cash_grants,unavailable,IAPS,,,,,,,OPEN
DN-ITIF,276500,https://projects.propublica.org/nonprofits/full_text/202211339349310116/IRS990ScheduleI,2026-09-14,"{""G-232888152-202211339349310116-8530"": ""13,200"", ""G-232888152-202331359349303108-9468"": ""30,000"", ""G-237825575-202011979349306246-3394"": ""227,550"", ""G-237825575-202311359349313966-6461"": ""5,750""}","Separate route subtotal within the identified filed cash-grant pool only. A zero is an empty route subset of an otherwise nonempty observed pool, not proof of no funding. DAF-sponsor status does not identify an adviser or establish each grant’s fund type.",USD,,,G-232888152-202211339349310116-8530;G-232888152-202331359349303108-9468;G-237825575-202011979349306246-3394;G-237825575-202311359349313966-6461,DAF_sponsor_routed_cash_grants,sum,ITIF,,,,,,,KEEP
DN-NETCHOICE,,https://projects.propublica.org/nonprofits/api/v2/organizations/271716101.json,2026-09-14,"{""ID-NETCHOICE"": ""{\""name\"":\""Netchoice\"",\""ein\"":271716101,\""subsection_code\"":6,\""ruling_date\"":\""2018-04-01\""}""}","Separate route subtotal within the identified filed cash-grant pool only. A zero is an empty route subset of an otherwise nonempty observed pool, not proof of no funding. DAF-sponsor status does not identify an adviser or establish each grant’s fund type.",USD,,,ID-NETCHOICE,DAF_sponsor_routed_cash_grants,unavailable,NETCHOICE,,,,,,,OPEN
DN-PC,1210360,https://projects.propublica.org/nonprofits/full_text/202043149349304239/IRS990ScheduleI,2026-09-14,"{""G-510198509-202043149349304239-1036"": ""200,000"", ""G-510198509-202133149349300708-1611"": ""960,360"", ""G-510198509-202412739349300401-1648"": ""50,000""}","Separate route subtotal within the identified filed cash-grant pool only. A zero is an empty route subset of an otherwise nonempty observed pool, not proof of no funding. DAF-sponsor status does not identify an adviser or establish each grant’s fund type.",USD,,,G-510198509-202043149349304239-1036;G-510198509-202133149349300708-1611;G-510198509-202412739349300401-1648,DAF_sponsor_routed_cash_grants,sum,PC,,,,,,,KEEP
DN-PCF,4197690,https://projects.propublica.org/nonprofits/full_text/202003199349301770/IRS990ScheduleI,2026-09-14,"{""G-205205488-202003199349301770-3105"": ""5,200"", ""G-205205488-202223199349318287-2888"": ""10,800"", ""G-205205488-202543149349305759-2505"": ""5,250"", ""G-232888152-202211339349310116-13366"": ""63,200"", ""G-232888152-202331359349303108-14880"": ""56,700"", ""G-232888152-202441359349309439-14610"": ""29,050"", ""G-232888152-202511349349313096-16381"": ""64,000"", ""G-232888152-202621329349306657-18905"": ""306,100"", ""G-237825575-202011979349306246-5481"": ""6,500"", ""G-237825575-202121459349300307-9411"": ""7,750"", ""G-237825575-202231339349309863-8571"": ""131,000"", ""G-237825575-202311359349313966-10305"": ""5,750"", ""G-237825575-202431429349301368-10514"": ""5,250"", ""G-237825575-202601289349302480-15381"": ""26,500"", ""G-510198509-202133149349300708-1610"": ""1,309,640"", ""G-510198509-202233189349313898-1460"": ""1,080,000"", ""G-510198509-202400469349300305-1801"": ""170,000"", ""G-510198509-202412739349300401-1647"": ""125,000"", ""G-510198509-202523189349301347-1539"": ""790,000""}","Separate route subtotal within the identified filed cash-grant pool only. A zero is an empty route subset of an otherwise nonempty observed pool, not proof of no funding. DAF-sponsor status does not identify an adviser or establish each grant’s fund type.",USD,,,G-205205488-202003199349301770-3105;G-205205488-202223199349318287-2888;G-205205488-202543149349305759-2505;G-232888152-202211339349310116-13366;G-232888152-202331359349303108-14880;G-232888152-202441359349309439-14610;G-232888152-202511349349313096-16381;G-232888152-202621329349306657-18905;G-237825575-202011979349306246-5481;G-237825575-202121459349300307-9411;G-237825575-202231339349309863-8571;G-237825575-202311359349313966-10305;G-237825575-202431429349301368-10514;G-237825575-202601289349302480-15381;G-510198509-202133149349300708-1610;G-510198509-202233189349313898-1460;G-510198509-202400469349300305-1801;G-510198509-202412739349300401-1647;G-510198509-202523189349301347-1539,DAF_sponsor_routed_cash_grants,sum,PCF,,,,,,,KEEP
DN-PROGRESS,,https://projects.propublica.org/nonprofits/api/v2/organizations/853963084.json,2026-09-14,"{""ID-PROGRESS"": ""{\""name\"":\""Chamber Of Progress\"",\""ein\"":853963084,\""subsection_code\"":6,\""ruling_date\"":\""2021-08-01\""}""}","Separate route subtotal within the identified filed cash-grant pool only. A zero is an empty route subset of an otherwise nonempty observed pool, not proof of no funding. DAF-sponsor status does not identify an adviser or establish each grant’s fund type.",USD,,,ID-PROGRESS,DAF_sponsor_routed_cash_grants,unavailable,PROGRESS,,,,,,,OPEN
DN-SAIF,345000,https://projects.propublica.org/nonprofits/full_text/202601289349302480/IRS990ScheduleI,2026-09-14,"{""G-237825575-202601289349302480-16234"": ""345,000""}","Separate route subtotal within the identified filed cash-grant pool only. A zero is an empty route subset of an otherwise nonempty observed pool, not proof of no funding. DAF-sponsor status does not identify an adviser or establish each grant’s fund type.",USD,,,G-237825575-202601289349302480-16234,DAF_sponsor_routed_cash_grants,sum,SAIF,,,,,,,KEEP
DN-TECHFREEDOM,280000,https://projects.propublica.org/nonprofits/full_text/202601289349302480/IRS990ScheduleI,2026-09-14,"{""G-237825575-202601289349302480-18630"": ""280,000""}","Separate route subtotal within the identified filed cash-grant pool only. A zero is an empty route subset of an otherwise nonempty observed pool, not proof of no funding. DAF-sponsor status does not identify an adviser or establish each grant’s fund type.",USD,,,G-237825575-202601289349302480-18630,DAF_sponsor_routed_cash_grants,sum,TECHFREEDOM,,,,,,,KEEP
DP-AIPI,,https://theaipi.org/donate/,2026-09-14,"{""DN-AIPI"": ""{\""ID-AIPI\"": \""We’re a donor-supported 501(c)(3) non-profit.\""}"", ""DD-AIPI"": ""{\""ID-AIPI\"": \""We’re a donor-supported 501(c)(3) non-profit.\""}""}","DAF-sponsor-routed cash divided by the sum of separately retained sponsor-routed and direct-institution cash subtotals. Coverage-limited ratio, not a share of organization revenue, all donations, declared donors, or confirmed donor-advised grants. Unknown when no identified pool exists.",,,,DN-AIPI;DD-AIPI,DAF_sponsor_route_percentage,unavailable,AIPI,,,,,,percent,OPEN
DP-AIPN,,https://projects.propublica.org/nonprofits/api/v2/organizations/994513850.json,2026-09-14,"{""DN-AIPN"": ""{\""ID-AIPN\"": \""{\\\""name\\\"":\\\""Ai Policy Network Inc\\\"",\\\""ein\\\"":994513850,\\\""subsection_code\\\"":4,\\\""ruling_date\\\"":\\\""2025-09-01\\\""}\""}"", ""DD-AIPN"": ""{\""ID-AIPN\"": \""{\\\""name\\\"":\\\""Ai Policy Network Inc\\\"",\\\""ein\\\"":994513850,\\\""subsection_code\\\"":4,\\\""ruling_date\\\"":\\\""2025-09-01\\\""}\""}""}","DAF-sponsor-routed cash divided by the sum of separately retained sponsor-routed and direct-institution cash subtotals. Coverage-limited ratio, not a share of organization revenue, all donations, declared donors, or confirmed donor-advised grants. Unknown when no identified pool exists.",,,,DN-AIPN;DD-AIPN,DAF_sponsor_route_percentage,unavailable,AIPN,,,,,,percent,OPEN
DP-ARI,0,https://projects.propublica.org/nonprofits/full_text/202513209349301211/IRS990ScheduleI,2026-09-14,"{""DN-ARI"": ""{\""G-812644663-202513209349301211-3\"": \""2,948,728\""}"", ""DD-ARI"": ""{\""G-812644663-202513209349301211-3\"": \""2,948,728\""}""}","DAF-sponsor-routed cash divided by the sum of separately retained sponsor-routed and direct-institution cash subtotals. Coverage-limited ratio, not a share of organization revenue, all donations, declared donors, or confirmed donor-advised grants. Unknown when no identified pool exists.",,,,DN-ARI;DD-ARI,DAF_sponsor_route_percentage,route_percentage,ARI,,,,,,percent,KEEP
DP-CAIS,26.70181068072427228970891588,https://projects.propublica.org/nonprofits/full_text/202413129349304911/IRS990ScheduleI,2026-09-14,"{""DN-CAIS"": ""{\""G-205205488-202413129349304911-518\"": \""1,455,200\"", \""G-205205488-202543149349305759-540\"": \""1,050,540\"", \""G-232888152-202511349349313096-3426\"": \""216,000\"", \""G-232888152-202621329349306657-3987\"": \""1,082,500\"", \""G-237825575-202431429349301368-2229\"": \""222,000\""}"", ""DD-CAIS"": ""{\""G-461008520-202441369349105564-27\"": \""5,160,000\"", \""G-461008520-202441369349105564-28\"": \""4,025,729\"", \""G-461008520-202501349349105365-237\"": \""1,866,559\""}""}","DAF-sponsor-routed cash divided by the sum of separately retained sponsor-routed and direct-institution cash subtotals. Coverage-limited ratio, not a share of organization revenue, all donations, declared donors, or confirmed donor-advised grants. Unknown when no identified pool exists.",,,,DN-CAIS;DD-CAIS,DAF_sponsor_route_percentage,route_percentage,CAIS,,,,,,percent,KEEP
DP-CAISAF,,https://projects.propublica.org/nonprofits/api/v2/organizations/932442608.json,2026-09-14,"{""DN-CAISAF"": ""{\""ID-CAISAF\"": \""{\\\""name\\\"":\\\""Center For Ai Safety Action Fund Inc\\\"",\\\""ein\\\"":932442608,\\\""subsection_code\\\"":4,\\\""ruling_date\\\"":\\\""2023-10-01\\\""}\""}"", ""DD-CAISAF"": ""{\""ID-CAISAF\"": \""{\\\""name\\\"":\\\""Center For Ai Safety Action Fund Inc\\\"",\\\""ein\\\"":932442608,\\\""subsection_code\\\"":4,\\\""ruling_date\\\"":\\\""2023-10-01\\\""}\""}""}","DAF-sponsor-routed cash divided by the sum of separately retained sponsor-routed and direct-institution cash subtotals. Coverage-limited ratio, not a share of organization revenue, all donations, declared donors, or confirmed donor-advised grants. Unknown when no identified pool exists.",,,,DN-CAISAF;DD-CAISAF,DAF_sponsor_route_percentage,unavailable,CAISAF,,,,,,percent,OPEN
DP-CONTROL,,https://find-and-update.company-information.service.gov.uk/company/15088415,2026-09-14,"{""DN-CONTROL"": ""{\""ID-CONTROL\"": \""Private Limited Company by guarantee without share capital use of 'Limited' exemption\""}"", ""DD-CONTROL"": ""{\""ID-CONTROL\"": \""Private Limited Company by guarantee without share capital use of 'Limited' exemption\""}""}","DAF-sponsor-routed cash divided by the sum of separately retained sponsor-routed and direct-institution cash subtotals. Coverage-limited ratio, not a share of organization revenue, all donations, declared donors, or confirmed donor-advised grants. Unknown when no identified pool exists.",,,,DN-CONTROL;DD-CONTROL,DAF_sponsor_route_percentage,unavailable,CONTROL,,,,,,percent,OPEN
DP-CRI,18.91891891891891891891891892,https://projects.propublica.org/nonprofits/full_text/202621329349306657/IRS990ScheduleI,2026-09-14,"{""DN-CRI"": ""{\""G-232888152-202621329349306657-4078\"": \""700,000\""}"", ""DD-CRI"": ""{\""G-461008520-202641359349102829-46\"": \""3,000,000\""}""}","DAF-sponsor-routed cash divided by the sum of separately retained sponsor-routed and direct-institution cash subtotals. Coverage-limited ratio, not a share of organization revenue, all donations, declared donors, or confirmed donor-advised grants. Unknown when no identified pool exists.",,,,DN-CRI;DD-CRI,DAF_sponsor_route_percentage,route_percentage,CRI,,,,,,percent,KEEP
DP-ENCODE,,https://encodeai.org/privacy-policy/,2026-09-14,"{""DN-ENCODE"": ""{\""ID-ENCODE\"": \""Encode AI Corporation, a 501(c)(4) social welfare organization\""}"", ""DD-ENCODE"": ""{\""ID-ENCODE\"": \""Encode AI Corporation, a 501(c)(4) social welfare organization\""}""}","DAF-sponsor-routed cash divided by the sum of separately retained sponsor-routed and direct-institution cash subtotals. Coverage-limited ratio, not a share of organization revenue, all donations, declared donors, or confirmed donor-advised grants. Unknown when no identified pool exists.",,,,DN-ENCODE;DD-ENCODE,DAF_sponsor_route_percentage,unavailable,ENCODE,,,,,,percent,OPEN
DP-ENCODER,,https://projects.propublica.org/nonprofits/api/v2/organizations/333199430.json,2026-09-14,"{""DN-ENCODER"": ""{\""ID-ENCODER\"": \""{\\\""name\\\"":\\\""Encode Research Foundation\\\"",\\\""ein\\\"":333199430,\\\""subsection_code\\\"":3,\\\""ruling_date\\\"":\\\""2025-06-01\\\""}\""}"", ""DD-ENCODER"": ""{\""ID-ENCODER\"": \""{\\\""name\\\"":\\\""Encode Research Foundation\\\"",\\\""ein\\\"":333199430,\\\""subsection_code\\\"":3,\\\""ruling_date\\\"":\\\""2025-06-01\\\""}\""}""}","DAF-sponsor-routed cash divided by the sum of separately retained sponsor-routed and direct-institution cash subtotals. Coverage-limited ratio, not a share of organization revenue, all donations, declared donors, or confirmed donor-advised grants. Unknown when no identified pool exists.",,,,DN-ENCODER;DD-ENCODER,DAF_sponsor_route_percentage,unavailable,ENCODER,,,,,,percent,OPEN
DP-FAS,36.16203909623623236667838793,https://projects.propublica.org/nonprofits/full_text/202103199349327615/IRS990ScheduleI,2026-09-14,"{""DN-FAS"": ""{\""G-205205488-202103199349327615-597\"": \""375,000\"", \""G-205205488-202223199349318287-546\"": \""395,000\"", \""G-205205488-202333189349318948-1092\"": \""312,000\"", \""G-205205488-202413129349304911-1022\"": \""200,500\"", \""G-205205488-202543149349305759-1077\"": \""333,000\"", \""G-232888152-202621329349306657-8176\"": \""70,000\"", \""G-237825575-202311359349313966-4458\"": \""310,000\"", \""G-237825575-202431429349301368-4513\"": \""298,800\"", \""G-237825575-202511339349301311-5539\"": \""25,000\"", \""G-237825575-202601289349302480-6636\"": \""10,000\""}"", ""DD-FAS"": ""{\""G-461008520-202341359349105939-42\"": \""480,000\"", \""G-461008520-202341359349105939-43\"": \""600,000\"", \""G-461008520-202341359349105939-44\"": \""187,640\"", \""G-461008520-202441369349105564-89\"": \""123,000\"", \""G-461008520-202441369349105564-90\"": \""8,125\"", \""G-461008520-202441369349105564-91\"": \""204,119\"", \""G-461008520-202441369349105564-92\"": \""204,119\"", \""G-471052538-202523119349303667-4\"": \""750,000\"", \""G-812644663-202403209349313635-21\"": \""611,000\"", \""G-812644663-202403209349313635-22\"": \""400,000\"", \""G-874657441-202441209349301334-1\"": \""543,982\""}""}","DAF-sponsor-routed cash divided by the sum of separately retained sponsor-routed and direct-institution cash subtotals. Coverage-limited ratio, not a share of organization revenue, all donations, declared donors, or confirmed donor-advised grants. Unknown when no identified pool exists.",,,,DN-FAS;DD-FAS,DAF_sponsor_route_percentage,route_percentage,FAS,,,,,,percent,KEEP
DP-FLI,100,https://projects.propublica.org/nonprofits/full_text/202003199349301770/IRS990ScheduleI,2026-09-14,"{""DN-FLI"": ""{\""G-205205488-202003199349301770-651\"": \""230,000\"", \""G-205205488-202103199349327615-665\"": \""309,000\"", \""G-205205488-202223199349318287-2610\"": \""17,200\""}"", ""DD-FLI"": ""{\""G-205205488-202003199349301770-651\"": \""230,000\"", \""G-205205488-202103199349327615-665\"": \""309,000\"", \""G-205205488-202223199349318287-2610\"": \""17,200\""}""}","DAF-sponsor-routed cash divided by the sum of separately retained sponsor-routed and direct-institution cash subtotals. Coverage-limited ratio, not a share of organization revenue, all donations, declared donors, or confirmed donor-advised grants. Unknown when no identified pool exists.",,,,DN-FLI;DD-FLI,DAF_sponsor_route_percentage,route_percentage,FLI,,,,,,percent,KEEP
DP-HORIZON,64.40058411956976498342141746,https://projects.propublica.org/nonprofits/full_text/202333189349318948/IRS990ScheduleI,2026-09-14,"{""DN-HORIZON"": ""{\""G-205205488-202333189349318948-1516\"": \""6,451,344\"", \""G-232888152-202511349349313096-10008\"": \""3,398,603\"", \""G-232888152-202621329349306657-11582\"": \""4,219,061\"", \""G-237825575-202511339349301311-7801\"": \""7,527,232\""}"", ""DD-HORIZON"": ""{\""G-461008520-202441369349105564-106\"": \""11,837,990\"", \""G-812644663-202303199349323610-25\"": \""100,000\""}""}","DAF-sponsor-routed cash divided by the sum of separately retained sponsor-routed and direct-institution cash subtotals. Coverage-limited ratio, not a share of organization revenue, all donations, declared donors, or confirmed donor-advised grants. Unknown when no identified pool exists.",,,,DN-HORIZON;DD-HORIZON,DAF_sponsor_route_percentage,route_percentage,HORIZON,,,,,,percent,KEEP
DP-IAPS,,https://projects.propublica.org/nonprofits/api/v2/organizations/320839313.json,2026-09-14,"{""DN-IAPS"": ""{\""ID-IAPS\"": \""{\\\""name\\\"":\\\""Institute For Ai Policy And Strateg Y Inc\\\"",\\\""ein\\\"":320839313,\\\""subsection_code\\\"":3,\\\""ruling_date\\\"":\\\""2026-04-01\\\""}\""}"", ""DD-IAPS"": ""{\""ID-IAPS\"": \""{\\\""name\\\"":\\\""Institute For Ai Policy And Strateg Y Inc\\\"",\\\""ein\\\"":320839313,\\\""subsection_code\\\"":3,\\\""ruling_date\\\"":\\\""2026-04-01\\\""}\""}""}","DAF-sponsor-routed cash divided by the sum of separately retained sponsor-routed and direct-institution cash subtotals. Coverage-limited ratio, not a share of organization revenue, all donations, declared donors, or confirmed donor-advised grants. Unknown when no identified pool exists.",,,,DN-IAPS;DD-IAPS,DAF_sponsor_route_percentage,unavailable,IAPS,,,,,,percent,OPEN
DP-ITIF,100,https://projects.propublica.org/nonprofits/full_text/202211339349310116/IRS990ScheduleI,2026-09-14,"{""DN-ITIF"": ""{\""G-232888152-202211339349310116-8530\"": \""13,200\"", \""G-232888152-202331359349303108-9468\"": \""30,000\"", \""G-237825575-202011979349306246-3394\"": \""227,550\"", \""G-237825575-202311359349313966-6461\"": \""5,750\""}"", ""DD-ITIF"": ""{\""G-232888152-202211339349310116-8530\"": \""13,200\"", \""G-232888152-202331359349303108-9468\"": \""30,000\"", \""G-237825575-202011979349306246-3394\"": \""227,550\"", \""G-237825575-202311359349313966-6461\"": \""5,750\""}""}","DAF-sponsor-routed cash divided by the sum of separately retained sponsor-routed and direct-institution cash subtotals. Coverage-limited ratio, not a share of organization revenue, all donations, declared donors, or confirmed donor-advised grants. Unknown when no identified pool exists.",,,,DN-ITIF;DD-ITIF,DAF_sponsor_route_percentage,route_percentage,ITIF,,,,,,percent,KEEP
DP-NETCHOICE,,https://projects.propublica.org/nonprofits/api/v2/organizations/271716101.json,2026-09-14,"{""DN-NETCHOICE"": ""{\""ID-NETCHOICE\"": \""{\\\""name\\\"":\\\""Netchoice\\\"",\\\""ein\\\"":271716101,\\\""subsection_code\\\"":6,\\\""ruling_date\\\"":\\\""2018-04-01\\\""}\""}"", ""DD-NETCHOICE"": ""{\""ID-NETCHOICE\"": \""{\\\""name\\\"":\\\""Netchoice\\\"",\\\""ein\\\"":271716101,\\\""subsection_code\\\"":6,\\\""ruling_date\\\"":\\\""2018-04-01\\\""}\""}""}","DAF-sponsor-routed cash divided by the sum of separately retained sponsor-routed and direct-institution cash subtotals. Coverage-limited ratio, not a share of organization revenue, all donations, declared donors, or confirmed donor-advised grants. Unknown when no identified pool exists.",,,,DN-NETCHOICE;DD-NETCHOICE,DAF_sponsor_route_percentage,unavailable,NETCHOICE,,,,,,percent,OPEN
DP-PC,65.94673524540144712753901142,https://projects.propublica.org/nonprofits/full_text/202043149349304239/IRS990ScheduleI,2026-09-14,"{""DN-PC"": ""{\""G-510198509-202043149349304239-1036\"": \""200,000\"", \""G-510198509-202133149349300708-1611\"": \""960,360\"", \""G-510198509-202412739349300401-1648\"": \""50,000\""}"", ""DD-PC"": ""{\""G-521263996-202000429349301210-8\"": \""150,000\"", \""G-521263996-202521499349301107-2\"": \""475,000\""}""}","DAF-sponsor-routed cash divided by the sum of separately retained sponsor-routed and direct-institution cash subtotals. Coverage-limited ratio, not a share of organization revenue, all donations, declared donors, or confirmed donor-advised grants. Unknown when no identified pool exists.",,,,DN-PC;DD-PC,DAF_sponsor_route_percentage,route_percentage,PC,,,,,,percent,KEEP
DP-PCF,100,https://projects.propublica.org/nonprofits/full_text/202003199349301770/IRS990ScheduleI,2026-09-14,"{""DN-PCF"": ""{\""G-205205488-202003199349301770-3105\"": \""5,200\"", \""G-205205488-202223199349318287-2888\"": \""10,800\"", \""G-205205488-202543149349305759-2505\"": \""5,250\"", \""G-232888152-202211339349310116-13366\"": \""63,200\"", \""G-232888152-202331359349303108-14880\"": \""56,700\"", \""G-232888152-202441359349309439-14610\"": \""29,050\"", \""G-232888152-202511349349313096-16381\"": \""64,000\"", \""G-232888152-202621329349306657-18905\"": \""306,100\"", \""G-237825575-202011979349306246-5481\"": \""6,500\"", \""G-237825575-202121459349300307-9411\"": \""7,750\"", \""G-237825575-202231339349309863-8571\"": \""131,000\"", \""G-237825575-202311359349313966-10305\"": \""5,750\"", \""G-237825575-202431429349301368-10514\"": \""5,250\"", \""G-237825575-202601289349302480-15381\"": \""26,500\"", \""G-510198509-202133149349300708-1610\"": \""1,309,640\"", \""G-510198509-202233189349313898-1460\"": \""1,080,000\"", \""G-510198509-202400469349300305-1801\"": \""170,000\"", \""G-510198509-202412739349300401-1647\"": \""125,000\"", \""G-510198509-202523189349301347-1539\"": \""790,000\""}"", ""DD-PCF"": ""{\""G-205205488-202003199349301770-3105\"": \""5,200\"", \""G-205205488-202223199349318287-2888\"": \""10,800\"", \""G-205205488-202543149349305759-2505\"": \""5,250\"", \""G-232888152-202211339349310116-13366\"": \""63,200\"", \""G-232888152-202331359349303108-14880\"": \""56,700\"", \""G-232888152-202441359349309439-14610\"": \""29,050\"", \""G-232888152-202511349349313096-16381\"": \""64,000\"", \""G-232888152-202621329349306657-18905\"": \""306,100\"", \""G-237825575-202011979349306246-5481\"": \""6,500\"", \""G-237825575-202121459349300307-9411\"": \""7,750\"", \""G-237825575-202231339349309863-8571\"": \""131,000\"", \""G-237825575-202311359349313966-10305\"": \""5,750\"", \""G-237825575-202431429349301368-10514\"": \""5,250\"", \""G-237825575-202601289349302480-15381\"": \""26,500\"", \""G-510198509-202133149349300708-1610\"": \""1,309,640\"", \""G-510198509-202233189349313898-1460\"": \""1,080,000\"", \""G-510198509-202400469349300305-1801\"": \""170,000\"", \""G-510198509-202412739349300401-1647\"": \""125,000\"", \""G-510198509-202523189349301347-1539\"": \""790,000\""}""}","DAF-sponsor-routed cash divided by the sum of separately retained sponsor-routed and direct-institution cash subtotals. Coverage-limited ratio, not a share of organization revenue, all donations, declared donors, or confirmed donor-advised grants. Unknown when no identified pool exists.",,,,DN-PCF;DD-PCF,DAF_sponsor_route_percentage,route_percentage,PCF,,,,,,percent,KEEP
DP-PROGRESS,,https://projects.propublica.org/nonprofits/api/v2/organizations/853963084.json,2026-09-14,"{""DN-PROGRESS"": ""{\""ID-PROGRESS\"": \""{\\\""name\\\"":\\\""Chamber Of Progress\\\"",\\\""ein\\\"":853963084,\\\""subsection_code\\\"":6,\\\""ruling_date\\\"":\\\""2021-08-01\\\""}\""}"", ""DD-PROGRESS"": ""{\""ID-PROGRESS\"": \""{\\\""name\\\"":\\\""Chamber Of Progress\\\"",\\\""ein\\\"":853963084,\\\""subsection_code\\\"":6,\\\""ruling_date\\\"":\\\""2021-08-01\\\""}\""}""}","DAF-sponsor-routed cash divided by the sum of separately retained sponsor-routed and direct-institution cash subtotals. Coverage-limited ratio, not a share of organization revenue, all donations, declared donors, or confirmed donor-advised grants. Unknown when no identified pool exists.",,,,DN-PROGRESS;DD-PROGRESS,DAF_sponsor_route_percentage,unavailable,PROGRESS,,,,,,percent,OPEN
DP-SAIF,23.87543252595155709342560554,https://projects.propublica.org/nonprofits/full_text/202601289349302480/IRS990ScheduleI,2026-09-14,"{""DN-SAIF"": ""{\""G-237825575-202601289349302480-16234\"": \""345,000\""}"", ""DD-SAIF"": ""{\""G-461008520-202641359349102829-248\"": \""100,000\"", \""G-461008520-202641359349102829-249\"": \""1,000,000\""}""}","DAF-sponsor-routed cash divided by the sum of separately retained sponsor-routed and direct-institution cash subtotals. Coverage-limited ratio, not a share of organization revenue, all donations, declared donors, or confirmed donor-advised grants. Unknown when no identified pool exists.",,,,DN-SAIF;DD-SAIF,DAF_sponsor_route_percentage,route_percentage,SAIF,,,,,,percent,KEEP
DP-TECHFREEDOM,20.81784386617100371747211896,https://projects.propublica.org/nonprofits/full_text/202601289349302480/IRS990ScheduleI,2026-09-14,"{""DN-TECHFREEDOM"": ""{\""G-237825575-202601289349302480-18630\"": \""280,000\""}"", ""DD-TECHFREEDOM"": ""{\""G-271716101-202343009349300919-18\"": \""450,000\"", \""G-271716101-202442499349300104-26\"": \""250,000\"", \""G-271716101-202543119349300534-28\"": \""365,000\""}""}","DAF-sponsor-routed cash divided by the sum of separately retained sponsor-routed and direct-institution cash subtotals. Coverage-limited ratio, not a share of organization revenue, all donations, declared donors, or confirmed donor-advised grants. Unknown when no identified pool exists.",,,,DN-TECHFREEDOM;DD-TECHFREEDOM,DAF_sponsor_route_percentage,route_percentage,TECHFREEDOM,,,,,,percent,KEEP
EX-Amazon-2019,16140000.00,https://lda.gov/filings/public/filing/11501764-f4f1-4ca4-8591-bd883301c395/print/,2026-09-14,"{""L-11501764-f4f1-4ca4-8591-bd883301c395"": ""{\""filing_uuid\"":\""11501764-f4f1-4ca4-8591-bd883301c395\"",\""filing_type\"":\""Q2\"",\""filing_year\"":2019,\""filing_period\"":\""second_quarter\"",\""income\"":null,\""expenses\"":\""4010000.00\""}"", ""L-4dff7532-6335-4510-b249-1358362f9bde"": ""{\""filing_uuid\"":\""4dff7532-6335-4510-b249-1358362f9bde\"",\""filing_type\"":\""Q1\"",\""filing_year\"":2019,\""filing_period\"":\""first_quarter\"",\""income\"":null,\""expenses\"":\""3890000.00\""}"", ""L-a5dcb1c8-7de1-4714-915b-df78c54ee722"": ""{\""filing_uuid\"":\""a5dcb1c8-7de1-4714-915b-df78c54ee722\"",\""filing_type\"":\""Q4\"",\""filing_year\"":2019,\""filing_period\"":\""fourth_quarter\"",\""income\"":null,\""expenses\"":\""4210000.00\""}"", ""L-f70c588e-bc9c-4bc1-9bf4-3eb0d7e1b8ed"": ""{\""filing_uuid\"":\""f70c588e-bc9c-4bc1-9bf4-3eb0d7e1b8ed\"",\""filing_type\"":\""Q3\"",\""filing_year\"":2019,\""filing_period\"":\""third_quarter\"",\""income\"":null,\""expenses\"":\""4030000.00\""}""}","Sum of numeric amounts on latest eligible quarterly reports, all issues combined. Blank reports are not zero and are not added. Separately named intermediaries excluded from direct fees. Outside fees and company expenses overlap and must never be added. Latest year uses completed quarters only; no annualization. No numeric reports means OPEN, not zero spending.",USD,,,L-11501764-f4f1-4ca4-8591-bd883301c395;L-4dff7532-6335-4510-b249-1358362f9bde;L-a5dcb1c8-7de1-4714-915b-df78c54ee722;L-f70c588e-bc9c-4bc1-9bf4-3eb0d7e1b8ed,lobbying_self_expenses,sum,Amazon,2019,,,1;2;3;4,,,KEEP
EX-Amazon-2020,17860000.00,https://lda.gov/filings/public/filing/106caa54-c04c-46db-9da3-8d5965289bb2/print/,2026-09-14,"{""L-106caa54-c04c-46db-9da3-8d5965289bb2"": ""{\""filing_uuid\"":\""106caa54-c04c-46db-9da3-8d5965289bb2\"",\""filing_type\"":\""Q2\"",\""filing_year\"":2020,\""filing_period\"":\""second_quarter\"",\""income\"":null,\""expenses\"":\""4380000.00\""}"", ""L-1c54ad52-6bd7-4474-aeb4-c2ebaaa907c7"": ""{\""filing_uuid\"":\""1c54ad52-6bd7-4474-aeb4-c2ebaaa907c7\"",\""filing_type\"":\""Q3\"",\""filing_year\"":2020,\""filing_period\"":\""third_quarter\"",\""income\"":null,\""expenses\"":\""4410000.00\""}"", ""L-57ffc505-528c-4de6-a5fc-9c3c9a01b798"": ""{\""filing_uuid\"":\""57ffc505-528c-4de6-a5fc-9c3c9a01b798\"",\""filing_type\"":\""Q4\"",\""filing_year\"":2020,\""filing_period\"":\""fourth_quarter\"",\""income\"":null,\""expenses\"":\""4740000.00\""}"", ""L-cf82cd3c-d32f-4109-93a7-c9cac01d35e5"": ""{\""filing_uuid\"":\""cf82cd3c-d32f-4109-93a7-c9cac01d35e5\"",\""filing_type\"":\""Q1\"",\""filing_year\"":2020,\""filing_period\"":\""first_quarter\"",\""income\"":null,\""expenses\"":\""4330000.00\""}""}","Sum of numeric amounts on latest eligible quarterly reports, all issues combined. Blank reports are not zero and are not added. Separately named intermediaries excluded from direct fees. Outside fees and company expenses overlap and must never be added. Latest year uses completed quarters only; no annualization. No numeric reports means OPEN, not zero spending.",USD,,,L-106caa54-c04c-46db-9da3-8d5965289bb2;L-1c54ad52-6bd7-4474-aeb4-c2ebaaa907c7;L-57ffc505-528c-4de6-a5fc-9c3c9a01b798;L-cf82cd3c-d32f-4109-93a7-c9cac01d35e5,lobbying_self_expenses,sum,Amazon,2020,,,1;2;3;4,,,KEEP
EX-Amazon-2021,19320000.00,https://lda.gov/filings/public/filing/0747207a-c15c-46ca-bb5c-86fbcd960750/print/,2026-09-14,"{""L-0747207a-c15c-46ca-bb5c-86fbcd960750"": ""{\""filing_uuid\"":\""0747207a-c15c-46ca-bb5c-86fbcd960750\"",\""filing_type\"":\""3A\"",\""filing_year\"":2021,\""filing_period\"":\""third_quarter\"",\""income\"":null,\""expenses\"":\""4740000.00\""}"", ""L-532894c6-bc65-4e48-b7e9-8c2747fa5426"": ""{\""filing_uuid\"":\""532894c6-bc65-4e48-b7e9-8c2747fa5426\"",\""filing_type\"":\""Q2\"",\""filing_year\"":2021,\""filing_period\"":\""second_quarter\"",\""income\"":null,\""expenses\"":\""4860000.00\""}"", ""L-8b5642d0-7521-4b52-b53e-674f0c480ddf"": ""{\""filing_uuid\"":\""8b5642d0-7521-4b52-b53e-674f0c480ddf\"",\""filing_type\"":\""Q4\"",\""filing_year\"":2021,\""filing_period\"":\""fourth_quarter\"",\""income\"":null,\""expenses\"":\""4920000.00\""}"", ""L-a87a3a40-7aa3-4b09-a90a-1ae233f3f69f"": ""{\""filing_uuid\"":\""a87a3a40-7aa3-4b09-a90a-1ae233f3f69f\"",\""filing_type\"":\""Q1\"",\""filing_year\"":2021,\""filing_period\"":\""first_quarter\"",\""income\"":null,\""expenses\"":\""4800000.00\""}""}","Sum of numeric amounts on latest eligible quarterly reports, all issues combined. Blank reports are not zero and are not added. Separately named intermediaries excluded from direct fees. Outside fees and company expenses overlap and must never be added. Latest year uses completed quarters only; no annualization. No numeric reports means OPEN, not zero spending.",USD,,,L-0747207a-c15c-46ca-bb5c-86fbcd960750;L-532894c6-bc65-4e48-b7e9-8c2747fa5426;L-8b5642d0-7521-4b52-b53e-674f0c480ddf;L-a87a3a40-7aa3-4b09-a90a-1ae233f3f69f,lobbying_self_expenses,sum,Amazon,2021,,,1;2;3;4,,,KEEP
EX-Amazon-2022,19690000.00,https://lda.gov/filings/public/filing/0445d82f-0734-481e-a3ac-14e6077eb171/print/,2026-09-14,"{""L-0445d82f-0734-481e-a3ac-14e6077eb171"": ""{\""filing_uuid\"":\""0445d82f-0734-481e-a3ac-14e6077eb171\"",\""filing_type\"":\""Q3\"",\""filing_year\"":2022,\""filing_period\"":\""third_quarter\"",\""income\"":null,\""expenses\"":\""4950000.00\""}"", ""L-14dc5304-6a3b-470c-a46a-da8366ca2046"": ""{\""filing_uuid\"":\""14dc5304-6a3b-470c-a46a-da8366ca2046\"",\""filing_type\"":\""Q1\"",\""filing_year\"":2022,\""filing_period\"":\""first_quarter\"",\""income\"":null,\""expenses\"":\""4970000.00\""}"", ""L-1e2c937c-44df-4173-b8f1-1761e568b69f"": ""{\""filing_uuid\"":\""1e2c937c-44df-4173-b8f1-1761e568b69f\"",\""filing_type\"":\""Q2\"",\""filing_year\"":2022,\""filing_period\"":\""second_quarter\"",\""income\"":null,\""expenses\"":\""4980000.00\""}"", ""L-2046deaf-bd5d-42dd-b10f-fbedbe06e99a"": ""{\""filing_uuid\"":\""2046deaf-bd5d-42dd-b10f-fbedbe06e99a\"",\""filing_type\"":\""Q4\"",\""filing_year\"":2022,\""filing_period\"":\""fourth_quarter\"",\""income\"":null,\""expenses\"":\""4790000.00\""}""}","Sum of numeric amounts on latest eligible quarterly reports, all issues combined. Blank reports are not zero and are not added. Separately named intermediaries excluded from direct fees. Outside fees and company expenses overlap and must never be added. Latest year uses completed quarters only; no annualization. No numeric reports means OPEN, not zero spending.",USD,,,L-0445d82f-0734-481e-a3ac-14e6077eb171;L-14dc5304-6a3b-470c-a46a-da8366ca2046;L-1e2c937c-44df-4173-b8f1-1761e568b69f;L-2046deaf-bd5d-42dd-b10f-fbedbe06e99a,lobbying_self_expenses,sum,Amazon,2022,,,1;2;3;4,,,KEEP
EX-Amazon-2023,17850000.00,https://lda.gov/filings/public/filing/1d78309c-fde3-48c9-a6fc-4547b05c3e8a/print/,2026-09-14,"{""L-1d78309c-fde3-48c9-a6fc-4547b05c3e8a"": ""{\""filing_uuid\"":\""1d78309c-fde3-48c9-a6fc-4547b05c3e8a\"",\""filing_type\"":\""Q2\"",\""filing_year\"":2023,\""filing_period\"":\""second_quarter\"",\""income\"":null,\""expenses\"":\""4420000.00\""}"", ""L-5a32d454-f683-43ea-b4f0-2bcc595a544c"": ""{\""filing_uuid\"":\""5a32d454-f683-43ea-b4f0-2bcc595a544c\"",\""filing_type\"":\""Q1\"",\""filing_year\"":2023,\""filing_period\"":\""first_quarter\"",\""income\"":null,\""expenses\"":\""4630000.00\""}"", ""L-ae1f4862-e0b7-4624-9609-ff6d15cd3f32"": ""{\""filing_uuid\"":\""ae1f4862-e0b7-4624-9609-ff6d15cd3f32\"",\""filing_type\"":\""Q3\"",\""filing_year\"":2023,\""filing_period\"":\""third_quarter\"",\""income\"":null,\""expenses\"":\""4340000.00\""}"", ""L-cfba1d3c-fb67-43a9-895a-7f3dc5a83491"": ""{\""filing_uuid\"":\""cfba1d3c-fb67-43a9-895a-7f3dc5a83491\"",\""filing_type\"":\""Q4\"",\""filing_year\"":2023,\""filing_period\"":\""fourth_quarter\"",\""income\"":null,\""expenses\"":\""4460000.00\""}""}","Sum of numeric amounts on latest eligible quarterly reports, all issues combined. Blank reports are not zero and are not added. Separately named intermediaries excluded from direct fees. Outside fees and company expenses overlap and must never be added. Latest year uses completed quarters only; no annualization. No numeric reports means OPEN, not zero spending.",USD,,,L-1d78309c-fde3-48c9-a6fc-4547b05c3e8a;L-5a32d454-f683-43ea-b4f0-2bcc595a544c;L-ae1f4862-e0b7-4624-9609-ff6d15cd3f32;L-cfba1d3c-fb67-43a9-895a-7f3dc5a83491,lobbying_self_expenses,sum,Amazon,2023,,,1;2;3;4,,,KEEP
EX-Amazon-2024,17870000.00,https://lda.gov/filings/public/filing/2d06ab44-9b9e-4a24-888b-4bc6b431bfba/print/,2026-09-14,"{""L-2d06ab44-9b9e-4a24-888b-4bc6b431bfba"": ""{\""filing_uuid\"":\""2d06ab44-9b9e-4a24-888b-4bc6b431bfba\"",\""filing_type\"":\""Q4\"",\""filing_year\"":2024,\""filing_period\"":\""fourth_quarter\"",\""income\"":null,\""expenses\"":\""4670000.00\""}"", ""L-4329ebb5-a250-407e-8cce-60a9c5ab9fe4"": ""{\""filing_uuid\"":\""4329ebb5-a250-407e-8cce-60a9c5ab9fe4\"",\""filing_type\"":\""Q1\"",\""filing_year\"":2024,\""filing_period\"":\""first_quarter\"",\""income\"":null,\""expenses\"":\""4350000.00\""}"", ""L-7aa7ca99-9c14-4fc7-ad20-45caa738ca87"": ""{\""filing_uuid\"":\""7aa7ca99-9c14-4fc7-ad20-45caa738ca87\"",\""filing_type\"":\""Q2\"",\""filing_year\"":2024,\""filing_period\"":\""second_quarter\"",\""income\"":null,\""expenses\"":\""4470000.00\""}"", ""L-f3f53731-47d1-42fa-b09d-e2339702497d"": ""{\""filing_uuid\"":\""f3f53731-47d1-42fa-b09d-e2339702497d\"",\""filing_type\"":\""Q3\"",\""filing_year\"":2024,\""filing_period\"":\""third_quarter\"",\""income\"":null,\""expenses\"":\""4380000.00\""}""}","Sum of numeric amounts on latest eligible quarterly reports, all issues combined. Blank reports are not zero and are not added. Separately named intermediaries excluded from direct fees. Outside fees and company expenses overlap and must never be added. Latest year uses completed quarters only; no annualization. No numeric reports means OPEN, not zero spending.",USD,,,L-2d06ab44-9b9e-4a24-888b-4bc6b431bfba;L-4329ebb5-a250-407e-8cce-60a9c5ab9fe4;L-7aa7ca99-9c14-4fc7-ad20-45caa738ca87;L-f3f53731-47d1-42fa-b09d-e2339702497d,lobbying_self_expenses,sum,Amazon,2024,,,1;2;3;4,,,KEEP
EX-Amazon-2025,17780000.00,https://lda.gov/filings/public/filing/398f753d-72fb-4dee-8c2b-eadc2f48ea7c/print/,2026-09-14,"{""L-398f753d-72fb-4dee-8c2b-eadc2f48ea7c"": ""{\""filing_uuid\"":\""398f753d-72fb-4dee-8c2b-eadc2f48ea7c\"",\""filing_type\"":\""1A\"",\""filing_year\"":2025,\""filing_period\"":\""first_quarter\"",\""income\"":null,\""expenses\"":\""4380000.00\""}"", ""L-78a08b9a-d7a0-4cfc-9638-0a9338bf0c4f"": ""{\""filing_uuid\"":\""78a08b9a-d7a0-4cfc-9638-0a9338bf0c4f\"",\""filing_type\"":\""Q2\"",\""filing_year\"":2025,\""filing_period\"":\""second_quarter\"",\""income\"":null,\""expenses\"":\""4460000.00\""}"", ""L-ea7b9ed1-5e08-4c31-a04b-fe04480d73d2"": ""{\""filing_uuid\"":\""ea7b9ed1-5e08-4c31-a04b-fe04480d73d2\"",\""filing_type\"":\""Q4\"",\""filing_year\"":2025,\""filing_period\"":\""fourth_quarter\"",\""income\"":null,\""expenses\"":\""4590000.00\""}"", ""L-f6449d57-3dc3-459c-93f0-e93210053421"": ""{\""filing_uuid\"":\""f6449d57-3dc3-459c-93f0-e93210053421\"",\""filing_type\"":\""Q3\"",\""filing_year\"":2025,\""filing_period\"":\""third_quarter\"",\""income\"":null,\""expenses\"":\""4350000.00\""}""}","Sum of numeric amounts on latest eligible quarterly reports, all issues combined. Blank reports are not zero and are not added. Separately named intermediaries excluded from direct fees. Outside fees and company expenses overlap and must never be added. Latest year uses completed quarters only; no annualization. No numeric reports means OPEN, not zero spending.",USD,,,L-398f753d-72fb-4dee-8c2b-eadc2f48ea7c;L-78a08b9a-d7a0-4cfc-9638-0a9338bf0c4f;L-ea7b9ed1-5e08-4c31-a04b-fe04480d73d2;L-f6449d57-3dc3-459c-93f0-e93210053421,lobbying_self_expenses,sum,Amazon,2025,,,1;2;3;4,,,KEEP
EX-Amazon-2026,8740000.00,https://lda.gov/filings/public/filing/10119e1b-77e7-4537-ab88-f4ecb8439048/print/,2026-09-14,"{""L-10119e1b-77e7-4537-ab88-f4ecb8439048"": ""{\""filing_uuid\"":\""10119e1b-77e7-4537-ab88-f4ecb8439048\"",\""filing_type\"":\""Q2\"",\""filing_year\"":2026,\""filing_period\"":\""second_quarter\"",\""income\"":null,\""expenses\"":\""4360000.00\""}"", ""L-eb88d053-1e97-4089-8e38-d2234c9bb80e"": ""{\""filing_uuid\"":\""eb88d053-1e97-4089-8e38-d2234c9bb80e\"",\""filing_type\"":\""Q1\"",\""filing_year\"":2026,\""filing_period\"":\""first_quarter\"",\""income\"":null,\""expenses\"":\""4380000.00\""}""}","Sum of numeric amounts on latest eligible quarterly reports, all issues combined. Blank reports are not zero and are not added. Separately named intermediaries excluded from direct fees. Outside fees and company expenses overlap and must never be added. Latest year uses completed quarters only; no annualization. No numeric reports means OPEN, not zero spending.",USD,,,L-10119e1b-77e7-4537-ab88-f4ecb8439048;L-eb88d053-1e97-4089-8e38-d2234c9bb80e,lobbying_self_expenses,sum,Amazon,2026,,,1;2,,,KEEP
EX-Anthropic-2019,,https://lda.gov/api/v1/filings/?client_name=Anthropic&filing_year=2019&page_size=100,2026-09-14,"{""LQ-anthropic-2019"": ""\""count\"": 0""}","Sum of numeric amounts on latest eligible quarterly reports, all issues combined. Blank reports are not zero and are not added. Separately named intermediaries excluded from direct fees. Outside fees and company expenses overlap and must never be added. Latest year uses completed quarters only; no annualization. No numeric reports means OPEN, not zero spending.",USD,,,LQ-anthropic-2019,lobbying_self_expenses,unavailable,Anthropic,2019,,,,,,OPEN
EX-Anthropic-2020,,https://lda.gov/api/v1/filings/?client_name=Anthropic&filing_year=2020&page_size=100,2026-09-14,"{""LQ-anthropic-2020"": ""\""count\"": 0""}","Sum of numeric amounts on latest eligible quarterly reports, all issues combined. Blank reports are not zero and are not added. Separately named intermediaries excluded from direct fees. Outside fees and company expenses overlap and must never be added. Latest year uses completed quarters only; no annualization. No numeric reports means OPEN, not zero spending.",USD,,,LQ-anthropic-2020,lobbying_self_expenses,unavailable,Anthropic,2020,,,,,,OPEN
EX-Anthropic-2021,,https://lda.gov/api/v1/filings/?client_name=Anthropic&filing_year=2021&page_size=100,2026-09-14,"{""LQ-anthropic-2021"": ""\""count\"": 0""}","Sum of numeric amounts on latest eligible quarterly reports, all issues combined. Blank reports are not zero and are not added. Separately named intermediaries excluded from direct fees. Outside fees and company expenses overlap and must never be added. Latest year uses completed quarters only; no annualization. No numeric reports means OPEN, not zero spending.",USD,,,LQ-anthropic-2021,lobbying_self_expenses,unavailable,Anthropic,2021,,,,,,OPEN
EX-Anthropic-2022,,https://lda.gov/api/v1/filings/?client_name=Anthropic&filing_year=2022&page_size=100,2026-09-14,"{""LQ-anthropic-2022"": ""\""count\"": 0""}","Sum of numeric amounts on latest eligible quarterly reports, all issues combined. Blank reports are not zero and are not added. Separately named intermediaries excluded from direct fees. Outside fees and company expenses overlap and must never be added. Latest year uses completed quarters only; no annualization. No numeric reports means OPEN, not zero spending.",USD,,,LQ-anthropic-2022,lobbying_self_expenses,unavailable,Anthropic,2022,,,,,,OPEN
EX-Anthropic-2023,,https://lda.gov/api/v1/filings/?client_name=Anthropic&filing_year=2023&page_size=100,2026-09-14,"{""LQ-anthropic-2023"": ""\""count\"": 10""}","Sum of numeric amounts on latest eligible quarterly reports, all issues combined. Blank reports are not zero and are not added. Separately named intermediaries excluded from direct fees. Outside fees and company expenses overlap and must never be added. Latest year uses completed quarters only; no annualization. No numeric reports means OPEN, not zero spending.",USD,,,LQ-anthropic-2023,lobbying_self_expenses,unavailable,Anthropic,2023,,,,,,OPEN
EX-Anthropic-2024,720000.00,https://lda.gov/filings/public/filing/1c17fdd1-10f1-465f-8368-06fa84557e1d/print/,2026-09-14,"{""L-1c17fdd1-10f1-465f-8368-06fa84557e1d"": ""{\""filing_uuid\"":\""1c17fdd1-10f1-465f-8368-06fa84557e1d\"",\""filing_type\"":\""Q4\"",\""filing_year\"":2024,\""filing_period\"":\""fourth_quarter\"",\""income\"":null,\""expenses\"":\""250000.00\""}"", ""L-79e6b861-17cd-48ab-9df8-f7bc4d45589f"": ""{\""filing_uuid\"":\""79e6b861-17cd-48ab-9df8-f7bc4d45589f\"",\""filing_type\"":\""Q1\"",\""filing_year\"":2024,\""filing_period\"":\""first_quarter\"",\""income\"":null,\""expenses\"":\""100000.00\""}"", ""L-7f6e8694-cfc1-4ea2-b798-e54b7575afdb"": ""{\""filing_uuid\"":\""7f6e8694-cfc1-4ea2-b798-e54b7575afdb\"",\""filing_type\"":\""Q2\"",\""filing_year\"":2024,\""filing_period\"":\""second_quarter\"",\""income\"":null,\""expenses\"":\""150000.00\""}"", ""L-7faf57ef-0e44-46c9-811e-072803e04924"": ""{\""filing_uuid\"":\""7faf57ef-0e44-46c9-811e-072803e04924\"",\""filing_type\"":\""Q3\"",\""filing_year\"":2024,\""filing_period\"":\""third_quarter\"",\""income\"":null,\""expenses\"":\""220000.00\""}""}","Sum of numeric amounts on latest eligible quarterly reports, all issues combined. Blank reports are not zero and are not added. Separately named intermediaries excluded from direct fees. Outside fees and company expenses overlap and must never be added. Latest year uses completed quarters only; no annualization. No numeric reports means OPEN, not zero spending.",USD,,,L-1c17fdd1-10f1-465f-8368-06fa84557e1d;L-79e6b861-17cd-48ab-9df8-f7bc4d45589f;L-7f6e8694-cfc1-4ea2-b798-e54b7575afdb;L-7faf57ef-0e44-46c9-811e-072803e04924,lobbying_self_expenses,sum,Anthropic,2024,,,1;2;3;4,,,KEEP
EX-Anthropic-2025,3130000.00,https://lda.gov/filings/public/filing/1fc93141-c0f8-4174-98dd-850afbed1b12/print/,2026-09-14,"{""L-1fc93141-c0f8-4174-98dd-850afbed1b12"": ""{\""filing_uuid\"":\""1fc93141-c0f8-4174-98dd-850afbed1b12\"",\""filing_type\"":\""Q1\"",\""filing_year\"":2025,\""filing_period\"":\""first_quarter\"",\""income\"":null,\""expenses\"":\""360000.00\""}"", ""L-ba2fc44f-6b7a-42c0-abc8-a833ef824d69"": ""{\""filing_uuid\"":\""ba2fc44f-6b7a-42c0-abc8-a833ef824d69\"",\""filing_type\"":\""Q3\"",\""filing_year\"":2025,\""filing_period\"":\""third_quarter\"",\""income\"":null,\""expenses\"":\""1010000.00\""}"", ""L-df03939f-9d1d-4d6f-8798-54d9204993d7"": ""{\""filing_uuid\"":\""df03939f-9d1d-4d6f-8798-54d9204993d7\"",\""filing_type\"":\""2A\"",\""filing_year\"":2025,\""filing_period\"":\""second_quarter\"",\""income\"":null,\""expenses\"":\""920000.00\""}"", ""L-f1f12efe-e53f-4396-886b-2fb674e4e22e"": ""{\""filing_uuid\"":\""f1f12efe-e53f-4396-886b-2fb674e4e22e\"",\""filing_type\"":\""Q4\"",\""filing_year\"":2025,\""filing_period\"":\""fourth_quarter\"",\""income\"":null,\""expenses\"":\""840000.00\""}""}","Sum of numeric amounts on latest eligible quarterly reports, all issues combined. Blank reports are not zero and are not added. Separately named intermediaries excluded from direct fees. Outside fees and company expenses overlap and must never be added. Latest year uses completed quarters only; no annualization. No numeric reports means OPEN, not zero spending.",USD,,,L-1fc93141-c0f8-4174-98dd-850afbed1b12;L-ba2fc44f-6b7a-42c0-abc8-a833ef824d69;L-df03939f-9d1d-4d6f-8798-54d9204993d7;L-f1f12efe-e53f-4396-886b-2fb674e4e22e,lobbying_self_expenses,sum,Anthropic,2025,,,1;2;3;4,,,KEEP
EX-Anthropic-2026,3530000.00,https://lda.gov/filings/public/filing/812e5787-90df-48ef-a801-500468d63047/print/,2026-09-14,"{""L-812e5787-90df-48ef-a801-500468d63047"": ""{\""filing_uuid\"":\""812e5787-90df-48ef-a801-500468d63047\"",\""filing_type\"":\""Q2\"",\""filing_year\"":2026,\""filing_period\"":\""second_quarter\"",\""income\"":null,\""expenses\"":\""1970000.00\""}"", ""L-90cc74f3-1bd5-40c1-bba0-8d6e00fbb200"": ""{\""filing_uuid\"":\""90cc74f3-1bd5-40c1-bba0-8d6e00fbb200\"",\""filing_type\"":\""Q1\"",\""filing_year\"":2026,\""filing_period\"":\""first_quarter\"",\""income\"":null,\""expenses\"":\""1560000.00\""}""}","Sum of numeric amounts on latest eligible quarterly reports, all issues combined. Blank reports are not zero and are not added. Separately named intermediaries excluded from direct fees. Outside fees and company expenses overlap and must never be added. Latest year uses completed quarters only; no annualization. No numeric reports means OPEN, not zero spending.",USD,,,L-812e5787-90df-48ef-a801-500468d63047;L-90cc74f3-1bd5-40c1-bba0-8d6e00fbb200,lobbying_self_expenses,sum,Anthropic,2026,,,1;2,,,KEEP
EX-Google-2019,11810000.00,https://lda.gov/filings/public/filing/13f92882-f4e7-45b5-9f9f-40ef9d87a993/print/,2026-09-14,"{""L-13f92882-f4e7-45b5-9f9f-40ef9d87a993"": ""{\""filing_uuid\"":\""13f92882-f4e7-45b5-9f9f-40ef9d87a993\"",\""filing_type\"":\""Q1\"",\""filing_year\"":2019,\""filing_period\"":\""first_quarter\"",\""income\"":null,\""expenses\"":\""3360000.00\""}"", ""L-42881a03-713b-4652-aafb-b556c9b55300"": ""{\""filing_uuid\"":\""42881a03-713b-4652-aafb-b556c9b55300\"",\""filing_type\"":\""Q3\"",\""filing_year\"":2019,\""filing_period\"":\""third_quarter\"",\""income\"":null,\""expenses\"":\""2770000.00\""}"", ""L-65fbb30e-d962-4675-b879-4ce1e3329d85"": ""{\""filing_uuid\"":\""65fbb30e-d962-4675-b879-4ce1e3329d85\"",\""filing_type\"":\""Q2\"",\""filing_year\"":2019,\""filing_period\"":\""second_quarter\"",\""income\"":null,\""expenses\"":\""2940000.00\""}"", ""L-bff68596-4897-4059-8c4a-0d6f2c2f32c3"": ""{\""filing_uuid\"":\""bff68596-4897-4059-8c4a-0d6f2c2f32c3\"",\""filing_type\"":\""Q4\"",\""filing_year\"":2019,\""filing_period\"":\""fourth_quarter\"",\""income\"":null,\""expenses\"":\""2740000.00\""}""}","Sum of numeric amounts on latest eligible quarterly reports, all issues combined. Blank reports are not zero and are not added. Separately named intermediaries excluded from direct fees. Outside fees and company expenses overlap and must never be added. Latest year uses completed quarters only; no annualization. No numeric reports means OPEN, not zero spending.",USD,,,L-13f92882-f4e7-45b5-9f9f-40ef9d87a993;L-42881a03-713b-4652-aafb-b556c9b55300;L-65fbb30e-d962-4675-b879-4ce1e3329d85;L-bff68596-4897-4059-8c4a-0d6f2c2f32c3,lobbying_self_expenses,sum,Google,2019,,,1;2;3;4,,,KEEP
EX-Google-2020,7530000.00,https://lda.gov/filings/public/filing/40df1c3a-c0d4-42cd-898a-e4ff6dac3eab/print/,2026-09-14,"{""L-40df1c3a-c0d4-42cd-898a-e4ff6dac3eab"": ""{\""filing_uuid\"":\""40df1c3a-c0d4-42cd-898a-e4ff6dac3eab\"",\""filing_type\"":\""Q3\"",\""filing_year\"":2020,\""filing_period\"":\""third_quarter\"",\""income\"":null,\""expenses\"":\""1930000.00\""}"", ""L-5756a20c-4639-49e2-9165-f0667b361579"": ""{\""filing_uuid\"":\""5756a20c-4639-49e2-9165-f0667b361579\"",\""filing_type\"":\""Q2\"",\""filing_year\"":2020,\""filing_period\"":\""second_quarter\"",\""income\"":null,\""expenses\"":\""1690000.00\""}"", ""L-65749c45-3697-492e-8430-520cfa2fd6ad"": ""{\""filing_uuid\"":\""65749c45-3697-492e-8430-520cfa2fd6ad\"",\""filing_type\"":\""Q4\"",\""filing_year\"":2020,\""filing_period\"":\""fourth_quarter\"",\""income\"":null,\""expenses\"":\""2110000.00\""}"", ""L-c240fbf5-2122-417f-bffd-a23c3bcd6089"": ""{\""filing_uuid\"":\""c240fbf5-2122-417f-bffd-a23c3bcd6089\"",\""filing_type\"":\""Q1\"",\""filing_year\"":2020,\""filing_period\"":\""first_quarter\"",\""income\"":null,\""expenses\"":\""1800000.00\""}""}","Sum of numeric amounts on latest eligible quarterly reports, all issues combined. Blank reports are not zero and are not added. Separately named intermediaries excluded from direct fees. Outside fees and company expenses overlap and must never be added. Latest year uses completed quarters only; no annualization. No numeric reports means OPEN, not zero spending.",USD,,,L-40df1c3a-c0d4-42cd-898a-e4ff6dac3eab;L-5756a20c-4639-49e2-9165-f0667b361579;L-65749c45-3697-492e-8430-520cfa2fd6ad;L-c240fbf5-2122-417f-bffd-a23c3bcd6089,lobbying_self_expenses,sum,Google,2020,,,1;2;3;4,,,KEEP
EX-Google-2021,9600000.00,https://lda.gov/filings/public/filing/047f925e-aa0c-46fa-95aa-f78c29b4f5ee/print/,2026-09-14,"{""L-047f925e-aa0c-46fa-95aa-f78c29b4f5ee"": ""{\""filing_uuid\"":\""047f925e-aa0c-46fa-95aa-f78c29b4f5ee\"",\""filing_type\"":\""Q1\"",\""filing_year\"":2021,\""filing_period\"":\""first_quarter\"",\""income\"":null,\""expenses\"":\""2690000.00\""}"", ""L-434b182f-64f6-4337-971b-e2bf67e1bf34"": ""{\""filing_uuid\"":\""434b182f-64f6-4337-971b-e2bf67e1bf34\"",\""filing_type\"":\""Q3\"",\""filing_year\"":2021,\""filing_period\"":\""third_quarter\"",\""income\"":null,\""expenses\"":\""2610000.00\""}"", ""L-9ea75699-1e1d-4123-a3a0-eedabcb3faea"": ""{\""filing_uuid\"":\""9ea75699-1e1d-4123-a3a0-eedabcb3faea\"",\""filing_type\"":\""Q4\"",\""filing_year\"":2021,\""filing_period\"":\""fourth_quarter\"",\""income\"":null,\""expenses\"":\""2210000.00\""}"", ""L-bf977a89-15c2-41f5-b59d-7e7a6e17b210"": ""{\""filing_uuid\"":\""bf977a89-15c2-41f5-b59d-7e7a6e17b210\"",\""filing_type\"":\""Q2\"",\""filing_year\"":2021,\""filing_period\"":\""second_quarter\"",\""income\"":null,\""expenses\"":\""2090000.00\""}""}","Sum of numeric amounts on latest eligible quarterly reports, all issues combined. Blank reports are not zero and are not added. Separately named intermediaries excluded from direct fees. Outside fees and company expenses overlap and must never be added. Latest year uses completed quarters only; no annualization. No numeric reports means OPEN, not zero spending.",USD,,,L-047f925e-aa0c-46fa-95aa-f78c29b4f5ee;L-434b182f-64f6-4337-971b-e2bf67e1bf34;L-9ea75699-1e1d-4123-a3a0-eedabcb3faea;L-bf977a89-15c2-41f5-b59d-7e7a6e17b210,lobbying_self_expenses,sum,Google,2021,,,1;2;3;4,,,KEEP
EX-Google-2022,10920000.00,https://lda.gov/filings/public/filing/26343dff-b793-4f79-bec2-fde78654accb/print/,2026-09-14,"{""L-26343dff-b793-4f79-bec2-fde78654accb"": ""{\""filing_uuid\"":\""26343dff-b793-4f79-bec2-fde78654accb\"",\""filing_type\"":\""Q4\"",\""filing_year\"":2022,\""filing_period\"":\""fourth_quarter\"",\""income\"":null,\""expenses\"":\""2720000.00\""}"", ""L-7225b763-5c2f-4d5a-92d8-dc8e5cf87788"": ""{\""filing_uuid\"":\""7225b763-5c2f-4d5a-92d8-dc8e5cf87788\"",\""filing_type\"":\""Q1\"",\""filing_year\"":2022,\""filing_period\"":\""first_quarter\"",\""income\"":null,\""expenses\"":\""2960000.00\""}"", ""L-7e5fa6b3-1dea-4dd5-ae0f-9a0cf204b456"": ""{\""filing_uuid\"":\""7e5fa6b3-1dea-4dd5-ae0f-9a0cf204b456\"",\""filing_type\"":\""Q3\"",\""filing_year\"":2022,\""filing_period\"":\""third_quarter\"",\""income\"":null,\""expenses\"":\""2470000.00\""}"", ""L-ff8308e8-ebea-4444-a61f-9ffc61990034"": ""{\""filing_uuid\"":\""ff8308e8-ebea-4444-a61f-9ffc61990034\"",\""filing_type\"":\""Q2\"",\""filing_year\"":2022,\""filing_period\"":\""second_quarter\"",\""income\"":null,\""expenses\"":\""2770000.00\""}""}","Sum of numeric amounts on latest eligible quarterly reports, all issues combined. Blank reports are not zero and are not added. Separately named intermediaries excluded from direct fees. Outside fees and company expenses overlap and must never be added. Latest year uses completed quarters only; no annualization. No numeric reports means OPEN, not zero spending.",USD,,,L-26343dff-b793-4f79-bec2-fde78654accb;L-7225b763-5c2f-4d5a-92d8-dc8e5cf87788;L-7e5fa6b3-1dea-4dd5-ae0f-9a0cf204b456;L-ff8308e8-ebea-4444-a61f-9ffc61990034,lobbying_self_expenses,sum,Google,2022,,,1;2;3;4,,,KEEP
EX-Google-2023,12030000.00,https://lda.gov/filings/public/filing/02eb4ef5-94d0-49ec-b89d-7a154264acd9/print/,2026-09-14,"{""L-02eb4ef5-94d0-49ec-b89d-7a154264acd9"": ""{\""filing_uuid\"":\""02eb4ef5-94d0-49ec-b89d-7a154264acd9\"",\""filing_type\"":\""Q4\"",\""filing_year\"":2023,\""filing_period\"":\""fourth_quarter\"",\""income\"":null,\""expenses\"":\""2820000.00\""}"", ""L-0593587f-d98d-4c52-9d30-eb6369c3ce77"": ""{\""filing_uuid\"":\""0593587f-d98d-4c52-9d30-eb6369c3ce77\"",\""filing_type\"":\""Q3\"",\""filing_year\"":2023,\""filing_period\"":\""third_quarter\"",\""income\"":null,\""expenses\"":\""2960000.00\""}"", ""L-acd833d2-8e96-4208-8b07-5adc6f535db7"": ""{\""filing_uuid\"":\""acd833d2-8e96-4208-8b07-5adc6f535db7\"",\""filing_type\"":\""Q1\"",\""filing_year\"":2023,\""filing_period\"":\""first_quarter\"",\""income\"":null,\""expenses\"":\""2820000.00\""}"", ""L-ae010763-1509-4e30-84a5-950a1568afcc"": ""{\""filing_uuid\"":\""ae010763-1509-4e30-84a5-950a1568afcc\"",\""filing_type\"":\""Q2\"",\""filing_year\"":2023,\""filing_period\"":\""second_quarter\"",\""income\"":null,\""expenses\"":\""3430000.00\""}""}","Sum of numeric amounts on latest eligible quarterly reports, all issues combined. Blank reports are not zero and are not added. Separately named intermediaries excluded from direct fees. Outside fees and company expenses overlap and must never be added. Latest year uses completed quarters only; no annualization. No numeric reports means OPEN, not zero spending.",USD,,,L-02eb4ef5-94d0-49ec-b89d-7a154264acd9;L-0593587f-d98d-4c52-9d30-eb6369c3ce77;L-acd833d2-8e96-4208-8b07-5adc6f535db7;L-ae010763-1509-4e30-84a5-950a1568afcc,lobbying_self_expenses,sum,Google,2023,,,1;2;3;4,,,KEEP
EX-Google-2024,12310000.00,https://lda.gov/filings/public/filing/25a4ee4f-fee9-4e5b-9e69-d1e48fa13179/print/,2026-09-14,"{""L-25a4ee4f-fee9-4e5b-9e69-d1e48fa13179"": ""{\""filing_uuid\"":\""25a4ee4f-fee9-4e5b-9e69-d1e48fa13179\"",\""filing_type\"":\""Q2\"",\""filing_year\"":2024,\""filing_period\"":\""second_quarter\"",\""income\"":null,\""expenses\"":\""2960000.00\""}"", ""L-3e303598-7d0c-47ea-a270-389dc98c062c"": ""{\""filing_uuid\"":\""3e303598-7d0c-47ea-a270-389dc98c062c\"",\""filing_type\"":\""Q3\"",\""filing_year\"":2024,\""filing_period\"":\""third_quarter\"",\""income\"":null,\""expenses\"":\""3200000.00\""}"", ""L-813a7bb1-ae99-4e3b-b2de-89b8952b6cec"": ""{\""filing_uuid\"":\""813a7bb1-ae99-4e3b-b2de-89b8952b6cec\"",\""filing_type\"":\""Q4\"",\""filing_year\"":2024,\""filing_period\"":\""fourth_quarter\"",\""income\"":null,\""expenses\"":\""3070000.00\""}"", ""L-d715cb88-4878-4ee3-a1dc-b9aed7136aed"": ""{\""filing_uuid\"":\""d715cb88-4878-4ee3-a1dc-b9aed7136aed\"",\""filing_type\"":\""Q1\"",\""filing_year\"":2024,\""filing_period\"":\""first_quarter\"",\""income\"":null,\""expenses\"":\""3080000.00\""}""}","Sum of numeric amounts on latest eligible quarterly reports, all issues combined. Blank reports are not zero and are not added. Separately named intermediaries excluded from direct fees. Outside fees and company expenses overlap and must never be added. Latest year uses completed quarters only; no annualization. No numeric reports means OPEN, not zero spending.",USD,,,L-25a4ee4f-fee9-4e5b-9e69-d1e48fa13179;L-3e303598-7d0c-47ea-a270-389dc98c062c;L-813a7bb1-ae99-4e3b-b2de-89b8952b6cec;L-d715cb88-4878-4ee3-a1dc-b9aed7136aed,lobbying_self_expenses,sum,Google,2024,,,1;2;3;4,,,KEEP
EX-Google-2025,13100000.00,https://lda.gov/filings/public/filing/25432e67-591b-4e9f-85ae-4437532f7e7e/print/,2026-09-14,"{""L-25432e67-591b-4e9f-85ae-4437532f7e7e"": ""{\""filing_uuid\"":\""25432e67-591b-4e9f-85ae-4437532f7e7e\"",\""filing_type\"":\""Q4\"",\""filing_year\"":2025,\""filing_period\"":\""fourth_quarter\"",\""income\"":null,\""expenses\"":\""3350000.00\""}"", ""L-289972fc-977b-4357-a330-f3589a1cb786"": ""{\""filing_uuid\"":\""289972fc-977b-4357-a330-f3589a1cb786\"",\""filing_type\"":\""Q3\"",\""filing_year\"":2025,\""filing_period\"":\""third_quarter\"",\""income\"":null,\""expenses\"":\""3570000.00\""}"", ""L-6e9426dd-f07f-4504-9c0c-369f90ab9f52"": ""{\""filing_uuid\"":\""6e9426dd-f07f-4504-9c0c-369f90ab9f52\"",\""filing_type\"":\""Q2\"",\""filing_year\"":2025,\""filing_period\"":\""second_quarter\"",\""income\"":null,\""expenses\"":\""3170000.00\""}"", ""L-d1fc7251-32b4-4f44-b803-6888f5e8aa05"": ""{\""filing_uuid\"":\""d1fc7251-32b4-4f44-b803-6888f5e8aa05\"",\""filing_type\"":\""Q1\"",\""filing_year\"":2025,\""filing_period\"":\""first_quarter\"",\""income\"":null,\""expenses\"":\""3010000.00\""}""}","Sum of numeric amounts on latest eligible quarterly reports, all issues combined. Blank reports are not zero and are not added. Separately named intermediaries excluded from direct fees. Outside fees and company expenses overlap and must never be added. Latest year uses completed quarters only; no annualization. No numeric reports means OPEN, not zero spending.",USD,,,L-25432e67-591b-4e9f-85ae-4437532f7e7e;L-289972fc-977b-4357-a330-f3589a1cb786;L-6e9426dd-f07f-4504-9c0c-369f90ab9f52;L-d1fc7251-32b4-4f44-b803-6888f5e8aa05,lobbying_self_expenses,sum,Google,2025,,,1;2;3;4,,,KEEP
EX-Google-2026,6430000.00,https://lda.gov/filings/public/filing/0676fd59-1d30-4323-aad2-83e03d2ff407/print/,2026-09-14,"{""L-0676fd59-1d30-4323-aad2-83e03d2ff407"": ""{\""filing_uuid\"":\""0676fd59-1d30-4323-aad2-83e03d2ff407\"",\""filing_type\"":\""Q2\"",\""filing_year\"":2026,\""filing_period\"":\""second_quarter\"",\""income\"":null,\""expenses\"":\""3570000.00\""}"", ""L-534610dc-d423-47a6-819e-26409b01ea6c"": ""{\""filing_uuid\"":\""534610dc-d423-47a6-819e-26409b01ea6c\"",\""filing_type\"":\""Q1\"",\""filing_year\"":2026,\""filing_period\"":\""first_quarter\"",\""income\"":null,\""expenses\"":\""2860000.00\""}""}","Sum of numeric amounts on latest eligible quarterly reports, all issues combined. Blank reports are not zero and are not added. Separately named intermediaries excluded from direct fees. Outside fees and company expenses overlap and must never be added. Latest year uses completed quarters only; no annualization. No numeric reports means OPEN, not zero spending.",USD,,,L-0676fd59-1d30-4323-aad2-83e03d2ff407;L-534610dc-d423-47a6-819e-26409b01ea6c,lobbying_self_expenses,sum,Google,2026,,,1;2,,,KEEP
EX-Meta-2019,16710000.00,https://lda.gov/filings/public/filing/00cad027-52b1-46eb-aac9-e871a0f18c49/print/,2026-09-14,"{""L-00cad027-52b1-46eb-aac9-e871a0f18c49"": ""{\""filing_uuid\"":\""00cad027-52b1-46eb-aac9-e871a0f18c49\"",\""filing_type\"":\""Q2\"",\""filing_year\"":2019,\""filing_period\"":\""second_quarter\"",\""income\"":null,\""expenses\"":\""4110000.00\""}"", ""L-3f2a4226-94f6-47d0-9756-48e11ea492ae"": ""{\""filing_uuid\"":\""3f2a4226-94f6-47d0-9756-48e11ea492ae\"",\""filing_type\"":\""Q3\"",\""filing_year\"":2019,\""filing_period\"":\""third_quarter\"",\""income\"":null,\""expenses\"":\""4770000.00\""}"", ""L-af507649-b307-4b02-8d1a-196f05a197c5"": ""{\""filing_uuid\"":\""af507649-b307-4b02-8d1a-196f05a197c5\"",\""filing_type\"":\""Q1\"",\""filing_year\"":2019,\""filing_period\"":\""first_quarter\"",\""income\"":null,\""expenses\"":\""3400000.00\""}"", ""L-dae7fc20-eba1-466f-b060-fc3b8d558506"": ""{\""filing_uuid\"":\""dae7fc20-eba1-466f-b060-fc3b8d558506\"",\""filing_type\"":\""Q4\"",\""filing_year\"":2019,\""filing_period\"":\""fourth_quarter\"",\""income\"":null,\""expenses\"":\""4430000.00\""}""}","Sum of numeric amounts on latest eligible quarterly reports, all issues combined. Blank reports are not zero and are not added. Separately named intermediaries excluded from direct fees. Outside fees and company expenses overlap and must never be added. Latest year uses completed quarters only; no annualization. No numeric reports means OPEN, not zero spending.",USD,,,L-00cad027-52b1-46eb-aac9-e871a0f18c49;L-3f2a4226-94f6-47d0-9756-48e11ea492ae;L-af507649-b307-4b02-8d1a-196f05a197c5;L-dae7fc20-eba1-466f-b060-fc3b8d558506,lobbying_self_expenses,sum,Meta,2019,,,1;2;3;4,,,KEEP
EX-Meta-2020,19680000.00,https://lda.gov/filings/public/filing/75293ed8-7f43-4c8b-be3e-c4cf9c93ef3e/print/,2026-09-14,"{""L-75293ed8-7f43-4c8b-be3e-c4cf9c93ef3e"": ""{\""filing_uuid\"":\""75293ed8-7f43-4c8b-be3e-c4cf9c93ef3e\"",\""filing_type\"":\""Q2\"",\""filing_year\"":2020,\""filing_period\"":\""second_quarter\"",\""income\"":null,\""expenses\"":\""4830000.00\""}"", ""L-9caddbc5-946a-4148-8ef3-acc0a97e721f"": ""{\""filing_uuid\"":\""9caddbc5-946a-4148-8ef3-acc0a97e721f\"",\""filing_type\"":\""Q4\"",\""filing_year\"":2020,\""filing_period\"":\""fourth_quarter\"",\""income\"":null,\""expenses\"":\""4690000.00\""}"", ""L-ddb2d021-2469-4697-a44c-c3aaf959f7d8"": ""{\""filing_uuid\"":\""ddb2d021-2469-4697-a44c-c3aaf959f7d8\"",\""filing_type\"":\""3A\"",\""filing_year\"":2020,\""filing_period\"":\""third_quarter\"",\""income\"":null,\""expenses\"":\""4900000.00\""}"", ""L-f2d81986-685c-46d9-88d1-9dcaa19c8605"": ""{\""filing_uuid\"":\""f2d81986-685c-46d9-88d1-9dcaa19c8605\"",\""filing_type\"":\""Q1\"",\""filing_year\"":2020,\""filing_period\"":\""first_quarter\"",\""income\"":null,\""expenses\"":\""5260000.00\""}""}","Sum of numeric amounts on latest eligible quarterly reports, all issues combined. Blank reports are not zero and are not added. Separately named intermediaries excluded from direct fees. Outside fees and company expenses overlap and must never be added. Latest year uses completed quarters only; no annualization. No numeric reports means OPEN, not zero spending.",USD,,,L-75293ed8-7f43-4c8b-be3e-c4cf9c93ef3e;L-9caddbc5-946a-4148-8ef3-acc0a97e721f;L-ddb2d021-2469-4697-a44c-c3aaf959f7d8;L-f2d81986-685c-46d9-88d1-9dcaa19c8605,lobbying_self_expenses,sum,Meta,2020,,,1;2;3;4,,,KEEP
EX-Meta-2021,20070000.00,https://lda.gov/filings/public/filing/193ab137-373b-487d-847a-25986168fc90/print/,2026-09-14,"{""L-193ab137-373b-487d-847a-25986168fc90"": ""{\""filing_uuid\"":\""193ab137-373b-487d-847a-25986168fc90\"",\""filing_type\"":\""Q4\"",\""filing_year\"":2021,\""filing_period\"":\""fourth_quarter\"",\""income\"":null,\""expenses\"":\""5420000.00\""}"", ""L-20bc0f7b-a3d0-4c00-bc5d-72a405ff16e7"": ""{\""filing_uuid\"":\""20bc0f7b-a3d0-4c00-bc5d-72a405ff16e7\"",\""filing_type\"":\""Q2\"",\""filing_year\"":2021,\""filing_period\"":\""second_quarter\"",\""income\"":null,\""expenses\"":\""4770000.00\""}"", ""L-75504307-e84f-4819-9573-25c28867b498"": ""{\""filing_uuid\"":\""75504307-e84f-4819-9573-25c28867b498\"",\""filing_type\"":\""Q1\"",\""filing_year\"":2021,\""filing_period\"":\""first_quarter\"",\""income\"":null,\""expenses\"":\""4790000.00\""}"", ""L-ff4c6b14-eca5-483d-b9a8-1c1f78e97c46"": ""{\""filing_uuid\"":\""ff4c6b14-eca5-483d-b9a8-1c1f78e97c46\"",\""filing_type\"":\""Q3\"",\""filing_year\"":2021,\""filing_period\"":\""third_quarter\"",\""income\"":null,\""expenses\"":\""5090000.00\""}""}","Sum of numeric amounts on latest eligible quarterly reports, all issues combined. Blank reports are not zero and are not added. Separately named intermediaries excluded from direct fees. Outside fees and company expenses overlap and must never be added. Latest year uses completed quarters only; no annualization. No numeric reports means OPEN, not zero spending.",USD,,,L-193ab137-373b-487d-847a-25986168fc90;L-20bc0f7b-a3d0-4c00-bc5d-72a405ff16e7;L-75504307-e84f-4819-9573-25c28867b498;L-ff4c6b14-eca5-483d-b9a8-1c1f78e97c46,lobbying_self_expenses,sum,Meta,2021,,,1;2;3;4,,,KEEP
EX-Meta-2022,19150000.00,https://lda.gov/filings/public/filing/8fb5159d-3894-4174-8d10-1a2acc335953/print/,2026-09-14,"{""L-8fb5159d-3894-4174-8d10-1a2acc335953"": ""{\""filing_uuid\"":\""8fb5159d-3894-4174-8d10-1a2acc335953\"",\""filing_type\"":\""Q3\"",\""filing_year\"":2022,\""filing_period\"":\""third_quarter\"",\""income\"":null,\""expenses\"":\""4720000.00\""}"", ""L-91766596-6090-46f2-8a04-7d2b64e3cd3c"": ""{\""filing_uuid\"":\""91766596-6090-46f2-8a04-7d2b64e3cd3c\"",\""filing_type\"":\""Q2\"",\""filing_year\"":2022,\""filing_period\"":\""second_quarter\"",\""income\"":null,\""expenses\"":\""5390000.00\""}"", ""L-a114e691-78d5-47de-9259-f69364e72bea"": ""{\""filing_uuid\"":\""a114e691-78d5-47de-9259-f69364e72bea\"",\""filing_type\"":\""Q1\"",\""filing_year\"":2022,\""filing_period\"":\""first_quarter\"",\""income\"":null,\""expenses\"":\""5390000.00\""}"", ""L-c393044f-5425-486a-9ef7-75844656ec3f"": ""{\""filing_uuid\"":\""c393044f-5425-486a-9ef7-75844656ec3f\"",\""filing_type\"":\""Q4\"",\""filing_year\"":2022,\""filing_period\"":\""fourth_quarter\"",\""income\"":null,\""expenses\"":\""3650000.00\""}""}","Sum of numeric amounts on latest eligible quarterly reports, all issues combined. Blank reports are not zero and are not added. Separately named intermediaries excluded from direct fees. Outside fees and company expenses overlap and must never be added. Latest year uses completed quarters only; no annualization. No numeric reports means OPEN, not zero spending.",USD,,,L-8fb5159d-3894-4174-8d10-1a2acc335953;L-91766596-6090-46f2-8a04-7d2b64e3cd3c;L-a114e691-78d5-47de-9259-f69364e72bea;L-c393044f-5425-486a-9ef7-75844656ec3f,lobbying_self_expenses,sum,Meta,2022,,,1;2;3;4,,,KEEP
EX-Meta-2023,19300000.00,https://lda.gov/filings/public/filing/1770b4d4-7915-46e8-bfae-b2e5d74f7979/print/,2026-09-14,"{""L-1770b4d4-7915-46e8-bfae-b2e5d74f7979"": ""{\""filing_uuid\"":\""1770b4d4-7915-46e8-bfae-b2e5d74f7979\"",\""filing_type\"":\""Q3\"",\""filing_year\"":2023,\""filing_period\"":\""third_quarter\"",\""income\"":null,\""expenses\"":\""5140000.00\""}"", ""L-22621262-94ab-4ff1-aa9f-31cefcf5ca6a"": ""{\""filing_uuid\"":\""22621262-94ab-4ff1-aa9f-31cefcf5ca6a\"",\""filing_type\"":\""Q1\"",\""filing_year\"":2023,\""filing_period\"":\""first_quarter\"",\""income\"":null,\""expenses\"":\""4590000.00\""}"", ""L-4c2699f5-77ce-4938-9f9e-df55f95355da"": ""{\""filing_uuid\"":\""4c2699f5-77ce-4938-9f9e-df55f95355da\"",\""filing_type\"":\""Q4\"",\""filing_year\"":2023,\""filing_period\"":\""fourth_quarter\"",\""income\"":null,\""expenses\"":\""4660000.00\""}"", ""L-880a7c4d-2f41-42ae-b1ed-8016ff2c0d7e"": ""{\""filing_uuid\"":\""880a7c4d-2f41-42ae-b1ed-8016ff2c0d7e\"",\""filing_type\"":\""Q2\"",\""filing_year\"":2023,\""filing_period\"":\""second_quarter\"",\""income\"":null,\""expenses\"":\""4910000.00\""}""}","Sum of numeric amounts on latest eligible quarterly reports, all issues combined. Blank reports are not zero and are not added. Separately named intermediaries excluded from direct fees. Outside fees and company expenses overlap and must never be added. Latest year uses completed quarters only; no annualization. No numeric reports means OPEN, not zero spending.",USD,,,L-1770b4d4-7915-46e8-bfae-b2e5d74f7979;L-22621262-94ab-4ff1-aa9f-31cefcf5ca6a;L-4c2699f5-77ce-4938-9f9e-df55f95355da;L-880a7c4d-2f41-42ae-b1ed-8016ff2c0d7e,lobbying_self_expenses,sum,Meta,2023,,,1;2;3;4,,,KEEP
EX-Meta-2024,24430000.00,https://lda.gov/filings/public/filing/44c8cc07-99cb-4a91-83c3-31f973d95281/print/,2026-09-14,"{""L-44c8cc07-99cb-4a91-83c3-31f973d95281"": ""{\""filing_uuid\"":\""44c8cc07-99cb-4a91-83c3-31f973d95281\"",\""filing_type\"":\""Q1\"",\""filing_year\"":2024,\""filing_period\"":\""first_quarter\"",\""income\"":null,\""expenses\"":\""7640000.00\""}"", ""L-8795cb9f-876b-4d1d-a1a6-5ceb8844c2f7"": ""{\""filing_uuid\"":\""8795cb9f-876b-4d1d-a1a6-5ceb8844c2f7\"",\""filing_type\"":\""Q3\"",\""filing_year\"":2024,\""filing_period\"":\""third_quarter\"",\""income\"":null,\""expenses\"":\""5290000.00\""}"", ""L-8c335706-41da-41f0-9688-dcd4de46bae2"": ""{\""filing_uuid\"":\""8c335706-41da-41f0-9688-dcd4de46bae2\"",\""filing_type\"":\""Q4\"",\""filing_year\"":2024,\""filing_period\"":\""fourth_quarter\"",\""income\"":null,\""expenses\"":\""5580000.00\""}"", ""L-e3091ff2-c594-4632-af46-a50b47bfb090"": ""{\""filing_uuid\"":\""e3091ff2-c594-4632-af46-a50b47bfb090\"",\""filing_type\"":\""Q2\"",\""filing_year\"":2024,\""filing_period\"":\""second_quarter\"",\""income\"":null,\""expenses\"":\""5920000.00\""}""}","Sum of numeric amounts on latest eligible quarterly reports, all issues combined. Blank reports are not zero and are not added. Separately named intermediaries excluded from direct fees. Outside fees and company expenses overlap and must never be added. Latest year uses completed quarters only; no annualization. No numeric reports means OPEN, not zero spending.",USD,,,L-44c8cc07-99cb-4a91-83c3-31f973d95281;L-8795cb9f-876b-4d1d-a1a6-5ceb8844c2f7;L-8c335706-41da-41f0-9688-dcd4de46bae2;L-e3091ff2-c594-4632-af46-a50b47bfb090,lobbying_self_expenses,sum,Meta,2024,,,1;2;3;4,,,KEEP
EX-Meta-2025,26290000.00,https://lda.gov/filings/public/filing/64017c56-028d-489d-91df-9326dc7d0d6d/print/,2026-09-14,"{""L-64017c56-028d-489d-91df-9326dc7d0d6d"": ""{\""filing_uuid\"":\""64017c56-028d-489d-91df-9326dc7d0d6d\"",\""filing_type\"":\""Q1\"",\""filing_year\"":2025,\""filing_period\"":\""first_quarter\"",\""income\"":null,\""expenses\"":\""7990000.00\""}"", ""L-b73445ed-15e5-42e7-a1e8-aeb224755267"": ""{\""filing_uuid\"":\""b73445ed-15e5-42e7-a1e8-aeb224755267\"",\""filing_type\"":\""Q3\"",\""filing_year\"":2025,\""filing_period\"":\""third_quarter\"",\""income\"":null,\""expenses\"":\""5840000.00\""}"", ""L-d2731b37-be9a-4cff-9b43-e1c213bca777"": ""{\""filing_uuid\"":\""d2731b37-be9a-4cff-9b43-e1c213bca777\"",\""filing_type\"":\""Q4\"",\""filing_year\"":2025,\""filing_period\"":\""fourth_quarter\"",\""income\"":null,\""expenses\"":\""6500000.00\""}"", ""L-da892c16-3566-4439-bf39-83d02e4926e0"": ""{\""filing_uuid\"":\""da892c16-3566-4439-bf39-83d02e4926e0\"",\""filing_type\"":\""2A\"",\""filing_year\"":2025,\""filing_period\"":\""second_quarter\"",\""income\"":null,\""expenses\"":\""5960000.00\""}""}","Sum of numeric amounts on latest eligible quarterly reports, all issues combined. Blank reports are not zero and are not added. Separately named intermediaries excluded from direct fees. Outside fees and company expenses overlap and must never be added. Latest year uses completed quarters only; no annualization. No numeric reports means OPEN, not zero spending.",USD,,,L-64017c56-028d-489d-91df-9326dc7d0d6d;L-b73445ed-15e5-42e7-a1e8-aeb224755267;L-d2731b37-be9a-4cff-9b43-e1c213bca777;L-da892c16-3566-4439-bf39-83d02e4926e0,lobbying_self_expenses,sum,Meta,2025,,,1;2;3;4,,,KEEP
EX-Meta-2026,13070000.00,https://lda.gov/filings/public/filing/2796fa63-8416-4e28-ab64-a242a084b2a3/print/,2026-09-14,"{""L-2796fa63-8416-4e28-ab64-a242a084b2a3"": ""{\""filing_uuid\"":\""2796fa63-8416-4e28-ab64-a242a084b2a3\"",\""filing_type\"":\""Q1\"",\""filing_year\"":2026,\""filing_period\"":\""first_quarter\"",\""income\"":null,\""expenses\"":\""7080000.00\""}"", ""L-ca90d94a-2bb1-46ae-9d89-13a2278cc80e"": ""{\""filing_uuid\"":\""ca90d94a-2bb1-46ae-9d89-13a2278cc80e\"",\""filing_type\"":\""Q2\"",\""filing_year\"":2026,\""filing_period\"":\""second_quarter\"",\""income\"":null,\""expenses\"":\""5990000.00\""}""}","Sum of numeric amounts on latest eligible quarterly reports, all issues combined. Blank reports are not zero and are not added. Separately named intermediaries excluded from direct fees. Outside fees and company expenses overlap and must never be added. Latest year uses completed quarters only; no annualization. No numeric reports means OPEN, not zero spending.",USD,,,L-2796fa63-8416-4e28-ab64-a242a084b2a3;L-ca90d94a-2bb1-46ae-9d89-13a2278cc80e,lobbying_self_expenses,sum,Meta,2026,,,1;2,,,KEEP
EX-Microsoft-2019,10170000.00,https://lda.gov/filings/public/filing/0c933ba6-4275-4794-b007-778dc23cddae/print/,2026-09-14,"{""L-0c933ba6-4275-4794-b007-778dc23cddae"": ""{\""filing_uuid\"":\""0c933ba6-4275-4794-b007-778dc23cddae\"",\""filing_type\"":\""Q4\"",\""filing_year\"":2019,\""filing_period\"":\""fourth_quarter\"",\""income\"":null,\""expenses\"":\""2390000.00\""}"", ""L-133afa37-ba04-4d3e-bd00-c15cc4abe5a0"": ""{\""filing_uuid\"":\""133afa37-ba04-4d3e-bd00-c15cc4abe5a0\"",\""filing_type\"":\""Q1\"",\""filing_year\"":2019,\""filing_period\"":\""first_quarter\"",\""income\"":null,\""expenses\"":\""2790000.00\""}"", ""L-4e6bfa78-6ae4-4b23-965a-a06df48f3f0d"": ""{\""filing_uuid\"":\""4e6bfa78-6ae4-4b23-965a-a06df48f3f0d\"",\""filing_type\"":\""Q2\"",\""filing_year\"":2019,\""filing_period\"":\""second_quarter\"",\""income\"":null,\""expenses\"":\""2740000.00\""}"", ""L-71f0c89e-fa75-4d93-a4a2-5b6cfd028e63"": ""{\""filing_uuid\"":\""71f0c89e-fa75-4d93-a4a2-5b6cfd028e63\"",\""filing_type\"":\""Q3\"",\""filing_year\"":2019,\""filing_period\"":\""third_quarter\"",\""income\"":null,\""expenses\"":\""2250000.00\""}""}","Sum of numeric amounts on latest eligible quarterly reports, all issues combined. Blank reports are not zero and are not added. Separately named intermediaries excluded from direct fees. Outside fees and company expenses overlap and must never be added. Latest year uses completed quarters only; no annualization. No numeric reports means OPEN, not zero spending.",USD,,,L-0c933ba6-4275-4794-b007-778dc23cddae;L-133afa37-ba04-4d3e-bd00-c15cc4abe5a0;L-4e6bfa78-6ae4-4b23-965a-a06df48f3f0d;L-71f0c89e-fa75-4d93-a4a2-5b6cfd028e63,lobbying_self_expenses,sum,Microsoft,2019,,,1;2;3;4,,,KEEP
EX-Microsoft-2020,9374000.00,https://lda.gov/filings/public/filing/0906e6e8-20f7-4e95-a649-68381ad16c87/print/,2026-09-14,"{""L-0906e6e8-20f7-4e95-a649-68381ad16c87"": ""{\""filing_uuid\"":\""0906e6e8-20f7-4e95-a649-68381ad16c87\"",\""filing_type\"":\""Q4\"",\""filing_year\"":2020,\""filing_period\"":\""fourth_quarter\"",\""income\"":null,\""expenses\"":\""2190000.00\""}"", ""L-11832112-0bf4-489a-a552-b64a87401620"": ""{\""filing_uuid\"":\""11832112-0bf4-489a-a552-b64a87401620\"",\""filing_type\"":\""Q3\"",\""filing_year\"":2020,\""filing_period\"":\""third_quarter\"",\""income\"":null,\""expenses\"":\""1880000.00\""}"", ""L-3d902e09-369a-46e1-994e-bef8c5eec3e8"": ""{\""filing_uuid\"":\""3d902e09-369a-46e1-994e-bef8c5eec3e8\"",\""filing_type\"":\""Q1\"",\""filing_year\"":2020,\""filing_period\"":\""first_quarter\"",\""income\"":null,\""expenses\"":\""2394000.00\""}"", ""L-7c4170d0-26c2-4834-933a-2634d4c6ddeb"": ""{\""filing_uuid\"":\""7c4170d0-26c2-4834-933a-2634d4c6ddeb\"",\""filing_type\"":\""Q2\"",\""filing_year\"":2020,\""filing_period\"":\""second_quarter\"",\""income\"":null,\""expenses\"":\""2910000.00\""}""}","Sum of numeric amounts on latest eligible quarterly reports, all issues combined. Blank reports are not zero and are not added. Separately named intermediaries excluded from direct fees. Outside fees and company expenses overlap and must never be added. Latest year uses completed quarters only; no annualization. No numeric reports means OPEN, not zero spending.",USD,,,L-0906e6e8-20f7-4e95-a649-68381ad16c87;L-11832112-0bf4-489a-a552-b64a87401620;L-3d902e09-369a-46e1-994e-bef8c5eec3e8;L-7c4170d0-26c2-4834-933a-2634d4c6ddeb,lobbying_self_expenses,sum,Microsoft,2020,,,1;2;3;4,,,KEEP
EX-Microsoft-2021,10160000.00,https://lda.gov/filings/public/filing/287db784-7634-4b2c-87bd-9b8dbd2cb3fa/print/,2026-09-14,"{""L-287db784-7634-4b2c-87bd-9b8dbd2cb3fa"": ""{\""filing_uuid\"":\""287db784-7634-4b2c-87bd-9b8dbd2cb3fa\"",\""filing_type\"":\""Q3\"",\""filing_year\"":2021,\""filing_period\"":\""third_quarter\"",\""income\"":null,\""expenses\"":\""2630000.00\""}"", ""L-754c9669-958d-4b99-8570-7e06658e0748"": ""{\""filing_uuid\"":\""754c9669-958d-4b99-8570-7e06658e0748\"",\""filing_type\"":\""Q4\"",\""filing_year\"":2021,\""filing_period\"":\""fourth_quarter\"",\""income\"":null,\""expenses\"":\""2470000.00\""}"", ""L-d50d3ddf-86ca-40e6-8f35-91d66edc8d92"": ""{\""filing_uuid\"":\""d50d3ddf-86ca-40e6-8f35-91d66edc8d92\"",\""filing_type\"":\""Q1\"",\""filing_year\"":2021,\""filing_period\"":\""first_quarter\"",\""income\"":null,\""expenses\"":\""2590000.00\""}"", ""L-fad755f6-ba3a-480c-a3a1-678bb14c0a5a"": ""{\""filing_uuid\"":\""fad755f6-ba3a-480c-a3a1-678bb14c0a5a\"",\""filing_type\"":\""Q2\"",\""filing_year\"":2021,\""filing_period\"":\""second_quarter\"",\""income\"":null,\""expenses\"":\""2470000.00\""}""}","Sum of numeric amounts on latest eligible quarterly reports, all issues combined. Blank reports are not zero and are not added. Separately named intermediaries excluded from direct fees. Outside fees and company expenses overlap and must never be added. Latest year uses completed quarters only; no annualization. No numeric reports means OPEN, not zero spending.",USD,,,L-287db784-7634-4b2c-87bd-9b8dbd2cb3fa;L-754c9669-958d-4b99-8570-7e06658e0748;L-d50d3ddf-86ca-40e6-8f35-91d66edc8d92;L-fad755f6-ba3a-480c-a3a1-678bb14c0a5a,lobbying_self_expenses,sum,Microsoft,2021,,,1;2;3;4,,,KEEP
EX-Microsoft-2022,9790000.00,https://lda.gov/filings/public/filing/0c538258-3e6c-4d70-a535-cbc7397f3cad/print/,2026-09-14,"{""L-0c538258-3e6c-4d70-a535-cbc7397f3cad"": ""{\""filing_uuid\"":\""0c538258-3e6c-4d70-a535-cbc7397f3cad\"",\""filing_type\"":\""2A\"",\""filing_year\"":2022,\""filing_period\"":\""second_quarter\"",\""income\"":null,\""expenses\"":\""2410000.00\""}"", ""L-3e583812-9e03-43ed-98b6-d1d25e9f2b27"": ""{\""filing_uuid\"":\""3e583812-9e03-43ed-98b6-d1d25e9f2b27\"",\""filing_type\"":\""3A\"",\""filing_year\"":2022,\""filing_period\"":\""third_quarter\"",\""income\"":null,\""expenses\"":\""2300000.00\""}"", ""L-69ba930f-415b-4b23-bff4-6e28851c8eaa"": ""{\""filing_uuid\"":\""69ba930f-415b-4b23-bff4-6e28851c8eaa\"",\""filing_type\"":\""4A\"",\""filing_year\"":2022,\""filing_period\"":\""fourth_quarter\"",\""income\"":null,\""expenses\"":\""2540000.00\""}"", ""L-e4815cdc-b771-4d2b-b40d-d7dba6ef43bf"": ""{\""filing_uuid\"":\""e4815cdc-b771-4d2b-b40d-d7dba6ef43bf\"",\""filing_type\"":\""Q1\"",\""filing_year\"":2022,\""filing_period\"":\""first_quarter\"",\""income\"":null,\""expenses\"":\""2540000.00\""}""}","Sum of numeric amounts on latest eligible quarterly reports, all issues combined. Blank reports are not zero and are not added. Separately named intermediaries excluded from direct fees. Outside fees and company expenses overlap and must never be added. Latest year uses completed quarters only; no annualization. No numeric reports means OPEN, not zero spending.",USD,,,L-0c538258-3e6c-4d70-a535-cbc7397f3cad;L-3e583812-9e03-43ed-98b6-d1d25e9f2b27;L-69ba930f-415b-4b23-bff4-6e28851c8eaa;L-e4815cdc-b771-4d2b-b40d-d7dba6ef43bf,lobbying_self_expenses,sum,Microsoft,2022,,,1;2;3;4,,,KEEP
EX-Microsoft-2023,8970000.00,https://lda.gov/filings/public/filing/23e0a7ab-4c5c-4aed-b43a-df1c4202eb94/print/,2026-09-14,"{""L-23e0a7ab-4c5c-4aed-b43a-df1c4202eb94"": ""{\""filing_uuid\"":\""23e0a7ab-4c5c-4aed-b43a-df1c4202eb94\"",\""filing_type\"":\""1A\"",\""filing_year\"":2023,\""filing_period\"":\""first_quarter\"",\""income\"":null,\""expenses\"":\""2220000.00\""}"", ""L-2e9b1efb-dd3b-45b3-920b-47c138c1992f"": ""{\""filing_uuid\"":\""2e9b1efb-dd3b-45b3-920b-47c138c1992f\"",\""filing_type\"":\""Q4\"",\""filing_year\"":2023,\""filing_period\"":\""fourth_quarter\"",\""income\"":null,\""expenses\"":\""2120000.00\""}"", ""L-88b38027-a0a6-4d4a-bdff-43980ad8de85"": ""{\""filing_uuid\"":\""88b38027-a0a6-4d4a-bdff-43980ad8de85\"",\""filing_type\"":\""Q2\"",\""filing_year\"":2023,\""filing_period\"":\""second_quarter\"",\""income\"":null,\""expenses\"":\""2300000.00\""}"", ""L-d086e1bd-f619-4bfd-94fb-a357f390ecb8"": ""{\""filing_uuid\"":\""d086e1bd-f619-4bfd-94fb-a357f390ecb8\"",\""filing_type\"":\""Q3\"",\""filing_year\"":2023,\""filing_period\"":\""third_quarter\"",\""income\"":null,\""expenses\"":\""2330000.00\""}""}","Sum of numeric amounts on latest eligible quarterly reports, all issues combined. Blank reports are not zero and are not added. Separately named intermediaries excluded from direct fees. Outside fees and company expenses overlap and must never be added. Latest year uses completed quarters only; no annualization. No numeric reports means OPEN, not zero spending.",USD,,,L-23e0a7ab-4c5c-4aed-b43a-df1c4202eb94;L-2e9b1efb-dd3b-45b3-920b-47c138c1992f;L-88b38027-a0a6-4d4a-bdff-43980ad8de85;L-d086e1bd-f619-4bfd-94fb-a357f390ecb8,lobbying_self_expenses,sum,Microsoft,2023,,,1;2;3;4,,,KEEP
EX-Microsoft-2024,9424000.00,https://lda.gov/filings/public/filing/767443d1-5a99-4c09-a8ca-d092aa1dcbf7/print/,2026-09-14,"{""L-767443d1-5a99-4c09-a8ca-d092aa1dcbf7"": ""{\""filing_uuid\"":\""767443d1-5a99-4c09-a8ca-d092aa1dcbf7\"",\""filing_type\"":\""Q4\"",\""filing_year\"":2024,\""filing_period\"":\""fourth_quarter\"",\""income\"":null,\""expenses\"":\""2250000.00\""}"", ""L-9160854a-365d-4444-bbbf-df9d91d4bd82"": ""{\""filing_uuid\"":\""9160854a-365d-4444-bbbf-df9d91d4bd82\"",\""filing_type\"":\""Q1\"",\""filing_year\"":2024,\""filing_period\"":\""first_quarter\"",\""income\"":null,\""expenses\"":\""2278000.00\""}"", ""L-92c3d49b-737f-4487-a7eb-b617c5afcee7"": ""{\""filing_uuid\"":\""92c3d49b-737f-4487-a7eb-b617c5afcee7\"",\""filing_type\"":\""Q2\"",\""filing_year\"":2024,\""filing_period\"":\""second_quarter\"",\""income\"":null,\""expenses\"":\""2356000.00\""}"", ""L-f7c48aef-f3c3-46aa-b3da-10df3199efd6"": ""{\""filing_uuid\"":\""f7c48aef-f3c3-46aa-b3da-10df3199efd6\"",\""filing_type\"":\""Q3\"",\""filing_year\"":2024,\""filing_period\"":\""third_quarter\"",\""income\"":null,\""expenses\"":\""2540000.00\""}""}","Sum of numeric amounts on latest eligible quarterly reports, all issues combined. Blank reports are not zero and are not added. Separately named intermediaries excluded from direct fees. Outside fees and company expenses overlap and must never be added. Latest year uses completed quarters only; no annualization. No numeric reports means OPEN, not zero spending.",USD,,,L-767443d1-5a99-4c09-a8ca-d092aa1dcbf7;L-9160854a-365d-4444-bbbf-df9d91d4bd82;L-92c3d49b-737f-4487-a7eb-b617c5afcee7;L-f7c48aef-f3c3-46aa-b3da-10df3199efd6,lobbying_self_expenses,sum,Microsoft,2024,,,1;2;3;4,,,KEEP
EX-Microsoft-2025,9360000.00,https://lda.gov/filings/public/filing/38aab9ec-4c60-42a8-a44c-69f20c65b0b4/print/,2026-09-14,"{""L-38aab9ec-4c60-42a8-a44c-69f20c65b0b4"": ""{\""filing_uuid\"":\""38aab9ec-4c60-42a8-a44c-69f20c65b0b4\"",\""filing_type\"":\""Q3\"",\""filing_year\"":2025,\""filing_period\"":\""third_quarter\"",\""income\"":null,\""expenses\"":\""2020000.00\""}"", ""L-764c6eb7-7a39-4f4c-ab48-d78b83bea5ed"": ""{\""filing_uuid\"":\""764c6eb7-7a39-4f4c-ab48-d78b83bea5ed\"",\""filing_type\"":\""Q2\"",\""filing_year\"":2025,\""filing_period\"":\""second_quarter\"",\""income\"":null,\""expenses\"":\""2570000.00\""}"", ""L-9d83af86-eb8b-4eb0-b43e-22f1aa9aff25"": ""{\""filing_uuid\"":\""9d83af86-eb8b-4eb0-b43e-22f1aa9aff25\"",\""filing_type\"":\""Q4\"",\""filing_year\"":2025,\""filing_period\"":\""fourth_quarter\"",\""income\"":null,\""expenses\"":\""2420000.00\""}"", ""L-a4185da2-1bf1-4f6e-a76c-33054cbceca9"": ""{\""filing_uuid\"":\""a4185da2-1bf1-4f6e-a76c-33054cbceca9\"",\""filing_type\"":\""Q1\"",\""filing_year\"":2025,\""filing_period\"":\""first_quarter\"",\""income\"":null,\""expenses\"":\""2350000.00\""}""}","Sum of numeric amounts on latest eligible quarterly reports, all issues combined. Blank reports are not zero and are not added. Separately named intermediaries excluded from direct fees. Outside fees and company expenses overlap and must never be added. Latest year uses completed quarters only; no annualization. No numeric reports means OPEN, not zero spending.",USD,,,L-38aab9ec-4c60-42a8-a44c-69f20c65b0b4;L-764c6eb7-7a39-4f4c-ab48-d78b83bea5ed;L-9d83af86-eb8b-4eb0-b43e-22f1aa9aff25;L-a4185da2-1bf1-4f6e-a76c-33054cbceca9,lobbying_self_expenses,sum,Microsoft,2025,,,1;2;3;4,,,KEEP
EX-Microsoft-2026,5080000.00,https://lda.gov/filings/public/filing/0c02bfae-fbda-4455-965b-7c0733b643ca/print/,2026-09-14,"{""L-0c02bfae-fbda-4455-965b-7c0733b643ca"": ""{\""filing_uuid\"":\""0c02bfae-fbda-4455-965b-7c0733b643ca\"",\""filing_type\"":\""Q2\"",\""filing_year\"":2026,\""filing_period\"":\""second_quarter\"",\""income\"":null,\""expenses\"":\""2690000.00\""}"", ""L-1281e273-1138-4c3c-8621-ecb6a5cb181e"": ""{\""filing_uuid\"":\""1281e273-1138-4c3c-8621-ecb6a5cb181e\"",\""filing_type\"":\""Q1\"",\""filing_year\"":2026,\""filing_period\"":\""first_quarter\"",\""income\"":null,\""expenses\"":\""2390000.00\""}""}","Sum of numeric amounts on latest eligible quarterly reports, all issues combined. Blank reports are not zero and are not added. Separately named intermediaries excluded from direct fees. Outside fees and company expenses overlap and must never be added. Latest year uses completed quarters only; no annualization. No numeric reports means OPEN, not zero spending.",USD,,,L-0c02bfae-fbda-4455-965b-7c0733b643ca;L-1281e273-1138-4c3c-8621-ecb6a5cb181e,lobbying_self_expenses,sum,Microsoft,2026,,,1;2,,,KEEP
EX-OpenAI-2019,,https://lda.gov/api/v1/filings/?client_name=OpenAI&filing_year=2019&page_size=100,2026-09-14,"{""LQ-openai-2019"": ""\""count\"": 0""}","Sum of numeric amounts on latest eligible quarterly reports, all issues combined. Blank reports are not zero and are not added. Separately named intermediaries excluded from direct fees. Outside fees and company expenses overlap and must never be added. Latest year uses completed quarters only; no annualization. No numeric reports means OPEN, not zero spending.",USD,,,LQ-openai-2019,lobbying_self_expenses,unavailable,OpenAI,2019,,,,,,OPEN
EX-OpenAI-2020,,https://lda.gov/api/v1/filings/?client_name=OpenAI&filing_year=2020&page_size=100,2026-09-14,"{""LQ-openai-2020"": ""\""count\"": 0""}","Sum of numeric amounts on latest eligible quarterly reports, all issues combined. Blank reports are not zero and are not added. Separately named intermediaries excluded from direct fees. Outside fees and company expenses overlap and must never be added. Latest year uses completed quarters only; no annualization. No numeric reports means OPEN, not zero spending.",USD,,,LQ-openai-2020,lobbying_self_expenses,unavailable,OpenAI,2020,,,,,,OPEN
EX-OpenAI-2021,,https://lda.gov/api/v1/filings/?client_name=OpenAI&filing_year=2021&page_size=100,2026-09-14,"{""LQ-openai-2021"": ""\""count\"": 0""}","Sum of numeric amounts on latest eligible quarterly reports, all issues combined. Blank reports are not zero and are not added. Separately named intermediaries excluded from direct fees. Outside fees and company expenses overlap and must never be added. Latest year uses completed quarters only; no annualization. No numeric reports means OPEN, not zero spending.",USD,,,LQ-openai-2021,lobbying_self_expenses,unavailable,OpenAI,2021,,,,,,OPEN
EX-OpenAI-2022,,https://lda.gov/api/v1/filings/?client_name=OpenAI&filing_year=2022&page_size=100,2026-09-14,"{""LQ-openai-2022"": ""\""count\"": 0""}","Sum of numeric amounts on latest eligible quarterly reports, all issues combined. Blank reports are not zero and are not added. Separately named intermediaries excluded from direct fees. Outside fees and company expenses overlap and must never be added. Latest year uses completed quarters only; no annualization. No numeric reports means OPEN, not zero spending.",USD,,,LQ-openai-2022,lobbying_self_expenses,unavailable,OpenAI,2022,,,,,,OPEN
EX-OpenAI-2023,260000.00,https://lda.gov/filings/public/filing/5d928e9c-a1a2-4688-baf6-837d1abb6492/print/,2026-09-14,"{""L-5d928e9c-a1a2-4688-baf6-837d1abb6492"": ""{\""filing_uuid\"":\""5d928e9c-a1a2-4688-baf6-837d1abb6492\"",\""filing_type\"":\""Q4\"",\""filing_year\"":2023,\""filing_period\"":\""fourth_quarter\"",\""income\"":null,\""expenses\"":\""260000.00\""}""}","Sum of numeric amounts on latest eligible quarterly reports, all issues combined. Blank reports are not zero and are not added. Separately named intermediaries excluded from direct fees. Outside fees and company expenses overlap and must never be added. Latest year uses completed quarters only; no annualization. No numeric reports means OPEN, not zero spending.",USD,,,L-5d928e9c-a1a2-4688-baf6-837d1abb6492,lobbying_self_expenses,sum,OpenAI,2023,,,4,,,KEEP
EX-OpenAI-2024,1760000.00,https://lda.gov/filings/public/filing/1864dcc3-9b97-46bb-bf53-c10efb61b8d3/print/,2026-09-14,"{""L-1864dcc3-9b97-46bb-bf53-c10efb61b8d3"": ""{\""filing_uuid\"":\""1864dcc3-9b97-46bb-bf53-c10efb61b8d3\"",\""filing_type\"":\""Q3\"",\""filing_year\"":2024,\""filing_period\"":\""third_quarter\"",\""income\"":null,\""expenses\"":\""430000.00\""}"", ""L-8123a755-4352-4b04-a879-bd476eee0bee"": ""{\""filing_uuid\"":\""8123a755-4352-4b04-a879-bd476eee0bee\"",\""filing_type\"":\""2A\"",\""filing_year\"":2024,\""filing_period\"":\""second_quarter\"",\""income\"":null,\""expenses\"":\""480000.00\""}"", ""L-8fb2c55d-721f-4ccb-bccc-5f0a31fa7063"": ""{\""filing_uuid\"":\""8fb2c55d-721f-4ccb-bccc-5f0a31fa7063\"",\""filing_type\"":\""Q4\"",\""filing_year\"":2024,\""filing_period\"":\""fourth_quarter\"",\""income\"":null,\""expenses\"":\""510000.00\""}"", ""L-c272e869-3d0a-422d-a7eb-9492ae201815"": ""{\""filing_uuid\"":\""c272e869-3d0a-422d-a7eb-9492ae201815\"",\""filing_type\"":\""Q1\"",\""filing_year\"":2024,\""filing_period\"":\""first_quarter\"",\""income\"":null,\""expenses\"":\""340000.00\""}""}","Sum of numeric amounts on latest eligible quarterly reports, all issues combined. Blank reports are not zero and are not added. Separately named intermediaries excluded from direct fees. Outside fees and company expenses overlap and must never be added. Latest year uses completed quarters only; no annualization. No numeric reports means OPEN, not zero spending.",USD,,,L-1864dcc3-9b97-46bb-bf53-c10efb61b8d3;L-8123a755-4352-4b04-a879-bd476eee0bee;L-8fb2c55d-721f-4ccb-bccc-5f0a31fa7063;L-c272e869-3d0a-422d-a7eb-9492ae201815,lobbying_self_expenses,sum,OpenAI,2024,,,1;2;3;4,,,KEEP
EX-OpenAI-2025,2990000.00,https://lda.gov/filings/public/filing/6deea4d2-e191-49b0-b197-86dce2d5bd0a/print/,2026-09-14,"{""L-6deea4d2-e191-49b0-b197-86dce2d5bd0a"": ""{\""filing_uuid\"":\""6deea4d2-e191-49b0-b197-86dce2d5bd0a\"",\""filing_type\"":\""1A\"",\""filing_year\"":2025,\""filing_period\"":\""first_quarter\"",\""income\"":null,\""expenses\"":\""560000.00\""}"", ""L-8fd00332-8a97-439d-9348-bef9437f524d"": ""{\""filing_uuid\"":\""8fd00332-8a97-439d-9348-bef9437f524d\"",\""filing_type\"":\""Q4\"",\""filing_year\"":2025,\""filing_period\"":\""fourth_quarter\"",\""income\"":null,\""expenses\"":\""890000.00\""}"", ""L-e7ad53f7-20f6-427f-a5d9-2b27b4c0621e"": ""{\""filing_uuid\"":\""e7ad53f7-20f6-427f-a5d9-2b27b4c0621e\"",\""filing_type\"":\""Q3\"",\""filing_year\"":2025,\""filing_period\"":\""third_quarter\"",\""income\"":null,\""expenses\"":\""920000.00\""}"", ""L-fd1f6b00-6e42-4546-8c2c-e3dfc4bc539c"": ""{\""filing_uuid\"":\""fd1f6b00-6e42-4546-8c2c-e3dfc4bc539c\"",\""filing_type\"":\""Q2\"",\""filing_year\"":2025,\""filing_period\"":\""second_quarter\"",\""income\"":null,\""expenses\"":\""620000.00\""}""}","Sum of numeric amounts on latest eligible quarterly reports, all issues combined. Blank reports are not zero and are not added. Separately named intermediaries excluded from direct fees. Outside fees and company expenses overlap and must never be added. Latest year uses completed quarters only; no annualization. No numeric reports means OPEN, not zero spending.",USD,,,L-6deea4d2-e191-49b0-b197-86dce2d5bd0a;L-8fd00332-8a97-439d-9348-bef9437f524d;L-e7ad53f7-20f6-427f-a5d9-2b27b4c0621e;L-fd1f6b00-6e42-4546-8c2c-e3dfc4bc539c,lobbying_self_expenses,sum,OpenAI,2025,,,1;2;3;4,,,KEEP
EX-OpenAI-2026,2220000.00,https://lda.gov/filings/public/filing/a8040c01-31bc-45c9-afb1-7ab54820ae32/print/,2026-09-14,"{""L-a8040c01-31bc-45c9-afb1-7ab54820ae32"": ""{\""filing_uuid\"":\""a8040c01-31bc-45c9-afb1-7ab54820ae32\"",\""filing_type\"":\""Q1\"",\""filing_year\"":2026,\""filing_period\"":\""first_quarter\"",\""income\"":null,\""expenses\"":\""1020000.00\""}"", ""L-de4e5ed5-65c4-44dc-8006-be3a20d10ef7"": ""{\""filing_uuid\"":\""de4e5ed5-65c4-44dc-8006-be3a20d10ef7\"",\""filing_type\"":\""2A\"",\""filing_year\"":2026,\""filing_period\"":\""second_quarter\"",\""income\"":null,\""expenses\"":\""1200000.00\""}""}","Sum of numeric amounts on latest eligible quarterly reports, all issues combined. Blank reports are not zero and are not added. Separately named intermediaries excluded from direct fees. Outside fees and company expenses overlap and must never be added. Latest year uses completed quarters only; no annualization. No numeric reports means OPEN, not zero spending.",USD,,,L-a8040c01-31bc-45c9-afb1-7ab54820ae32;L-de4e5ed5-65c4-44dc-8006-be3a20d10ef7,lobbying_self_expenses,sum,OpenAI,2026,,,1;2,,,KEEP
EX-xAI-2019,,https://lda.gov/api/v1/filings/?client_name=xAI&filing_year=2019&page_size=100,2026-09-14,"{""LQ-xai-2019"": ""\""count\"": 0""}","Sum of numeric amounts on latest eligible quarterly reports, all issues combined. Blank reports are not zero and are not added. Separately named intermediaries excluded from direct fees. Outside fees and company expenses overlap and must never be added. Latest year uses completed quarters only; no annualization. No numeric reports means OPEN, not zero spending.",USD,,,LQ-xai-2019,lobbying_self_expenses,unavailable,xAI,2019,,,,,,OPEN
EX-xAI-2020,,https://lda.gov/api/v1/filings/?client_name=xAI&filing_year=2020&page_size=100,2026-09-14,"{""LQ-xai-2020"": ""\""count\"": 0""}","Sum of numeric amounts on latest eligible quarterly reports, all issues combined. Blank reports are not zero and are not added. Separately named intermediaries excluded from direct fees. Outside fees and company expenses overlap and must never be added. Latest year uses completed quarters only; no annualization. No numeric reports means OPEN, not zero spending.",USD,,,LQ-xai-2020,lobbying_self_expenses,unavailable,xAI,2020,,,,,,OPEN
EX-xAI-2021,,https://lda.gov/api/v1/filings/?client_name=xAI&filing_year=2021&page_size=100,2026-09-14,"{""LQ-xai-2021"": ""\""count\"": 0""}","Sum of numeric amounts on latest eligible quarterly reports, all issues combined. Blank reports are not zero and are not added. Separately named intermediaries excluded from direct fees. Outside fees and company expenses overlap and must never be added. Latest year uses completed quarters only; no annualization. No numeric reports means OPEN, not zero spending.",USD,,,LQ-xai-2021,lobbying_self_expenses,unavailable,xAI,2021,,,,,,OPEN
EX-xAI-2022,,https://lda.gov/api/v1/filings/?client_name=xAI&filing_year=2022&page_size=100,2026-09-14,"{""LQ-xai-2022"": ""\""count\"": 0""}","Sum of numeric amounts on latest eligible quarterly reports, all issues combined. Blank reports are not zero and are not added. Separately named intermediaries excluded from direct fees. Outside fees and company expenses overlap and must never be added. Latest year uses completed quarters only; no annualization. No numeric reports means OPEN, not zero spending.",USD,,,LQ-xai-2022,lobbying_self_expenses,unavailable,xAI,2022,,,,,,OPEN
EX-xAI-2023,,https://lda.gov/api/v1/filings/?client_name=xAI&filing_year=2023&page_size=100,2026-09-14,"{""LQ-xai-2023"": ""\""count\"": 0""}","Sum of numeric amounts on latest eligible quarterly reports, all issues combined. Blank reports are not zero and are not added. Separately named intermediaries excluded from direct fees. Outside fees and company expenses overlap and must never be added. Latest year uses completed quarters only; no annualization. No numeric reports means OPEN, not zero spending.",USD,,,LQ-xai-2023,lobbying_self_expenses,unavailable,xAI,2023,,,,,,OPEN
EX-xAI-2024,,https://lda.gov/api/v1/filings/?client_name=xAI&filing_year=2024&page_size=100,2026-09-14,"{""LQ-xai-2024"": ""\""count\"": 0""}","Sum of numeric amounts on latest eligible quarterly reports, all issues combined. Blank reports are not zero and are not added. Separately named intermediaries excluded from direct fees. Outside fees and company expenses overlap and must never be added. Latest year uses completed quarters only; no annualization. No numeric reports means OPEN, not zero spending.",USD,,,LQ-xai-2024,lobbying_self_expenses,unavailable,xAI,2024,,,,,,OPEN
EX-xAI-2025,,https://lda.gov/api/v1/filings/?client_name=xAI&filing_year=2025&page_size=100,2026-09-14,"{""LQ-xai-2025"": ""\""count\"": 0""}","Sum of numeric amounts on latest eligible quarterly reports, all issues combined. Blank reports are not zero and are not added. Separately named intermediaries excluded from direct fees. Outside fees and company expenses overlap and must never be added. Latest year uses completed quarters only; no annualization. No numeric reports means OPEN, not zero spending.",USD,,,LQ-xai-2025,lobbying_self_expenses,unavailable,xAI,2025,,,,,,OPEN
EX-xAI-2026,,https://lda.gov/api/v1/filings/?client_name=xAI&filing_year=2026&page_size=100,2026-09-14,"{""LQ-xai-2026"": ""\""count\"": 0""}","Sum of numeric amounts on latest eligible quarterly reports, all issues combined. Blank reports are not zero and are not added. Separately named intermediaries excluded from direct fees. Outside fees and company expenses overlap and must never be added. Latest year uses completed quarters only; no annualization. No numeric reports means OPEN, not zero spending.",USD,,,LQ-xai-2026,lobbying_self_expenses,unavailable,xAI,2026,,,,,,OPEN
FE-Amazon-2019,3230000.00,https://lda.gov/filings/public/filing/0d736bad-6213-4a37-afcf-0b58f94af01f/print/,2026-09-14,"{""L-0d736bad-6213-4a37-afcf-0b58f94af01f"": ""{\""filing_uuid\"":\""0d736bad-6213-4a37-afcf-0b58f94af01f\"",\""filing_type\"":\""Q3\"",\""filing_year\"":2019,\""filing_period\"":\""third_quarter\"",\""income\"":\""90000.00\"",\""expenses\"":null}"", ""L-0df190c4-87b4-4589-a141-ac3a581203a6"": ""{\""filing_uuid\"":\""0df190c4-87b4-4589-a141-ac3a581203a6\"",\""filing_type\"":\""Q4\"",\""filing_year\"":2019,\""filing_period\"":\""fourth_quarter\"",\""income\"":\""70000.00\"",\""expenses\"":null}"", ""L-14711d6f-b4fa-47e9-9e6a-2bbe6e216a05"": ""{\""filing_uuid\"":\""14711d6f-b4fa-47e9-9e6a-2bbe6e216a05\"",\""filing_type\"":\""Q4\"",\""filing_year\"":2019,\""filing_period\"":\""fourth_quarter\"",\""income\"":\""30000.00\"",\""expenses\"":null}"", ""L-1acf96db-c1f5-490d-bb04-7919f85a0554"": ""{\""filing_uuid\"":\""1acf96db-c1f5-490d-bb04-7919f85a0554\"",\""filing_type\"":\""Q3\"",\""filing_year\"":2019,\""filing_period\"":\""third_quarter\"",\""income\"":\""60000.00\"",\""expenses\"":null}"", ""L-205b2525-af93-4337-bed8-6f1ded6242ba"": ""{\""filing_uuid\"":\""205b2525-af93-4337-bed8-6f1ded6242ba\"",\""filing_type\"":\""Q1\"",\""filing_year\"":2019,\""filing_period\"":\""first_quarter\"",\""income\"":\""40000.00\"",\""expenses\"":null}"", ""L-2098873b-414e-41cb-88dd-59ee80ca5d49"": ""{\""filing_uuid\"":\""2098873b-414e-41cb-88dd-59ee80ca5d49\"",\""filing_type\"":\""Q3\"",\""filing_year\"":2019,\""filing_period\"":\""third_quarter\"",\""income\"":\""60000.00\"",\""expenses\"":null}"", ""L-24cf53fc-465b-44c3-bcea-97053037372c"": ""{\""filing_uuid\"":\""24cf53fc-465b-44c3-bcea-97053037372c\"",\""filing_type\"":\""Q3\"",\""filing_year\"":2019,\""filing_period\"":\""third_quarter\"",\""income\"":\""60000.00\"",\""expenses\"":null}"", ""L-272f2e46-ac96-40ff-9d13-25043c696725"": ""{\""filing_uuid\"":\""272f2e46-ac96-40ff-9d13-25043c696725\"",\""filing_type\"":\""Q4\"",\""filing_year\"":2019,\""filing_period\"":\""fourth_quarter\"",\""income\"":\""60000.00\"",\""expenses\"":null}"", ""L-2d6daffd-f721-48f2-b9ab-75feaee2aa26"": ""{\""filing_uuid\"":\""2d6daffd-f721-48f2-b9ab-75feaee2aa26\"",\""filing_type\"":\""Q4\"",\""filing_year\"":2019,\""filing_period\"":\""fourth_quarter\"",\""income\"":\""50000.00\"",\""expenses\"":null}"", ""L-308f7524-ca6b-4be0-826c-077ae07acdaf"": ""{\""filing_uuid\"":\""308f7524-ca6b-4be0-826c-077ae07acdaf\"",\""filing_type\"":\""Q1\"",\""filing_year\"":2019,\""filing_period\"":\""first_quarter\"",\""income\"":\""30000.00\"",\""expenses\"":null}"", ""L-3494b905-65c6-4019-81da-4daf46e1a6a5"": ""{\""filing_uuid\"":\""3494b905-65c6-4019-81da-4daf46e1a6a5\"",\""filing_type\"":\""Q3\"",\""filing_year\"":2019,\""filing_period\"":\""third_quarter\"",\""income\"":\""60000.00\"",\""expenses\"":null}"", ""L-34b5ec95-d987-4977-9e2e-a8732f92b2a0"": ""{\""filing_uuid\"":\""34b5ec95-d987-4977-9e2e-a8732f92b2a0\"",\""filing_type\"":\""Q2\"",\""filing_year\"":2019,\""filing_period\"":\""second_quarter\"",\""income\"":\""60000.00\"",\""expenses\"":null}"", ""L-3a00474f-2be7-4b0e-8950-ed8a48f8ef59"": ""{\""filing_uuid\"":\""3a00474f-2be7-4b0e-8950-ed8a48f8ef59\"",\""filing_type\"":\""Q1\"",\""filing_year\"":2019,\""filing_period\"":\""first_quarter\"",\""income\"":\""40000.00\"",\""expenses\"":null}"", ""L-40081dca-7b85-49c2-8784-fc51bb37773a"": ""{\""filing_uuid\"":\""40081dca-7b85-49c2-8784-fc51bb37773a\"",\""filing_type\"":\""Q2\"",\""filing_year\"":2019,\""filing_period\"":\""second_quarter\"",\""income\"":\""60000.00\"",\""expenses\"":null}"", ""L-41242468-42b6-47d8-8355-c7e06cc0ddd9"": ""{\""filing_uuid\"":\""41242468-42b6-47d8-8355-c7e06cc0ddd9\"",\""filing_type\"":\""Q3\"",\""filing_year\"":2019,\""filing_period\"":\""third_quarter\"",\""income\"":\""30000.00\"",\""expenses\"":null}"", ""L-456a05aa-d143-4d53-96de-b85557cd4825"": ""{\""filing_uuid\"":\""456a05aa-d143-4d53-96de-b85557cd4825\"",\""filing_type\"":\""Q4\"",\""filing_year\"":2019,\""filing_period\"":\""fourth_quarter\"",\""income\"":\""30000.00\"",\""expenses\"":null}"", ""L-4a29ba06-7401-4f04-952f-1a61cb9a6bc1"": ""{\""filing_uuid\"":\""4a29ba06-7401-4f04-952f-1a61cb9a6bc1\"",\""filing_type\"":\""Q3\"",\""filing_year\"":2019,\""filing_period\"":\""third_quarter\"",\""income\"":\""40000.00\"",\""expenses\"":null}"", ""L-4b5eb7bc-c063-4552-bdf3-f76dc8cf3747"": ""{\""filing_uuid\"":\""4b5eb7bc-c063-4552-bdf3-f76dc8cf3747\"",\""filing_type\"":\""4T\"",\""filing_year\"":2019,\""filing_period\"":\""fourth_quarter\"",\""income\"":\""40000.00\"",\""expenses\"":null}"", ""L-4bce6437-6635-4d87-bb93-e6694a162178"": ""{\""filing_uuid\"":\""4bce6437-6635-4d87-bb93-e6694a162178\"",\""filing_type\"":\""Q1\"",\""filing_year\"":2019,\""filing_period\"":\""first_quarter\"",\""income\"":\""60000.00\"",\""expenses\"":null}"", ""L-4f1ed536-4cb7-43d1-b3e5-c57d8f8962dd"": ""{\""filing_uuid\"":\""4f1ed536-4cb7-43d1-b3e5-c57d8f8962dd\"",\""filing_type\"":\""Q1\"",\""filing_year\"":2019,\""filing_period\"":\""first_quarter\"",\""income\"":\""50000.00\"",\""expenses\"":null}"", ""L-61dbcb27-a0a8-4c7c-b98b-40ef92f13291"": ""{\""filing_uuid\"":\""61dbcb27-a0a8-4c7c-b98b-40ef92f13291\"",\""filing_type\"":\""Q4\"",\""filing_year\"":2019,\""filing_period\"":\""fourth_quarter\"",\""income\"":\""50000.00\"",\""expenses\"":null}"", ""L-621fe16a-ff20-4e22-a83c-1383adc706bd"": ""{\""filing_uuid\"":\""621fe16a-ff20-4e22-a83c-1383adc706bd\"",\""filing_type\"":\""Q3\"",\""filing_year\"":2019,\""filing_period\"":\""third_quarter\"",\""income\"":\""50000.00\"",\""expenses\"":null}"", ""L-6e082579-7d80-47f6-a656-59518beb5f74"": ""{\""filing_uuid\"":\""6e082579-7d80-47f6-a656-59518beb5f74\"",\""filing_type\"":\""Q1\"",\""filing_year\"":2019,\""filing_period\"":\""first_quarter\"",\""income\"":\""60000.00\"",\""expenses\"":null}"", ""L-6f1908e8-e7ca-4d28-9110-5f58907f0663"": ""{\""filing_uuid\"":\""6f1908e8-e7ca-4d28-9110-5f58907f0663\"",\""filing_type\"":\""Q2\"",\""filing_year\"":2019,\""filing_period\"":\""second_quarter\"",\""income\"":\""50000.00\"",\""expenses\"":null}"", ""L-78a1d3af-a0ac-440a-be4f-2d5a3fe6a9f0"": ""{\""filing_uuid\"":\""78a1d3af-a0ac-440a-be4f-2d5a3fe6a9f0\"",\""filing_type\"":\""Q3\"",\""filing_year\"":2019,\""filing_period\"":\""third_quarter\"",\""income\"":\""50000.00\"",\""expenses\"":null}"", ""L-7b5694af-d50e-46fd-984e-2ceefcb60e99"": ""{\""filing_uuid\"":\""7b5694af-d50e-46fd-984e-2ceefcb60e99\"",\""filing_type\"":\""Q2\"",\""filing_year\"":2019,\""filing_period\"":\""second_quarter\"",\""income\"":\""60000.00\"",\""expenses\"":null}"", ""L-7fe2292c-6d52-4208-845f-d17e3364b37b"": ""{\""filing_uuid\"":\""7fe2292c-6d52-4208-845f-d17e3364b37b\"",\""filing_type\"":\""Q2\"",\""filing_year\"":2019,\""filing_period\"":\""second_quarter\"",\""income\"":\""60000.00\"",\""expenses\"":null}"", ""L-80b43df5-cf2a-49cc-973d-06eb609c0f80"": ""{\""filing_uuid\"":\""80b43df5-cf2a-49cc-973d-06eb609c0f80\"",\""filing_type\"":\""Q3\"",\""filing_year\"":2019,\""filing_period\"":\""third_quarter\"",\""income\"":\""60000.00\"",\""expenses\"":null}"", ""L-80d1bc7f-e522-4c04-b0f9-b002e21c1923"": ""{\""filing_uuid\"":\""80d1bc7f-e522-4c04-b0f9-b002e21c1923\"",\""filing_type\"":\""Q3\"",\""filing_year\"":2019,\""filing_period\"":\""third_quarter\"",\""income\"":\""30000.00\"",\""expenses\"":null}"", ""L-86ef95f1-5be2-4047-9287-f10c909bb42d"": ""{\""filing_uuid\"":\""86ef95f1-5be2-4047-9287-f10c909bb42d\"",\""filing_type\"":\""Q4\"",\""filing_year\"":2019,\""filing_period\"":\""fourth_quarter\"",\""income\"":\""50000.00\"",\""expenses\"":null}"", ""L-8d8b4be4-4473-48ea-8cde-cdb833f9eb21"": ""{\""filing_uuid\"":\""8d8b4be4-4473-48ea-8cde-cdb833f9eb21\"",\""filing_type\"":\""Q3\"",\""filing_year\"":2019,\""filing_period\"":\""third_quarter\"",\""income\"":\""50000.00\"",\""expenses\"":null}"", ""L-8ea7e31f-8bb5-43b5-b9c1-889393a1011f"": ""{\""filing_uuid\"":\""8ea7e31f-8bb5-43b5-b9c1-889393a1011f\"",\""filing_type\"":\""Q2\"",\""filing_year\"":2019,\""filing_period\"":\""second_quarter\"",\""income\"":\""50000.00\"",\""expenses\"":null}"", ""L-9785ee66-ca82-411e-bc0b-2d627a93f2d2"": ""{\""filing_uuid\"":\""9785ee66-ca82-411e-bc0b-2d627a93f2d2\"",\""filing_type\"":\""Q2\"",\""filing_year\"":2019,\""filing_period\"":\""second_quarter\"",\""income\"":\""40000.00\"",\""expenses\"":null}"", ""L-9a787b05-98a4-4bfe-b00a-1ba6ebe13d92"": ""{\""filing_uuid\"":\""9a787b05-98a4-4bfe-b00a-1ba6ebe13d92\"",\""filing_type\"":\""Q2\"",\""filing_year\"":2019,\""filing_period\"":\""second_quarter\"",\""income\"":\""70000.00\"",\""expenses\"":null}"", ""L-a15e3107-961b-4233-85ea-74d4a5b5acc8"": ""{\""filing_uuid\"":\""a15e3107-961b-4233-85ea-74d4a5b5acc8\"",\""filing_type\"":\""Q3\"",\""filing_year\"":2019,\""filing_period\"":\""third_quarter\"",\""income\"":\""40000.00\"",\""expenses\"":null}"", ""L-a19cdb2d-2b53-427a-a4e0-32e396152f94"": ""{\""filing_uuid\"":\""a19cdb2d-2b53-427a-a4e0-32e396152f94\"",\""filing_type\"":\""Q4\"",\""filing_year\"":2019,\""filing_period\"":\""fourth_quarter\"",\""income\"":\""60000.00\"",\""expenses\"":null}"", ""L-a9da29cb-c47d-4016-b81c-8006e974b84d"": ""{\""filing_uuid\"":\""a9da29cb-c47d-4016-b81c-8006e974b84d\"",\""filing_type\"":\""Q2\"",\""filing_year\"":2019,\""filing_period\"":\""second_quarter\"",\""income\"":\""20000.00\"",\""expenses\"":null}"", ""L-ac5b8f87-2e08-4593-83a9-eb30124b4b08"": ""{\""filing_uuid\"":\""ac5b8f87-2e08-4593-83a9-eb30124b4b08\"",\""filing_type\"":\""Q4\"",\""filing_year\"":2019,\""filing_period\"":\""fourth_quarter\"",\""income\"":\""60000.00\"",\""expenses\"":null}"", ""L-b249964a-d04c-4ad7-9736-232378d1ac68"": ""{\""filing_uuid\"":\""b249964a-d04c-4ad7-9736-232378d1ac68\"",\""filing_type\"":\""Q3\"",\""filing_year\"":2019,\""filing_period\"":\""third_quarter\"",\""income\"":\""60000.00\"",\""expenses\"":null}"", ""L-b44726e9-d024-4a4f-bd75-1e498702d9e6"": ""{\""filing_uuid\"":\""b44726e9-d024-4a4f-bd75-1e498702d9e6\"",\""filing_type\"":\""Q2\"",\""filing_year\"":2019,\""filing_period\"":\""second_quarter\"",\""income\"":\""30000.00\"",\""expenses\"":null}"", ""L-b7ef2784-2bd8-47bc-aa25-4b4615df94a4"": ""{\""filing_uuid\"":\""b7ef2784-2bd8-47bc-aa25-4b4615df94a4\"",\""filing_type\"":\""Q4\"",\""filing_year\"":2019,\""filing_period\"":\""fourth_quarter\"",\""income\"":\""50000.00\"",\""expenses\"":null}"", ""L-c390ca87-07fb-40e9-b060-9268486f546e"": ""{\""filing_uuid\"":\""c390ca87-07fb-40e9-b060-9268486f546e\"",\""filing_type\"":\""Q3\"",\""filing_year\"":2019,\""filing_period\"":\""third_quarter\"",\""income\"":\""70000.00\"",\""expenses\"":null}"", ""L-c83522fb-ed7e-4fbe-b0d1-e5828b47937f"": ""{\""filing_uuid\"":\""c83522fb-ed7e-4fbe-b0d1-e5828b47937f\"",\""filing_type\"":\""Q2\"",\""filing_year\"":2019,\""filing_period\"":\""second_quarter\"",\""income\"":\""20000.00\"",\""expenses\"":null}"", ""L-cc229e7a-32b1-478c-971f-1d67582df0e4"": ""{\""filing_uuid\"":\""cc229e7a-32b1-478c-971f-1d67582df0e4\"",\""filing_type\"":\""Q2\"",\""filing_year\"":2019,\""filing_period\"":\""second_quarter\"",\""income\"":\""90000.00\"",\""expenses\"":null}"", ""L-cca6a089-1622-48a3-8def-454aac69e572"": ""{\""filing_uuid\"":\""cca6a089-1622-48a3-8def-454aac69e572\"",\""filing_type\"":\""Q1\"",\""filing_year\"":2019,\""filing_period\"":\""first_quarter\"",\""income\"":\""70000.00\"",\""expenses\"":null}"", ""L-d1a4208c-8824-4d09-a818-9cfac1504bdd"": ""{\""filing_uuid\"":\""d1a4208c-8824-4d09-a818-9cfac1504bdd\"",\""filing_type\"":\""Q4\"",\""filing_year\"":2019,\""filing_period\"":\""fourth_quarter\"",\""income\"":\""60000.00\"",\""expenses\"":null}"", ""L-d328c454-d617-4d1a-8360-f14cb640ddb0"": ""{\""filing_uuid\"":\""d328c454-d617-4d1a-8360-f14cb640ddb0\"",\""filing_type\"":\""4A\"",\""filing_year\"":2019,\""filing_period\"":\""fourth_quarter\"",\""income\"":\""90000.00\"",\""expenses\"":null}"", ""L-d4043836-7a9d-466c-b152-140584a37ca1"": ""{\""filing_uuid\"":\""d4043836-7a9d-466c-b152-140584a37ca1\"",\""filing_type\"":\""Q1\"",\""filing_year\"":2019,\""filing_period\"":\""first_quarter\"",\""income\"":\""90000.00\"",\""expenses\"":null}"", ""L-d64bcaf0-561c-4bc3-b2cd-3a2ea545e3c2"": ""{\""filing_uuid\"":\""d64bcaf0-561c-4bc3-b2cd-3a2ea545e3c2\"",\""filing_type\"":\""Q3\"",\""filing_year\"":2019,\""filing_period\"":\""third_quarter\"",\""income\"":\""40000.00\"",\""expenses\"":null}"", ""L-d84e55b2-c522-45fa-8725-88dfa7aee01d"": ""{\""filing_uuid\"":\""d84e55b2-c522-45fa-8725-88dfa7aee01d\"",\""filing_type\"":\""Q1\"",\""filing_year\"":2019,\""filing_period\"":\""first_quarter\"",\""income\"":\""60000.00\"",\""expenses\"":null}"", ""L-d8585070-132e-4abb-8cb9-e8e75247b506"": ""{\""filing_uuid\"":\""d8585070-132e-4abb-8cb9-e8e75247b506\"",\""filing_type\"":\""Q1\"",\""filing_year\"":2019,\""filing_period\"":\""first_quarter\"",\""income\"":\""60000.00\"",\""expenses\"":null}"", ""L-da5c114b-89b0-468b-b6b2-58279c179823"": ""{\""filing_uuid\"":\""da5c114b-89b0-468b-b6b2-58279c179823\"",\""filing_type\"":\""Q1\"",\""filing_year\"":2019,\""filing_period\"":\""first_quarter\"",\""income\"":\""50000.00\"",\""expenses\"":null}"", ""L-ddc2b0e3-847e-479d-91b7-122edf559892"": ""{\""filing_uuid\"":\""ddc2b0e3-847e-479d-91b7-122edf559892\"",\""filing_type\"":\""Q1\"",\""filing_year\"":2019,\""filing_period\"":\""first_quarter\"",\""income\"":\""40000.00\"",\""expenses\"":null}"", ""L-e2ff7662-3e0f-40a0-83ae-a0dded12fc7c"": ""{\""filing_uuid\"":\""e2ff7662-3e0f-40a0-83ae-a0dded12fc7c\"",\""filing_type\"":\""Q2\"",\""filing_year\"":2019,\""filing_period\"":\""second_quarter\"",\""income\"":\""50000.00\"",\""expenses\"":null}"", ""L-e4a8acd0-147a-43d7-8228-2083fb801a94"": ""{\""filing_uuid\"":\""e4a8acd0-147a-43d7-8228-2083fb801a94\"",\""filing_type\"":\""Q2\"",\""filing_year\"":2019,\""filing_period\"":\""second_quarter\"",\""income\"":\""40000.00\"",\""expenses\"":null}"", ""L-e9506921-5620-4293-91f2-8048ba8e5a23"": ""{\""filing_uuid\"":\""e9506921-5620-4293-91f2-8048ba8e5a23\"",\""filing_type\"":\""Q2\"",\""filing_year\"":2019,\""filing_period\"":\""second_quarter\"",\""income\"":\""30000.00\"",\""expenses\"":null}"", ""L-e9d5942c-a50b-473a-841b-e235ea5dae27"": ""{\""filing_uuid\"":\""e9d5942c-a50b-473a-841b-e235ea5dae27\"",\""filing_type\"":\""Q4\"",\""filing_year\"":2019,\""filing_period\"":\""fourth_quarter\"",\""income\"":\""60000.00\"",\""expenses\"":null}"", ""L-eb979125-e093-40a3-89e5-a45a0290a9f1"": ""{\""filing_uuid\"":\""eb979125-e093-40a3-89e5-a45a0290a9f1\"",\""filing_type\"":\""Q4\"",\""filing_year\"":2019,\""filing_period\"":\""fourth_quarter\"",\""income\"":\""40000.00\"",\""expenses\"":null}"", ""L-f216a82e-2a5d-41f7-8ca0-1de34a85aa38"": ""{\""filing_uuid\"":\""f216a82e-2a5d-41f7-8ca0-1de34a85aa38\"",\""filing_type\"":\""Q2\"",\""filing_year\"":2019,\""filing_period\"":\""second_quarter\"",\""income\"":\""60000.00\"",\""expenses\"":null}"", ""L-f3118552-04d1-4905-ba7b-86ebac858a57"": ""{\""filing_uuid\"":\""f3118552-04d1-4905-ba7b-86ebac858a57\"",\""filing_type\"":\""Q1\"",\""filing_year\"":2019,\""filing_period\"":\""first_quarter\"",\""income\"":\""30000.00\"",\""expenses\"":null}"", ""L-f3a4b8b0-c21c-4843-9f1a-72d9536d3ef4"": ""{\""filing_uuid\"":\""f3a4b8b0-c21c-4843-9f1a-72d9536d3ef4\"",\""filing_type\"":\""Q1\"",\""filing_year\"":2019,\""filing_period\"":\""first_quarter\"",\""income\"":\""50000.00\"",\""expenses\"":null}"", ""L-f5941646-4867-47df-b970-0851bcc69203"": ""{\""filing_uuid\"":\""f5941646-4867-47df-b970-0851bcc69203\"",\""filing_type\"":\""Q4\"",\""filing_year\"":2019,\""filing_period\"":\""fourth_quarter\"",\""income\"":\""60000.00\"",\""expenses\"":null}""}","Sum of numeric amounts on latest eligible quarterly reports, all issues combined. Blank reports are not zero and are not added. Separately named intermediaries excluded from direct fees. Outside fees and company expenses overlap and must never be added. Latest year uses completed quarters only; no annualization. No numeric reports means OPEN, not zero spending.",USD,,,L-0d736bad-6213-4a37-afcf-0b58f94af01f;L-0df190c4-87b4-4589-a141-ac3a581203a6;L-14711d6f-b4fa-47e9-9e6a-2bbe6e216a05;L-1acf96db-c1f5-490d-bb04-7919f85a0554;L-205b2525-af93-4337-bed8-6f1ded6242ba;L-2098873b-414e-41cb-88dd-59ee80ca5d49;L-24cf53fc-465b-44c3-bcea-97053037372c;L-272f2e46-ac96-40ff-9d13-25043c696725;L-2d6daffd-f721-48f2-b9ab-75feaee2aa26;L-308f7524-ca6b-4be0-826c-077ae07acdaf;L-3494b905-65c6-4019-81da-4daf46e1a6a5;L-34b5ec95-d987-4977-9e2e-a8732f92b2a0;L-3a00474f-2be7-4b0e-8950-ed8a48f8ef59;L-40081dca-7b85-49c2-8784-fc51bb37773a;L-41242468-42b6-47d8-8355-c7e06cc0ddd9;L-456a05aa-d143-4d53-96de-b85557cd4825;L-4a29ba06-7401-4f04-952f-1a61cb9a6bc1;L-4b5eb7bc-c063-4552-bdf3-f76dc8cf3747;L-4bce6437-6635-4d87-bb93-e6694a162178;L-4f1ed536-4cb7-43d1-b3e5-c57d8f8962dd;L-61dbcb27-a0a8-4c7c-b98b-40ef92f13291;L-621fe16a-ff20-4e22-a83c-1383adc706bd;L-6e082579-7d80-47f6-a656-59518beb5f74;L-6f1908e8-e7ca-4d28-9110-5f58907f0663;L-78a1d3af-a0ac-440a-be4f-2d5a3fe6a9f0;L-7b5694af-d50e-46fd-984e-2ceefcb60e99;L-7fe2292c-6d52-4208-845f-d17e3364b37b;L-80b43df5-cf2a-49cc-973d-06eb609c0f80;L-80d1bc7f-e522-4c04-b0f9-b002e21c1923;L-86ef95f1-5be2-4047-9287-f10c909bb42d;L-8d8b4be4-4473-48ea-8cde-cdb833f9eb21;L-8ea7e31f-8bb5-43b5-b9c1-889393a1011f;L-9785ee66-ca82-411e-bc0b-2d627a93f2d2;L-9a787b05-98a4-4bfe-b00a-1ba6ebe13d92;L-a15e3107-961b-4233-85ea-74d4a5b5acc8;L-a19cdb2d-2b53-427a-a4e0-32e396152f94;L-a9da29cb-c47d-4016-b81c-8006e974b84d;L-ac5b8f87-2e08-4593-83a9-eb30124b4b08;L-b249964a-d04c-4ad7-9736-232378d1ac68;L-b44726e9-d024-4a4f-bd75-1e498702d9e6;L-b7ef2784-2bd8-47bc-aa25-4b4615df94a4;L-c390ca87-07fb-40e9-b060-9268486f546e;L-c83522fb-ed7e-4fbe-b0d1-e5828b47937f;L-cc229e7a-32b1-478c-971f-1d67582df0e4;L-cca6a089-1622-48a3-8def-454aac69e572;L-d1a4208c-8824-4d09-a818-9cfac1504bdd;L-d328c454-d617-4d1a-8360-f14cb640ddb0;L-d4043836-7a9d-466c-b152-140584a37ca1;L-d64bcaf0-561c-4bc3-b2cd-3a2ea545e3c2;L-d84e55b2-c522-45fa-8725-88dfa7aee01d;L-d8585070-132e-4abb-8cb9-e8e75247b506;L-da5c114b-89b0-468b-b6b2-58279c179823;L-ddc2b0e3-847e-479d-91b7-122edf559892;L-e2ff7662-3e0f-40a0-83ae-a0dded12fc7c;L-e4a8acd0-147a-43d7-8228-2083fb801a94;L-e9506921-5620-4293-91f2-8048ba8e5a23;L-e9d5942c-a50b-473a-841b-e235ea5dae27;L-eb979125-e093-40a3-89e5-a45a0290a9f1;L-f216a82e-2a5d-41f7-8ca0-1de34a85aa38;L-f3118552-04d1-4905-ba7b-86ebac858a57;L-f3a4b8b0-c21c-4843-9f1a-72d9536d3ef4;L-f5941646-4867-47df-b970-0851bcc69203,lobbying_external_fees,sum,Amazon,2019,,,1;2;3;4,,,KEEP
FE-Amazon-2020,3545000.00,https://lda.gov/filings/public/filing/006b6e06-916d-47fc-979d-43d0e5a4845d/print/,2026-09-14,"{""L-006b6e06-916d-47fc-979d-43d0e5a4845d"": ""{\""filing_uuid\"":\""006b6e06-916d-47fc-979d-43d0e5a4845d\"",\""filing_type\"":\""Q3\"",\""filing_year\"":2020,\""filing_period\"":\""third_quarter\"",\""income\"":\""50000.00\"",\""expenses\"":null}"", ""L-08f2d4c9-f191-40c0-9454-8d51835d86f8"": ""{\""filing_uuid\"":\""08f2d4c9-f191-40c0-9454-8d51835d86f8\"",\""filing_type\"":\""4A\"",\""filing_year\"":2020,\""filing_period\"":\""fourth_quarter\"",\""income\"":\""60000.00\"",\""expenses\"":null}"", ""L-0cb5ea09-6308-4fad-8962-2751441fba11"": ""{\""filing_uuid\"":\""0cb5ea09-6308-4fad-8962-2751441fba11\"",\""filing_type\"":\""Q4\"",\""filing_year\"":2020,\""filing_period\"":\""fourth_quarter\"",\""income\"":\""60000.00\"",\""expenses\"":null}"", ""L-165bc903-dcdf-42d2-bc2c-69db27b773fc"": ""{\""filing_uuid\"":\""165bc903-dcdf-42d2-bc2c-69db27b773fc\"",\""filing_type\"":\""Q2\"",\""filing_year\"":2020,\""filing_period\"":\""second_quarter\"",\""income\"":\""60000.00\"",\""expenses\"":null}"", ""L-172c0922-2e2b-4d64-b3f8-6ba0ffa2d87b"": ""{\""filing_uuid\"":\""172c0922-2e2b-4d64-b3f8-6ba0ffa2d87b\"",\""filing_type\"":\""Q3\"",\""filing_year\"":2020,\""filing_period\"":\""third_quarter\"",\""income\"":\""50000.00\"",\""expenses\"":null}"", ""L-1d51e167-6fcd-4aeb-91b4-817d74f827da"": ""{\""filing_uuid\"":\""1d51e167-6fcd-4aeb-91b4-817d74f827da\"",\""filing_type\"":\""Q4\"",\""filing_year\"":2020,\""filing_period\"":\""fourth_quarter\"",\""income\"":\""50000.00\"",\""expenses\"":null}"", ""L-1df30c88-62a4-419a-96a4-5ff2469f23ca"": ""{\""filing_uuid\"":\""1df30c88-62a4-419a-96a4-5ff2469f23ca\"",\""filing_type\"":\""Q3\"",\""filing_year\"":2020,\""filing_period\"":\""third_quarter\"",\""income\"":\""10000.00\"",\""expenses\"":null}"", ""L-20a5f75e-16c6-48c3-9da0-6fcedf03bfd1"": ""{\""filing_uuid\"":\""20a5f75e-16c6-48c3-9da0-6fcedf03bfd1\"",\""filing_type\"":\""Q3\"",\""filing_year\"":2020,\""filing_period\"":\""third_quarter\"",\""income\"":\""60000.00\"",\""expenses\"":null}"", ""L-27cd951f-6e19-4bea-9cf3-e72c37f961bc"": ""{\""filing_uuid\"":\""27cd951f-6e19-4bea-9cf3-e72c37f961bc\"",\""filing_type\"":\""Q3\"",\""filing_year\"":2020,\""filing_period\"":\""third_quarter\"",\""income\"":\""30000.00\"",\""expenses\"":null}"", ""L-3c903911-bc30-4e7b-9abd-338b1266b66a"": ""{\""filing_uuid\"":\""3c903911-bc30-4e7b-9abd-338b1266b66a\"",\""filing_type\"":\""Q4\"",\""filing_year\"":2020,\""filing_period\"":\""fourth_quarter\"",\""income\"":\""50000.00\"",\""expenses\"":null}"", ""L-3fe84e19-573a-48a2-bf9b-e65e20c4fb5a"": ""{\""filing_uuid\"":\""3fe84e19-573a-48a2-bf9b-e65e20c4fb5a\"",\""filing_type\"":\""Q3\"",\""filing_year\"":2020,\""filing_period\"":\""third_quarter\"",\""income\"":\""50000.00\"",\""expenses\"":null}"", ""L-42519c81-325b-4a3d-af85-de28397b93a2"": ""{\""filing_uuid\"":\""42519c81-325b-4a3d-af85-de28397b93a2\"",\""filing_type\"":\""Q3\"",\""filing_year\"":2020,\""filing_period\"":\""third_quarter\"",\""income\"":\""50000.00\"",\""expenses\"":null}"", ""L-45d28cd8-b3e2-418c-b7a9-48d937b2a7fd"": ""{\""filing_uuid\"":\""45d28cd8-b3e2-418c-b7a9-48d937b2a7fd\"",\""filing_type\"":\""Q1\"",\""filing_year\"":2020,\""filing_period\"":\""first_quarter\"",\""income\"":\""50000.00\"",\""expenses\"":null}"", ""L-50f3d1f1-e4f8-433b-a3c6-310cef2a5568"": ""{\""filing_uuid\"":\""50f3d1f1-e4f8-433b-a3c6-310cef2a5568\"",\""filing_type\"":\""Q1\"",\""filing_year\"":2020,\""filing_period\"":\""first_quarter\"",\""income\"":\""40000.00\"",\""expenses\"":null}"", ""L-525d8eae-7551-4d9d-a14b-0eae5ad905da"": ""{\""filing_uuid\"":\""525d8eae-7551-4d9d-a14b-0eae5ad905da\"",\""filing_type\"":\""Q2\"",\""filing_year\"":2020,\""filing_period\"":\""second_quarter\"",\""income\"":\""60000.00\"",\""expenses\"":null}"", ""L-52ba7f89-8c69-437b-8d96-5af302d13cf2"": ""{\""filing_uuid\"":\""52ba7f89-8c69-437b-8d96-5af302d13cf2\"",\""filing_type\"":\""Q4\"",\""filing_year\"":2020,\""filing_period\"":\""fourth_quarter\"",\""income\"":\""30000.00\"",\""expenses\"":null}"", ""L-54b877e4-3d1d-4a0f-8dbb-fd88fd73fb79"": ""{\""filing_uuid\"":\""54b877e4-3d1d-4a0f-8dbb-fd88fd73fb79\"",\""filing_type\"":\""Q3\"",\""filing_year\"":2020,\""filing_period\"":\""third_quarter\"",\""income\"":\""60000.00\"",\""expenses\"":null}"", ""L-585a1144-1073-4d15-9b62-b8704432909b"": ""{\""filing_uuid\"":\""585a1144-1073-4d15-9b62-b8704432909b\"",\""filing_type\"":\""Q2\"",\""filing_year\"":2020,\""filing_period\"":\""second_quarter\"",\""income\"":\""60000.00\"",\""expenses\"":null}"", ""L-589e3252-fb10-462e-8f4b-0ef598393a24"": ""{\""filing_uuid\"":\""589e3252-fb10-462e-8f4b-0ef598393a24\"",\""filing_type\"":\""Q4\"",\""filing_year\"":2020,\""filing_period\"":\""fourth_quarter\"",\""income\"":\""40000.00\"",\""expenses\"":null}"", ""L-5b1985d6-0da9-4f11-9b0d-7ab99335f894"": ""{\""filing_uuid\"":\""5b1985d6-0da9-4f11-9b0d-7ab99335f894\"",\""filing_type\"":\""Q1\"",\""filing_year\"":2020,\""filing_period\"":\""first_quarter\"",\""income\"":\""50000.00\"",\""expenses\"":null}"", ""L-66ee608a-668a-4563-b40d-43f5174e8a06"": ""{\""filing_uuid\"":\""66ee608a-668a-4563-b40d-43f5174e8a06\"",\""filing_type\"":\""Q1\"",\""filing_year\"":2020,\""filing_period\"":\""first_quarter\"",\""income\"":\""60000.00\"",\""expenses\"":null}"", ""L-66fe0e55-95d4-4421-a06e-2fdb5b008ed0"": ""{\""filing_uuid\"":\""66fe0e55-95d4-4421-a06e-2fdb5b008ed0\"",\""filing_type\"":\""Q1\"",\""filing_year\"":2020,\""filing_period\"":\""first_quarter\"",\""income\"":\""40000.00\"",\""expenses\"":null}"", ""L-67bc457e-5220-43a6-a171-4bd1c7fbfa50"": ""{\""filing_uuid\"":\""67bc457e-5220-43a6-a171-4bd1c7fbfa50\"",\""filing_type\"":\""Q2\"",\""filing_year\"":2020,\""filing_period\"":\""second_quarter\"",\""income\"":\""50000.00\"",\""expenses\"":null}"", ""L-69b78ff3-7309-423b-b178-9e0261c4e981"": ""{\""filing_uuid\"":\""69b78ff3-7309-423b-b178-9e0261c4e981\"",\""filing_type\"":\""Q3\"",\""filing_year\"":2020,\""filing_period\"":\""third_quarter\"",\""income\"":\""50000.00\"",\""expenses\"":null}"", ""L-6c08c720-46c9-4af2-abcf-d0047bd16378"": ""{\""filing_uuid\"":\""6c08c720-46c9-4af2-abcf-d0047bd16378\"",\""filing_type\"":\""Q3\"",\""filing_year\"":2020,\""filing_period\"":\""third_quarter\"",\""income\"":\""40000.00\"",\""expenses\"":null}"", ""L-6d2f4d57-7ef2-4afa-9815-0591ad3a6d01"": ""{\""filing_uuid\"":\""6d2f4d57-7ef2-4afa-9815-0591ad3a6d01\"",\""filing_type\"":\""Q3\"",\""filing_year\"":2020,\""filing_period\"":\""third_quarter\"",\""income\"":\""40000.00\"",\""expenses\"":null}"", ""L-6e3b29da-2f2b-4f30-a114-c54caf46552a"": ""{\""filing_uuid\"":\""6e3b29da-2f2b-4f30-a114-c54caf46552a\"",\""filing_type\"":\""Q4\"",\""filing_year\"":2020,\""filing_period\"":\""fourth_quarter\"",\""income\"":\""10000.00\"",\""expenses\"":null}"", ""L-6ee6edc7-2e6b-4c84-b686-fef9f3f54757"": ""{\""filing_uuid\"":\""6ee6edc7-2e6b-4c84-b686-fef9f3f54757\"",\""filing_type\"":\""Q2\"",\""filing_year\"":2020,\""filing_period\"":\""second_quarter\"",\""income\"":\""60000.00\"",\""expenses\"":null}"", ""L-708033fa-aed4-4e0a-91fc-ae34769d1cbf"": ""{\""filing_uuid\"":\""708033fa-aed4-4e0a-91fc-ae34769d1cbf\"",\""filing_type\"":\""Q4\"",\""filing_year\"":2020,\""filing_period\"":\""fourth_quarter\"",\""income\"":\""10000.00\"",\""expenses\"":null}"", ""L-7531f79e-d15b-4c65-b3e6-95929693f528"": ""{\""filing_uuid\"":\""7531f79e-d15b-4c65-b3e6-95929693f528\"",\""filing_type\"":\""Q4\"",\""filing_year\"":2020,\""filing_period\"":\""fourth_quarter\"",\""income\"":\""60000.00\"",\""expenses\"":null}"", ""L-7763e1f3-4580-4844-b970-6c776e42f985"": ""{\""filing_uuid\"":\""7763e1f3-4580-4844-b970-6c776e42f985\"",\""filing_type\"":\""Q2\"",\""filing_year\"":2020,\""filing_period\"":\""second_quarter\"",\""income\"":\""50000.00\"",\""expenses\"":null}"", ""L-79befa96-88b7-4603-8080-58199b04c650"": ""{\""filing_uuid\"":\""79befa96-88b7-4603-8080-58199b04c650\"",\""filing_type\"":\""Q4\"",\""filing_year\"":2020,\""filing_period\"":\""fourth_quarter\"",\""income\"":\""50000.00\"",\""expenses\"":null}"", ""L-7b517da9-e024-477c-b7d8-c164592128e7"": ""{\""filing_uuid\"":\""7b517da9-e024-477c-b7d8-c164592128e7\"",\""filing_type\"":\""Q3\"",\""filing_year\"":2020,\""filing_period\"":\""third_quarter\"",\""income\"":\""60000.00\"",\""expenses\"":null}"", ""L-7be6fc6e-e4c3-4da9-b322-32b0ff2dce57"": ""{\""filing_uuid\"":\""7be6fc6e-e4c3-4da9-b322-32b0ff2dce57\"",\""filing_type\"":\""Q3\"",\""filing_year\"":2020,\""filing_period\"":\""third_quarter\"",\""income\"":\""10000.00\"",\""expenses\"":null}"", ""L-7c9b4755-3d5a-4429-904a-43303c9b21c6"": ""{\""filing_uuid\"":\""7c9b4755-3d5a-4429-904a-43303c9b21c6\"",\""filing_type\"":\""Q4\"",\""filing_year\"":2020,\""filing_period\"":\""fourth_quarter\"",\""income\"":\""60000.00\"",\""expenses\"":null}"", ""L-80bfac6b-3739-4e4e-aaa7-6317c7d71982"": ""{\""filing_uuid\"":\""80bfac6b-3739-4e4e-aaa7-6317c7d71982\"",\""filing_type\"":\""Q2\"",\""filing_year\"":2020,\""filing_period\"":\""second_quarter\"",\""income\"":\""10000.00\"",\""expenses\"":null}"", ""L-81247fe4-090b-4ff3-8d52-cdbc3091cca4"": ""{\""filing_uuid\"":\""81247fe4-090b-4ff3-8d52-cdbc3091cca4\"",\""filing_type\"":\""Q2\"",\""filing_year\"":2020,\""filing_period\"":\""second_quarter\"",\""income\"":\""50000.00\"",\""expenses\"":null}"", ""L-857f92f3-0b8d-4a51-8c47-2b4f9c2eb570"": ""{\""filing_uuid\"":\""857f92f3-0b8d-4a51-8c47-2b4f9c2eb570\"",\""filing_type\"":\""Q2\"",\""filing_year\"":2020,\""filing_period\"":\""second_quarter\"",\""income\"":\""40000.00\"",\""expenses\"":null}"", ""L-8b258ce2-1942-41d3-9f18-8ee2168b3ddc"": ""{\""filing_uuid\"":\""8b258ce2-1942-41d3-9f18-8ee2168b3ddc\"",\""filing_type\"":\""Q2\"",\""filing_year\"":2020,\""filing_period\"":\""second_quarter\"",\""income\"":\""50000.00\"",\""expenses\"":null}"", ""L-8f20ba99-8b74-43c0-8ace-5bb2b0918379"": ""{\""filing_uuid\"":\""8f20ba99-8b74-43c0-8ace-5bb2b0918379\"",\""filing_type\"":\""Q3\"",\""filing_year\"":2020,\""filing_period\"":\""third_quarter\"",\""income\"":\""60000.00\"",\""expenses\"":null}"", ""L-9167ad04-286c-49a4-813f-435b12611cbf"": ""{\""filing_uuid\"":\""9167ad04-286c-49a4-813f-435b12611cbf\"",\""filing_type\"":\""Q2\"",\""filing_year\"":2020,\""filing_period\"":\""second_quarter\"",\""income\"":\""60000.00\"",\""expenses\"":null}"", ""L-95f34baf-c1d7-47b1-9f7c-b1b8d9747a41"": ""{\""filing_uuid\"":\""95f34baf-c1d7-47b1-9f7c-b1b8d9747a41\"",\""filing_type\"":\""Q4\"",\""filing_year\"":2020,\""filing_period\"":\""fourth_quarter\"",\""income\"":\""40000.00\"",\""expenses\"":null}"", ""L-974f2d3b-c047-4a9e-b18a-9b1cc9e85642"": ""{\""filing_uuid\"":\""974f2d3b-c047-4a9e-b18a-9b1cc9e85642\"",\""filing_type\"":\""Q4\"",\""filing_year\"":2020,\""filing_period\"":\""fourth_quarter\"",\""income\"":\""60000.00\"",\""expenses\"":null}"", ""L-982c605e-9998-451d-aa43-6047cf00baf4"": ""{\""filing_uuid\"":\""982c605e-9998-451d-aa43-6047cf00baf4\"",\""filing_type\"":\""Q1\"",\""filing_year\"":2020,\""filing_period\"":\""first_quarter\"",\""income\"":\""60000.00\"",\""expenses\"":null}"", ""L-a710c5f6-6e38-4ac6-862f-cd1dea43b410"": ""{\""filing_uuid\"":\""a710c5f6-6e38-4ac6-862f-cd1dea43b410\"",\""filing_type\"":\""Q2\"",\""filing_year\"":2020,\""filing_period\"":\""second_quarter\"",\""income\"":\""50000.00\"",\""expenses\"":null}"", ""L-acf4ada3-36dc-420a-ba77-7c1c088e90df"": ""{\""filing_uuid\"":\""acf4ada3-36dc-420a-ba77-7c1c088e90df\"",\""filing_type\"":\""Q4\"",\""filing_year\"":2020,\""filing_period\"":\""fourth_quarter\"",\""income\"":\""50000.00\"",\""expenses\"":null}"", ""L-b1b12f41-7f6c-4023-bc3c-e471f2762a9d"": ""{\""filing_uuid\"":\""b1b12f41-7f6c-4023-bc3c-e471f2762a9d\"",\""filing_type\"":\""Q4\"",\""filing_year\"":2020,\""filing_period\"":\""fourth_quarter\"",\""income\"":\""50000.00\"",\""expenses\"":null}"", ""L-b6f273ba-60bb-424d-9b6f-0839426b47a8"": ""{\""filing_uuid\"":\""b6f273ba-60bb-424d-9b6f-0839426b47a8\"",\""filing_type\"":\""Q4\"",\""filing_year\"":2020,\""filing_period\"":\""fourth_quarter\"",\""income\"":\""70000.00\"",\""expenses\"":null}"", ""L-b74f49a5-87f7-48b3-92ff-61227ddfab52"": ""{\""filing_uuid\"":\""b74f49a5-87f7-48b3-92ff-61227ddfab52\"",\""filing_type\"":\""Q4\"",\""filing_year\"":2020,\""filing_period\"":\""fourth_quarter\"",\""income\"":\""50000.00\"",\""expenses\"":null}"", ""L-b77cafb7-e382-4691-baff-e6cb75a0c2c2"": ""{\""filing_uuid\"":\""b77cafb7-e382-4691-baff-e6cb75a0c2c2\"",\""filing_type\"":\""Q1\"",\""filing_year\"":2020,\""filing_period\"":\""first_quarter\"",\""income\"":\""60000.00\"",\""expenses\"":null}"", ""L-bcb45e26-4525-4a1e-bc3f-2e0422b0bd10"": ""{\""filing_uuid\"":\""bcb45e26-4525-4a1e-bc3f-2e0422b0bd10\"",\""filing_type\"":\""Q1\"",\""filing_year\"":2020,\""filing_period\"":\""first_quarter\"",\""income\"":\""60000.00\"",\""expenses\"":null}"", ""L-be8af10f-bc85-4e2c-99aa-ac5d7a221907"": ""{\""filing_uuid\"":\""be8af10f-bc85-4e2c-99aa-ac5d7a221907\"",\""filing_type\"":\""Q1\"",\""filing_year\"":2020,\""filing_period\"":\""first_quarter\"",\""income\"":\""60000.00\"",\""expenses\"":null}"", ""L-c0eb222d-09af-460d-afe1-44e5a54c0790"": ""{\""filing_uuid\"":\""c0eb222d-09af-460d-afe1-44e5a54c0790\"",\""filing_type\"":\""Q1\"",\""filing_year\"":2020,\""filing_period\"":\""first_quarter\"",\""income\"":\""70000.00\"",\""expenses\"":null}"", ""L-c478df9a-6d00-4e14-a118-13213ec57f35"": ""{\""filing_uuid\"":\""c478df9a-6d00-4e14-a118-13213ec57f35\"",\""filing_type\"":\""2A\"",\""filing_year\"":2020,\""filing_period\"":\""second_quarter\"",\""income\"":\""60000.00\"",\""expenses\"":null}"", ""L-c47e1dba-868f-467c-a9b2-90d19372cdc0"": ""{\""filing_uuid\"":\""c47e1dba-868f-467c-a9b2-90d19372cdc0\"",\""filing_type\"":\""3A\"",\""filing_year\"":2020,\""filing_period\"":\""third_quarter\"",\""income\"":\""50000.00\"",\""expenses\"":null}"", ""L-c4d8d4ee-8e7d-4de5-946d-0552899db61c"": ""{\""filing_uuid\"":\""c4d8d4ee-8e7d-4de5-946d-0552899db61c\"",\""filing_type\"":\""Q4\"",\""filing_year\"":2020,\""filing_period\"":\""fourth_quarter\"",\""income\"":\""60000.00\"",\""expenses\"":null}"", ""L-cd4f2b46-4d76-4516-adce-b049d55c4280"": ""{\""filing_uuid\"":\""cd4f2b46-4d76-4516-adce-b049d55c4280\"",\""filing_type\"":\""Q2\"",\""filing_year\"":2020,\""filing_period\"":\""second_quarter\"",\""income\"":\""50000.00\"",\""expenses\"":null}"", ""L-d035e9c9-6349-41cf-aaef-69b346ba0efa"": ""{\""filing_uuid\"":\""d035e9c9-6349-41cf-aaef-69b346ba0efa\"",\""filing_type\"":\""Q1\"",\""filing_year\"":2020,\""filing_period\"":\""first_quarter\"",\""income\"":\""50000.00\"",\""expenses\"":null}"", ""L-d0e543ce-aa45-416e-96ab-3dc9b1106a84"": ""{\""filing_uuid\"":\""d0e543ce-aa45-416e-96ab-3dc9b1106a84\"",\""filing_type\"":\""Q3\"",\""filing_year\"":2020,\""filing_period\"":\""third_quarter\"",\""income\"":\""60000.00\"",\""expenses\"":null}"", ""L-dbd9ceee-ff29-44d4-9a42-a1e4e435f9c4"": ""{\""filing_uuid\"":\""dbd9ceee-ff29-44d4-9a42-a1e4e435f9c4\"",\""filing_type\"":\""Q1\"",\""filing_year\"":2020,\""filing_period\"":\""first_quarter\"",\""income\"":\""50000.00\"",\""expenses\"":null}"", ""L-de0a74a0-d136-4aea-9f57-4e32ac274798"": ""{\""filing_uuid\"":\""de0a74a0-d136-4aea-9f57-4e32ac274798\"",\""filing_type\"":\""Q1\"",\""filing_year\"":2020,\""filing_period\"":\""first_quarter\"",\""income\"":\""60000.00\"",\""expenses\"":null}"", ""L-e1bd88b1-8698-4740-ad53-3807d84667b7"": ""{\""filing_uuid\"":\""e1bd88b1-8698-4740-ad53-3807d84667b7\"",\""filing_type\"":\""Q2\"",\""filing_year\"":2020,\""filing_period\"":\""second_quarter\"",\""income\"":\""30000.00\"",\""expenses\"":null}"", ""L-e3049edd-adff-4f9e-8ff3-71381281a4cf"": ""{\""filing_uuid\"":\""e3049edd-adff-4f9e-8ff3-71381281a4cf\"",\""filing_type\"":\""Q3\"",\""filing_year\"":2020,\""filing_period\"":\""third_quarter\"",\""income\"":\""60000.00\"",\""expenses\"":null}"", ""L-e652871f-fe9c-46e3-8c1b-fc9b58e856c0"": ""{\""filing_uuid\"":\""e652871f-fe9c-46e3-8c1b-fc9b58e856c0\"",\""filing_type\"":\""Q4\"",\""filing_year\"":2020,\""filing_period\"":\""fourth_quarter\"",\""income\"":\""60000.00\"",\""expenses\"":null}"", ""L-e8313e23-dee3-4186-bb87-08bdc0f816b0"": ""{\""filing_uuid\"":\""e8313e23-dee3-4186-bb87-08bdc0f816b0\"",\""filing_type\"":\""Q2\"",\""filing_year\"":2020,\""filing_period\"":\""second_quarter\"",\""income\"":\""40000.00\"",\""expenses\"":null}"", ""L-ea970a29-aeb1-4f9c-ae6f-ce71c0146235"": ""{\""filing_uuid\"":\""ea970a29-aeb1-4f9c-ae6f-ce71c0146235\"",\""filing_type\"":\""Q1\"",\""filing_year\"":2020,\""filing_period\"":\""first_quarter\"",\""income\"":\""50000.00\"",\""expenses\"":null}"", ""L-f3dd29dc-5a87-40b0-994e-a27327a17d0f"": ""{\""filing_uuid\"":\""f3dd29dc-5a87-40b0-994e-a27327a17d0f\"",\""filing_type\"":\""4T\"",\""filing_year\"":2020,\""filing_period\"":\""fourth_quarter\"",\""income\"":\""20000.00\"",\""expenses\"":null}"", ""L-f5c5f466-b754-4bce-8457-efc097559a42"": ""{\""filing_uuid\"":\""f5c5f466-b754-4bce-8457-efc097559a42\"",\""filing_type\"":\""Q2\"",\""filing_year\"":2020,\""filing_period\"":\""second_quarter\"",\""income\"":\""50000.00\"",\""expenses\"":null}"", ""L-f9fd2007-6cf4-488e-9f98-2751030ee358"": ""{\""filing_uuid\"":\""f9fd2007-6cf4-488e-9f98-2751030ee358\"",\""filing_type\"":\""Q2\"",\""filing_year\"":2020,\""filing_period\"":\""second_quarter\"",\""income\"":\""70000.00\"",\""expenses\"":null}"", ""L-fc7078ce-0d7a-4447-adc8-a9ff92042c1a"": ""{\""filing_uuid\"":\""fc7078ce-0d7a-4447-adc8-a9ff92042c1a\"",\""filing_type\"":\""Q3\"",\""filing_year\"":2020,\""filing_period\"":\""third_quarter\"",\""income\"":\""70000.00\"",\""expenses\"":null}"", ""L-fcdda966-b2d6-44e4-83ef-efe3434b0e4c"": ""{\""filing_uuid\"":\""fcdda966-b2d6-44e4-83ef-efe3434b0e4c\"",\""filing_type\"":\""3A\"",\""filing_year\"":2020,\""filing_period\"":\""third_quarter\"",\""income\"":\""40000.00\"",\""expenses\"":null}"", ""L-fd07bbcf-9359-4838-b5c6-1b820dec3a24"": ""{\""filing_uuid\"":\""fd07bbcf-9359-4838-b5c6-1b820dec3a24\"",\""filing_type\"":\""Q1\"",\""filing_year\"":2020,\""filing_period\"":\""first_quarter\"",\""income\"":\""15000.00\"",\""expenses\"":null}"", ""L-fd8389b9-665a-44a0-a81f-f1cd49222698"": ""{\""filing_uuid\"":\""fd8389b9-665a-44a0-a81f-f1cd49222698\"",\""filing_type\"":\""Q1\"",\""filing_year\"":2020,\""filing_period\"":\""first_quarter\"",\""income\"":\""30000.00\"",\""expenses\"":null}""}","Sum of numeric amounts on latest eligible quarterly reports, all issues combined. Blank reports are not zero and are not added. Separately named intermediaries excluded from direct fees. Outside fees and company expenses overlap and must never be added. Latest year uses completed quarters only; no annualization. No numeric reports means OPEN, not zero spending.",USD,,,L-006b6e06-916d-47fc-979d-43d0e5a4845d;L-08f2d4c9-f191-40c0-9454-8d51835d86f8;L-0cb5ea09-6308-4fad-8962-2751441fba11;L-165bc903-dcdf-42d2-bc2c-69db27b773fc;L-172c0922-2e2b-4d64-b3f8-6ba0ffa2d87b;L-1d51e167-6fcd-4aeb-91b4-817d74f827da;L-1df30c88-62a4-419a-96a4-5ff2469f23ca;L-20a5f75e-16c6-48c3-9da0-6fcedf03bfd1;L-27cd951f-6e19-4bea-9cf3-e72c37f961bc;L-3c903911-bc30-4e7b-9abd-338b1266b66a;L-3fe84e19-573a-48a2-bf9b-e65e20c4fb5a;L-42519c81-325b-4a3d-af85-de28397b93a2;L-45d28cd8-b3e2-418c-b7a9-48d937b2a7fd;L-50f3d1f1-e4f8-433b-a3c6-310cef2a5568;L-525d8eae-7551-4d9d-a14b-0eae5ad905da;L-52ba7f89-8c69-437b-8d96-5af302d13cf2;L-54b877e4-3d1d-4a0f-8dbb-fd88fd73fb79;L-585a1144-1073-4d15-9b62-b8704432909b;L-589e3252-fb10-462e-8f4b-0ef598393a24;L-5b1985d6-0da9-4f11-9b0d-7ab99335f894;L-66ee608a-668a-4563-b40d-43f5174e8a06;L-66fe0e55-95d4-4421-a06e-2fdb5b008ed0;L-67bc457e-5220-43a6-a171-4bd1c7fbfa50;L-69b78ff3-7309-423b-b178-9e0261c4e981;L-6c08c720-46c9-4af2-abcf-d0047bd16378;L-6d2f4d57-7ef2-4afa-9815-0591ad3a6d01;L-6e3b29da-2f2b-4f30-a114-c54caf46552a;L-6ee6edc7-2e6b-4c84-b686-fef9f3f54757;L-708033fa-aed4-4e0a-91fc-ae34769d1cbf;L-7531f79e-d15b-4c65-b3e6-95929693f528;L-7763e1f3-4580-4844-b970-6c776e42f985;L-79befa96-88b7-4603-8080-58199b04c650;L-7b517da9-e024-477c-b7d8-c164592128e7;L-7be6fc6e-e4c3-4da9-b322-32b0ff2dce57;L-7c9b4755-3d5a-4429-904a-43303c9b21c6;L-80bfac6b-3739-4e4e-aaa7-6317c7d71982;L-81247fe4-090b-4ff3-8d52-cdbc3091cca4;L-857f92f3-0b8d-4a51-8c47-2b4f9c2eb570;L-8b258ce2-1942-41d3-9f18-8ee2168b3ddc;L-8f20ba99-8b74-43c0-8ace-5bb2b0918379;L-9167ad04-286c-49a4-813f-435b12611cbf;L-95f34baf-c1d7-47b1-9f7c-b1b8d9747a41;L-974f2d3b-c047-4a9e-b18a-9b1cc9e85642;L-982c605e-9998-451d-aa43-6047cf00baf4;L-a710c5f6-6e38-4ac6-862f-cd1dea43b410;L-acf4ada3-36dc-420a-ba77-7c1c088e90df;L-b1b12f41-7f6c-4023-bc3c-e471f2762a9d;L-b6f273ba-60bb-424d-9b6f-0839426b47a8;L-b74f49a5-87f7-48b3-92ff-61227ddfab52;L-b77cafb7-e382-4691-baff-e6cb75a0c2c2;L-bcb45e26-4525-4a1e-bc3f-2e0422b0bd10;L-be8af10f-bc85-4e2c-99aa-ac5d7a221907;L-c0eb222d-09af-460d-afe1-44e5a54c0790;L-c478df9a-6d00-4e14-a118-13213ec57f35;L-c47e1dba-868f-467c-a9b2-90d19372cdc0;L-c4d8d4ee-8e7d-4de5-946d-0552899db61c;L-cd4f2b46-4d76-4516-adce-b049d55c4280;L-d035e9c9-6349-41cf-aaef-69b346ba0efa;L-d0e543ce-aa45-416e-96ab-3dc9b1106a84;L-dbd9ceee-ff29-44d4-9a42-a1e4e435f9c4;L-de0a74a0-d136-4aea-9f57-4e32ac274798;L-e1bd88b1-8698-4740-ad53-3807d84667b7;L-e3049edd-adff-4f9e-8ff3-71381281a4cf;L-e652871f-fe9c-46e3-8c1b-fc9b58e856c0;L-e8313e23-dee3-4186-bb87-08bdc0f816b0;L-ea970a29-aeb1-4f9c-ae6f-ce71c0146235;L-f3dd29dc-5a87-40b0-994e-a27327a17d0f;L-f5c5f466-b754-4bce-8457-efc097559a42;L-f9fd2007-6cf4-488e-9f98-2751030ee358;L-fc7078ce-0d7a-4447-adc8-a9ff92042c1a;L-fcdda966-b2d6-44e4-83ef-efe3434b0e4c;L-fd07bbcf-9359-4838-b5c6-1b820dec3a24;L-fd8389b9-665a-44a0-a81f-f1cd49222698,lobbying_external_fees,sum,Amazon,2020,,,1;2;3;4,,,KEEP
FE-Amazon-2021,4180000.00,https://lda.gov/filings/public/filing/01a6f9cb-4805-408f-97c4-5040c4123d83/print/,2026-09-14,"{""L-01a6f9cb-4805-408f-97c4-5040c4123d83"": ""{\""filing_uuid\"":\""01a6f9cb-4805-408f-97c4-5040c4123d83\"",\""filing_type\"":\""Q2\"",\""filing_year\"":2021,\""filing_period\"":\""second_quarter\"",\""income\"":\""90000.00\"",\""expenses\"":null}"", ""L-02d4029a-6428-4007-b341-6f5ec04d1b76"": ""{\""filing_uuid\"":\""02d4029a-6428-4007-b341-6f5ec04d1b76\"",\""filing_type\"":\""Q1\"",\""filing_year\"":2021,\""filing_period\"":\""first_quarter\"",\""income\"":\""50000.00\"",\""expenses\"":null}"", ""L-049a0207-330c-48fe-ab8f-1153bfccc894"": ""{\""filing_uuid\"":\""049a0207-330c-48fe-ab8f-1153bfccc894\"",\""filing_type\"":\""Q2\"",\""filing_year\"":2021,\""filing_period\"":\""second_quarter\"",\""income\"":\""50000.00\"",\""expenses\"":null}"", ""L-054ddda1-ff6f-459b-b5da-87075ee2ddb6"": ""{\""filing_uuid\"":\""054ddda1-ff6f-459b-b5da-87075ee2ddb6\"",\""filing_type\"":\""Q4\"",\""filing_year\"":2021,\""filing_period\"":\""fourth_quarter\"",\""income\"":\""80000.00\"",\""expenses\"":null}"", ""L-07c59e9e-9d42-4034-9d09-2b4cf507dcd9"": ""{\""filing_uuid\"":\""07c59e9e-9d42-4034-9d09-2b4cf507dcd9\"",\""filing_type\"":\""Q4\"",\""filing_year\"":2021,\""filing_period\"":\""fourth_quarter\"",\""income\"":\""75000.00\"",\""expenses\"":null}"", ""L-0b6e9142-434e-4581-915f-179a7297e4b1"": ""{\""filing_uuid\"":\""0b6e9142-434e-4581-915f-179a7297e4b1\"",\""filing_type\"":\""Q4\"",\""filing_year\"":2021,\""filing_period\"":\""fourth_quarter\"",\""income\"":\""60000.00\"",\""expenses\"":null}"", ""L-0b7d4648-958b-46b3-a5bc-44868814f358"": ""{\""filing_uuid\"":\""0b7d4648-958b-46b3-a5bc-44868814f358\"",\""filing_type\"":\""Q3\"",\""filing_year\"":2021,\""filing_period\"":\""third_quarter\"",\""income\"":\""50000.00\"",\""expenses\"":null}"", ""L-0f59194e-36f2-4c4e-a89c-42c3c5a11a5a"": ""{\""filing_uuid\"":\""0f59194e-36f2-4c4e-a89c-42c3c5a11a5a\"",\""filing_type\"":\""Q3Y\"",\""filing_year\"":2021,\""filing_period\"":\""third_quarter\"",\""income\"":\""10000.00\"",\""expenses\"":null}"", ""L-1656d70e-a26a-4d33-b8c1-19b417bf5b5e"": ""{\""filing_uuid\"":\""1656d70e-a26a-4d33-b8c1-19b417bf5b5e\"",\""filing_type\"":\""Q1\"",\""filing_year\"":2021,\""filing_period\"":\""first_quarter\"",\""income\"":\""60000.00\"",\""expenses\"":null}"", ""L-171e989f-4fd3-4b08-b15b-11255a7487b6"": ""{\""filing_uuid\"":\""171e989f-4fd3-4b08-b15b-11255a7487b6\"",\""filing_type\"":\""Q2Y\"",\""filing_year\"":2021,\""filing_period\"":\""second_quarter\"",\""income\"":\""10000.00\"",\""expenses\"":null}"", ""L-17d4d91b-b000-422d-9334-4067700ebb35"": ""{\""filing_uuid\"":\""17d4d91b-b000-422d-9334-4067700ebb35\"",\""filing_type\"":\""Q1\"",\""filing_year\"":2021,\""filing_period\"":\""first_quarter\"",\""income\"":\""40000.00\"",\""expenses\"":null}"", ""L-17dfa87f-25b4-4980-87fe-a0157a8d7fd9"": ""{\""filing_uuid\"":\""17dfa87f-25b4-4980-87fe-a0157a8d7fd9\"",\""filing_type\"":\""Q4\"",\""filing_year\"":2021,\""filing_period\"":\""fourth_quarter\"",\""income\"":\""50000.00\"",\""expenses\"":null}"", ""L-1f197546-e02c-4e38-906b-b85724cc7190"": ""{\""filing_uuid\"":\""1f197546-e02c-4e38-906b-b85724cc7190\"",\""filing_type\"":\""Q2\"",\""filing_year\"":2021,\""filing_period\"":\""second_quarter\"",\""income\"":\""60000.00\"",\""expenses\"":null}"", ""L-2097cfe3-87f6-454b-9159-51b30bd10a5b"": ""{\""filing_uuid\"":\""2097cfe3-87f6-454b-9159-51b30bd10a5b\"",\""filing_type\"":\""Q3\"",\""filing_year\"":2021,\""filing_period\"":\""third_quarter\"",\""income\"":\""60000.00\"",\""expenses\"":null}"", ""L-2550dd18-94b6-4ee6-80a9-10961950fdb2"": ""{\""filing_uuid\"":\""2550dd18-94b6-4ee6-80a9-10961950fdb2\"",\""filing_type\"":\""Q1\"",\""filing_year\"":2021,\""filing_period\"":\""first_quarter\"",\""income\"":\""70000.00\"",\""expenses\"":null}"", ""L-25e0d941-cd58-402c-b2b2-25401b0ccfe7"": ""{\""filing_uuid\"":\""25e0d941-cd58-402c-b2b2-25401b0ccfe7\"",\""filing_type\"":\""Q3\"",\""filing_year\"":2021,\""filing_period\"":\""third_quarter\"",\""income\"":\""10000.00\"",\""expenses\"":null}"", ""L-2667f2cb-812f-4dff-b383-1a19c3a655b0"": ""{\""filing_uuid\"":\""2667f2cb-812f-4dff-b383-1a19c3a655b0\"",\""filing_type\"":\""Q4\"",\""filing_year\"":2021,\""filing_period\"":\""fourth_quarter\"",\""income\"":\""40000.00\"",\""expenses\"":null}"", ""L-274c8965-a6eb-4e7c-a853-45cc469ddcde"": ""{\""filing_uuid\"":\""274c8965-a6eb-4e7c-a853-45cc469ddcde\"",\""filing_type\"":\""Q2\"",\""filing_year\"":2021,\""filing_period\"":\""second_quarter\"",\""income\"":\""50000.00\"",\""expenses\"":null}"", ""L-298a9b0a-2826-403b-ae60-bccd2a33e6e1"": ""{\""filing_uuid\"":\""298a9b0a-2826-403b-ae60-bccd2a33e6e1\"",\""filing_type\"":\""Q1\"",\""filing_year\"":2021,\""filing_period\"":\""first_quarter\"",\""income\"":\""40000.00\"",\""expenses\"":null}"", ""L-2df0a038-8aa0-473a-9d46-842c33eb42ae"": ""{\""filing_uuid\"":\""2df0a038-8aa0-473a-9d46-842c33eb42ae\"",\""filing_type\"":\""Q4\"",\""filing_year\"":2021,\""filing_period\"":\""fourth_quarter\"",\""income\"":\""60000.00\"",\""expenses\"":null}"", ""L-336d06f7-6113-46f5-8b8e-13c12e6a6e8f"": ""{\""filing_uuid\"":\""336d06f7-6113-46f5-8b8e-13c12e6a6e8f\"",\""filing_type\"":\""Q3\"",\""filing_year\"":2021,\""filing_period\"":\""third_quarter\"",\""income\"":\""50000.00\"",\""expenses\"":null}"", ""L-36717ce3-748d-4f64-9018-65343a38e89d"": ""{\""filing_uuid\"":\""36717ce3-748d-4f64-9018-65343a38e89d\"",\""filing_type\"":\""Q4\"",\""filing_year\"":2021,\""filing_period\"":\""fourth_quarter\"",\""income\"":\""50000.00\"",\""expenses\"":null}"", ""L-373d3542-1231-4d11-844c-ec627038e5f5"": ""{\""filing_uuid\"":\""373d3542-1231-4d11-844c-ec627038e5f5\"",\""filing_type\"":\""Q3\"",\""filing_year\"":2021,\""filing_period\"":\""third_quarter\"",\""income\"":\""50000.00\"",\""expenses\"":null}"", ""L-37a543e5-5106-4bb7-be0e-52d06be7c705"": ""{\""filing_uuid\"":\""37a543e5-5106-4bb7-be0e-52d06be7c705\"",\""filing_type\"":\""Q3\"",\""filing_year\"":2021,\""filing_period\"":\""third_quarter\"",\""income\"":\""90000.00\"",\""expenses\"":null}"", ""L-438a7598-9025-456a-91a3-cc12d35b0466"": ""{\""filing_uuid\"":\""438a7598-9025-456a-91a3-cc12d35b0466\"",\""filing_type\"":\""3T\"",\""filing_year\"":2021,\""filing_period\"":\""third_quarter\"",\""income\"":\""30000.00\"",\""expenses\"":null}"", ""L-47bd09ef-0ce3-4152-8481-f8917ad989c5"": ""{\""filing_uuid\"":\""47bd09ef-0ce3-4152-8481-f8917ad989c5\"",\""filing_type\"":\""Q4\"",\""filing_year\"":2021,\""filing_period\"":\""fourth_quarter\"",\""income\"":\""20000.00\"",\""expenses\"":null}"", ""L-47f4baa0-f6ab-4245-a171-b030c39c9880"": ""{\""filing_uuid\"":\""47f4baa0-f6ab-4245-a171-b030c39c9880\"",\""filing_type\"":\""Q2\"",\""filing_year\"":2021,\""filing_period\"":\""second_quarter\"",\""income\"":\""50000.00\"",\""expenses\"":null}"", ""L-47f92eba-5351-43a1-9f11-485ac4c531df"": ""{\""filing_uuid\"":\""47f92eba-5351-43a1-9f11-485ac4c531df\"",\""filing_type\"":\""Q3\"",\""filing_year\"":2021,\""filing_period\"":\""third_quarter\"",\""income\"":\""60000.00\"",\""expenses\"":null}"", ""L-5101a565-b98d-4d16-bf31-05e279d9478e"": ""{\""filing_uuid\"":\""5101a565-b98d-4d16-bf31-05e279d9478e\"",\""filing_type\"":\""Q3\"",\""filing_year\"":2021,\""filing_period\"":\""third_quarter\"",\""income\"":\""60000.00\"",\""expenses\"":null}"", ""L-5207fbdd-7029-4939-9f32-f32bb48f0767"": ""{\""filing_uuid\"":\""5207fbdd-7029-4939-9f32-f32bb48f0767\"",\""filing_type\"":\""Q4\"",\""filing_year\"":2021,\""filing_period\"":\""fourth_quarter\"",\""income\"":\""60000.00\"",\""expenses\"":null}"", ""L-53d45d11-7945-47ac-b2f4-a5e525953841"": ""{\""filing_uuid\"":\""53d45d11-7945-47ac-b2f4-a5e525953841\"",\""filing_type\"":\""Q4\"",\""filing_year\"":2021,\""filing_period\"":\""fourth_quarter\"",\""income\"":\""50000.00\"",\""expenses\"":null}"", ""L-565951a2-c8cc-4d50-9963-ce7fcda92efb"": ""{\""filing_uuid\"":\""565951a2-c8cc-4d50-9963-ce7fcda92efb\"",\""filing_type\"":\""Q3\"",\""filing_year\"":2021,\""filing_period\"":\""third_quarter\"",\""income\"":\""50000.00\"",\""expenses\"":null}"", ""L-5f12042b-fe8c-4bdc-ac25-efe2a63fb1d4"": ""{\""filing_uuid\"":\""5f12042b-fe8c-4bdc-ac25-efe2a63fb1d4\"",\""filing_type\"":\""Q2\"",\""filing_year\"":2021,\""filing_period\"":\""second_quarter\"",\""income\"":\""60000.00\"",\""expenses\"":null}"", ""L-66c8f318-a7cf-4b30-9beb-183076f623b3"": ""{\""filing_uuid\"":\""66c8f318-a7cf-4b30-9beb-183076f623b3\"",\""filing_type\"":\""Q3\"",\""filing_year\"":2021,\""filing_period\"":\""third_quarter\"",\""income\"":\""50000.00\"",\""expenses\"":null}"", ""L-67714b24-5113-4f80-a43c-668766692021"": ""{\""filing_uuid\"":\""67714b24-5113-4f80-a43c-668766692021\"",\""filing_type\"":\""Q1\"",\""filing_year\"":2021,\""filing_period\"":\""first_quarter\"",\""income\"":\""50000.00\"",\""expenses\"":null}"", ""L-67ed222f-07fb-4ff9-9212-639d1aff302b"": ""{\""filing_uuid\"":\""67ed222f-07fb-4ff9-9212-639d1aff302b\"",\""filing_type\"":\""Q3\"",\""filing_year\"":2021,\""filing_period\"":\""third_quarter\"",\""income\"":\""30000.00\"",\""expenses\"":null}"", ""L-6a172eab-4aaa-442e-aa8b-d23b74eebc67"": ""{\""filing_uuid\"":\""6a172eab-4aaa-442e-aa8b-d23b74eebc67\"",\""filing_type\"":\""Q3\"",\""filing_year\"":2021,\""filing_period\"":\""third_quarter\"",\""income\"":\""60000.00\"",\""expenses\"":null}"", ""L-7371ec79-358f-47c7-bba1-c26b9d4793f6"": ""{\""filing_uuid\"":\""7371ec79-358f-47c7-bba1-c26b9d4793f6\"",\""filing_type\"":\""Q3\"",\""filing_year\"":2021,\""filing_period\"":\""third_quarter\"",\""income\"":\""50000.00\"",\""expenses\"":null}"", ""L-74178fcd-bf90-4866-a6ef-d4a45e83e7eb"": ""{\""filing_uuid\"":\""74178fcd-bf90-4866-a6ef-d4a45e83e7eb\"",\""filing_type\"":\""Q1\"",\""filing_year\"":2021,\""filing_period\"":\""first_quarter\"",\""income\"":\""10000.00\"",\""expenses\"":null}"", ""L-7b8e5997-cbdd-4a8f-94db-636569a26da6"": ""{\""filing_uuid\"":\""7b8e5997-cbdd-4a8f-94db-636569a26da6\"",\""filing_type\"":\""Q1\"",\""filing_year\"":2021,\""filing_period\"":\""first_quarter\"",\""income\"":\""50000.00\"",\""expenses\"":null}"", ""L-87d67f61-de19-4c71-bbef-b56145be5fdd"": ""{\""filing_uuid\"":\""87d67f61-de19-4c71-bbef-b56145be5fdd\"",\""filing_type\"":\""Q1\"",\""filing_year\"":2021,\""filing_period\"":\""first_quarter\"",\""income\"":\""60000.00\"",\""expenses\"":null}"", ""L-8c30edb7-47a2-4664-b412-12364d7ec0f9"": ""{\""filing_uuid\"":\""8c30edb7-47a2-4664-b412-12364d7ec0f9\"",\""filing_type\"":\""Q4Y\"",\""filing_year\"":2021,\""filing_period\"":\""fourth_quarter\"",\""income\"":\""10000.00\"",\""expenses\"":null}"", ""L-8c366c87-0a37-489a-80ce-f30380a8e54c"": ""{\""filing_uuid\"":\""8c366c87-0a37-489a-80ce-f30380a8e54c\"",\""filing_type\"":\""Q2\"",\""filing_year\"":2021,\""filing_period\"":\""second_quarter\"",\""income\"":\""50000.00\"",\""expenses\"":null}"", ""L-8d459ddc-00e1-4c6e-8241-9264a2740d21"": ""{\""filing_uuid\"":\""8d459ddc-00e1-4c6e-8241-9264a2740d21\"",\""filing_type\"":\""Q4\"",\""filing_year\"":2021,\""filing_period\"":\""fourth_quarter\"",\""income\"":\""10000.00\"",\""expenses\"":null}"", ""L-8df1e22e-4ebc-40ba-acec-3d9cb6444c22"": ""{\""filing_uuid\"":\""8df1e22e-4ebc-40ba-acec-3d9cb6444c22\"",\""filing_type\"":\""Q2\"",\""filing_year\"":2021,\""filing_period\"":\""second_quarter\"",\""income\"":\""60000.00\"",\""expenses\"":null}"", ""L-97d0b383-27a3-4cd9-9715-e5b8b25a6c5a"": ""{\""filing_uuid\"":\""97d0b383-27a3-4cd9-9715-e5b8b25a6c5a\"",\""filing_type\"":\""Q2\"",\""filing_year\"":2021,\""filing_period\"":\""second_quarter\"",\""income\"":\""50000.00\"",\""expenses\"":null}"", ""L-98526306-2f72-4e6b-99bb-247101458997"": ""{\""filing_uuid\"":\""98526306-2f72-4e6b-99bb-247101458997\"",\""filing_type\"":\""Q4\"",\""filing_year\"":2021,\""filing_period\"":\""fourth_quarter\"",\""income\"":\""50000.00\"",\""expenses\"":null}"", ""L-9adcceec-4e1d-40c2-a354-fc702c5e7eb9"": ""{\""filing_uuid\"":\""9adcceec-4e1d-40c2-a354-fc702c5e7eb9\"",\""filing_type\"":\""Q1Y\"",\""filing_year\"":2021,\""filing_period\"":\""first_quarter\"",\""income\"":\""10000.00\"",\""expenses\"":null}"", ""L-9c6ca8da-d44e-4cce-a20a-fac3e72077c2"": ""{\""filing_uuid\"":\""9c6ca8da-d44e-4cce-a20a-fac3e72077c2\"",\""filing_type\"":\""Q4\"",\""filing_year\"":2021,\""filing_period\"":\""fourth_quarter\"",\""income\"":\""90000.00\"",\""expenses\"":null}"", ""L-9c7e6afe-6fb2-4e56-9479-b1b9784d20b8"": ""{\""filing_uuid\"":\""9c7e6afe-6fb2-4e56-9479-b1b9784d20b8\"",\""filing_type\"":\""Q2\"",\""filing_year\"":2021,\""filing_period\"":\""second_quarter\"",\""income\"":\""50000.00\"",\""expenses\"":null}"", ""L-a3acb56a-3761-447b-bcd1-bf4a7b7fab6e"": ""{\""filing_uuid\"":\""a3acb56a-3761-447b-bcd1-bf4a7b7fab6e\"",\""filing_type\"":\""Q3\"",\""filing_year\"":2021,\""filing_period\"":\""third_quarter\"",\""income\"":\""50000.00\"",\""expenses\"":null}"", ""L-a3d0f882-0d4f-4044-9f02-21ed2e59df3a"": ""{\""filing_uuid\"":\""a3d0f882-0d4f-4044-9f02-21ed2e59df3a\"",\""filing_type\"":\""Q2\"",\""filing_year\"":2021,\""filing_period\"":\""second_quarter\"",\""income\"":\""30000.00\"",\""expenses\"":null}"", ""L-a6028224-2157-48b6-b6c2-85324899b241"": ""{\""filing_uuid\"":\""a6028224-2157-48b6-b6c2-85324899b241\"",\""filing_type\"":\""Q2\"",\""filing_year\"":2021,\""filing_period\"":\""second_quarter\"",\""income\"":\""70000.00\"",\""expenses\"":null}"", ""L-a87593b9-5c86-43d4-9d57-bab69507b02f"": ""{\""filing_uuid\"":\""a87593b9-5c86-43d4-9d57-bab69507b02f\"",\""filing_type\"":\""Q4\"",\""filing_year\"":2021,\""filing_period\"":\""fourth_quarter\"",\""income\"":\""20000.00\"",\""expenses\"":null}"", ""L-b222f2ad-dead-4ef9-b781-f29dafdf7b8f"": ""{\""filing_uuid\"":\""b222f2ad-dead-4ef9-b781-f29dafdf7b8f\"",\""filing_type\"":\""Q1\"",\""filing_year\"":2021,\""filing_period\"":\""first_quarter\"",\""income\"":\""50000.00\"",\""expenses\"":null}"", ""L-b257124d-c8fe-4e6e-8aa3-88e2805cadae"": ""{\""filing_uuid\"":\""b257124d-c8fe-4e6e-8aa3-88e2805cadae\"",\""filing_type\"":\""Q2\"",\""filing_year\"":2021,\""filing_period\"":\""second_quarter\"",\""income\"":\""60000.00\"",\""expenses\"":null}"", ""L-b27f92be-4fc2-427f-8bc5-f59bd47df640"": ""{\""filing_uuid\"":\""b27f92be-4fc2-427f-8bc5-f59bd47df640\"",\""filing_type\"":\""Q1\"",\""filing_year\"":2021,\""filing_period\"":\""first_quarter\"",\""income\"":\""60000.00\"",\""expenses\"":null}"", ""L-b3c84937-72fd-4261-9996-c8b9e0e3bee8"": ""{\""filing_uuid\"":\""b3c84937-72fd-4261-9996-c8b9e0e3bee8\"",\""filing_type\"":\""Q2\"",\""filing_year\"":2021,\""filing_period\"":\""second_quarter\"",\""income\"":\""10000.00\"",\""expenses\"":null}"", ""L-b4d6eb8e-25fb-4c5e-9fd2-10ab77171d22"": ""{\""filing_uuid\"":\""b4d6eb8e-25fb-4c5e-9fd2-10ab77171d22\"",\""filing_type\"":\""Q2\"",\""filing_year\"":2021,\""filing_period\"":\""second_quarter\"",\""income\"":\""60000.00\"",\""expenses\"":null}"", ""L-b982c14e-4ed7-4b07-9f3b-4e210161f2f7"": ""{\""filing_uuid\"":\""b982c14e-4ed7-4b07-9f3b-4e210161f2f7\"",\""filing_type\"":\""Q1\"",\""filing_year\"":2021,\""filing_period\"":\""first_quarter\"",\""income\"":\""90000.00\"",\""expenses\"":null}"", ""L-bcf770cd-7a1f-460c-b9cc-b91f3c925afd"": ""{\""filing_uuid\"":\""bcf770cd-7a1f-460c-b9cc-b91f3c925afd\"",\""filing_type\"":\""Q2\"",\""filing_year\"":2021,\""filing_period\"":\""second_quarter\"",\""income\"":\""60000.00\"",\""expenses\"":null}"", ""L-c13dffae-0f45-4773-98ad-311b3a255d7c"": ""{\""filing_uuid\"":\""c13dffae-0f45-4773-98ad-311b3a255d7c\"",\""filing_type\"":\""Q3\"",\""filing_year\"":2021,\""filing_period\"":\""third_quarter\"",\""income\"":\""75000.00\"",\""expenses\"":null}"", ""L-c22f4445-16ab-4418-805e-b4102adf5af9"": ""{\""filing_uuid\"":\""c22f4445-16ab-4418-805e-b4102adf5af9\"",\""filing_type\"":\""Q4\"",\""filing_year\"":2021,\""filing_period\"":\""fourth_quarter\"",\""income\"":\""60000.00\"",\""expenses\"":null}"", ""L-c3b918c9-ba9f-411d-8da6-c06024b41327"": ""{\""filing_uuid\"":\""c3b918c9-ba9f-411d-8da6-c06024b41327\"",\""filing_type\"":\""Q4\"",\""filing_year\"":2021,\""filing_period\"":\""fourth_quarter\"",\""income\"":\""50000.00\"",\""expenses\"":null}"", ""L-c4543dc8-5467-428b-9921-876585f32947"": ""{\""filing_uuid\"":\""c4543dc8-5467-428b-9921-876585f32947\"",\""filing_type\"":\""Q3\"",\""filing_year\"":2021,\""filing_period\"":\""third_quarter\"",\""income\"":\""60000.00\"",\""expenses\"":null}"", ""L-c742c4a5-2c96-4b84-8889-2dbf882db8c5"": ""{\""filing_uuid\"":\""c742c4a5-2c96-4b84-8889-2dbf882db8c5\"",\""filing_type\"":\""Q4\"",\""filing_year\"":2021,\""filing_period\"":\""fourth_quarter\"",\""income\"":\""60000.00\"",\""expenses\"":null}"", ""L-cc3b01d8-ad40-4560-8bc3-a9965bfd994a"": ""{\""filing_uuid\"":\""cc3b01d8-ad40-4560-8bc3-a9965bfd994a\"",\""filing_type\"":\""Q3\"",\""filing_year\"":2021,\""filing_period\"":\""third_quarter\"",\""income\"":\""60000.00\"",\""expenses\"":null}"", ""L-cc538013-0c53-42ae-8380-14358e3a75e8"": ""{\""filing_uuid\"":\""cc538013-0c53-42ae-8380-14358e3a75e8\"",\""filing_type\"":\""Q4\"",\""filing_year\"":2021,\""filing_period\"":\""fourth_quarter\"",\""income\"":\""50000.00\"",\""expenses\"":null}"", ""L-cd7212bd-d31a-4b43-af6f-79a4179d73fb"": ""{\""filing_uuid\"":\""cd7212bd-d31a-4b43-af6f-79a4179d73fb\"",\""filing_type\"":\""Q3\"",\""filing_year\"":2021,\""filing_period\"":\""third_quarter\"",\""income\"":\""40000.00\"",\""expenses\"":null}"", ""L-d2cb2afc-0bca-464f-89bb-23626dc5a79b"": ""{\""filing_uuid\"":\""d2cb2afc-0bca-464f-89bb-23626dc5a79b\"",\""filing_type\"":\""Q1\"",\""filing_year\"":2021,\""filing_period\"":\""first_quarter\"",\""income\"":\""50000.00\"",\""expenses\"":null}"", ""L-d5c87e87-aff0-497a-9ba8-1c35a0805a00"": ""{\""filing_uuid\"":\""d5c87e87-aff0-497a-9ba8-1c35a0805a00\"",\""filing_type\"":\""Q3\"",\""filing_year\"":2021,\""filing_period\"":\""third_quarter\"",\""income\"":\""30000.00\"",\""expenses\"":null}"", ""L-d8955db5-4a3d-4d32-a66b-1582d5dc0c7f"": ""{\""filing_uuid\"":\""d8955db5-4a3d-4d32-a66b-1582d5dc0c7f\"",\""filing_type\"":\""Q4\"",\""filing_year\"":2021,\""filing_period\"":\""fourth_quarter\"",\""income\"":\""50000.00\"",\""expenses\"":null}"", ""L-dc011695-ef9e-4e7d-8ecd-70a7e4f7dff2"": ""{\""filing_uuid\"":\""dc011695-ef9e-4e7d-8ecd-70a7e4f7dff2\"",\""filing_type\"":\""Q3\"",\""filing_year\"":2021,\""filing_period\"":\""third_quarter\"",\""income\"":\""20000.00\"",\""expenses\"":null}"", ""L-dd77ebf5-83d6-406b-a06e-4f6284cab255"": ""{\""filing_uuid\"":\""dd77ebf5-83d6-406b-a06e-4f6284cab255\"",\""filing_type\"":\""Q4\"",\""filing_year\"":2021,\""filing_period\"":\""fourth_quarter\"",\""income\"":\""50000.00\"",\""expenses\"":null}"", ""L-de402c69-dbcc-40fb-8e19-f60a184a188e"": ""{\""filing_uuid\"":\""de402c69-dbcc-40fb-8e19-f60a184a188e\"",\""filing_type\"":\""Q2\"",\""filing_year\"":2021,\""filing_period\"":\""second_quarter\"",\""income\"":\""10000.00\"",\""expenses\"":null}"", ""L-e169e44e-bd69-49a1-b2c5-bb4996037bbb"": ""{\""filing_uuid\"":\""e169e44e-bd69-49a1-b2c5-bb4996037bbb\"",\""filing_type\"":\""Q1\"",\""filing_year\"":2021,\""filing_period\"":\""first_quarter\"",\""income\"":\""60000.00\"",\""expenses\"":null}"", ""L-e1a3d6f1-0772-4c58-9c02-328b86f7541a"": ""{\""filing_uuid\"":\""e1a3d6f1-0772-4c58-9c02-328b86f7541a\"",\""filing_type\"":\""Q1\"",\""filing_year\"":2021,\""filing_period\"":\""first_quarter\"",\""income\"":\""50000.00\"",\""expenses\"":null}"", ""L-e3c4658c-fb1a-4617-8964-4ea77c515bb7"": ""{\""filing_uuid\"":\""e3c4658c-fb1a-4617-8964-4ea77c515bb7\"",\""filing_type\"":\""Q1\"",\""filing_year\"":2021,\""filing_period\"":\""first_quarter\"",\""income\"":\""60000.00\"",\""expenses\"":null}"", ""L-e684baf4-54e2-4c84-b9e9-9e561d1319fd"": ""{\""filing_uuid\"":\""e684baf4-54e2-4c84-b9e9-9e561d1319fd\"",\""filing_type\"":\""Q4\"",\""filing_year\"":2021,\""filing_period\"":\""fourth_quarter\"",\""income\"":\""60000.00\"",\""expenses\"":null}"", ""L-e717206d-1463-428e-b7ed-6ce6634a2fc8"": ""{\""filing_uuid\"":\""e717206d-1463-428e-b7ed-6ce6634a2fc8\"",\""filing_type\"":\""Q2\"",\""filing_year\"":2021,\""filing_period\"":\""second_quarter\"",\""income\"":\""10000.00\"",\""expenses\"":null}"", ""L-efb5d6b6-99eb-45cc-b25a-b722dcc164e2"": ""{\""filing_uuid\"":\""efb5d6b6-99eb-45cc-b25a-b722dcc164e2\"",\""filing_type\"":\""Q3\"",\""filing_year\"":2021,\""filing_period\"":\""third_quarter\"",\""income\"":\""60000.00\"",\""expenses\"":null}"", ""L-f46b2fb5-51bb-4272-8e3f-f35c0a147af1"": ""{\""filing_uuid\"":\""f46b2fb5-51bb-4272-8e3f-f35c0a147af1\"",\""filing_type\"":\""Q1\"",\""filing_year\"":2021,\""filing_period\"":\""first_quarter\"",\""income\"":\""60000.00\"",\""expenses\"":null}"", ""L-f504eb9d-7b44-4f82-817d-70a16983d923"": ""{\""filing_uuid\"":\""f504eb9d-7b44-4f82-817d-70a16983d923\"",\""filing_type\"":\""Q2\"",\""filing_year\"":2021,\""filing_period\"":\""second_quarter\"",\""income\"":\""50000.00\"",\""expenses\"":null}"", ""L-f704a427-4a36-43c0-89bf-3e821b969f38"": ""{\""filing_uuid\"":\""f704a427-4a36-43c0-89bf-3e821b969f38\"",\""filing_type\"":\""Q2\"",\""filing_year\"":2021,\""filing_period\"":\""second_quarter\"",\""income\"":\""50000.00\"",\""expenses\"":null}"", ""L-f9a41034-a05a-43aa-b6df-d9ad7e9b09e4"": ""{\""filing_uuid\"":\""f9a41034-a05a-43aa-b6df-d9ad7e9b09e4\"",\""filing_type\"":\""Q1\"",\""filing_year\"":2021,\""filing_period\"":\""first_quarter\"",\""income\"":\""30000.00\"",\""expenses\"":null}"", ""L-fe712b04-8857-40b0-95f3-17d8812dabfc"": ""{\""filing_uuid\"":\""fe712b04-8857-40b0-95f3-17d8812dabfc\"",\""filing_type\"":\""Q4\"",\""filing_year\"":2021,\""filing_period\"":\""fourth_quarter\"",\""income\"":\""30000.00\"",\""expenses\"":null}""}","Sum of numeric amounts on latest eligible quarterly reports, all issues combined. Blank reports are not zero and are not added. Separately named intermediaries excluded from direct fees. Outside fees and company expenses overlap and must never be added. Latest year uses completed quarters only; no annualization. No numeric reports means OPEN, not zero spending.",USD,,,L-01a6f9cb-4805-408f-97c4-5040c4123d83;L-02d4029a-6428-4007-b341-6f5ec04d1b76;L-049a0207-330c-48fe-ab8f-1153bfccc894;L-054ddda1-ff6f-459b-b5da-87075ee2ddb6;L-07c59e9e-9d42-4034-9d09-2b4cf507dcd9;L-0b6e9142-434e-4581-915f-179a7297e4b1;L-0b7d4648-958b-46b3-a5bc-44868814f358;L-0f59194e-36f2-4c4e-a89c-42c3c5a11a5a;L-1656d70e-a26a-4d33-b8c1-19b417bf5b5e;L-171e989f-4fd3-4b08-b15b-11255a7487b6;L-17d4d91b-b000-422d-9334-4067700ebb35;L-17dfa87f-25b4-4980-87fe-a0157a8d7fd9;L-1f197546-e02c-4e38-906b-b85724cc7190;L-2097cfe3-87f6-454b-9159-51b30bd10a5b;L-2550dd18-94b6-4ee6-80a9-10961950fdb2;L-25e0d941-cd58-402c-b2b2-25401b0ccfe7;L-2667f2cb-812f-4dff-b383-1a19c3a655b0;L-274c8965-a6eb-4e7c-a853-45cc469ddcde;L-298a9b0a-2826-403b-ae60-bccd2a33e6e1;L-2df0a038-8aa0-473a-9d46-842c33eb42ae;L-336d06f7-6113-46f5-8b8e-13c12e6a6e8f;L-36717ce3-748d-4f64-9018-65343a38e89d;L-373d3542-1231-4d11-844c-ec627038e5f5;L-37a543e5-5106-4bb7-be0e-52d06be7c705;L-438a7598-9025-456a-91a3-cc12d35b0466;L-47bd09ef-0ce3-4152-8481-f8917ad989c5;L-47f4baa0-f6ab-4245-a171-b030c39c9880;L-47f92eba-5351-43a1-9f11-485ac4c531df;L-5101a565-b98d-4d16-bf31-05e279d9478e;L-5207fbdd-7029-4939-9f32-f32bb48f0767;L-53d45d11-7945-47ac-b2f4-a5e525953841;L-565951a2-c8cc-4d50-9963-ce7fcda92efb;L-5f12042b-fe8c-4bdc-ac25-efe2a63fb1d4;L-66c8f318-a7cf-4b30-9beb-183076f623b3;L-67714b24-5113-4f80-a43c-668766692021;L-67ed222f-07fb-4ff9-9212-639d1aff302b;L-6a172eab-4aaa-442e-aa8b-d23b74eebc67;L-7371ec79-358f-47c7-bba1-c26b9d4793f6;L-74178fcd-bf90-4866-a6ef-d4a45e83e7eb;L-7b8e5997-cbdd-4a8f-94db-636569a26da6;L-87d67f61-de19-4c71-bbef-b56145be5fdd;L-8c30edb7-47a2-4664-b412-12364d7ec0f9;L-8c366c87-0a37-489a-80ce-f30380a8e54c;L-8d459ddc-00e1-4c6e-8241-9264a2740d21;L-8df1e22e-4ebc-40ba-acec-3d9cb6444c22;L-97d0b383-27a3-4cd9-9715-e5b8b25a6c5a;L-98526306-2f72-4e6b-99bb-247101458997;L-9adcceec-4e1d-40c2-a354-fc702c5e7eb9;L-9c6ca8da-d44e-4cce-a20a-fac3e72077c2;L-9c7e6afe-6fb2-4e56-9479-b1b9784d20b8;L-a3acb56a-3761-447b-bcd1-bf4a7b7fab6e;L-a3d0f882-0d4f-4044-9f02-21ed2e59df3a;L-a6028224-2157-48b6-b6c2-85324899b241;L-a87593b9-5c86-43d4-9d57-bab69507b02f;L-b222f2ad-dead-4ef9-b781-f29dafdf7b8f;L-b257124d-c8fe-4e6e-8aa3-88e2805cadae;L-b27f92be-4fc2-427f-8bc5-f59bd47df640;L-b3c84937-72fd-4261-9996-c8b9e0e3bee8;L-b4d6eb8e-25fb-4c5e-9fd2-10ab77171d22;L-b982c14e-4ed7-4b07-9f3b-4e210161f2f7;L-bcf770cd-7a1f-460c-b9cc-b91f3c925afd;L-c13dffae-0f45-4773-98ad-311b3a255d7c;L-c22f4445-16ab-4418-805e-b4102adf5af9;L-c3b918c9-ba9f-411d-8da6-c06024b41327;L-c4543dc8-5467-428b-9921-876585f32947;L-c742c4a5-2c96-4b84-8889-2dbf882db8c5;L-cc3b01d8-ad40-4560-8bc3-a9965bfd994a;L-cc538013-0c53-42ae-8380-14358e3a75e8;L-cd7212bd-d31a-4b43-af6f-79a4179d73fb;L-d2cb2afc-0bca-464f-89bb-23626dc5a79b;L-d5c87e87-aff0-497a-9ba8-1c35a0805a00;L-d8955db5-4a3d-4d32-a66b-1582d5dc0c7f;L-dc011695-ef9e-4e7d-8ecd-70a7e4f7dff2;L-dd77ebf5-83d6-406b-a06e-4f6284cab255;L-de402c69-dbcc-40fb-8e19-f60a184a188e;L-e169e44e-bd69-49a1-b2c5-bb4996037bbb;L-e1a3d6f1-0772-4c58-9c02-328b86f7541a;L-e3c4658c-fb1a-4617-8964-4ea77c515bb7;L-e684baf4-54e2-4c84-b9e9-9e561d1319fd;L-e717206d-1463-428e-b7ed-6ce6634a2fc8;L-efb5d6b6-99eb-45cc-b25a-b722dcc164e2;L-f46b2fb5-51bb-4272-8e3f-f35c0a147af1;L-f504eb9d-7b44-4f82-817d-70a16983d923;L-f704a427-4a36-43c0-89bf-3e821b969f38;L-f9a41034-a05a-43aa-b6df-d9ad7e9b09e4;L-fe712b04-8857-40b0-95f3-17d8812dabfc,lobbying_external_fees,sum,Amazon,2021,,,1;2;3;4,,,KEEP
FE-Amazon-2022,5175000.00,https://lda.gov/filings/public/filing/0a8a8333-4c92-482d-b968-b8dfc6c4aea2/print/,2026-09-14,"{""L-0a8a8333-4c92-482d-b968-b8dfc6c4aea2"": ""{\""filing_uuid\"":\""0a8a8333-4c92-482d-b968-b8dfc6c4aea2\"",\""filing_type\"":\""Q2\"",\""filing_year\"":2022,\""filing_period\"":\""second_quarter\"",\""income\"":\""30000.00\"",\""expenses\"":null}"", ""L-0e57e228-1560-4464-b175-d2f48b15ea99"": ""{\""filing_uuid\"":\""0e57e228-1560-4464-b175-d2f48b15ea99\"",\""filing_type\"":\""Q4\"",\""filing_year\"":2022,\""filing_period\"":\""fourth_quarter\"",\""income\"":\""60000.00\"",\""expenses\"":null}"", ""L-126a9eff-fde9-40d9-b8e8-3b6c311a05e7"": ""{\""filing_uuid\"":\""126a9eff-fde9-40d9-b8e8-3b6c311a05e7\"",\""filing_type\"":\""Q3\"",\""filing_year\"":2022,\""filing_period\"":\""third_quarter\"",\""income\"":\""60000.00\"",\""expenses\"":null}"", ""L-1313037b-38b3-454d-840a-26e7f18446fb"": ""{\""filing_uuid\"":\""1313037b-38b3-454d-840a-26e7f18446fb\"",\""filing_type\"":\""Q2\"",\""filing_year\"":2022,\""filing_period\"":\""second_quarter\"",\""income\"":\""30000.00\"",\""expenses\"":null}"", ""L-137c32b3-a40c-4ff3-b896-bdb449ddb518"": ""{\""filing_uuid\"":\""137c32b3-a40c-4ff3-b896-bdb449ddb518\"",\""filing_type\"":\""Q2\"",\""filing_year\"":2022,\""filing_period\"":\""second_quarter\"",\""income\"":\""30000.00\"",\""expenses\"":null}"", ""L-1bcd208f-652f-45f8-8595-060d5e94ad1d"": ""{\""filing_uuid\"":\""1bcd208f-652f-45f8-8595-060d5e94ad1d\"",\""filing_type\"":\""Q1\"",\""filing_year\"":2022,\""filing_period\"":\""first_quarter\"",\""income\"":\""75000.00\"",\""expenses\"":null}"", ""L-1f6a77b7-f866-42e6-8f41-fe1e38323938"": ""{\""filing_uuid\"":\""1f6a77b7-f866-42e6-8f41-fe1e38323938\"",\""filing_type\"":\""Q3\"",\""filing_year\"":2022,\""filing_period\"":\""third_quarter\"",\""income\"":\""80000.00\"",\""expenses\"":null}"", ""L-20efc7c0-47eb-4012-9b98-052ec0a1f589"": ""{\""filing_uuid\"":\""20efc7c0-47eb-4012-9b98-052ec0a1f589\"",\""filing_type\"":\""Q1\"",\""filing_year\"":2022,\""filing_period\"":\""first_quarter\"",\""income\"":\""10000.00\"",\""expenses\"":null}"", ""L-21f441d0-7d73-4e6a-9565-02a658a1e492"": ""{\""filing_uuid\"":\""21f441d0-7d73-4e6a-9565-02a658a1e492\"",\""filing_type\"":\""Q2\"",\""filing_year\"":2022,\""filing_period\"":\""second_quarter\"",\""income\"":\""80000.00\"",\""expenses\"":null}"", ""L-23734b14-4219-4d62-899b-ebd183b4e36b"": ""{\""filing_uuid\"":\""23734b14-4219-4d62-899b-ebd183b4e36b\"",\""filing_type\"":\""Q4\"",\""filing_year\"":2022,\""filing_period\"":\""fourth_quarter\"",\""income\"":\""50000.00\"",\""expenses\"":null}"", ""L-2bf3728d-f660-4a1c-b77c-be90a56ec274"": ""{\""filing_uuid\"":\""2bf3728d-f660-4a1c-b77c-be90a56ec274\"",\""filing_type\"":\""Q1\"",\""filing_year\"":2022,\""filing_period\"":\""first_quarter\"",\""income\"":\""60000.00\"",\""expenses\"":null}"", ""L-2d4d1996-a597-49da-bf06-422f907f6a3d"": ""{\""filing_uuid\"":\""2d4d1996-a597-49da-bf06-422f907f6a3d\"",\""filing_type\"":\""Q4\"",\""filing_year\"":2022,\""filing_period\"":\""fourth_quarter\"",\""income\"":\""75000.00\"",\""expenses\"":null}"", ""L-2e1fdb5a-85d7-4b10-bc90-3d14cfd51e8f"": ""{\""filing_uuid\"":\""2e1fdb5a-85d7-4b10-bc90-3d14cfd51e8f\"",\""filing_type\"":\""Q2\"",\""filing_year\"":2022,\""filing_period\"":\""second_quarter\"",\""income\"":\""60000.00\"",\""expenses\"":null}"", ""L-2f57da18-8382-4878-802d-d0b63b505bb2"": ""{\""filing_uuid\"":\""2f57da18-8382-4878-802d-d0b63b505bb2\"",\""filing_type\"":\""Q4\"",\""filing_year\"":2022,\""filing_period\"":\""fourth_quarter\"",\""income\"":\""90000.00\"",\""expenses\"":null}"", ""L-3072e9a0-aba1-4a72-bcae-dd1184dba508"": ""{\""filing_uuid\"":\""3072e9a0-aba1-4a72-bcae-dd1184dba508\"",\""filing_type\"":\""Q3\"",\""filing_year\"":2022,\""filing_period\"":\""third_quarter\"",\""income\"":\""50000.00\"",\""expenses\"":null}"", ""L-308bd2ff-1976-4071-af44-58499663e011"": ""{\""filing_uuid\"":\""308bd2ff-1976-4071-af44-58499663e011\"",\""filing_type\"":\""Q1\"",\""filing_year\"":2022,\""filing_period\"":\""first_quarter\"",\""income\"":\""50000.00\"",\""expenses\"":null}"", ""L-328fa197-d5fe-47d1-8bef-3a8c972c261c"": ""{\""filing_uuid\"":\""328fa197-d5fe-47d1-8bef-3a8c972c261c\"",\""filing_type\"":\""Q2\"",\""filing_year\"":2022,\""filing_period\"":\""second_quarter\"",\""income\"":\""50000.00\"",\""expenses\"":null}"", ""L-351ce5d2-955d-49c1-bb92-867b7c39b4de"": ""{\""filing_uuid\"":\""351ce5d2-955d-49c1-bb92-867b7c39b4de\"",\""filing_type\"":\""Q2\"",\""filing_year\"":2022,\""filing_period\"":\""second_quarter\"",\""income\"":\""50000.00\"",\""expenses\"":null}"", ""L-3548a802-36b0-4864-9775-dfb582945c0b"": ""{\""filing_uuid\"":\""3548a802-36b0-4864-9775-dfb582945c0b\"",\""filing_type\"":\""Q3\"",\""filing_year\"":2022,\""filing_period\"":\""third_quarter\"",\""income\"":\""50000.00\"",\""expenses\"":null}"", ""L-394e059f-29b3-41be-a90c-afcadef72fa1"": ""{\""filing_uuid\"":\""394e059f-29b3-41be-a90c-afcadef72fa1\"",\""filing_type\"":\""Q2\"",\""filing_year\"":2022,\""filing_period\"":\""second_quarter\"",\""income\"":\""50000.00\"",\""expenses\"":null}"", ""L-39bd0904-a6cb-4b97-82e5-237350eb430d"": ""{\""filing_uuid\"":\""39bd0904-a6cb-4b97-82e5-237350eb430d\"",\""filing_type\"":\""Q3\"",\""filing_year\"":2022,\""filing_period\"":\""third_quarter\"",\""income\"":\""30000.00\"",\""expenses\"":null}"", ""L-3b4a817b-4c7c-4ef1-b406-991de9052cf7"": ""{\""filing_uuid\"":\""3b4a817b-4c7c-4ef1-b406-991de9052cf7\"",\""filing_type\"":\""Q3\"",\""filing_year\"":2022,\""filing_period\"":\""third_quarter\"",\""income\"":\""10000.00\"",\""expenses\"":null}"", ""L-3d12d9b3-20f9-4e2b-bca0-09314a7e8fae"": ""{\""filing_uuid\"":\""3d12d9b3-20f9-4e2b-bca0-09314a7e8fae\"",\""filing_type\"":\""Q4\"",\""filing_year\"":2022,\""filing_period\"":\""fourth_quarter\"",\""income\"":\""50000.00\"",\""expenses\"":null}"", ""L-3e646c30-b54c-491d-a500-f096aebc75ca"": ""{\""filing_uuid\"":\""3e646c30-b54c-491d-a500-f096aebc75ca\"",\""filing_type\"":\""Q2\"",\""filing_year\"":2022,\""filing_period\"":\""second_quarter\"",\""income\"":\""60000.00\"",\""expenses\"":null}"", ""L-3f2c375b-f89d-40c2-a704-a68a669d16d5"": ""{\""filing_uuid\"":\""3f2c375b-f89d-40c2-a704-a68a669d16d5\"",\""filing_type\"":\""Q4\"",\""filing_year\"":2022,\""filing_period\"":\""fourth_quarter\"",\""income\"":\""40000.00\"",\""expenses\"":null}"", ""L-40d26740-2d01-4ecf-8354-7a005bbab636"": ""{\""filing_uuid\"":\""40d26740-2d01-4ecf-8354-7a005bbab636\"",\""filing_type\"":\""Q4\"",\""filing_year\"":2022,\""filing_period\"":\""fourth_quarter\"",\""income\"":\""60000.00\"",\""expenses\"":null}"", ""L-480f9407-6195-45a4-88b7-eaa622197dd6"": ""{\""filing_uuid\"":\""480f9407-6195-45a4-88b7-eaa622197dd6\"",\""filing_type\"":\""1A\"",\""filing_year\"":2022,\""filing_period\"":\""first_quarter\"",\""income\"":\""20000.00\"",\""expenses\"":null}"", ""L-48d95115-083b-4319-9b54-3478c4fa2f0a"": ""{\""filing_uuid\"":\""48d95115-083b-4319-9b54-3478c4fa2f0a\"",\""filing_type\"":\""Q2\"",\""filing_year\"":2022,\""filing_period\"":\""second_quarter\"",\""income\"":\""75000.00\"",\""expenses\"":null}"", ""L-4918c571-65bc-4836-a8cc-1dee788af617"": ""{\""filing_uuid\"":\""4918c571-65bc-4836-a8cc-1dee788af617\"",\""filing_type\"":\""Q3\"",\""filing_year\"":2022,\""filing_period\"":\""third_quarter\"",\""income\"":\""40000.00\"",\""expenses\"":null}"", ""L-49436976-9f2b-42ad-b960-8a5ba8ddc204"": ""{\""filing_uuid\"":\""49436976-9f2b-42ad-b960-8a5ba8ddc204\"",\""filing_type\"":\""Q2\"",\""filing_year\"":2022,\""filing_period\"":\""second_quarter\"",\""income\"":\""50000.00\"",\""expenses\"":null}"", ""L-4d1e268d-3299-494c-93ef-33b76f9d17b3"": ""{\""filing_uuid\"":\""4d1e268d-3299-494c-93ef-33b76f9d17b3\"",\""filing_type\"":\""Q2\"",\""filing_year\"":2022,\""filing_period\"":\""second_quarter\"",\""income\"":\""40000.00\"",\""expenses\"":null}"", ""L-4e73054d-02e0-4f22-b200-2df8cb568c96"": ""{\""filing_uuid\"":\""4e73054d-02e0-4f22-b200-2df8cb568c96\"",\""filing_type\"":\""Q3\"",\""filing_year\"":2022,\""filing_period\"":\""third_quarter\"",\""income\"":\""50000.00\"",\""expenses\"":null}"", ""L-568a746f-4e2e-406e-b101-02a885af111f"": ""{\""filing_uuid\"":\""568a746f-4e2e-406e-b101-02a885af111f\"",\""filing_type\"":\""Q1\"",\""filing_year\"":2022,\""filing_period\"":\""first_quarter\"",\""income\"":\""40000.00\"",\""expenses\"":null}"", ""L-579f0f33-5141-4213-8d94-7f5cb02b5691"": ""{\""filing_uuid\"":\""579f0f33-5141-4213-8d94-7f5cb02b5691\"",\""filing_type\"":\""Q2\"",\""filing_year\"":2022,\""filing_period\"":\""second_quarter\"",\""income\"":\""60000.00\"",\""expenses\"":null}"", ""L-59a05008-853a-43ad-9f95-a978fcb245b9"": ""{\""filing_uuid\"":\""59a05008-853a-43ad-9f95-a978fcb245b9\"",\""filing_type\"":\""Q3\"",\""filing_year\"":2022,\""filing_period\"":\""third_quarter\"",\""income\"":\""20000.00\"",\""expenses\"":null}"", ""L-5f04c675-cc8d-4c62-b315-6ce3634d15ab"": ""{\""filing_uuid\"":\""5f04c675-cc8d-4c62-b315-6ce3634d15ab\"",\""filing_type\"":\""Q1\"",\""filing_year\"":2022,\""filing_period\"":\""first_quarter\"",\""income\"":\""60000.00\"",\""expenses\"":null}"", ""L-60277dde-7ab4-4d1a-8700-053392350955"": ""{\""filing_uuid\"":\""60277dde-7ab4-4d1a-8700-053392350955\"",\""filing_type\"":\""Q1\"",\""filing_year\"":2022,\""filing_period\"":\""first_quarter\"",\""income\"":\""60000.00\"",\""expenses\"":null}"", ""L-60434f57-ffa8-48c4-a3e6-841ff7949bc5"": ""{\""filing_uuid\"":\""60434f57-ffa8-48c4-a3e6-841ff7949bc5\"",\""filing_type\"":\""Q3\"",\""filing_year\"":2022,\""filing_period\"":\""third_quarter\"",\""income\"":\""30000.00\"",\""expenses\"":null}"", ""L-60ca43ba-2e00-487e-b60c-a1a7a9b7006a"": ""{\""filing_uuid\"":\""60ca43ba-2e00-487e-b60c-a1a7a9b7006a\"",\""filing_type\"":\""Q1\"",\""filing_year\"":2022,\""filing_period\"":\""first_quarter\"",\""income\"":\""90000.00\"",\""expenses\"":null}"", ""L-62848d79-d186-4fae-99c5-fe6cd75e7bfc"": ""{\""filing_uuid\"":\""62848d79-d186-4fae-99c5-fe6cd75e7bfc\"",\""filing_type\"":\""Q3\"",\""filing_year\"":2022,\""filing_period\"":\""third_quarter\"",\""income\"":\""50000.00\"",\""expenses\"":null}"", ""L-63316715-7a0d-472b-83e6-f51978377a2a"": ""{\""filing_uuid\"":\""63316715-7a0d-472b-83e6-f51978377a2a\"",\""filing_type\"":\""Q4\"",\""filing_year\"":2022,\""filing_period\"":\""fourth_quarter\"",\""income\"":\""50000.00\"",\""expenses\"":null}"", ""L-63c50c7a-2646-4059-9b30-8129c75626b1"": ""{\""filing_uuid\"":\""63c50c7a-2646-4059-9b30-8129c75626b1\"",\""filing_type\"":\""Q1\"",\""filing_year\"":2022,\""filing_period\"":\""first_quarter\"",\""income\"":\""50000.00\"",\""expenses\"":null}"", ""L-660ba162-6d2d-4e1c-a1f2-f80185e0714c"": ""{\""filing_uuid\"":\""660ba162-6d2d-4e1c-a1f2-f80185e0714c\"",\""filing_type\"":\""Q1\"",\""filing_year\"":2022,\""filing_period\"":\""first_quarter\"",\""income\"":\""60000.00\"",\""expenses\"":null}"", ""L-66128dad-2194-4bca-bd93-e9a6aba4bf2d"": ""{\""filing_uuid\"":\""66128dad-2194-4bca-bd93-e9a6aba4bf2d\"",\""filing_type\"":\""Q3\"",\""filing_year\"":2022,\""filing_period\"":\""third_quarter\"",\""income\"":\""60000.00\"",\""expenses\"":null}"", ""L-678c1ee4-eadb-41bd-9608-8731aa8fe2e7"": ""{\""filing_uuid\"":\""678c1ee4-eadb-41bd-9608-8731aa8fe2e7\"",\""filing_type\"":\""Q3\"",\""filing_year\"":2022,\""filing_period\"":\""third_quarter\"",\""income\"":\""60000.00\"",\""expenses\"":null}"", ""L-690b66e5-ae90-424e-9d94-19205659ee9e"": ""{\""filing_uuid\"":\""690b66e5-ae90-424e-9d94-19205659ee9e\"",\""filing_type\"":\""Q2\"",\""filing_year\"":2022,\""filing_period\"":\""second_quarter\"",\""income\"":\""50000.00\"",\""expenses\"":null}"", ""L-6ba2771e-494f-4851-bb43-2101d8a55fcb"": ""{\""filing_uuid\"":\""6ba2771e-494f-4851-bb43-2101d8a55fcb\"",\""filing_type\"":\""Q3\"",\""filing_year\"":2022,\""filing_period\"":\""third_quarter\"",\""income\"":\""30000.00\"",\""expenses\"":null}"", ""L-6bfdbc31-df24-4af4-8752-6a4a3577d812"": ""{\""filing_uuid\"":\""6bfdbc31-df24-4af4-8752-6a4a3577d812\"",\""filing_type\"":\""Q2\"",\""filing_year\"":2022,\""filing_period\"":\""second_quarter\"",\""income\"":\""50000.00\"",\""expenses\"":null}"", ""L-6c14833d-d6bb-4a77-854b-995da8972f82"": ""{\""filing_uuid\"":\""6c14833d-d6bb-4a77-854b-995da8972f82\"",\""filing_type\"":\""Q1\"",\""filing_year\"":2022,\""filing_period\"":\""first_quarter\"",\""income\"":\""50000.00\"",\""expenses\"":null}"", ""L-759ed1bd-47ab-41fd-9b99-09e1e6cc0821"": ""{\""filing_uuid\"":\""759ed1bd-47ab-41fd-9b99-09e1e6cc0821\"",\""filing_type\"":\""Q4\"",\""filing_year\"":2022,\""filing_period\"":\""fourth_quarter\"",\""income\"":\""50000.00\"",\""expenses\"":null}"", ""L-7d0bfdb1-3f33-4ea9-9724-68c7d432e1e4"": ""{\""filing_uuid\"":\""7d0bfdb1-3f33-4ea9-9724-68c7d432e1e4\"",\""filing_type\"":\""Q4\"",\""filing_year\"":2022,\""filing_period\"":\""fourth_quarter\"",\""income\"":\""10000.00\"",\""expenses\"":null}"", ""L-7e90d810-f50e-4ac1-8e58-3353a1deb391"": ""{\""filing_uuid\"":\""7e90d810-f50e-4ac1-8e58-3353a1deb391\"",\""filing_type\"":\""Q3\"",\""filing_year\"":2022,\""filing_period\"":\""third_quarter\"",\""income\"":\""20000.00\"",\""expenses\"":null}"", ""L-805706f1-1282-4a8f-b2ff-a9868a450050"": ""{\""filing_uuid\"":\""805706f1-1282-4a8f-b2ff-a9868a450050\"",\""filing_type\"":\""Q3\"",\""filing_year\"":2022,\""filing_period\"":\""third_quarter\"",\""income\"":\""75000.00\"",\""expenses\"":null}"", ""L-80b41dd8-767c-4706-9508-5c5ec9e63450"": ""{\""filing_uuid\"":\""80b41dd8-767c-4706-9508-5c5ec9e63450\"",\""filing_type\"":\""Q1\"",\""filing_year\"":2022,\""filing_period\"":\""first_quarter\"",\""income\"":\""50000.00\"",\""expenses\"":null}"", ""L-81860f72-c6da-4737-9053-3ba2f47f16ca"": ""{\""filing_uuid\"":\""81860f72-c6da-4737-9053-3ba2f47f16ca\"",\""filing_type\"":\""Q4\"",\""filing_year\"":2022,\""filing_period\"":\""fourth_quarter\"",\""income\"":\""50000.00\"",\""expenses\"":null}"", ""L-841b19fd-eb7b-4632-9b4f-1fd38196640d"": ""{\""filing_uuid\"":\""841b19fd-eb7b-4632-9b4f-1fd38196640d\"",\""filing_type\"":\""Q4\"",\""filing_year\"":2022,\""filing_period\"":\""fourth_quarter\"",\""income\"":\""20000.00\"",\""expenses\"":null}"", ""L-85ca4dd6-741e-4a9e-b61e-2391878d68b9"": ""{\""filing_uuid\"":\""85ca4dd6-741e-4a9e-b61e-2391878d68b9\"",\""filing_type\"":\""Q1\"",\""filing_year\"":2022,\""filing_period\"":\""first_quarter\"",\""income\"":\""50000.00\"",\""expenses\"":null}"", ""L-87867dfa-d192-453c-b876-20dea79ed8c9"": ""{\""filing_uuid\"":\""87867dfa-d192-453c-b876-20dea79ed8c9\"",\""filing_type\"":\""Q1\"",\""filing_year\"":2022,\""filing_period\"":\""first_quarter\"",\""income\"":\""20000.00\"",\""expenses\"":null}"", ""L-87d9abf3-49ec-4412-8a09-827211b5b0e3"": ""{\""filing_uuid\"":\""87d9abf3-49ec-4412-8a09-827211b5b0e3\"",\""filing_type\"":\""Q1\"",\""filing_year\"":2022,\""filing_period\"":\""first_quarter\"",\""income\"":\""50000.00\"",\""expenses\"":null}"", ""L-89745454-472b-45f1-97f4-d68d1d0d0d43"": ""{\""filing_uuid\"":\""89745454-472b-45f1-97f4-d68d1d0d0d43\"",\""filing_type\"":\""Q4\"",\""filing_year\"":2022,\""filing_period\"":\""fourth_quarter\"",\""income\"":\""30000.00\"",\""expenses\"":null}"", ""L-8d091606-ebb4-4eed-879e-2c5579c18214"": ""{\""filing_uuid\"":\""8d091606-ebb4-4eed-879e-2c5579c18214\"",\""filing_type\"":\""Q3\"",\""filing_year\"":2022,\""filing_period\"":\""third_quarter\"",\""income\"":\""50000.00\"",\""expenses\"":null}"", ""L-8e00a8ce-1113-49f8-a61c-bf367f1d1279"": ""{\""filing_uuid\"":\""8e00a8ce-1113-49f8-a61c-bf367f1d1279\"",\""filing_type\"":\""Q2\"",\""filing_year\"":2022,\""filing_period\"":\""second_quarter\"",\""income\"":\""10000.00\"",\""expenses\"":null}"", ""L-8ec87977-433c-4c4d-9f2f-345b8fe306cb"": ""{\""filing_uuid\"":\""8ec87977-433c-4c4d-9f2f-345b8fe306cb\"",\""filing_type\"":\""Q4\"",\""filing_year\"":2022,\""filing_period\"":\""fourth_quarter\"",\""income\"":\""50000.00\"",\""expenses\"":null}"", ""L-8f5da725-f7af-40c3-a70f-8bd65c7c394e"": ""{\""filing_uuid\"":\""8f5da725-f7af-40c3-a70f-8bd65c7c394e\"",\""filing_type\"":\""Q4\"",\""filing_year\"":2022,\""filing_period\"":\""fourth_quarter\"",\""income\"":\""80000.00\"",\""expenses\"":null}"", ""L-907b7e07-d9d4-4431-8672-756c1da2c9cc"": ""{\""filing_uuid\"":\""907b7e07-d9d4-4431-8672-756c1da2c9cc\"",\""filing_type\"":\""Q4\"",\""filing_year\"":2022,\""filing_period\"":\""fourth_quarter\"",\""income\"":\""50000.00\"",\""expenses\"":null}"", ""L-936adcc8-f36f-4e75-ab38-69920afc19ba"": ""{\""filing_uuid\"":\""936adcc8-f36f-4e75-ab38-69920afc19ba\"",\""filing_type\"":\""4T\"",\""filing_year\"":2022,\""filing_period\"":\""fourth_quarter\"",\""income\"":\""20000.00\"",\""expenses\"":null}"", ""L-9a1acc45-19b4-43c6-b0f5-e0c5d13aa419"": ""{\""filing_uuid\"":\""9a1acc45-19b4-43c6-b0f5-e0c5d13aa419\"",\""filing_type\"":\""Q2\"",\""filing_year\"":2022,\""filing_period\"":\""second_quarter\"",\""income\"":\""50000.00\"",\""expenses\"":null}"", ""L-9d4387ce-c523-4d34-8dfb-f862905e774f"": ""{\""filing_uuid\"":\""9d4387ce-c523-4d34-8dfb-f862905e774f\"",\""filing_type\"":\""Q4\"",\""filing_year\"":2022,\""filing_period\"":\""fourth_quarter\"",\""income\"":\""20000.00\"",\""expenses\"":null}"", ""L-a55bc828-e24d-4afb-b606-e8e7021ff516"": ""{\""filing_uuid\"":\""a55bc828-e24d-4afb-b606-e8e7021ff516\"",\""filing_type\"":\""Q1\"",\""filing_year\"":2022,\""filing_period\"":\""first_quarter\"",\""income\"":\""30000.00\"",\""expenses\"":null}"", ""L-a6269567-a39b-4624-88f5-b5d900299e00"": ""{\""filing_uuid\"":\""a6269567-a39b-4624-88f5-b5d900299e00\"",\""filing_type\"":\""Q1\"",\""filing_year\"":2022,\""filing_period\"":\""first_quarter\"",\""income\"":\""10000.00\"",\""expenses\"":null}"", ""L-a6b909e2-b066-42d8-ae7d-26ca78a10669"": ""{\""filing_uuid\"":\""a6b909e2-b066-42d8-ae7d-26ca78a10669\"",\""filing_type\"":\""Q4\"",\""filing_year\"":2022,\""filing_period\"":\""fourth_quarter\"",\""income\"":\""80000.00\"",\""expenses\"":null}"", ""L-a778f8f2-1ac7-4e93-8139-a51bcfe6072f"": ""{\""filing_uuid\"":\""a778f8f2-1ac7-4e93-8139-a51bcfe6072f\"",\""filing_type\"":\""Q4\"",\""filing_year\"":2022,\""filing_period\"":\""fourth_quarter\"",\""income\"":\""50000.00\"",\""expenses\"":null}"", ""L-a844795e-e6d3-4c2a-a311-8d8bc1d9421d"": ""{\""filing_uuid\"":\""a844795e-e6d3-4c2a-a311-8d8bc1d9421d\"",\""filing_type\"":\""Q3\"",\""filing_year\"":2022,\""filing_period\"":\""third_quarter\"",\""income\"":\""50000.00\"",\""expenses\"":null}"", ""L-b0f6d26e-4682-4d93-9550-5702c4422301"": ""{\""filing_uuid\"":\""b0f6d26e-4682-4d93-9550-5702c4422301\"",\""filing_type\"":\""Q1\"",\""filing_year\"":2022,\""filing_period\"":\""first_quarter\"",\""income\"":\""50000.00\"",\""expenses\"":null}"", ""L-b19d0251-6b16-4094-92e5-5f152fb548be"": ""{\""filing_uuid\"":\""b19d0251-6b16-4094-92e5-5f152fb548be\"",\""filing_type\"":\""Q4Y\"",\""filing_year\"":2022,\""filing_period\"":\""fourth_quarter\"",\""income\"":\""15000.00\"",\""expenses\"":null}"", ""L-b387acbb-6f13-4f9d-b93b-b97e3255b8eb"": ""{\""filing_uuid\"":\""b387acbb-6f13-4f9d-b93b-b97e3255b8eb\"",\""filing_type\"":\""Q3\"",\""filing_year\"":2022,\""filing_period\"":\""third_quarter\"",\""income\"":\""90000.00\"",\""expenses\"":null}"", ""L-b848de2e-8d3a-4c66-ab8e-60197cbb56d2"": ""{\""filing_uuid\"":\""b848de2e-8d3a-4c66-ab8e-60197cbb56d2\"",\""filing_type\"":\""4T\"",\""filing_year\"":2022,\""filing_period\"":\""fourth_quarter\"",\""income\"":\""50000.00\"",\""expenses\"":null}"", ""L-bb27057e-3890-4abe-a71a-83486bc1cbd7"": ""{\""filing_uuid\"":\""bb27057e-3890-4abe-a71a-83486bc1cbd7\"",\""filing_type\"":\""Q2\"",\""filing_year\"":2022,\""filing_period\"":\""second_quarter\"",\""income\"":\""60000.00\"",\""expenses\"":null}"", ""L-bd7659bd-f13d-41a8-8e65-d32c396136ac"": ""{\""filing_uuid\"":\""bd7659bd-f13d-41a8-8e65-d32c396136ac\"",\""filing_type\"":\""Q4\"",\""filing_year\"":2022,\""filing_period\"":\""fourth_quarter\"",\""income\"":\""60000.00\"",\""expenses\"":null}"", ""L-bf6dc914-af8c-4724-8f09-08da645a18b0"": ""{\""filing_uuid\"":\""bf6dc914-af8c-4724-8f09-08da645a18b0\"",\""filing_type\"":\""Q4\"",\""filing_year\"":2022,\""filing_period\"":\""fourth_quarter\"",\""income\"":\""50000.00\"",\""expenses\"":null}"", ""L-c159c03b-0381-4b7e-a79e-436c2c2071ea"": ""{\""filing_uuid\"":\""c159c03b-0381-4b7e-a79e-436c2c2071ea\"",\""filing_type\"":\""Q4\"",\""filing_year\"":2022,\""filing_period\"":\""fourth_quarter\"",\""income\"":\""30000.00\"",\""expenses\"":null}"", ""L-c1e38ce2-5d45-4cbb-a6aa-3550cb517a05"": ""{\""filing_uuid\"":\""c1e38ce2-5d45-4cbb-a6aa-3550cb517a05\"",\""filing_type\"":\""Q1\"",\""filing_year\"":2022,\""filing_period\"":\""first_quarter\"",\""income\"":\""20000.00\"",\""expenses\"":null}"", ""L-c3a0c78a-45ea-47c4-93b8-53cb99c874ff"": ""{\""filing_uuid\"":\""c3a0c78a-45ea-47c4-93b8-53cb99c874ff\"",\""filing_type\"":\""Q3\"",\""filing_year\"":2022,\""filing_period\"":\""third_quarter\"",\""income\"":\""60000.00\"",\""expenses\"":null}"", ""L-c6002597-5456-424e-af50-e60a282d29ab"": ""{\""filing_uuid\"":\""c6002597-5456-424e-af50-e60a282d29ab\"",\""filing_type\"":\""Q3\"",\""filing_year\"":2022,\""filing_period\"":\""third_quarter\"",\""income\"":\""60000.00\"",\""expenses\"":null}"", ""L-c6b84c09-7249-4c4f-b792-40a61fbaa045"": ""{\""filing_uuid\"":\""c6b84c09-7249-4c4f-b792-40a61fbaa045\"",\""filing_type\"":\""Q2\"",\""filing_year\"":2022,\""filing_period\"":\""second_quarter\"",\""income\"":\""60000.00\"",\""expenses\"":null}"", ""L-ca23bf0b-84e6-449e-95af-77ed8885dedb"": ""{\""filing_uuid\"":\""ca23bf0b-84e6-449e-95af-77ed8885dedb\"",\""filing_type\"":\""Q3\"",\""filing_year\"":2022,\""filing_period\"":\""third_quarter\"",\""income\"":\""50000.00\"",\""expenses\"":null}"", ""L-cee0001e-fbd2-4d45-8974-9299409388e6"": ""{\""filing_uuid\"":\""cee0001e-fbd2-4d45-8974-9299409388e6\"",\""filing_type\"":\""Q1\"",\""filing_year\"":2022,\""filing_period\"":\""first_quarter\"",\""income\"":\""30000.00\"",\""expenses\"":null}"", ""L-cf331862-f6d2-4f69-9016-bfe9a98a059b"": ""{\""filing_uuid\"":\""cf331862-f6d2-4f69-9016-bfe9a98a059b\"",\""filing_type\"":\""Q2\"",\""filing_year\"":2022,\""filing_period\"":\""second_quarter\"",\""income\"":\""50000.00\"",\""expenses\"":null}"", ""L-cf5bb301-7eda-4d63-aea6-800289049626"": ""{\""filing_uuid\"":\""cf5bb301-7eda-4d63-aea6-800289049626\"",\""filing_type\"":\""Q4\"",\""filing_year\"":2022,\""filing_period\"":\""fourth_quarter\"",\""income\"":\""30000.00\"",\""expenses\"":null}"", ""L-d018dc66-50fc-42eb-9481-b7a57997cd74"": ""{\""filing_uuid\"":\""d018dc66-50fc-42eb-9481-b7a57997cd74\"",\""filing_type\"":\""Q4\"",\""filing_year\"":2022,\""filing_period\"":\""fourth_quarter\"",\""income\"":\""50000.00\"",\""expenses\"":null}"", ""L-d2fecdb6-761b-4b4a-b4e1-0bb4253d4ca7"": ""{\""filing_uuid\"":\""d2fecdb6-761b-4b4a-b4e1-0bb4253d4ca7\"",\""filing_type\"":\""Q2\"",\""filing_year\"":2022,\""filing_period\"":\""second_quarter\"",\""income\"":\""90000.00\"",\""expenses\"":null}"", ""L-d6808d85-7a24-4114-ae2d-c6ea54476231"": ""{\""filing_uuid\"":\""d6808d85-7a24-4114-ae2d-c6ea54476231\"",\""filing_type\"":\""Q1\"",\""filing_year\"":2022,\""filing_period\"":\""first_quarter\"",\""income\"":\""60000.00\"",\""expenses\"":null}"", ""L-d7078bb8-53f3-4da0-87d5-bcedf741c7d4"": ""{\""filing_uuid\"":\""d7078bb8-53f3-4da0-87d5-bcedf741c7d4\"",\""filing_type\"":\""Q1\"",\""filing_year\"":2022,\""filing_period\"":\""first_quarter\"",\""income\"":\""60000.00\"",\""expenses\"":null}"", ""L-d79a335f-6288-458b-8c43-9ae3f3191606"": ""{\""filing_uuid\"":\""d79a335f-6288-458b-8c43-9ae3f3191606\"",\""filing_type\"":\""Q1\"",\""filing_year\"":2022,\""filing_period\"":\""first_quarter\"",\""income\"":\""50000.00\"",\""expenses\"":null}"", ""L-d86d181d-c397-4e40-b55b-ea8bfc1f2874"": ""{\""filing_uuid\"":\""d86d181d-c397-4e40-b55b-ea8bfc1f2874\"",\""filing_type\"":\""Q4\"",\""filing_year\"":2022,\""filing_period\"":\""fourth_quarter\"",\""income\"":\""60000.00\"",\""expenses\"":null}"", ""L-dbe2c85a-b7b8-41dd-b8cb-9e9d296184bd"": ""{\""filing_uuid\"":\""dbe2c85a-b7b8-41dd-b8cb-9e9d296184bd\"",\""filing_type\"":\""3A\"",\""filing_year\"":2022,\""filing_period\"":\""third_quarter\"",\""income\"":\""60000.00\"",\""expenses\"":null}"", ""L-e41394d1-a408-4aad-9a76-8022c4a4bee3"": ""{\""filing_uuid\"":\""e41394d1-a408-4aad-9a76-8022c4a4bee3\"",\""filing_type\"":\""Q3\"",\""filing_year\"":2022,\""filing_period\"":\""third_quarter\"",\""income\"":\""60000.00\"",\""expenses\"":null}"", ""L-e53b59b7-be12-4165-a8c4-62ffe94265ab"": ""{\""filing_uuid\"":\""e53b59b7-be12-4165-a8c4-62ffe94265ab\"",\""filing_type\"":\""Q2\"",\""filing_year\"":2022,\""filing_period\"":\""second_quarter\"",\""income\"":\""30000.00\"",\""expenses\"":null}"", ""L-eb024c4e-f4ad-4d03-9069-9d2b99adbbc4"": ""{\""filing_uuid\"":\""eb024c4e-f4ad-4d03-9069-9d2b99adbbc4\"",\""filing_type\"":\""Q1\"",\""filing_year\"":2022,\""filing_period\"":\""first_quarter\"",\""income\"":\""80000.00\"",\""expenses\"":null}"", ""L-ebd30c82-4b3a-4eb7-b169-4367c002d12a"": ""{\""filing_uuid\"":\""ebd30c82-4b3a-4eb7-b169-4367c002d12a\"",\""filing_type\"":\""Q2\"",\""filing_year\"":2022,\""filing_period\"":\""second_quarter\"",\""income\"":\""20000.00\"",\""expenses\"":null}"", ""L-f3d996dd-e902-4150-9af3-7ab22f28e784"": ""{\""filing_uuid\"":\""f3d996dd-e902-4150-9af3-7ab22f28e784\"",\""filing_type\"":\""Q3\"",\""filing_year\"":2022,\""filing_period\"":\""third_quarter\"",\""income\"":\""50000.00\"",\""expenses\"":null}"", ""L-f5e9fe79-f696-47f5-afc0-b0924ca91171"": ""{\""filing_uuid\"":\""f5e9fe79-f696-47f5-afc0-b0924ca91171\"",\""filing_type\"":\""Q2\"",\""filing_year\"":2022,\""filing_period\"":\""second_quarter\"",\""income\"":\""60000.00\"",\""expenses\"":null}"", ""L-fcfa1f6a-7928-48d1-a7f7-a043531c28f7"": ""{\""filing_uuid\"":\""fcfa1f6a-7928-48d1-a7f7-a043531c28f7\"",\""filing_type\"":\""Q2\"",\""filing_year\"":2022,\""filing_period\"":\""second_quarter\"",\""income\"":\""60000.00\"",\""expenses\"":null}"", ""L-fd778bf0-bd24-409c-b048-7e07093c9abd"": ""{\""filing_uuid\"":\""fd778bf0-bd24-409c-b048-7e07093c9abd\"",\""filing_type\"":\""Q3\"",\""filing_year\"":2022,\""filing_period\"":\""third_quarter\"",\""income\"":\""50000.00\"",\""expenses\"":null}"", ""L-ff424504-2c46-408c-a323-741399cfd1d4"": ""{\""filing_uuid\"":\""ff424504-2c46-408c-a323-741399cfd1d4\"",\""filing_type\"":\""Q4\"",\""filing_year\"":2022,\""filing_period\"":\""fourth_quarter\"",\""income\"":\""60000.00\"",\""expenses\"":null}"", ""L-ffb5af94-d1ae-41ab-96d4-0365a9da5406"": ""{\""filing_uuid\"":\""ffb5af94-d1ae-41ab-96d4-0365a9da5406\"",\""filing_type\"":\""Q3\"",\""filing_year\"":2022,\""filing_period\"":\""third_quarter\"",\""income\"":\""50000.00\"",\""expenses\"":null}""}","Sum of numeric amounts on latest eligible quarterly reports, all issues combined. Blank reports are not zero and are not added. Separately named intermediaries excluded from direct fees. Outside fees and company expenses overlap and must never be added. Latest year uses completed quarters only; no annualization. No numeric reports means OPEN, not zero spending.",USD,,,L-0a8a8333-4c92-482d-b968-b8dfc6c4aea2;L-0e57e228-1560-4464-b175-d2f48b15ea99;L-126a9eff-fde9-40d9-b8e8-3b6c311a05e7;L-1313037b-38b3-454d-840a-26e7f18446fb;L-137c32b3-a40c-4ff3-b896-bdb449ddb518;L-1bcd208f-652f-45f8-8595-060d5e94ad1d;L-1f6a77b7-f866-42e6-8f41-fe1e38323938;L-20efc7c0-47eb-4012-9b98-052ec0a1f589;L-21f441d0-7d73-4e6a-9565-02a658a1e492;L-23734b14-4219-4d62-899b-ebd183b4e36b;L-2bf3728d-f660-4a1c-b77c-be90a56ec274;L-2d4d1996-a597-49da-bf06-422f907f6a3d;L-2e1fdb5a-85d7-4b10-bc90-3d14cfd51e8f;L-2f57da18-8382-4878-802d-d0b63b505bb2;L-3072e9a0-aba1-4a72-bcae-dd1184dba508;L-308bd2ff-1976-4071-af44-58499663e011;L-328fa197-d5fe-47d1-8bef-3a8c972c261c;L-351ce5d2-955d-49c1-bb92-867b7c39b4de;L-3548a802-36b0-4864-9775-dfb582945c0b;L-394e059f-29b3-41be-a90c-afcadef72fa1;L-39bd0904-a6cb-4b97-82e5-237350eb430d;L-3b4a817b-4c7c-4ef1-b406-991de9052cf7;L-3d12d9b3-20f9-4e2b-bca0-09314a7e8fae;L-3e646c30-b54c-491d-a500-f096aebc75ca;L-3f2c375b-f89d-40c2-a704-a68a669d16d5;L-40d26740-2d01-4ecf-8354-7a005bbab636;L-480f9407-6195-45a4-88b7-eaa622197dd6;L-48d95115-083b-4319-9b54-3478c4fa2f0a;L-4918c571-65bc-4836-a8cc-1dee788af617;L-49436976-9f2b-42ad-b960-8a5ba8ddc204;L-4d1e268d-3299-494c-93ef-33b76f9d17b3;L-4e73054d-02e0-4f22-b200-2df8cb568c96;L-568a746f-4e2e-406e-b101-02a885af111f;L-579f0f33-5141-4213-8d94-7f5cb02b5691;L-59a05008-853a-43ad-9f95-a978fcb245b9;L-5f04c675-cc8d-4c62-b315-6ce3634d15ab;L-60277dde-7ab4-4d1a-8700-053392350955;L-60434f57-ffa8-48c4-a3e6-841ff7949bc5;L-60ca43ba-2e00-487e-b60c-a1a7a9b7006a;L-62848d79-d186-4fae-99c5-fe6cd75e7bfc;L-63316715-7a0d-472b-83e6-f51978377a2a;L-63c50c7a-2646-4059-9b30-8129c75626b1;L-660ba162-6d2d-4e1c-a1f2-f80185e0714c;L-66128dad-2194-4bca-bd93-e9a6aba4bf2d;L-678c1ee4-eadb-41bd-9608-8731aa8fe2e7;L-690b66e5-ae90-424e-9d94-19205659ee9e;L-6ba2771e-494f-4851-bb43-2101d8a55fcb;L-6bfdbc31-df24-4af4-8752-6a4a3577d812;L-6c14833d-d6bb-4a77-854b-995da8972f82;L-759ed1bd-47ab-41fd-9b99-09e1e6cc0821;L-7d0bfdb1-3f33-4ea9-9724-68c7d432e1e4;L-7e90d810-f50e-4ac1-8e58-3353a1deb391;L-805706f1-1282-4a8f-b2ff-a9868a450050;L-80b41dd8-767c-4706-9508-5c5ec9e63450;L-81860f72-c6da-4737-9053-3ba2f47f16ca;L-841b19fd-eb7b-4632-9b4f-1fd38196640d;L-85ca4dd6-741e-4a9e-b61e-2391878d68b9;L-87867dfa-d192-453c-b876-20dea79ed8c9;L-87d9abf3-49ec-4412-8a09-827211b5b0e3;L-89745454-472b-45f1-97f4-d68d1d0d0d43;L-8d091606-ebb4-4eed-879e-2c5579c18214;L-8e00a8ce-1113-49f8-a61c-bf367f1d1279;L-8ec87977-433c-4c4d-9f2f-345b8fe306cb;L-8f5da725-f7af-40c3-a70f-8bd65c7c394e;L-907b7e07-d9d4-4431-8672-756c1da2c9cc;L-936adcc8-f36f-4e75-ab38-69920afc19ba;L-9a1acc45-19b4-43c6-b0f5-e0c5d13aa419;L-9d4387ce-c523-4d34-8dfb-f862905e774f;L-a55bc828-e24d-4afb-b606-e8e7021ff516;L-a6269567-a39b-4624-88f5-b5d900299e00;L-a6b909e2-b066-42d8-ae7d-26ca78a10669;L-a778f8f2-1ac7-4e93-8139-a51bcfe6072f;L-a844795e-e6d3-4c2a-a311-8d8bc1d9421d;L-b0f6d26e-4682-4d93-9550-5702c4422301;L-b19d0251-6b16-4094-92e5-5f152fb548be;L-b387acbb-6f13-4f9d-b93b-b97e3255b8eb;L-b848de2e-8d3a-4c66-ab8e-60197cbb56d2;L-bb27057e-3890-4abe-a71a-83486bc1cbd7;L-bd7659bd-f13d-41a8-8e65-d32c396136ac;L-bf6dc914-af8c-4724-8f09-08da645a18b0;L-c159c03b-0381-4b7e-a79e-436c2c2071ea;L-c1e38ce2-5d45-4cbb-a6aa-3550cb517a05;L-c3a0c78a-45ea-47c4-93b8-53cb99c874ff;L-c6002597-5456-424e-af50-e60a282d29ab;L-c6b84c09-7249-4c4f-b792-40a61fbaa045;L-ca23bf0b-84e6-449e-95af-77ed8885dedb;L-cee0001e-fbd2-4d45-8974-9299409388e6;L-cf331862-f6d2-4f69-9016-bfe9a98a059b;L-cf5bb301-7eda-4d63-aea6-800289049626;L-d018dc66-50fc-42eb-9481-b7a57997cd74;L-d2fecdb6-761b-4b4a-b4e1-0bb4253d4ca7;L-d6808d85-7a24-4114-ae2d-c6ea54476231;L-d7078bb8-53f3-4da0-87d5-bcedf741c7d4;L-d79a335f-6288-458b-8c43-9ae3f3191606;L-d86d181d-c397-4e40-b55b-ea8bfc1f2874;L-dbe2c85a-b7b8-41dd-b8cb-9e9d296184bd;L-e41394d1-a408-4aad-9a76-8022c4a4bee3;L-e53b59b7-be12-4165-a8c4-62ffe94265ab;L-eb024c4e-f4ad-4d03-9069-9d2b99adbbc4;L-ebd30c82-4b3a-4eb7-b169-4367c002d12a;L-f3d996dd-e902-4150-9af3-7ab22f28e784;L-f5e9fe79-f696-47f5-afc0-b0924ca91171;L-fcfa1f6a-7928-48d1-a7f7-a043531c28f7;L-fd778bf0-bd24-409c-b048-7e07093c9abd;L-ff424504-2c46-408c-a323-741399cfd1d4;L-ffb5af94-d1ae-41ab-96d4-0365a9da5406,lobbying_external_fees,sum,Amazon,2022,,,1;2;3;4,,,KEEP
FE-Amazon-2023,5570000.00,https://lda.gov/filings/public/filing/00a0cdc5-10c0-49d5-bc25-7998536c99ce/print/,2026-09-14,"{""L-00a0cdc5-10c0-49d5-bc25-7998536c99ce"": ""{\""filing_uuid\"":\""00a0cdc5-10c0-49d5-bc25-7998536c99ce\"",\""filing_type\"":\""Q3\"",\""filing_year\"":2023,\""filing_period\"":\""third_quarter\"",\""income\"":\""80000.00\"",\""expenses\"":null}"", ""L-0626ffcf-765a-4988-ad0d-05bd53c4a0f2"": ""{\""filing_uuid\"":\""0626ffcf-765a-4988-ad0d-05bd53c4a0f2\"",\""filing_type\"":\""Q3\"",\""filing_year\"":2023,\""filing_period\"":\""third_quarter\"",\""income\"":\""60000.00\"",\""expenses\"":null}"", ""L-087f6005-0c03-479f-9020-2945825232ae"": ""{\""filing_uuid\"":\""087f6005-0c03-479f-9020-2945825232ae\"",\""filing_type\"":\""Q4\"",\""filing_year\"":2023,\""filing_period\"":\""fourth_quarter\"",\""income\"":\""50000.00\"",\""expenses\"":null}"", ""L-097de7e3-b646-4f87-9f6f-98e39fb6886d"": ""{\""filing_uuid\"":\""097de7e3-b646-4f87-9f6f-98e39fb6886d\"",\""filing_type\"":\""Q2\"",\""filing_year\"":2023,\""filing_period\"":\""second_quarter\"",\""income\"":\""45000.00\"",\""expenses\"":null}"", ""L-0c12bac3-5b2d-479f-a523-e01cb31f570c"": ""{\""filing_uuid\"":\""0c12bac3-5b2d-479f-a523-e01cb31f570c\"",\""filing_type\"":\""Q1\"",\""filing_year\"":2023,\""filing_period\"":\""first_quarter\"",\""income\"":\""45000.00\"",\""expenses\"":null}"", ""L-1007b149-8d51-4bb1-bd3c-60ccbee96ae0"": ""{\""filing_uuid\"":\""1007b149-8d51-4bb1-bd3c-60ccbee96ae0\"",\""filing_type\"":\""Q4\"",\""filing_year\"":2023,\""filing_period\"":\""fourth_quarter\"",\""income\"":\""80000.00\"",\""expenses\"":null}"", ""L-13c4af86-1e72-4f0d-b75e-6e9f993207ff"": ""{\""filing_uuid\"":\""13c4af86-1e72-4f0d-b75e-6e9f993207ff\"",\""filing_type\"":\""Q3\"",\""filing_year\"":2023,\""filing_period\"":\""third_quarter\"",\""income\"":\""50000.00\"",\""expenses\"":null}"", ""L-14394b73-7b63-4f57-80de-bd24054499a3"": ""{\""filing_uuid\"":\""14394b73-7b63-4f57-80de-bd24054499a3\"",\""filing_type\"":\""Q2\"",\""filing_year\"":2023,\""filing_period\"":\""second_quarter\"",\""income\"":\""60000.00\"",\""expenses\"":null}"", ""L-1d214650-87bd-4ce7-aadf-ae3a9bcc0e3d"": ""{\""filing_uuid\"":\""1d214650-87bd-4ce7-aadf-ae3a9bcc0e3d\"",\""filing_type\"":\""Q3\"",\""filing_year\"":2023,\""filing_period\"":\""third_quarter\"",\""income\"":\""50000.00\"",\""expenses\"":null}"", ""L-22760cca-45dd-4bd1-bf0b-9cd54eba5c70"": ""{\""filing_uuid\"":\""22760cca-45dd-4bd1-bf0b-9cd54eba5c70\"",\""filing_type\"":\""Q2\"",\""filing_year\"":2023,\""filing_period\"":\""second_quarter\"",\""income\"":\""80000.00\"",\""expenses\"":null}"", ""L-22e4fd6f-8c1b-465f-b590-1cd72cbc9756"": ""{\""filing_uuid\"":\""22e4fd6f-8c1b-465f-b590-1cd72cbc9756\"",\""filing_type\"":\""Q2\"",\""filing_year\"":2023,\""filing_period\"":\""second_quarter\"",\""income\"":\""50000.00\"",\""expenses\"":null}"", ""L-2bb8521a-8565-4b72-a0d9-046829d3406d"": ""{\""filing_uuid\"":\""2bb8521a-8565-4b72-a0d9-046829d3406d\"",\""filing_type\"":\""Q3\"",\""filing_year\"":2023,\""filing_period\"":\""third_quarter\"",\""income\"":\""50000.00\"",\""expenses\"":null}"", ""L-304b3598-f25a-4702-9ea4-2539b17d19b8"": ""{\""filing_uuid\"":\""304b3598-f25a-4702-9ea4-2539b17d19b8\"",\""filing_type\"":\""Q2\"",\""filing_year\"":2023,\""filing_period\"":\""second_quarter\"",\""income\"":\""60000.00\"",\""expenses\"":null}"", ""L-32217043-82b3-431d-a721-95ec4fb16f85"": ""{\""filing_uuid\"":\""32217043-82b3-431d-a721-95ec4fb16f85\"",\""filing_type\"":\""Q2\"",\""filing_year\"":2023,\""filing_period\"":\""second_quarter\"",\""income\"":\""40000.00\"",\""expenses\"":null}"", ""L-328d3c89-3a38-4924-932e-afe2aa0be86f"": ""{\""filing_uuid\"":\""328d3c89-3a38-4924-932e-afe2aa0be86f\"",\""filing_type\"":\""Q1\"",\""filing_year\"":2023,\""filing_period\"":\""first_quarter\"",\""income\"":\""10000.00\"",\""expenses\"":null}"", ""L-32994687-9906-422b-bd25-a93e381490bb"": ""{\""filing_uuid\"":\""32994687-9906-422b-bd25-a93e381490bb\"",\""filing_type\"":\""Q2\"",\""filing_year\"":2023,\""filing_period\"":\""second_quarter\"",\""income\"":\""50000.00\"",\""expenses\"":null}"", ""L-329f4c66-ceea-4238-9c21-a81c7b6a71f8"": ""{\""filing_uuid\"":\""329f4c66-ceea-4238-9c21-a81c7b6a71f8\"",\""filing_type\"":\""Q1\"",\""filing_year\"":2023,\""filing_period\"":\""first_quarter\"",\""income\"":\""30000.00\"",\""expenses\"":null}"", ""L-345ab49c-ce2d-4888-a2a3-c7694e1d0dfa"": ""{\""filing_uuid\"":\""345ab49c-ce2d-4888-a2a3-c7694e1d0dfa\"",\""filing_type\"":\""Q3\"",\""filing_year\"":2023,\""filing_period\"":\""third_quarter\"",\""income\"":\""75000.00\"",\""expenses\"":null}"", ""L-34f674f4-a5c0-4243-828a-33a9ba5e5cc1"": ""{\""filing_uuid\"":\""34f674f4-a5c0-4243-828a-33a9ba5e5cc1\"",\""filing_type\"":\""Q2\"",\""filing_year\"":2023,\""filing_period\"":\""second_quarter\"",\""income\"":\""50000.00\"",\""expenses\"":null}"", ""L-35edfb47-46ff-4594-8beb-c2aa479c8d54"": ""{\""filing_uuid\"":\""35edfb47-46ff-4594-8beb-c2aa479c8d54\"",\""filing_type\"":\""Q4\"",\""filing_year\"":2023,\""filing_period\"":\""fourth_quarter\"",\""income\"":\""50000.00\"",\""expenses\"":null}"", ""L-37220c91-2318-4e00-b967-86988f6d0850"": ""{\""filing_uuid\"":\""37220c91-2318-4e00-b967-86988f6d0850\"",\""filing_type\"":\""Q1\"",\""filing_year\"":2023,\""filing_period\"":\""first_quarter\"",\""income\"":\""80000.00\"",\""expenses\"":null}"", ""L-3821d331-2481-48f5-944b-20f89f72ab42"": ""{\""filing_uuid\"":\""3821d331-2481-48f5-944b-20f89f72ab42\"",\""filing_type\"":\""Q1\"",\""filing_year\"":2023,\""filing_period\"":\""first_quarter\"",\""income\"":\""50000.00\"",\""expenses\"":null}"", ""L-38754ecf-a0e2-4681-be07-52a49fea0abd"": ""{\""filing_uuid\"":\""38754ecf-a0e2-4681-be07-52a49fea0abd\"",\""filing_type\"":\""Q3\"",\""filing_year\"":2023,\""filing_period\"":\""third_quarter\"",\""income\"":\""50000.00\"",\""expenses\"":null}"", ""L-39ca157c-b1df-4b0b-890a-48922be97cf6"": ""{\""filing_uuid\"":\""39ca157c-b1df-4b0b-890a-48922be97cf6\"",\""filing_type\"":\""Q2\"",\""filing_year\"":2023,\""filing_period\"":\""second_quarter\"",\""income\"":\""10000.00\"",\""expenses\"":null}"", ""L-39fb2909-0484-47ea-b340-8e34d45a5e90"": ""{\""filing_uuid\"":\""39fb2909-0484-47ea-b340-8e34d45a5e90\"",\""filing_type\"":\""Q4\"",\""filing_year\"":2023,\""filing_period\"":\""fourth_quarter\"",\""income\"":\""75000.00\"",\""expenses\"":null}"", ""L-3b549bc7-7b3c-4380-b261-0785098d1863"": ""{\""filing_uuid\"":\""3b549bc7-7b3c-4380-b261-0785098d1863\"",\""filing_type\"":\""Q3\"",\""filing_year\"":2023,\""filing_period\"":\""third_quarter\"",\""income\"":\""30000.00\"",\""expenses\"":null}"", ""L-3c28a07f-89e6-4570-876f-89a832c2bbc1"": ""{\""filing_uuid\"":\""3c28a07f-89e6-4570-876f-89a832c2bbc1\"",\""filing_type\"":\""Q4\"",\""filing_year\"":2023,\""filing_period\"":\""fourth_quarter\"",\""income\"":\""60000.00\"",\""expenses\"":null}"", ""L-3eff8f14-3e3c-44ca-8dcd-c34f14744e4c"": ""{\""filing_uuid\"":\""3eff8f14-3e3c-44ca-8dcd-c34f14744e4c\"",\""filing_type\"":\""Q1\"",\""filing_year\"":2023,\""filing_period\"":\""first_quarter\"",\""income\"":\""30000.00\"",\""expenses\"":null}"", ""L-40126525-c3e7-4d4d-bf5d-860969914f14"": ""{\""filing_uuid\"":\""40126525-c3e7-4d4d-bf5d-860969914f14\"",\""filing_type\"":\""Q4\"",\""filing_year\"":2023,\""filing_period\"":\""fourth_quarter\"",\""income\"":\""30000.00\"",\""expenses\"":null}"", ""L-42901d17-5db1-44ea-9b3b-ec657c6899cf"": ""{\""filing_uuid\"":\""42901d17-5db1-44ea-9b3b-ec657c6899cf\"",\""filing_type\"":\""Q2\"",\""filing_year\"":2023,\""filing_period\"":\""second_quarter\"",\""income\"":\""20000.00\"",\""expenses\"":null}"", ""L-47f4ff83-8240-432a-8079-6d783dffbb3a"": ""{\""filing_uuid\"":\""47f4ff83-8240-432a-8079-6d783dffbb3a\"",\""filing_type\"":\""Q4\"",\""filing_year\"":2023,\""filing_period\"":\""fourth_quarter\"",\""income\"":\""50000.00\"",\""expenses\"":null}"", ""L-4d040e0b-6f6b-4950-8075-6ff330f77423"": ""{\""filing_uuid\"":\""4d040e0b-6f6b-4950-8075-6ff330f77423\"",\""filing_type\"":\""Q3\"",\""filing_year\"":2023,\""filing_period\"":\""third_quarter\"",\""income\"":\""20000.00\"",\""expenses\"":null}"", ""L-4e086257-2142-4d44-bd20-75d1451c6b4e"": ""{\""filing_uuid\"":\""4e086257-2142-4d44-bd20-75d1451c6b4e\"",\""filing_type\"":\""Q1\"",\""filing_year\"":2023,\""filing_period\"":\""first_quarter\"",\""income\"":\""30000.00\"",\""expenses\"":null}"", ""L-4f1f8c0d-1eea-4a33-834b-e94dffa3a740"": ""{\""filing_uuid\"":\""4f1f8c0d-1eea-4a33-834b-e94dffa3a740\"",\""filing_type\"":\""Q4\"",\""filing_year\"":2023,\""filing_period\"":\""fourth_quarter\"",\""income\"":\""10000.00\"",\""expenses\"":null}"", ""L-4f874b08-3300-40b6-841d-94fc4aa59636"": ""{\""filing_uuid\"":\""4f874b08-3300-40b6-841d-94fc4aa59636\"",\""filing_type\"":\""Q3\"",\""filing_year\"":2023,\""filing_period\"":\""third_quarter\"",\""income\"":\""50000.00\"",\""expenses\"":null}"", ""L-5619566e-82d5-44ac-987a-4cf4d4ea9a6e"": ""{\""filing_uuid\"":\""5619566e-82d5-44ac-987a-4cf4d4ea9a6e\"",\""filing_type\"":\""Q2\"",\""filing_year\"":2023,\""filing_period\"":\""second_quarter\"",\""income\"":\""60000.00\"",\""expenses\"":null}"", ""L-583fc354-14e1-43b8-b128-75fbc17a79e6"": ""{\""filing_uuid\"":\""583fc354-14e1-43b8-b128-75fbc17a79e6\"",\""filing_type\"":\""Q2\"",\""filing_year\"":2023,\""filing_period\"":\""second_quarter\"",\""income\"":\""30000.00\"",\""expenses\"":null}"", ""L-5a65c056-f966-44a5-810b-9585db30b84e"": ""{\""filing_uuid\"":\""5a65c056-f966-44a5-810b-9585db30b84e\"",\""filing_type\"":\""Q4\"",\""filing_year\"":2023,\""filing_period\"":\""fourth_quarter\"",\""income\"":\""50000.00\"",\""expenses\"":null}"", ""L-5e4ed233-19f7-4548-af9e-21de96f02b56"": ""{\""filing_uuid\"":\""5e4ed233-19f7-4548-af9e-21de96f02b56\"",\""filing_type\"":\""Q4\"",\""filing_year\"":2023,\""filing_period\"":\""fourth_quarter\"",\""income\"":\""40000.00\"",\""expenses\"":null}"", ""L-5f0738cd-9021-40aa-9307-c9b6c69b377c"": ""{\""filing_uuid\"":\""5f0738cd-9021-40aa-9307-c9b6c69b377c\"",\""filing_type\"":\""Q2\"",\""filing_year\"":2023,\""filing_period\"":\""second_quarter\"",\""income\"":\""60000.00\"",\""expenses\"":null}"", ""L-5f631b5e-0c61-4e93-921e-ad63c923755e"": ""{\""filing_uuid\"":\""5f631b5e-0c61-4e93-921e-ad63c923755e\"",\""filing_type\"":\""Q3\"",\""filing_year\"":2023,\""filing_period\"":\""third_quarter\"",\""income\"":\""40000.00\"",\""expenses\"":null}"", ""L-6220bf3f-9112-4826-bf6d-a866c94485b5"": ""{\""filing_uuid\"":\""6220bf3f-9112-4826-bf6d-a866c94485b5\"",\""filing_type\"":\""Q1\"",\""filing_year\"":2023,\""filing_period\"":\""first_quarter\"",\""income\"":\""50000.00\"",\""expenses\"":null}"", ""L-66f3e442-4acc-4679-b9e9-483d9c73ec91"": ""{\""filing_uuid\"":\""66f3e442-4acc-4679-b9e9-483d9c73ec91\"",\""filing_type\"":\""Q1\"",\""filing_year\"":2023,\""filing_period\"":\""first_quarter\"",\""income\"":\""50000.00\"",\""expenses\"":null}"", ""L-66fb8746-d00c-4d49-bbd7-e57791adcd66"": ""{\""filing_uuid\"":\""66fb8746-d00c-4d49-bbd7-e57791adcd66\"",\""filing_type\"":\""Q3\"",\""filing_year\"":2023,\""filing_period\"":\""third_quarter\"",\""income\"":\""50000.00\"",\""expenses\"":null}"", ""L-6bf0025b-ce48-44b3-b4e1-726836eee40b"": ""{\""filing_uuid\"":\""6bf0025b-ce48-44b3-b4e1-726836eee40b\"",\""filing_type\"":\""Q1\"",\""filing_year\"":2023,\""filing_period\"":\""first_quarter\"",\""income\"":\""60000.00\"",\""expenses\"":null}"", ""L-6bf18f5a-2ecb-42ec-8f09-6e6b08adf304"": ""{\""filing_uuid\"":\""6bf18f5a-2ecb-42ec-8f09-6e6b08adf304\"",\""filing_type\"":\""Q3\"",\""filing_year\"":2023,\""filing_period\"":\""third_quarter\"",\""income\"":\""10000.00\"",\""expenses\"":null}"", ""L-6d719c4e-1b29-4670-9ec7-cfaba3002c03"": ""{\""filing_uuid\"":\""6d719c4e-1b29-4670-9ec7-cfaba3002c03\"",\""filing_type\"":\""Q4\"",\""filing_year\"":2023,\""filing_period\"":\""fourth_quarter\"",\""income\"":\""60000.00\"",\""expenses\"":null}"", ""L-702623dd-9014-472b-b3a4-d49e40adcf5d"": ""{\""filing_uuid\"":\""702623dd-9014-472b-b3a4-d49e40adcf5d\"",\""filing_type\"":\""Q4\"",\""filing_year\"":2023,\""filing_period\"":\""fourth_quarter\"",\""income\"":\""30000.00\"",\""expenses\"":null}"", ""L-70c5b908-87da-4bf7-895c-528e44e73730"": ""{\""filing_uuid\"":\""70c5b908-87da-4bf7-895c-528e44e73730\"",\""filing_type\"":\""Q3\"",\""filing_year\"":2023,\""filing_period\"":\""third_quarter\"",\""income\"":\""60000.00\"",\""expenses\"":null}"", ""L-72b0ff75-3bdb-4734-b12b-8a80128bfe85"": ""{\""filing_uuid\"":\""72b0ff75-3bdb-4734-b12b-8a80128bfe85\"",\""filing_type\"":\""Q2\"",\""filing_year\"":2023,\""filing_period\"":\""second_quarter\"",\""income\"":\""60000.00\"",\""expenses\"":null}"", ""L-72dc21cf-6270-4e89-9c92-2e32c62fb020"": ""{\""filing_uuid\"":\""72dc21cf-6270-4e89-9c92-2e32c62fb020\"",\""filing_type\"":\""Q1\"",\""filing_year\"":2023,\""filing_period\"":\""first_quarter\"",\""income\"":\""40000.00\"",\""expenses\"":null}"", ""L-7428d760-a4cc-4184-b4b3-475cc35ba812"": ""{\""filing_uuid\"":\""7428d760-a4cc-4184-b4b3-475cc35ba812\"",\""filing_type\"":\""Q1\"",\""filing_year\"":2023,\""filing_period\"":\""first_quarter\"",\""income\"":\""60000.00\"",\""expenses\"":null}"", ""L-749d80f3-8b79-4377-9d4c-b30bf06212fc"": ""{\""filing_uuid\"":\""749d80f3-8b79-4377-9d4c-b30bf06212fc\"",\""filing_type\"":\""Q2\"",\""filing_year\"":2023,\""filing_period\"":\""second_quarter\"",\""income\"":\""80000.00\"",\""expenses\"":null}"", ""L-7942e5e3-b550-49bf-aa4f-d4082b1c054f"": ""{\""filing_uuid\"":\""7942e5e3-b550-49bf-aa4f-d4082b1c054f\"",\""filing_type\"":\""Q3\"",\""filing_year\"":2023,\""filing_period\"":\""third_quarter\"",\""income\"":\""60000.00\"",\""expenses\"":null}"", ""L-79fb9a62-d2fe-443b-8180-8f9aca3e72ff"": ""{\""filing_uuid\"":\""79fb9a62-d2fe-443b-8180-8f9aca3e72ff\"",\""filing_type\"":\""Q1\"",\""filing_year\"":2023,\""filing_period\"":\""first_quarter\"",\""income\"":\""60000.00\"",\""expenses\"":null}"", ""L-7b9a0b81-ceff-44e6-b098-d0202ea6798b"": ""{\""filing_uuid\"":\""7b9a0b81-ceff-44e6-b098-d0202ea6798b\"",\""filing_type\"":\""Q4\"",\""filing_year\"":2023,\""filing_period\"":\""fourth_quarter\"",\""income\"":\""60000.00\"",\""expenses\"":null}"", ""L-7c65e25b-58e9-4d41-8aa0-f85c3f17d5f8"": ""{\""filing_uuid\"":\""7c65e25b-58e9-4d41-8aa0-f85c3f17d5f8\"",\""filing_type\"":\""Q4\"",\""filing_year\"":2023,\""filing_period\"":\""fourth_quarter\"",\""income\"":\""50000.00\"",\""expenses\"":null}"", ""L-80395986-1801-4646-bf23-83ea754b81a2"": ""{\""filing_uuid\"":\""80395986-1801-4646-bf23-83ea754b81a2\"",\""filing_type\"":\""Q1\"",\""filing_year\"":2023,\""filing_period\"":\""first_quarter\"",\""income\"":\""50000.00\"",\""expenses\"":null}"", ""L-833f5243-76ee-43f5-a376-358a5bb6dd11"": ""{\""filing_uuid\"":\""833f5243-76ee-43f5-a376-358a5bb6dd11\"",\""filing_type\"":\""Q4\"",\""filing_year\"":2023,\""filing_period\"":\""fourth_quarter\"",\""income\"":\""50000.00\"",\""expenses\"":null}"", ""L-89e516fb-73a1-4962-9dd6-79730b1981b1"": ""{\""filing_uuid\"":\""89e516fb-73a1-4962-9dd6-79730b1981b1\"",\""filing_type\"":\""Q2\"",\""filing_year\"":2023,\""filing_period\"":\""second_quarter\"",\""income\"":\""50000.00\"",\""expenses\"":null}"", ""L-8c7553d1-1bf1-487a-b62d-990f042277aa"": ""{\""filing_uuid\"":\""8c7553d1-1bf1-487a-b62d-990f042277aa\"",\""filing_type\"":\""4T\"",\""filing_year\"":2023,\""filing_period\"":\""fourth_quarter\"",\""income\"":\""40000.00\"",\""expenses\"":null}"", ""L-8ca8a4da-051a-4527-a07f-fb9ea29b1561"": ""{\""filing_uuid\"":\""8ca8a4da-051a-4527-a07f-fb9ea29b1561\"",\""filing_type\"":\""Q1\"",\""filing_year\"":2023,\""filing_period\"":\""first_quarter\"",\""income\"":\""60000.00\"",\""expenses\"":null}"", ""L-905cdf58-af9d-4268-af01-86c6ba78a32a"": ""{\""filing_uuid\"":\""905cdf58-af9d-4268-af01-86c6ba78a32a\"",\""filing_type\"":\""Q4\"",\""filing_year\"":2023,\""filing_period\"":\""fourth_quarter\"",\""income\"":\""50000.00\"",\""expenses\"":null}"", ""L-948f7619-1f15-4b38-9123-f7c4b8466156"": ""{\""filing_uuid\"":\""948f7619-1f15-4b38-9123-f7c4b8466156\"",\""filing_type\"":\""Q3\"",\""filing_year\"":2023,\""filing_period\"":\""third_quarter\"",\""income\"":\""40000.00\"",\""expenses\"":null}"", ""L-9a171fc6-de32-4379-81ad-5e029cf2ed7a"": ""{\""filing_uuid\"":\""9a171fc6-de32-4379-81ad-5e029cf2ed7a\"",\""filing_type\"":\""Q2\"",\""filing_year\"":2023,\""filing_period\"":\""second_quarter\"",\""income\"":\""30000.00\"",\""expenses\"":null}"", ""L-9f4050a8-acbb-4566-a5a0-fc38cac05cd0"": ""{\""filing_uuid\"":\""9f4050a8-acbb-4566-a5a0-fc38cac05cd0\"",\""filing_type\"":\""Q4\"",\""filing_year\"":2023,\""filing_period\"":\""fourth_quarter\"",\""income\"":\""50000.00\"",\""expenses\"":null}"", ""L-a1a5d1c5-6782-4869-b5a3-e9060d36822d"": ""{\""filing_uuid\"":\""a1a5d1c5-6782-4869-b5a3-e9060d36822d\"",\""filing_type\"":\""Q3\"",\""filing_year\"":2023,\""filing_period\"":\""third_quarter\"",\""income\"":\""90000.00\"",\""expenses\"":null}"", ""L-a47fbd2e-b92c-450b-9607-3fafafacf730"": ""{\""filing_uuid\"":\""a47fbd2e-b92c-450b-9607-3fafafacf730\"",\""filing_type\"":\""Q4\"",\""filing_year\"":2023,\""filing_period\"":\""fourth_quarter\"",\""income\"":\""45000.00\"",\""expenses\"":null}"", ""L-a7adac8d-c46a-4d25-9832-3736d553f815"": ""{\""filing_uuid\"":\""a7adac8d-c46a-4d25-9832-3736d553f815\"",\""filing_type\"":\""Q3\"",\""filing_year\"":2023,\""filing_period\"":\""third_quarter\"",\""income\"":\""60000.00\"",\""expenses\"":null}"", ""L-a959279b-def5-495e-8fb5-2466ad2333be"": ""{\""filing_uuid\"":\""a959279b-def5-495e-8fb5-2466ad2333be\"",\""filing_type\"":\""Q4\"",\""filing_year\"":2023,\""filing_period\"":\""fourth_quarter\"",\""income\"":\""60000.00\"",\""expenses\"":null}"", ""L-ab3be7fb-e5a1-4b01-9c54-5cd680aa5bf2"": ""{\""filing_uuid\"":\""ab3be7fb-e5a1-4b01-9c54-5cd680aa5bf2\"",\""filing_type\"":\""Q1\"",\""filing_year\"":2023,\""filing_period\"":\""first_quarter\"",\""income\"":\""75000.00\"",\""expenses\"":null}"", ""L-aba27f33-14e5-4f43-860e-2e91fc076f12"": ""{\""filing_uuid\"":\""aba27f33-14e5-4f43-860e-2e91fc076f12\"",\""filing_type\"":\""Q3\"",\""filing_year\"":2023,\""filing_period\"":\""third_quarter\"",\""income\"":\""30000.00\"",\""expenses\"":null}"", ""L-ace92ce7-805f-41de-83dc-831157d9826c"": ""{\""filing_uuid\"":\""ace92ce7-805f-41de-83dc-831157d9826c\"",\""filing_type\"":\""Q2\"",\""filing_year\"":2023,\""filing_period\"":\""second_quarter\"",\""income\"":\""50000.00\"",\""expenses\"":null}"", ""L-aed47f2b-5e54-4c1a-a823-92b29e942672"": ""{\""filing_uuid\"":\""aed47f2b-5e54-4c1a-a823-92b29e942672\"",\""filing_type\"":\""Q1\"",\""filing_year\"":2023,\""filing_period\"":\""first_quarter\"",\""income\"":\""40000.00\"",\""expenses\"":null}"", ""L-b09f4277-5a24-44e1-902e-2455c39fe338"": ""{\""filing_uuid\"":\""b09f4277-5a24-44e1-902e-2455c39fe338\"",\""filing_type\"":\""Q2\"",\""filing_year\"":2023,\""filing_period\"":\""second_quarter\"",\""income\"":\""50000.00\"",\""expenses\"":null}"", ""L-b3e890c3-ec98-4279-93f2-9b5581c1bf32"": ""{\""filing_uuid\"":\""b3e890c3-ec98-4279-93f2-9b5581c1bf32\"",\""filing_type\"":\""Q3\"",\""filing_year\"":2023,\""filing_period\"":\""third_quarter\"",\""income\"":\""45000.00\"",\""expenses\"":null}"", ""L-b4741a8a-3e76-4835-8866-11cad28dcf0f"": ""{\""filing_uuid\"":\""b4741a8a-3e76-4835-8866-11cad28dcf0f\"",\""filing_type\"":\""Q1\"",\""filing_year\"":2023,\""filing_period\"":\""first_quarter\"",\""income\"":\""80000.00\"",\""expenses\"":null}"", ""L-b47e4680-61fb-4c3e-9849-0bbeb4b64ae3"": ""{\""filing_uuid\"":\""b47e4680-61fb-4c3e-9849-0bbeb4b64ae3\"",\""filing_type\"":\""Q1\"",\""filing_year\"":2023,\""filing_period\"":\""first_quarter\"",\""income\"":\""50000.00\"",\""expenses\"":null}"", ""L-b695c98c-496a-4e23-b175-0884a013b260"": ""{\""filing_uuid\"":\""b695c98c-496a-4e23-b175-0884a013b260\"",\""filing_type\"":\""Q2\"",\""filing_year\"":2023,\""filing_period\"":\""second_quarter\"",\""income\"":\""40000.00\"",\""expenses\"":null}"", ""L-b8f9563a-fa62-4c98-9fb5-c5deff5488bc"": ""{\""filing_uuid\"":\""b8f9563a-fa62-4c98-9fb5-c5deff5488bc\"",\""filing_type\"":\""Q2\"",\""filing_year\"":2023,\""filing_period\"":\""second_quarter\"",\""income\"":\""50000.00\"",\""expenses\"":null}"", ""L-bb5713df-a7c0-44e6-ae86-f6d70bed5167"": ""{\""filing_uuid\"":\""bb5713df-a7c0-44e6-ae86-f6d70bed5167\"",\""filing_type\"":\""Q1\"",\""filing_year\"":2023,\""filing_period\"":\""first_quarter\"",\""income\"":\""90000.00\"",\""expenses\"":null}"", ""L-bb8563a5-612c-4cb9-889f-ffb1eed88356"": ""{\""filing_uuid\"":\""bb8563a5-612c-4cb9-889f-ffb1eed88356\"",\""filing_type\"":\""Q3\"",\""filing_year\"":2023,\""filing_period\"":\""third_quarter\"",\""income\"":\""50000.00\"",\""expenses\"":null}"", ""L-bedc32e0-e808-44ea-96fc-14928de96fae"": ""{\""filing_uuid\"":\""bedc32e0-e808-44ea-96fc-14928de96fae\"",\""filing_type\"":\""Q2\"",\""filing_year\"":2023,\""filing_period\"":\""second_quarter\"",\""income\"":\""30000.00\"",\""expenses\"":null}"", ""L-c2e04404-9698-48d3-bc31-f751172cf16b"": ""{\""filing_uuid\"":\""c2e04404-9698-48d3-bc31-f751172cf16b\"",\""filing_type\"":\""Q1\"",\""filing_year\"":2023,\""filing_period\"":\""first_quarter\"",\""income\"":\""50000.00\"",\""expenses\"":null}"", ""L-c3306cb0-8f97-44ca-a741-3873aeec079f"": ""{\""filing_uuid\"":\""c3306cb0-8f97-44ca-a741-3873aeec079f\"",\""filing_type\"":\""Q1\"",\""filing_year\"":2023,\""filing_period\"":\""first_quarter\"",\""income\"":\""60000.00\"",\""expenses\"":null}"", ""L-c92e71e2-cc42-4fef-8021-9d115e58e2c2"": ""{\""filing_uuid\"":\""c92e71e2-cc42-4fef-8021-9d115e58e2c2\"",\""filing_type\"":\""Q3\"",\""filing_year\"":2023,\""filing_period\"":\""third_quarter\"",\""income\"":\""30000.00\"",\""expenses\"":null}"", ""L-ca18ddfb-419e-485e-8a0a-7a151b740181"": ""{\""filing_uuid\"":\""ca18ddfb-419e-485e-8a0a-7a151b740181\"",\""filing_type\"":\""Q2\"",\""filing_year\"":2023,\""filing_period\"":\""second_quarter\"",\""income\"":\""50000.00\"",\""expenses\"":null}"", ""L-cb565bfc-12e1-4ba4-8203-acf30e1f0d06"": ""{\""filing_uuid\"":\""cb565bfc-12e1-4ba4-8203-acf30e1f0d06\"",\""filing_type\"":\""Q4\"",\""filing_year\"":2023,\""filing_period\"":\""fourth_quarter\"",\""income\"":\""50000.00\"",\""expenses\"":null}"", ""L-cc848426-f3ee-4e51-91d6-f5f6ba9f3483"": ""{\""filing_uuid\"":\""cc848426-f3ee-4e51-91d6-f5f6ba9f3483\"",\""filing_type\"":\""Q2\"",\""filing_year\"":2023,\""filing_period\"":\""second_quarter\"",\""income\"":\""90000.00\"",\""expenses\"":null}"", ""L-ce87a601-c25d-4eae-88ed-f74396566a6e"": ""{\""filing_uuid\"":\""ce87a601-c25d-4eae-88ed-f74396566a6e\"",\""filing_type\"":\""Q4\"",\""filing_year\"":2023,\""filing_period\"":\""fourth_quarter\"",\""income\"":\""60000.00\"",\""expenses\"":null}"", ""L-cec94ce0-9030-4f0d-a136-86904a1f7a2d"": ""{\""filing_uuid\"":\""cec94ce0-9030-4f0d-a136-86904a1f7a2d\"",\""filing_type\"":\""Q2\"",\""filing_year\"":2023,\""filing_period\"":\""second_quarter\"",\""income\"":\""60000.00\"",\""expenses\"":null}"", ""L-cedfc2b8-a362-4b3f-aeba-bb0ffd8319d1"": ""{\""filing_uuid\"":\""cedfc2b8-a362-4b3f-aeba-bb0ffd8319d1\"",\""filing_type\"":\""Q1\"",\""filing_year\"":2023,\""filing_period\"":\""first_quarter\"",\""income\"":\""50000.00\"",\""expenses\"":null}"", ""L-d3828300-6607-41e0-9fc6-196274e00065"": ""{\""filing_uuid\"":\""d3828300-6607-41e0-9fc6-196274e00065\"",\""filing_type\"":\""Q3\"",\""filing_year\"":2023,\""filing_period\"":\""third_quarter\"",\""income\"":\""50000.00\"",\""expenses\"":null}"", ""L-d99ecec2-eae3-407c-98f8-5ee0735d53ab"": ""{\""filing_uuid\"":\""d99ecec2-eae3-407c-98f8-5ee0735d53ab\"",\""filing_type\"":\""Q4\"",\""filing_year\"":2023,\""filing_period\"":\""fourth_quarter\"",\""income\"":\""90000.00\"",\""expenses\"":null}"", ""L-daea8929-1d91-4644-98e6-89d4b059e9ea"": ""{\""filing_uuid\"":\""daea8929-1d91-4644-98e6-89d4b059e9ea\"",\""filing_type\"":\""Q1\"",\""filing_year\"":2023,\""filing_period\"":\""first_quarter\"",\""income\"":\""50000.00\"",\""expenses\"":null}"", ""L-dd86c01a-0987-487b-9989-1242d4383614"": ""{\""filing_uuid\"":\""dd86c01a-0987-487b-9989-1242d4383614\"",\""filing_type\"":\""Q3\"",\""filing_year\"":2023,\""filing_period\"":\""third_quarter\"",\""income\"":\""100000.00\"",\""expenses\"":null}"", ""L-de82cee4-5bfd-404e-acaa-e8fe45073262"": ""{\""filing_uuid\"":\""de82cee4-5bfd-404e-acaa-e8fe45073262\"",\""filing_type\"":\""Q1\"",\""filing_year\"":2023,\""filing_period\"":\""first_quarter\"",\""income\"":\""20000.00\"",\""expenses\"":null}"", ""L-dffaac41-f393-43ce-a3be-dd96aca18182"": ""{\""filing_uuid\"":\""dffaac41-f393-43ce-a3be-dd96aca18182\"",\""filing_type\"":\""Q2\"",\""filing_year\"":2023,\""filing_period\"":\""second_quarter\"",\""income\"":\""75000.00\"",\""expenses\"":null}"", ""L-e3c59186-c917-4b02-886a-e5be58a1c541"": ""{\""filing_uuid\"":\""e3c59186-c917-4b02-886a-e5be58a1c541\"",\""filing_type\"":\""Q2\"",\""filing_year\"":2023,\""filing_period\"":\""second_quarter\"",\""income\"":\""50000.00\"",\""expenses\"":null}"", ""L-e3da7652-0bc2-4776-a71b-1b825dffabf0"": ""{\""filing_uuid\"":\""e3da7652-0bc2-4776-a71b-1b825dffabf0\"",\""filing_type\"":\""Q4\"",\""filing_year\"":2023,\""filing_period\"":\""fourth_quarter\"",\""income\"":\""20000.00\"",\""expenses\"":null}"", ""L-e4f5aeca-68d3-4824-a89c-5d2459f29343"": ""{\""filing_uuid\"":\""e4f5aeca-68d3-4824-a89c-5d2459f29343\"",\""filing_type\"":\""Q4\"",\""filing_year\"":2023,\""filing_period\"":\""fourth_quarter\"",\""income\"":\""20000.00\"",\""expenses\"":null}"", ""L-e5941e78-85ed-4af4-a6f0-4038245b1404"": ""{\""filing_uuid\"":\""e5941e78-85ed-4af4-a6f0-4038245b1404\"",\""filing_type\"":\""Q1\"",\""filing_year\"":2023,\""filing_period\"":\""first_quarter\"",\""income\"":\""50000.00\"",\""expenses\"":null}"", ""L-e5f4eaf0-d8cd-4e54-a475-c34525d23fc4"": ""{\""filing_uuid\"":\""e5f4eaf0-d8cd-4e54-a475-c34525d23fc4\"",\""filing_type\"":\""Q3\"",\""filing_year\"":2023,\""filing_period\"":\""third_quarter\"",\""income\"":\""50000.00\"",\""expenses\"":null}"", ""L-ec09f95b-4b83-482b-bfa4-6c2477f8f732"": ""{\""filing_uuid\"":\""ec09f95b-4b83-482b-bfa4-6c2477f8f732\"",\""filing_type\"":\""Q3\"",\""filing_year\"":2023,\""filing_period\"":\""third_quarter\"",\""income\"":\""60000.00\"",\""expenses\"":null}"", ""L-ef91aced-e259-491a-8ed6-186dfeefe690"": ""{\""filing_uuid\"":\""ef91aced-e259-491a-8ed6-186dfeefe690\"",\""filing_type\"":\""Q4\"",\""filing_year\"":2023,\""filing_period\"":\""fourth_quarter\"",\""income\"":\""100000.00\"",\""expenses\"":null}"", ""L-f1636749-56c0-449f-8d95-b8cb63e43bde"": ""{\""filing_uuid\"":\""f1636749-56c0-449f-8d95-b8cb63e43bde\"",\""filing_type\"":\""Q4\"",\""filing_year\"":2023,\""filing_period\"":\""fourth_quarter\"",\""income\"":\""30000.00\"",\""expenses\"":null}"", ""L-f4ea5c8a-e90d-414d-8bce-44975aa997ad"": ""{\""filing_uuid\"":\""f4ea5c8a-e90d-414d-8bce-44975aa997ad\"",\""filing_type\"":\""Q4\"",\""filing_year\"":2023,\""filing_period\"":\""fourth_quarter\"",\""income\"":\""60000.00\"",\""expenses\"":null}"", ""L-f708f178-f1e9-4531-b9a4-ae6c4a86fad8"": ""{\""filing_uuid\"":\""f708f178-f1e9-4531-b9a4-ae6c4a86fad8\"",\""filing_type\"":\""Q3\"",\""filing_year\"":2023,\""filing_period\"":\""third_quarter\"",\""income\"":\""60000.00\"",\""expenses\"":null}"", ""L-ff53eb3e-8b2f-4a3e-be01-8a88b9511930"": ""{\""filing_uuid\"":\""ff53eb3e-8b2f-4a3e-be01-8a88b9511930\"",\""filing_type\"":\""Q1\"",\""filing_year\"":2023,\""filing_period\"":\""first_quarter\"",\""income\"":\""50000.00\"",\""expenses\"":null}""}","Sum of numeric amounts on latest eligible quarterly reports, all issues combined. Blank reports are not zero and are not added. Separately named intermediaries excluded from direct fees. Outside fees and company expenses overlap and must never be added. Latest year uses completed quarters only; no annualization. No numeric reports means OPEN, not zero spending.",USD,,,L-00a0cdc5-10c0-49d5-bc25-7998536c99ce;L-0626ffcf-765a-4988-ad0d-05bd53c4a0f2;L-087f6005-0c03-479f-9020-2945825232ae;L-097de7e3-b646-4f87-9f6f-98e39fb6886d;L-0c12bac3-5b2d-479f-a523-e01cb31f570c;L-1007b149-8d51-4bb1-bd3c-60ccbee96ae0;L-13c4af86-1e72-4f0d-b75e-6e9f993207ff;L-14394b73-7b63-4f57-80de-bd24054499a3;L-1d214650-87bd-4ce7-aadf-ae3a9bcc0e3d;L-22760cca-45dd-4bd1-bf0b-9cd54eba5c70;L-22e4fd6f-8c1b-465f-b590-1cd72cbc9756;L-2bb8521a-8565-4b72-a0d9-046829d3406d;L-304b3598-f25a-4702-9ea4-2539b17d19b8;L-32217043-82b3-431d-a721-95ec4fb16f85;L-328d3c89-3a38-4924-932e-afe2aa0be86f;L-32994687-9906-422b-bd25-a93e381490bb;L-329f4c66-ceea-4238-9c21-a81c7b6a71f8;L-345ab49c-ce2d-4888-a2a3-c7694e1d0dfa;L-34f674f4-a5c0-4243-828a-33a9ba5e5cc1;L-35edfb47-46ff-4594-8beb-c2aa479c8d54;L-37220c91-2318-4e00-b967-86988f6d0850;L-3821d331-2481-48f5-944b-20f89f72ab42;L-38754ecf-a0e2-4681-be07-52a49fea0abd;L-39ca157c-b1df-4b0b-890a-48922be97cf6;L-39fb2909-0484-47ea-b340-8e34d45a5e90;L-3b549bc7-7b3c-4380-b261-0785098d1863;L-3c28a07f-89e6-4570-876f-89a832c2bbc1;L-3eff8f14-3e3c-44ca-8dcd-c34f14744e4c;L-40126525-c3e7-4d4d-bf5d-860969914f14;L-42901d17-5db1-44ea-9b3b-ec657c6899cf;L-47f4ff83-8240-432a-8079-6d783dffbb3a;L-4d040e0b-6f6b-4950-8075-6ff330f77423;L-4e086257-2142-4d44-bd20-75d1451c6b4e;L-4f1f8c0d-1eea-4a33-834b-e94dffa3a740;L-4f874b08-3300-40b6-841d-94fc4aa59636;L-5619566e-82d5-44ac-987a-4cf4d4ea9a6e;L-583fc354-14e1-43b8-b128-75fbc17a79e6;L-5a65c056-f966-44a5-810b-9585db30b84e;L-5e4ed233-19f7-4548-af9e-21de96f02b56;L-5f0738cd-9021-40aa-9307-c9b6c69b377c;L-5f631b5e-0c61-4e93-921e-ad63c923755e;L-6220bf3f-9112-4826-bf6d-a866c94485b5;L-66f3e442-4acc-4679-b9e9-483d9c73ec91;L-66fb8746-d00c-4d49-bbd7-e57791adcd66;L-6bf0025b-ce48-44b3-b4e1-726836eee40b;L-6bf18f5a-2ecb-42ec-8f09-6e6b08adf304;L-6d719c4e-1b29-4670-9ec7-cfaba3002c03;L-702623dd-9014-472b-b3a4-d49e40adcf5d;L-70c5b908-87da-4bf7-895c-528e44e73730;L-72b0ff75-3bdb-4734-b12b-8a80128bfe85;L-72dc21cf-6270-4e89-9c92-2e32c62fb020;L-7428d760-a4cc-4184-b4b3-475cc35ba812;L-749d80f3-8b79-4377-9d4c-b30bf06212fc;L-7942e5e3-b550-49bf-aa4f-d4082b1c054f;L-79fb9a62-d2fe-443b-8180-8f9aca3e72ff;L-7b9a0b81-ceff-44e6-b098-d0202ea6798b;L-7c65e25b-58e9-4d41-8aa0-f85c3f17d5f8;L-80395986-1801-4646-bf23-83ea754b81a2;L-833f5243-76ee-43f5-a376-358a5bb6dd11;L-89e516fb-73a1-4962-9dd6-79730b1981b1;L-8c7553d1-1bf1-487a-b62d-990f042277aa;L-8ca8a4da-051a-4527-a07f-fb9ea29b1561;L-905cdf58-af9d-4268-af01-86c6ba78a32a;L-948f7619-1f15-4b38-9123-f7c4b8466156;L-9a171fc6-de32-4379-81ad-5e029cf2ed7a;L-9f4050a8-acbb-4566-a5a0-fc38cac05cd0;L-a1a5d1c5-6782-4869-b5a3-e9060d36822d;L-a47fbd2e-b92c-450b-9607-3fafafacf730;L-a7adac8d-c46a-4d25-9832-3736d553f815;L-a959279b-def5-495e-8fb5-2466ad2333be;L-ab3be7fb-e5a1-4b01-9c54-5cd680aa5bf2;L-aba27f33-14e5-4f43-860e-2e91fc076f12;L-ace92ce7-805f-41de-83dc-831157d9826c;L-aed47f2b-5e54-4c1a-a823-92b29e942672;L-b09f4277-5a24-44e1-902e-2455c39fe338;L-b3e890c3-ec98-4279-93f2-9b5581c1bf32;L-b4741a8a-3e76-4835-8866-11cad28dcf0f;L-b47e4680-61fb-4c3e-9849-0bbeb4b64ae3;L-b695c98c-496a-4e23-b175-0884a013b260;L-b8f9563a-fa62-4c98-9fb5-c5deff5488bc;L-bb5713df-a7c0-44e6-ae86-f6d70bed5167;L-bb8563a5-612c-4cb9-889f-ffb1eed88356;L-bedc32e0-e808-44ea-96fc-14928de96fae;L-c2e04404-9698-48d3-bc31-f751172cf16b;L-c3306cb0-8f97-44ca-a741-3873aeec079f;L-c92e71e2-cc42-4fef-8021-9d115e58e2c2;L-ca18ddfb-419e-485e-8a0a-7a151b740181;L-cb565bfc-12e1-4ba4-8203-acf30e1f0d06;L-cc848426-f3ee-4e51-91d6-f5f6ba9f3483;L-ce87a601-c25d-4eae-88ed-f74396566a6e;L-cec94ce0-9030-4f0d-a136-86904a1f7a2d;L-cedfc2b8-a362-4b3f-aeba-bb0ffd8319d1;L-d3828300-6607-41e0-9fc6-196274e00065;L-d99ecec2-eae3-407c-98f8-5ee0735d53ab;L-daea8929-1d91-4644-98e6-89d4b059e9ea;L-dd86c01a-0987-487b-9989-1242d4383614;L-de82cee4-5bfd-404e-acaa-e8fe45073262;L-dffaac41-f393-43ce-a3be-dd96aca18182;L-e3c59186-c917-4b02-886a-e5be58a1c541;L-e3da7652-0bc2-4776-a71b-1b825dffabf0;L-e4f5aeca-68d3-4824-a89c-5d2459f29343;L-e5941e78-85ed-4af4-a6f0-4038245b1404;L-e5f4eaf0-d8cd-4e54-a475-c34525d23fc4;L-ec09f95b-4b83-482b-bfa4-6c2477f8f732;L-ef91aced-e259-491a-8ed6-186dfeefe690;L-f1636749-56c0-449f-8d95-b8cb63e43bde;L-f4ea5c8a-e90d-414d-8bce-44975aa997ad;L-f708f178-f1e9-4531-b9a4-ae6c4a86fad8;L-ff53eb3e-8b2f-4a3e-be01-8a88b9511930,lobbying_external_fees,sum,Amazon,2023,,,1;2;3;4,,,KEEP
FE-Amazon-2024,5120000.00,https://lda.gov/filings/public/filing/046e016f-6afb-4718-937d-d6bcc5f5f44b/print/,2026-09-14,"{""L-046e016f-6afb-4718-937d-d6bcc5f5f44b"": ""{\""filing_uuid\"":\""046e016f-6afb-4718-937d-d6bcc5f5f44b\"",\""filing_type\"":\""Q2\"",\""filing_year\"":2024,\""filing_period\"":\""second_quarter\"",\""income\"":\""50000.00\"",\""expenses\"":null}"", ""L-052cdbfd-6a1d-4cd1-9f79-ee616ba2b165"": ""{\""filing_uuid\"":\""052cdbfd-6a1d-4cd1-9f79-ee616ba2b165\"",\""filing_type\"":\""Q1\"",\""filing_year\"":2024,\""filing_period\"":\""first_quarter\"",\""income\"":\""10000.00\"",\""expenses\"":null}"", ""L-063c058c-b476-444f-9b87-74ce8dcc6528"": ""{\""filing_uuid\"":\""063c058c-b476-444f-9b87-74ce8dcc6528\"",\""filing_type\"":\""Q3\"",\""filing_year\"":2024,\""filing_period\"":\""third_quarter\"",\""income\"":\""50000.00\"",\""expenses\"":null}"", ""L-0ae1d2d7-1d4b-4420-95c3-b610addcf6f0"": ""{\""filing_uuid\"":\""0ae1d2d7-1d4b-4420-95c3-b610addcf6f0\"",\""filing_type\"":\""Q2\"",\""filing_year\"":2024,\""filing_period\"":\""second_quarter\"",\""income\"":\""30000.00\"",\""expenses\"":null}"", ""L-0d47f0b5-a32c-4274-bc78-2c14a918fc65"": ""{\""filing_uuid\"":\""0d47f0b5-a32c-4274-bc78-2c14a918fc65\"",\""filing_type\"":\""Q4\"",\""filing_year\"":2024,\""filing_period\"":\""fourth_quarter\"",\""income\"":\""30000.00\"",\""expenses\"":null}"", ""L-0d56fb8e-dd2d-4059-b184-41274ed50c6e"": ""{\""filing_uuid\"":\""0d56fb8e-dd2d-4059-b184-41274ed50c6e\"",\""filing_type\"":\""Q4\"",\""filing_year\"":2024,\""filing_period\"":\""fourth_quarter\"",\""income\"":\""60000.00\"",\""expenses\"":null}"", ""L-100b626b-de8d-4721-b308-6acd29cc36a9"": ""{\""filing_uuid\"":\""100b626b-de8d-4721-b308-6acd29cc36a9\"",\""filing_type\"":\""Q1\"",\""filing_year\"":2024,\""filing_period\"":\""first_quarter\"",\""income\"":\""50000.00\"",\""expenses\"":null}"", ""L-10e525c6-fe90-411a-85ed-560827345f87"": ""{\""filing_uuid\"":\""10e525c6-fe90-411a-85ed-560827345f87\"",\""filing_type\"":\""Q1\"",\""filing_year\"":2024,\""filing_period\"":\""first_quarter\"",\""income\"":\""50000.00\"",\""expenses\"":null}"", ""L-14103871-29ab-4b63-9a3d-e635a2433d44"": ""{\""filing_uuid\"":\""14103871-29ab-4b63-9a3d-e635a2433d44\"",\""filing_type\"":\""Q4\"",\""filing_year\"":2024,\""filing_period\"":\""fourth_quarter\"",\""income\"":\""50000.00\"",\""expenses\"":null}"", ""L-171822ba-7804-4131-aa3b-3f5472de7225"": ""{\""filing_uuid\"":\""171822ba-7804-4131-aa3b-3f5472de7225\"",\""filing_type\"":\""Q4\"",\""filing_year\"":2024,\""filing_period\"":\""fourth_quarter\"",\""income\"":\""45000.00\"",\""expenses\"":null}"", ""L-19308055-b0d8-49b8-80d7-5570ad2a4a66"": ""{\""filing_uuid\"":\""19308055-b0d8-49b8-80d7-5570ad2a4a66\"",\""filing_type\"":\""3T\"",\""filing_year\"":2024,\""filing_period\"":\""third_quarter\"",\""income\"":\""50000.00\"",\""expenses\"":null}"", ""L-1dc09835-e464-49de-97d0-be0597e97191"": ""{\""filing_uuid\"":\""1dc09835-e464-49de-97d0-be0597e97191\"",\""filing_type\"":\""Q2\"",\""filing_year\"":2024,\""filing_period\"":\""second_quarter\"",\""income\"":\""20000.00\"",\""expenses\"":null}"", ""L-242815a6-95d6-480c-bb41-e1b449c57137"": ""{\""filing_uuid\"":\""242815a6-95d6-480c-bb41-e1b449c57137\"",\""filing_type\"":\""Q3\"",\""filing_year\"":2024,\""filing_period\"":\""third_quarter\"",\""income\"":\""50000.00\"",\""expenses\"":null}"", ""L-25325ba5-91e8-4fd1-b4e2-c12007907ad2"": ""{\""filing_uuid\"":\""25325ba5-91e8-4fd1-b4e2-c12007907ad2\"",\""filing_type\"":\""Q3\"",\""filing_year\"":2024,\""filing_period\"":\""third_quarter\"",\""income\"":\""50000.00\"",\""expenses\"":null}"", ""L-2c91756c-0eab-4f91-abdd-6dba1f419690"": ""{\""filing_uuid\"":\""2c91756c-0eab-4f91-abdd-6dba1f419690\"",\""filing_type\"":\""Q4\"",\""filing_year\"":2024,\""filing_period\"":\""fourth_quarter\"",\""income\"":\""80000.00\"",\""expenses\"":null}"", ""L-2e4a1d53-70aa-415b-ae55-2025c7731cb8"": ""{\""filing_uuid\"":\""2e4a1d53-70aa-415b-ae55-2025c7731cb8\"",\""filing_type\"":\""Q3\"",\""filing_year\"":2024,\""filing_period\"":\""third_quarter\"",\""income\"":\""50000.00\"",\""expenses\"":null}"", ""L-30382913-7e93-42c5-8713-f5bf05d1f44a"": ""{\""filing_uuid\"":\""30382913-7e93-42c5-8713-f5bf05d1f44a\"",\""filing_type\"":\""Q3\"",\""filing_year\"":2024,\""filing_period\"":\""third_quarter\"",\""income\"":\""20000.00\"",\""expenses\"":null}"", ""L-31d75bdf-558c-4bb5-a7d8-620db365f193"": ""{\""filing_uuid\"":\""31d75bdf-558c-4bb5-a7d8-620db365f193\"",\""filing_type\"":\""Q3\"",\""filing_year\"":2024,\""filing_period\"":\""third_quarter\"",\""income\"":\""50000.00\"",\""expenses\"":null}"", ""L-39e11515-0abf-4ff5-ac3d-e79bd7579819"": ""{\""filing_uuid\"":\""39e11515-0abf-4ff5-ac3d-e79bd7579819\"",\""filing_type\"":\""4T\"",\""filing_year\"":2024,\""filing_period\"":\""fourth_quarter\"",\""income\"":\""60000.00\"",\""expenses\"":null}"", ""L-3b4e9811-4899-4d49-b556-32512199e884"": ""{\""filing_uuid\"":\""3b4e9811-4899-4d49-b556-32512199e884\"",\""filing_type\"":\""Q2\"",\""filing_year\"":2024,\""filing_period\"":\""second_quarter\"",\""income\"":\""80000.00\"",\""expenses\"":null}"", ""L-3da51923-dc0f-461c-bfe9-3f775795ff31"": ""{\""filing_uuid\"":\""3da51923-dc0f-461c-bfe9-3f775795ff31\"",\""filing_type\"":\""Q3\"",\""filing_year\"":2024,\""filing_period\"":\""third_quarter\"",\""income\"":\""60000.00\"",\""expenses\"":null}"", ""L-3eaba382-8221-4be3-a3a0-5c8938a0a9b2"": ""{\""filing_uuid\"":\""3eaba382-8221-4be3-a3a0-5c8938a0a9b2\"",\""filing_type\"":\""Q1\"",\""filing_year\"":2024,\""filing_period\"":\""first_quarter\"",\""income\"":\""60000.00\"",\""expenses\"":null}"", ""L-43f27924-4af6-4e37-a2f9-d875481b844f"": ""{\""filing_uuid\"":\""43f27924-4af6-4e37-a2f9-d875481b844f\"",\""filing_type\"":\""Q2\"",\""filing_year\"":2024,\""filing_period\"":\""second_quarter\"",\""income\"":\""10000.00\"",\""expenses\"":null}"", ""L-47a92f12-12c7-43fb-b7cf-d2f443b73449"": ""{\""filing_uuid\"":\""47a92f12-12c7-43fb-b7cf-d2f443b73449\"",\""filing_type\"":\""Q4\"",\""filing_year\"":2024,\""filing_period\"":\""fourth_quarter\"",\""income\"":\""50000.00\"",\""expenses\"":null}"", ""L-497592b0-17f5-417f-b7f3-6853925629f5"": ""{\""filing_uuid\"":\""497592b0-17f5-417f-b7f3-6853925629f5\"",\""filing_type\"":\""Q1\"",\""filing_year\"":2024,\""filing_period\"":\""first_quarter\"",\""income\"":\""50000.00\"",\""expenses\"":null}"", ""L-4a2a6067-0188-4d3a-ab31-b864fd5c3ef4"": ""{\""filing_uuid\"":\""4a2a6067-0188-4d3a-ab31-b864fd5c3ef4\"",\""filing_type\"":\""Q4\"",\""filing_year\"":2024,\""filing_period\"":\""fourth_quarter\"",\""income\"":\""80000.00\"",\""expenses\"":null}"", ""L-4a6b49fa-53d5-4143-8006-d1e8eeb80a17"": ""{\""filing_uuid\"":\""4a6b49fa-53d5-4143-8006-d1e8eeb80a17\"",\""filing_type\"":\""Q2\"",\""filing_year\"":2024,\""filing_period\"":\""second_quarter\"",\""income\"":\""50000.00\"",\""expenses\"":null}"", ""L-4d8a0d58-b5e2-4396-934d-27b37dbd2e8e"": ""{\""filing_uuid\"":\""4d8a0d58-b5e2-4396-934d-27b37dbd2e8e\"",\""filing_type\"":\""Q1\"",\""filing_year\"":2024,\""filing_period\"":\""first_quarter\"",\""income\"":\""50000.00\"",\""expenses\"":null}"", ""L-4eba7730-07db-4a91-a3b2-371695cd6b49"": ""{\""filing_uuid\"":\""4eba7730-07db-4a91-a3b2-371695cd6b49\"",\""filing_type\"":\""Q4\"",\""filing_year\"":2024,\""filing_period\"":\""fourth_quarter\"",\""income\"":\""10000.00\"",\""expenses\"":null}"", ""L-59f740f1-fd20-4ad0-bfc6-7f131bf2b493"": ""{\""filing_uuid\"":\""59f740f1-fd20-4ad0-bfc6-7f131bf2b493\"",\""filing_type\"":\""Q1\"",\""filing_year\"":2024,\""filing_period\"":\""first_quarter\"",\""income\"":\""10000.00\"",\""expenses\"":null}"", ""L-5ac1838f-a58a-4e9a-992d-a1282c956957"": ""{\""filing_uuid\"":\""5ac1838f-a58a-4e9a-992d-a1282c956957\"",\""filing_type\"":\""Q2\"",\""filing_year\"":2024,\""filing_period\"":\""second_quarter\"",\""income\"":\""60000.00\"",\""expenses\"":null}"", ""L-5c495bed-7271-4962-8669-74c89aed9ee3"": ""{\""filing_uuid\"":\""5c495bed-7271-4962-8669-74c89aed9ee3\"",\""filing_type\"":\""Q3\"",\""filing_year\"":2024,\""filing_period\"":\""third_quarter\"",\""income\"":\""30000.00\"",\""expenses\"":null}"", ""L-5e0d0382-1b60-4e10-a5bd-89b24a2f125e"": ""{\""filing_uuid\"":\""5e0d0382-1b60-4e10-a5bd-89b24a2f125e\"",\""filing_type\"":\""Q3\"",\""filing_year\"":2024,\""filing_period\"":\""third_quarter\"",\""income\"":\""60000.00\"",\""expenses\"":null}"", ""L-5e7d5901-43ff-439a-8294-197a0e9b9e0e"": ""{\""filing_uuid\"":\""5e7d5901-43ff-439a-8294-197a0e9b9e0e\"",\""filing_type\"":\""Q3\"",\""filing_year\"":2024,\""filing_period\"":\""third_quarter\"",\""income\"":\""75000.00\"",\""expenses\"":null}"", ""L-63783a6a-41fe-4322-9b66-e8afec940dbe"": ""{\""filing_uuid\"":\""63783a6a-41fe-4322-9b66-e8afec940dbe\"",\""filing_type\"":\""Q1\"",\""filing_year\"":2024,\""filing_period\"":\""first_quarter\"",\""income\"":\""60000.00\"",\""expenses\"":null}"", ""L-641d7899-4fcc-4215-8232-650bb01041cd"": ""{\""filing_uuid\"":\""641d7899-4fcc-4215-8232-650bb01041cd\"",\""filing_type\"":\""Q2\"",\""filing_year\"":2024,\""filing_period\"":\""second_quarter\"",\""income\"":\""50000.00\"",\""expenses\"":null}"", ""L-644509a3-7400-4a20-9963-5fee24de38ea"": ""{\""filing_uuid\"":\""644509a3-7400-4a20-9963-5fee24de38ea\"",\""filing_type\"":\""Q4\"",\""filing_year\"":2024,\""filing_period\"":\""fourth_quarter\"",\""income\"":\""50000.00\"",\""expenses\"":null}"", ""L-682b7f5b-3f5e-4d1e-8680-736f6890f281"": ""{\""filing_uuid\"":\""682b7f5b-3f5e-4d1e-8680-736f6890f281\"",\""filing_type\"":\""Q3\"",\""filing_year\"":2024,\""filing_period\"":\""third_quarter\"",\""income\"":\""80000.00\"",\""expenses\"":null}"", ""L-687a31d1-366d-483d-b667-2ebc5e5210b3"": ""{\""filing_uuid\"":\""687a31d1-366d-483d-b667-2ebc5e5210b3\"",\""filing_type\"":\""Q3\"",\""filing_year\"":2024,\""filing_period\"":\""third_quarter\"",\""income\"":\""10000.00\"",\""expenses\"":null}"", ""L-6a984272-20b3-45c9-ab80-77812d29ad21"": ""{\""filing_uuid\"":\""6a984272-20b3-45c9-ab80-77812d29ad21\"",\""filing_type\"":\""Q3\"",\""filing_year\"":2024,\""filing_period\"":\""third_quarter\"",\""income\"":\""50000.00\"",\""expenses\"":null}"", ""L-6ac820cf-3074-430b-a796-97a1229877dd"": ""{\""filing_uuid\"":\""6ac820cf-3074-430b-a796-97a1229877dd\"",\""filing_type\"":\""Q2\"",\""filing_year\"":2024,\""filing_period\"":\""second_quarter\"",\""income\"":\""80000.00\"",\""expenses\"":null}"", ""L-78920081-66a2-41fb-bb19-eb5ea6545ee8"": ""{\""filing_uuid\"":\""78920081-66a2-41fb-bb19-eb5ea6545ee8\"",\""filing_type\"":\""Q4\"",\""filing_year\"":2024,\""filing_period\"":\""fourth_quarter\"",\""income\"":\""30000.00\"",\""expenses\"":null}"", ""L-79e6ec3d-9d3e-434a-a6d5-f750f8261ed6"": ""{\""filing_uuid\"":\""79e6ec3d-9d3e-434a-a6d5-f750f8261ed6\"",\""filing_type\"":\""Q4\"",\""filing_year\"":2024,\""filing_period\"":\""fourth_quarter\"",\""income\"":\""50000.00\"",\""expenses\"":null}"", ""L-7a22ca40-7d1c-4d9e-8966-30bb31496f4a"": ""{\""filing_uuid\"":\""7a22ca40-7d1c-4d9e-8966-30bb31496f4a\"",\""filing_type\"":\""Q3\"",\""filing_year\"":2024,\""filing_period\"":\""third_quarter\"",\""income\"":\""30000.00\"",\""expenses\"":null}"", ""L-7c8d3a83-3bde-4bb7-b46e-9ef0fc90541e"": ""{\""filing_uuid\"":\""7c8d3a83-3bde-4bb7-b46e-9ef0fc90541e\"",\""filing_type\"":\""Q1\"",\""filing_year\"":2024,\""filing_period\"":\""first_quarter\"",\""income\"":\""30000.00\"",\""expenses\"":null}"", ""L-7eec111e-c1a8-4906-821b-cb64d4fe9f62"": ""{\""filing_uuid\"":\""7eec111e-c1a8-4906-821b-cb64d4fe9f62\"",\""filing_type\"":\""Q1\"",\""filing_year\"":2024,\""filing_period\"":\""first_quarter\"",\""income\"":\""60000.00\"",\""expenses\"":null}"", ""L-835e5488-0b96-49c5-93f1-06284c399c8b"": ""{\""filing_uuid\"":\""835e5488-0b96-49c5-93f1-06284c399c8b\"",\""filing_type\"":\""Q4\"",\""filing_year\"":2024,\""filing_period\"":\""fourth_quarter\"",\""income\"":\""50000.00\"",\""expenses\"":null}"", ""L-84c1ad50-f608-42f5-a644-0d8161466bdd"": ""{\""filing_uuid\"":\""84c1ad50-f608-42f5-a644-0d8161466bdd\"",\""filing_type\"":\""1TY\"",\""filing_year\"":2024,\""filing_period\"":\""first_quarter\"",\""income\"":\""20000.00\"",\""expenses\"":null}"", ""L-84edc7e3-7e08-46db-8f24-8f2f4da46185"": ""{\""filing_uuid\"":\""84edc7e3-7e08-46db-8f24-8f2f4da46185\"",\""filing_type\"":\""Q2\"",\""filing_year\"":2024,\""filing_period\"":\""second_quarter\"",\""income\"":\""60000.00\"",\""expenses\"":null}"", ""L-87ec748a-085e-40c2-bed5-1cdfe75d0c5b"": ""{\""filing_uuid\"":\""87ec748a-085e-40c2-bed5-1cdfe75d0c5b\"",\""filing_type\"":\""Q4\"",\""filing_year\"":2024,\""filing_period\"":\""fourth_quarter\"",\""income\"":\""80000.00\"",\""expenses\"":null}"", ""L-8a7a71b9-ca72-4f24-92b5-f50c4e77f04d"": ""{\""filing_uuid\"":\""8a7a71b9-ca72-4f24-92b5-f50c4e77f04d\"",\""filing_type\"":\""Q2\"",\""filing_year\"":2024,\""filing_period\"":\""second_quarter\"",\""income\"":\""75000.00\"",\""expenses\"":null}"", ""L-8d02b365-5a6e-4ef9-a372-1f370530f316"": ""{\""filing_uuid\"":\""8d02b365-5a6e-4ef9-a372-1f370530f316\"",\""filing_type\"":\""Q1\"",\""filing_year\"":2024,\""filing_period\"":\""first_quarter\"",\""income\"":\""50000.00\"",\""expenses\"":null}"", ""L-8f3d82c8-a774-4bc5-84e0-7031ce56694b"": ""{\""filing_uuid\"":\""8f3d82c8-a774-4bc5-84e0-7031ce56694b\"",\""filing_type\"":\""Q1\"",\""filing_year\"":2024,\""filing_period\"":\""first_quarter\"",\""income\"":\""50000.00\"",\""expenses\"":null}"", ""L-8fd1a993-6386-4586-93f8-cc64820d9129"": ""{\""filing_uuid\"":\""8fd1a993-6386-4586-93f8-cc64820d9129\"",\""filing_type\"":\""Q2\"",\""filing_year\"":2024,\""filing_period\"":\""second_quarter\"",\""income\"":\""10000.00\"",\""expenses\"":null}"", ""L-91155ef2-fa3c-4734-82ff-22e0a0ec9d25"": ""{\""filing_uuid\"":\""91155ef2-fa3c-4734-82ff-22e0a0ec9d25\"",\""filing_type\"":\""4T\"",\""filing_year\"":2024,\""filing_period\"":\""fourth_quarter\"",\""income\"":\""30000.00\"",\""expenses\"":null}"", ""L-91835e02-7ce0-40b6-bc09-fafc811502f2"": ""{\""filing_uuid\"":\""91835e02-7ce0-40b6-bc09-fafc811502f2\"",\""filing_type\"":\""Q3\"",\""filing_year\"":2024,\""filing_period\"":\""third_quarter\"",\""income\"":\""50000.00\"",\""expenses\"":null}"", ""L-92598817-f51a-43c5-9e74-e7a49cdd0b62"": ""{\""filing_uuid\"":\""92598817-f51a-43c5-9e74-e7a49cdd0b62\"",\""filing_type\"":\""Q1\"",\""filing_year\"":2024,\""filing_period\"":\""first_quarter\"",\""income\"":\""30000.00\"",\""expenses\"":null}"", ""L-9549a38d-4f6a-4e24-8e79-9ae271a366e1"": ""{\""filing_uuid\"":\""9549a38d-4f6a-4e24-8e79-9ae271a366e1\"",\""filing_type\"":\""Q1\"",\""filing_year\"":2024,\""filing_period\"":\""first_quarter\"",\""income\"":\""80000.00\"",\""expenses\"":null}"", ""L-955ffce9-f0d2-4196-a73e-d6caebfd2129"": ""{\""filing_uuid\"":\""955ffce9-f0d2-4196-a73e-d6caebfd2129\"",\""filing_type\"":\""Q4\"",\""filing_year\"":2024,\""filing_period\"":\""fourth_quarter\"",\""income\"":\""60000.00\"",\""expenses\"":null}"", ""L-95e016de-95ba-485e-adec-bd1d5a8ab5ad"": ""{\""filing_uuid\"":\""95e016de-95ba-485e-adec-bd1d5a8ab5ad\"",\""filing_type\"":\""Q3\"",\""filing_year\"":2024,\""filing_period\"":\""third_quarter\"",\""income\"":\""45000.00\"",\""expenses\"":null}"", ""L-980edf54-1879-4800-a0f7-1cfcc30f6da2"": ""{\""filing_uuid\"":\""980edf54-1879-4800-a0f7-1cfcc30f6da2\"",\""filing_type\"":\""Q1\"",\""filing_year\"":2024,\""filing_period\"":\""first_quarter\"",\""income\"":\""45000.00\"",\""expenses\"":null}"", ""L-9dc2dcc0-89df-48e6-aebf-a8ee78f9b4b7"": ""{\""filing_uuid\"":\""9dc2dcc0-89df-48e6-aebf-a8ee78f9b4b7\"",\""filing_type\"":\""Q1\"",\""filing_year\"":2024,\""filing_period\"":\""first_quarter\"",\""income\"":\""50000.00\"",\""expenses\"":null}"", ""L-9f05e15a-b6ed-4533-9a6f-3a0cc8c28ceb"": ""{\""filing_uuid\"":\""9f05e15a-b6ed-4533-9a6f-3a0cc8c28ceb\"",\""filing_type\"":\""Q2\"",\""filing_year\"":2024,\""filing_period\"":\""second_quarter\"",\""income\"":\""50000.00\"",\""expenses\"":null}"", ""L-9f505c26-9714-46e5-9df6-1e678d2ee76c"": ""{\""filing_uuid\"":\""9f505c26-9714-46e5-9df6-1e678d2ee76c\"",\""filing_type\"":\""Q2\"",\""filing_year\"":2024,\""filing_period\"":\""second_quarter\"",\""income\"":\""50000.00\"",\""expenses\"":null}"", ""L-9fe8e029-6004-4fc6-b61d-500d6ebbf900"": ""{\""filing_uuid\"":\""9fe8e029-6004-4fc6-b61d-500d6ebbf900\"",\""filing_type\"":\""Q4\"",\""filing_year\"":2024,\""filing_period\"":\""fourth_quarter\"",\""income\"":\""50000.00\"",\""expenses\"":null}"", ""L-a7358ea4-0697-4836-91b8-47eee52a23c9"": ""{\""filing_uuid\"":\""a7358ea4-0697-4836-91b8-47eee52a23c9\"",\""filing_type\"":\""Q4\"",\""filing_year\"":2024,\""filing_period\"":\""fourth_quarter\"",\""income\"":\""75000.00\"",\""expenses\"":null}"", ""L-a7823cc4-40e3-446a-9f43-ca036bb67ea3"": ""{\""filing_uuid\"":\""a7823cc4-40e3-446a-9f43-ca036bb67ea3\"",\""filing_type\"":\""Q2\"",\""filing_year\"":2024,\""filing_period\"":\""second_quarter\"",\""income\"":\""50000.00\"",\""expenses\"":null}"", ""L-aa709887-3824-4331-b496-ae8bbe864a41"": ""{\""filing_uuid\"":\""aa709887-3824-4331-b496-ae8bbe864a41\"",\""filing_type\"":\""Q2\"",\""filing_year\"":2024,\""filing_period\"":\""second_quarter\"",\""income\"":\""60000.00\"",\""expenses\"":null}"", ""L-aab5eb10-477f-45f0-88fa-5939e1fddd8f"": ""{\""filing_uuid\"":\""aab5eb10-477f-45f0-88fa-5939e1fddd8f\"",\""filing_type\"":\""Q4\"",\""filing_year\"":2024,\""filing_period\"":\""fourth_quarter\"",\""income\"":\""50000.00\"",\""expenses\"":null}"", ""L-aadc4967-6bf7-4a1e-a588-dbb8b373c331"": ""{\""filing_uuid\"":\""aadc4967-6bf7-4a1e-a588-dbb8b373c331\"",\""filing_type\"":\""Q1\"",\""filing_year\"":2024,\""filing_period\"":\""first_quarter\"",\""income\"":\""80000.00\"",\""expenses\"":null}"", ""L-acc4dd2d-583b-47e3-a6dd-88cdfd019d44"": ""{\""filing_uuid\"":\""acc4dd2d-583b-47e3-a6dd-88cdfd019d44\"",\""filing_type\"":\""Q2\"",\""filing_year\"":2024,\""filing_period\"":\""second_quarter\"",\""income\"":\""50000.00\"",\""expenses\"":null}"", ""L-ae4c609a-1bf7-48f6-93c0-8804b5c6981b"": ""{\""filing_uuid\"":\""ae4c609a-1bf7-48f6-93c0-8804b5c6981b\"",\""filing_type\"":\""Q2\"",\""filing_year\"":2024,\""filing_period\"":\""second_quarter\"",\""income\"":\""60000.00\"",\""expenses\"":null}"", ""L-aec5735d-4405-4cab-a81b-076114b5bac8"": ""{\""filing_uuid\"":\""aec5735d-4405-4cab-a81b-076114b5bac8\"",\""filing_type\"":\""Q3\"",\""filing_year\"":2024,\""filing_period\"":\""third_quarter\"",\""income\"":\""60000.00\"",\""expenses\"":null}"", ""L-b3b9ea64-3b00-42dc-864d-5a413fc46f69"": ""{\""filing_uuid\"":\""b3b9ea64-3b00-42dc-864d-5a413fc46f69\"",\""filing_type\"":\""Q1\"",\""filing_year\"":2024,\""filing_period\"":\""first_quarter\"",\""income\"":\""80000.00\"",\""expenses\"":null}"", ""L-b6b4c203-ee0e-4b9f-9e67-c2196c65a59b"": ""{\""filing_uuid\"":\""b6b4c203-ee0e-4b9f-9e67-c2196c65a59b\"",\""filing_type\"":\""Q2\"",\""filing_year\"":2024,\""filing_period\"":\""second_quarter\"",\""income\"":\""45000.00\"",\""expenses\"":null}"", ""L-b9ac5e40-3e26-4806-9f90-030a518cdc29"": ""{\""filing_uuid\"":\""b9ac5e40-3e26-4806-9f90-030a518cdc29\"",\""filing_type\"":\""Q3\"",\""filing_year\"":2024,\""filing_period\"":\""third_quarter\"",\""income\"":\""30000.00\"",\""expenses\"":null}"", ""L-bcc0ba77-a533-4c34-aa02-ad95ff230200"": ""{\""filing_uuid\"":\""bcc0ba77-a533-4c34-aa02-ad95ff230200\"",\""filing_type\"":\""Q2\"",\""filing_year\"":2024,\""filing_period\"":\""second_quarter\"",\""income\"":\""50000.00\"",\""expenses\"":null}"", ""L-c14fc470-ecb6-4e67-8460-1d29ea521d9d"": ""{\""filing_uuid\"":\""c14fc470-ecb6-4e67-8460-1d29ea521d9d\"",\""filing_type\"":\""Q1\"",\""filing_year\"":2024,\""filing_period\"":\""first_quarter\"",\""income\"":\""50000.00\"",\""expenses\"":null}"", ""L-c48a7a38-1191-4a49-b8a8-eeff16591d2a"": ""{\""filing_uuid\"":\""c48a7a38-1191-4a49-b8a8-eeff16591d2a\"",\""filing_type\"":\""Q2\"",\""filing_year\"":2024,\""filing_period\"":\""second_quarter\"",\""income\"":\""30000.00\"",\""expenses\"":null}"", ""L-c4e400ea-5ea5-41b4-a622-d85cfaa56a26"": ""{\""filing_uuid\"":\""c4e400ea-5ea5-41b4-a622-d85cfaa56a26\"",\""filing_type\"":\""Q1\"",\""filing_year\"":2024,\""filing_period\"":\""first_quarter\"",\""income\"":\""50000.00\"",\""expenses\"":null}"", ""L-c76a3233-4d4e-4a19-a4ba-4f6e7d12146c"": ""{\""filing_uuid\"":\""c76a3233-4d4e-4a19-a4ba-4f6e7d12146c\"",\""filing_type\"":\""Q2\"",\""filing_year\"":2024,\""filing_period\"":\""second_quarter\"",\""income\"":\""30000.00\"",\""expenses\"":null}"", ""L-c77ecb97-fe39-47bd-b67f-78774d138498"": ""{\""filing_uuid\"":\""c77ecb97-fe39-47bd-b67f-78774d138498\"",\""filing_type\"":\""Q1\"",\""filing_year\"":2024,\""filing_period\"":\""first_quarter\"",\""income\"":\""30000.00\"",\""expenses\"":null}"", ""L-c7c8ee53-449d-430b-a192-70ff11ce3f34"": ""{\""filing_uuid\"":\""c7c8ee53-449d-430b-a192-70ff11ce3f34\"",\""filing_type\"":\""Q3\"",\""filing_year\"":2024,\""filing_period\"":\""third_quarter\"",\""income\"":\""60000.00\"",\""expenses\"":null}"", ""L-c97fa220-0bac-4063-80ff-30c1d709fc19"": ""{\""filing_uuid\"":\""c97fa220-0bac-4063-80ff-30c1d709fc19\"",\""filing_type\"":\""Q2\"",\""filing_year\"":2024,\""filing_period\"":\""second_quarter\"",\""income\"":\""80000.00\"",\""expenses\"":null}"", ""L-cc2d261e-8835-42d4-9552-124a600b5631"": ""{\""filing_uuid\"":\""cc2d261e-8835-42d4-9552-124a600b5631\"",\""filing_type\"":\""Q3\"",\""filing_year\"":2024,\""filing_period\"":\""third_quarter\"",\""income\"":\""50000.00\"",\""expenses\"":null}"", ""L-cddff1d4-d832-42c4-8f04-929fc8b5242a"": ""{\""filing_uuid\"":\""cddff1d4-d832-42c4-8f04-929fc8b5242a\"",\""filing_type\"":\""Q3\"",\""filing_year\"":2024,\""filing_period\"":\""third_quarter\"",\""income\"":\""80000.00\"",\""expenses\"":null}"", ""L-d9daf0c7-4054-4015-a07f-daaa3ec1c91a"": ""{\""filing_uuid\"":\""d9daf0c7-4054-4015-a07f-daaa3ec1c91a\"",\""filing_type\"":\""Q4\"",\""filing_year\"":2024,\""filing_period\"":\""fourth_quarter\"",\""income\"":\""50000.00\"",\""expenses\"":null}"", ""L-e0fbf52d-5145-4ac0-8ce1-71392ea33be0"": ""{\""filing_uuid\"":\""e0fbf52d-5145-4ac0-8ce1-71392ea33be0\"",\""filing_type\"":\""Q1\"",\""filing_year\"":2024,\""filing_period\"":\""first_quarter\"",\""income\"":\""60000.00\"",\""expenses\"":null}"", ""L-e1e352a8-d5d0-4657-ac7e-502f7f13d110"": ""{\""filing_uuid\"":\""e1e352a8-d5d0-4657-ac7e-502f7f13d110\"",\""filing_type\"":\""Q2\"",\""filing_year\"":2024,\""filing_period\"":\""second_quarter\"",\""income\"":\""50000.00\"",\""expenses\"":null}"", ""L-e3f035e6-fa64-4c32-b430-2e5f02214160"": ""{\""filing_uuid\"":\""e3f035e6-fa64-4c32-b430-2e5f02214160\"",\""filing_type\"":\""2A\"",\""filing_year\"":2024,\""filing_period\"":\""second_quarter\"",\""income\"":\""60000.00\"",\""expenses\"":null}"", ""L-e848a27a-0d1a-4d9b-b4f4-6108b3dae902"": ""{\""filing_uuid\"":\""e848a27a-0d1a-4d9b-b4f4-6108b3dae902\"",\""filing_type\"":\""Q4\"",\""filing_year\"":2024,\""filing_period\"":\""fourth_quarter\"",\""income\"":\""50000.00\"",\""expenses\"":null}"", ""L-eba7e77b-918b-4d26-9d45-71cb6c78b303"": ""{\""filing_uuid\"":\""eba7e77b-918b-4d26-9d45-71cb6c78b303\"",\""filing_type\"":\""Q2\"",\""filing_year\"":2024,\""filing_period\"":\""second_quarter\"",\""income\"":\""50000.00\"",\""expenses\"":null}"", ""L-ed1d769b-027f-4af3-acc2-87700745db75"": ""{\""filing_uuid\"":\""ed1d769b-027f-4af3-acc2-87700745db75\"",\""filing_type\"":\""Q3\"",\""filing_year\"":2024,\""filing_period\"":\""third_quarter\"",\""income\"":\""80000.00\"",\""expenses\"":null}"", ""L-efa04447-e49d-478e-8c3c-dc3e07687bcb"": ""{\""filing_uuid\"":\""efa04447-e49d-478e-8c3c-dc3e07687bcb\"",\""filing_type\"":\""Q4\"",\""filing_year\"":2024,\""filing_period\"":\""fourth_quarter\"",\""income\"":\""60000.00\"",\""expenses\"":null}"", ""L-f020359c-fea3-47dd-a820-690cac60f1ef"": ""{\""filing_uuid\"":\""f020359c-fea3-47dd-a820-690cac60f1ef\"",\""filing_type\"":\""Q3\"",\""filing_year\"":2024,\""filing_period\"":\""third_quarter\"",\""income\"":\""60000.00\"",\""expenses\"":null}"", ""L-f061bd2f-6bf7-4468-8e57-856d4a44f02d"": ""{\""filing_uuid\"":\""f061bd2f-6bf7-4468-8e57-856d4a44f02d\"",\""filing_type\"":\""Q3\"",\""filing_year\"":2024,\""filing_period\"":\""third_quarter\"",\""income\"":\""10000.00\"",\""expenses\"":null}"", ""L-f1513d91-ae34-47b1-ab1b-dafb17eaaedd"": ""{\""filing_uuid\"":\""f1513d91-ae34-47b1-ab1b-dafb17eaaedd\"",\""filing_type\"":\""Q4\"",\""filing_year\"":2024,\""filing_period\"":\""fourth_quarter\"",\""income\"":\""60000.00\"",\""expenses\"":null}"", ""L-f203f20a-16ca-485f-b014-76c6f5a354bc"": ""{\""filing_uuid\"":\""f203f20a-16ca-485f-b014-76c6f5a354bc\"",\""filing_type\"":\""Q1\"",\""filing_year\"":2024,\""filing_period\"":\""first_quarter\"",\""income\"":\""20000.00\"",\""expenses\"":null}"", ""L-f3587aca-07d6-4b2b-96db-25b2a79679fc"": ""{\""filing_uuid\"":\""f3587aca-07d6-4b2b-96db-25b2a79679fc\"",\""filing_type\"":\""Q3\"",\""filing_year\"":2024,\""filing_period\"":\""third_quarter\"",\""income\"":\""50000.00\"",\""expenses\"":null}"", ""L-f5ca4814-8d94-4c13-9532-10d14e6e6841"": ""{\""filing_uuid\"":\""f5ca4814-8d94-4c13-9532-10d14e6e6841\"",\""filing_type\"":\""1A\"",\""filing_year\"":2024,\""filing_period\"":\""first_quarter\"",\""income\"":\""60000.00\"",\""expenses\"":null}"", ""L-f75bfc7e-f994-4592-99d1-f92fbc693595"": ""{\""filing_uuid\"":\""f75bfc7e-f994-4592-99d1-f92fbc693595\"",\""filing_type\"":\""Q1\"",\""filing_year\"":2024,\""filing_period\"":\""first_quarter\"",\""income\"":\""75000.00\"",\""expenses\"":null}"", ""L-fb7db5ae-5218-4010-b1d9-e51c9942f8dc"": ""{\""filing_uuid\"":\""fb7db5ae-5218-4010-b1d9-e51c9942f8dc\"",\""filing_type\"":\""Q1\"",\""filing_year\"":2024,\""filing_period\"":\""first_quarter\"",\""income\"":\""50000.00\"",\""expenses\"":null}"", ""L-fe8e25e6-79ec-4aa9-902d-f2bf14bbf734"": ""{\""filing_uuid\"":\""fe8e25e6-79ec-4aa9-902d-f2bf14bbf734\"",\""filing_type\"":\""Q4\"",\""filing_year\"":2024,\""filing_period\"":\""fourth_quarter\"",\""income\"":\""20000.00\"",\""expenses\"":null}""}","Sum of numeric amounts on latest eligible quarterly reports, all issues combined. Blank reports are not zero and are not added. Separately named intermediaries excluded from direct fees. Outside fees and company expenses overlap and must never be added. Latest year uses completed quarters only; no annualization. No numeric reports means OPEN, not zero spending.",USD,,,L-046e016f-6afb-4718-937d-d6bcc5f5f44b;L-052cdbfd-6a1d-4cd1-9f79-ee616ba2b165;L-063c058c-b476-444f-9b87-74ce8dcc6528;L-0ae1d2d7-1d4b-4420-95c3-b610addcf6f0;L-0d47f0b5-a32c-4274-bc78-2c14a918fc65;L-0d56fb8e-dd2d-4059-b184-41274ed50c6e;L-100b626b-de8d-4721-b308-6acd29cc36a9;L-10e525c6-fe90-411a-85ed-560827345f87;L-14103871-29ab-4b63-9a3d-e635a2433d44;L-171822ba-7804-4131-aa3b-3f5472de7225;L-19308055-b0d8-49b8-80d7-5570ad2a4a66;L-1dc09835-e464-49de-97d0-be0597e97191;L-242815a6-95d6-480c-bb41-e1b449c57137;L-25325ba5-91e8-4fd1-b4e2-c12007907ad2;L-2c91756c-0eab-4f91-abdd-6dba1f419690;L-2e4a1d53-70aa-415b-ae55-2025c7731cb8;L-30382913-7e93-42c5-8713-f5bf05d1f44a;L-31d75bdf-558c-4bb5-a7d8-620db365f193;L-39e11515-0abf-4ff5-ac3d-e79bd7579819;L-3b4e9811-4899-4d49-b556-32512199e884;L-3da51923-dc0f-461c-bfe9-3f775795ff31;L-3eaba382-8221-4be3-a3a0-5c8938a0a9b2;L-43f27924-4af6-4e37-a2f9-d875481b844f;L-47a92f12-12c7-43fb-b7cf-d2f443b73449;L-497592b0-17f5-417f-b7f3-6853925629f5;L-4a2a6067-0188-4d3a-ab31-b864fd5c3ef4;L-4a6b49fa-53d5-4143-8006-d1e8eeb80a17;L-4d8a0d58-b5e2-4396-934d-27b37dbd2e8e;L-4eba7730-07db-4a91-a3b2-371695cd6b49;L-59f740f1-fd20-4ad0-bfc6-7f131bf2b493;L-5ac1838f-a58a-4e9a-992d-a1282c956957;L-5c495bed-7271-4962-8669-74c89aed9ee3;L-5e0d0382-1b60-4e10-a5bd-89b24a2f125e;L-5e7d5901-43ff-439a-8294-197a0e9b9e0e;L-63783a6a-41fe-4322-9b66-e8afec940dbe;L-641d7899-4fcc-4215-8232-650bb01041cd;L-644509a3-7400-4a20-9963-5fee24de38ea;L-682b7f5b-3f5e-4d1e-8680-736f6890f281;L-687a31d1-366d-483d-b667-2ebc5e5210b3;L-6a984272-20b3-45c9-ab80-77812d29ad21;L-6ac820cf-3074-430b-a796-97a1229877dd;L-78920081-66a2-41fb-bb19-eb5ea6545ee8;L-79e6ec3d-9d3e-434a-a6d5-f750f8261ed6;L-7a22ca40-7d1c-4d9e-8966-30bb31496f4a;L-7c8d3a83-3bde-4bb7-b46e-9ef0fc90541e;L-7eec111e-c1a8-4906-821b-cb64d4fe9f62;L-835e5488-0b96-49c5-93f1-06284c399c8b;L-84c1ad50-f608-42f5-a644-0d8161466bdd;L-84edc7e3-7e08-46db-8f24-8f2f4da46185;L-87ec748a-085e-40c2-bed5-1cdfe75d0c5b;L-8a7a71b9-ca72-4f24-92b5-f50c4e77f04d;L-8d02b365-5a6e-4ef9-a372-1f370530f316;L-8f3d82c8-a774-4bc5-84e0-7031ce56694b;L-8fd1a993-6386-4586-93f8-cc64820d9129;L-91155ef2-fa3c-4734-82ff-22e0a0ec9d25;L-91835e02-7ce0-40b6-bc09-fafc811502f2;L-92598817-f51a-43c5-9e74-e7a49cdd0b62;L-9549a38d-4f6a-4e24-8e79-9ae271a366e1;L-955ffce9-f0d2-4196-a73e-d6caebfd2129;L-95e016de-95ba-485e-adec-bd1d5a8ab5ad;L-980edf54-1879-4800-a0f7-1cfcc30f6da2;L-9dc2dcc0-89df-48e6-aebf-a8ee78f9b4b7;L-9f05e15a-b6ed-4533-9a6f-3a0cc8c28ceb;L-9f505c26-9714-46e5-9df6-1e678d2ee76c;L-9fe8e029-6004-4fc6-b61d-500d6ebbf900;L-a7358ea4-0697-4836-91b8-47eee52a23c9;L-a7823cc4-40e3-446a-9f43-ca036bb67ea3;L-aa709887-3824-4331-b496-ae8bbe864a41;L-aab5eb10-477f-45f0-88fa-5939e1fddd8f;L-aadc4967-6bf7-4a1e-a588-dbb8b373c331;L-acc4dd2d-583b-47e3-a6dd-88cdfd019d44;L-ae4c609a-1bf7-48f6-93c0-8804b5c6981b;L-aec5735d-4405-4cab-a81b-076114b5bac8;L-b3b9ea64-3b00-42dc-864d-5a413fc46f69;L-b6b4c203-ee0e-4b9f-9e67-c2196c65a59b;L-b9ac5e40-3e26-4806-9f90-030a518cdc29;L-bcc0ba77-a533-4c34-aa02-ad95ff230200;L-c14fc470-ecb6-4e67-8460-1d29ea521d9d;L-c48a7a38-1191-4a49-b8a8-eeff16591d2a;L-c4e400ea-5ea5-41b4-a622-d85cfaa56a26;L-c76a3233-4d4e-4a19-a4ba-4f6e7d12146c;L-c77ecb97-fe39-47bd-b67f-78774d138498;L-c7c8ee53-449d-430b-a192-70ff11ce3f34;L-c97fa220-0bac-4063-80ff-30c1d709fc19;L-cc2d261e-8835-42d4-9552-124a600b5631;L-cddff1d4-d832-42c4-8f04-929fc8b5242a;L-d9daf0c7-4054-4015-a07f-daaa3ec1c91a;L-e0fbf52d-5145-4ac0-8ce1-71392ea33be0;L-e1e352a8-d5d0-4657-ac7e-502f7f13d110;L-e3f035e6-fa64-4c32-b430-2e5f02214160;L-e848a27a-0d1a-4d9b-b4f4-6108b3dae902;L-eba7e77b-918b-4d26-9d45-71cb6c78b303;L-ed1d769b-027f-4af3-acc2-87700745db75;L-efa04447-e49d-478e-8c3c-dc3e07687bcb;L-f020359c-fea3-47dd-a820-690cac60f1ef;L-f061bd2f-6bf7-4468-8e57-856d4a44f02d;L-f1513d91-ae34-47b1-ab1b-dafb17eaaedd;L-f203f20a-16ca-485f-b014-76c6f5a354bc;L-f3587aca-07d6-4b2b-96db-25b2a79679fc;L-f5ca4814-8d94-4c13-9532-10d14e6e6841;L-f75bfc7e-f994-4592-99d1-f92fbc693595;L-fb7db5ae-5218-4010-b1d9-e51c9942f8dc;L-fe8e25e6-79ec-4aa9-902d-f2bf14bbf734,lobbying_external_fees,sum,Amazon,2024,,,1;2;3;4,,,KEEP
FE-Amazon-2025,4865000.00,https://lda.gov/filings/public/filing/00ae8beb-3dc8-400a-a94f-be7b94ffda1b/print/,2026-09-14,"{""L-00ae8beb-3dc8-400a-a94f-be7b94ffda1b"": ""{\""filing_uuid\"":\""00ae8beb-3dc8-400a-a94f-be7b94ffda1b\"",\""filing_type\"":\""Q2\"",\""filing_year\"":2025,\""filing_period\"":\""second_quarter\"",\""income\"":\""50000.00\"",\""expenses\"":null}"", ""L-08899aa3-37d6-4111-9474-cf576203a9ae"": ""{\""filing_uuid\"":\""08899aa3-37d6-4111-9474-cf576203a9ae\"",\""filing_type\"":\""Q4\"",\""filing_year\"":2025,\""filing_period\"":\""fourth_quarter\"",\""income\"":\""60000.00\"",\""expenses\"":null}"", ""L-09d0693a-18c8-47bd-a5c0-4f37738e13fc"": ""{\""filing_uuid\"":\""09d0693a-18c8-47bd-a5c0-4f37738e13fc\"",\""filing_type\"":\""Q4\"",\""filing_year\"":2025,\""filing_period\"":\""fourth_quarter\"",\""income\"":\""20000.00\"",\""expenses\"":null}"", ""L-0a78aae0-381e-48b4-b987-58e2d64da508"": ""{\""filing_uuid\"":\""0a78aae0-381e-48b4-b987-58e2d64da508\"",\""filing_type\"":\""Q2\"",\""filing_year\"":2025,\""filing_period\"":\""second_quarter\"",\""income\"":\""80000.00\"",\""expenses\"":null}"", ""L-117d4e92-b3ca-460a-b009-d12a113e07b6"": ""{\""filing_uuid\"":\""117d4e92-b3ca-460a-b009-d12a113e07b6\"",\""filing_type\"":\""Q1\"",\""filing_year\"":2025,\""filing_period\"":\""first_quarter\"",\""income\"":\""80000.00\"",\""expenses\"":null}"", ""L-162dbf13-77cd-445c-bf3b-ca6e4a73a135"": ""{\""filing_uuid\"":\""162dbf13-77cd-445c-bf3b-ca6e4a73a135\"",\""filing_type\"":\""Q1\"",\""filing_year\"":2025,\""filing_period\"":\""first_quarter\"",\""income\"":\""50000.00\"",\""expenses\"":null}"", ""L-170f00d6-6e60-4d42-bac6-86e2aa4a89d9"": ""{\""filing_uuid\"":\""170f00d6-6e60-4d42-bac6-86e2aa4a89d9\"",\""filing_type\"":\""Q1\"",\""filing_year\"":2025,\""filing_period\"":\""first_quarter\"",\""income\"":\""60000.00\"",\""expenses\"":null}"", ""L-18d55101-4ff4-4b9c-8baf-e8f65aa5eab7"": ""{\""filing_uuid\"":\""18d55101-4ff4-4b9c-8baf-e8f65aa5eab7\"",\""filing_type\"":\""Q4\"",\""filing_year\"":2025,\""filing_period\"":\""fourth_quarter\"",\""income\"":\""50000.00\"",\""expenses\"":null}"", ""L-1ac695c4-ec5b-4dad-9d35-0d33cb1c95df"": ""{\""filing_uuid\"":\""1ac695c4-ec5b-4dad-9d35-0d33cb1c95df\"",\""filing_type\"":\""Q4\"",\""filing_year\"":2025,\""filing_period\"":\""fourth_quarter\"",\""income\"":\""80000.00\"",\""expenses\"":null}"", ""L-1b0e9132-3ba8-489c-9c88-81bdd8737921"": ""{\""filing_uuid\"":\""1b0e9132-3ba8-489c-9c88-81bdd8737921\"",\""filing_type\"":\""Q4\"",\""filing_year\"":2025,\""filing_period\"":\""fourth_quarter\"",\""income\"":\""60000.00\"",\""expenses\"":null}"", ""L-1f2043c5-8bbd-48d8-9da5-6700cc968d2e"": ""{\""filing_uuid\"":\""1f2043c5-8bbd-48d8-9da5-6700cc968d2e\"",\""filing_type\"":\""Q3\"",\""filing_year\"":2025,\""filing_period\"":\""third_quarter\"",\""income\"":\""40000.00\"",\""expenses\"":null}"", ""L-287bf5ca-ea7b-4745-bf18-0a5bd16b4ed9"": ""{\""filing_uuid\"":\""287bf5ca-ea7b-4745-bf18-0a5bd16b4ed9\"",\""filing_type\"":\""Q1\"",\""filing_year\"":2025,\""filing_period\"":\""first_quarter\"",\""income\"":\""30000.00\"",\""expenses\"":null}"", ""L-2a202209-0cd4-4eeb-a5f9-ae868337eac1"": ""{\""filing_uuid\"":\""2a202209-0cd4-4eeb-a5f9-ae868337eac1\"",\""filing_type\"":\""Q3\"",\""filing_year\"":2025,\""filing_period\"":\""third_quarter\"",\""income\"":\""80000.00\"",\""expenses\"":null}"", ""L-2d3dcc12-ad8c-49b8-9f05-94db814195c1"": ""{\""filing_uuid\"":\""2d3dcc12-ad8c-49b8-9f05-94db814195c1\"",\""filing_type\"":\""Q2\"",\""filing_year\"":2025,\""filing_period\"":\""second_quarter\"",\""income\"":\""50000.00\"",\""expenses\"":null}"", ""L-30d3f980-b55a-46f4-bc9c-fe80a9054b54"": ""{\""filing_uuid\"":\""30d3f980-b55a-46f4-bc9c-fe80a9054b54\"",\""filing_type\"":\""Q2\"",\""filing_year\"":2025,\""filing_period\"":\""second_quarter\"",\""income\"":\""50000.00\"",\""expenses\"":null}"", ""L-33e14adb-73b7-4416-adab-6048bf254af7"": ""{\""filing_uuid\"":\""33e14adb-73b7-4416-adab-6048bf254af7\"",\""filing_type\"":\""Q2\"",\""filing_year\"":2025,\""filing_period\"":\""second_quarter\"",\""income\"":\""20000.00\"",\""expenses\"":null}"", ""L-3667faf8-edf5-49a2-afb0-5c027b3834b4"": ""{\""filing_uuid\"":\""3667faf8-edf5-49a2-afb0-5c027b3834b4\"",\""filing_type\"":\""Q3\"",\""filing_year\"":2025,\""filing_period\"":\""third_quarter\"",\""income\"":\""50000.00\"",\""expenses\"":null}"", ""L-36ffd991-83c9-437e-b1f2-3d59ff0df58d"": ""{\""filing_uuid\"":\""36ffd991-83c9-437e-b1f2-3d59ff0df58d\"",\""filing_type\"":\""Q4\"",\""filing_year\"":2025,\""filing_period\"":\""fourth_quarter\"",\""income\"":\""60000.00\"",\""expenses\"":null}"", ""L-38e8fe6a-b73f-48ec-9884-b68702592526"": ""{\""filing_uuid\"":\""38e8fe6a-b73f-48ec-9884-b68702592526\"",\""filing_type\"":\""Q4\"",\""filing_year\"":2025,\""filing_period\"":\""fourth_quarter\"",\""income\"":\""40000.00\"",\""expenses\"":null}"", ""L-41ad63ff-b30e-4a65-9c42-55439836258a"": ""{\""filing_uuid\"":\""41ad63ff-b30e-4a65-9c42-55439836258a\"",\""filing_type\"":\""Q3\"",\""filing_year\"":2025,\""filing_period\"":\""third_quarter\"",\""income\"":\""60000.00\"",\""expenses\"":null}"", ""L-435c3b66-74a7-4c0c-8066-05204517b0a9"": ""{\""filing_uuid\"":\""435c3b66-74a7-4c0c-8066-05204517b0a9\"",\""filing_type\"":\""Q2\"",\""filing_year\"":2025,\""filing_period\"":\""second_quarter\"",\""income\"":\""30000.00\"",\""expenses\"":null}"", ""L-44614ffe-4fc8-4535-ba94-d82748fbfe59"": ""{\""filing_uuid\"":\""44614ffe-4fc8-4535-ba94-d82748fbfe59\"",\""filing_type\"":\""Q3\"",\""filing_year\"":2025,\""filing_period\"":\""third_quarter\"",\""income\"":\""60000.00\"",\""expenses\"":null}"", ""L-451f1c8a-578c-4ba6-a419-548311b544a4"": ""{\""filing_uuid\"":\""451f1c8a-578c-4ba6-a419-548311b544a4\"",\""filing_type\"":\""Q3\"",\""filing_year\"":2025,\""filing_period\"":\""third_quarter\"",\""income\"":\""50000.00\"",\""expenses\"":null}"", ""L-460f35df-5561-4723-a812-c11800471fce"": ""{\""filing_uuid\"":\""460f35df-5561-4723-a812-c11800471fce\"",\""filing_type\"":\""Q4\"",\""filing_year\"":2025,\""filing_period\"":\""fourth_quarter\"",\""income\"":\""50000.00\"",\""expenses\"":null}"", ""L-464a846c-8fe9-485c-baec-82be34efdb0a"": ""{\""filing_uuid\"":\""464a846c-8fe9-485c-baec-82be34efdb0a\"",\""filing_type\"":\""Q2\"",\""filing_year\"":2025,\""filing_period\"":\""second_quarter\"",\""income\"":\""60000.00\"",\""expenses\"":null}"", ""L-47be6b6e-6950-4517-9ea5-8e21b37f19a0"": ""{\""filing_uuid\"":\""47be6b6e-6950-4517-9ea5-8e21b37f19a0\"",\""filing_type\"":\""Q4\"",\""filing_year\"":2025,\""filing_period\"":\""fourth_quarter\"",\""income\"":\""50000.00\"",\""expenses\"":null}"", ""L-48742cae-2e82-4e93-a272-4d79266bc810"": ""{\""filing_uuid\"":\""48742cae-2e82-4e93-a272-4d79266bc810\"",\""filing_type\"":\""Q1\"",\""filing_year\"":2025,\""filing_period\"":\""first_quarter\"",\""income\"":\""50000.00\"",\""expenses\"":null}"", ""L-4adfdda9-052c-4b68-8650-1b58250511b0"": ""{\""filing_uuid\"":\""4adfdda9-052c-4b68-8650-1b58250511b0\"",\""filing_type\"":\""Q4\"",\""filing_year\"":2025,\""filing_period\"":\""fourth_quarter\"",\""income\"":\""80000.00\"",\""expenses\"":null}"", ""L-4d8b0609-b765-4a92-8462-797e5328204a"": ""{\""filing_uuid\"":\""4d8b0609-b765-4a92-8462-797e5328204a\"",\""filing_type\"":\""Q3\"",\""filing_year\"":2025,\""filing_period\"":\""third_quarter\"",\""income\"":\""50000.00\"",\""expenses\"":null}"", ""L-4fc98122-2437-44c5-844f-1744af383eab"": ""{\""filing_uuid\"":\""4fc98122-2437-44c5-844f-1744af383eab\"",\""filing_type\"":\""Q3\"",\""filing_year\"":2025,\""filing_period\"":\""third_quarter\"",\""income\"":\""60000.00\"",\""expenses\"":null}"", ""L-50158dff-e680-46ee-a1a9-a35edb78fe3d"": ""{\""filing_uuid\"":\""50158dff-e680-46ee-a1a9-a35edb78fe3d\"",\""filing_type\"":\""Q1\"",\""filing_year\"":2025,\""filing_period\"":\""first_quarter\"",\""income\"":\""50000.00\"",\""expenses\"":null}"", ""L-545a7a76-cf20-4394-8223-fa370b6380cf"": ""{\""filing_uuid\"":\""545a7a76-cf20-4394-8223-fa370b6380cf\"",\""filing_type\"":\""Q1\"",\""filing_year\"":2025,\""filing_period\"":\""first_quarter\"",\""income\"":\""50000.00\"",\""expenses\"":null}"", ""L-560358c9-ebbb-4fa6-886b-3d001feaebe8"": ""{\""filing_uuid\"":\""560358c9-ebbb-4fa6-886b-3d001feaebe8\"",\""filing_type\"":\""Q4\"",\""filing_year\"":2025,\""filing_period\"":\""fourth_quarter\"",\""income\"":\""60000.00\"",\""expenses\"":null}"", ""L-56b82c08-364f-4bf0-b273-0fb756238b34"": ""{\""filing_uuid\"":\""56b82c08-364f-4bf0-b273-0fb756238b34\"",\""filing_type\"":\""Q2\"",\""filing_year\"":2025,\""filing_period\"":\""second_quarter\"",\""income\"":\""80000.00\"",\""expenses\"":null}"", ""L-5aa6f58b-07ba-4a80-bc16-bab6f8fa6f8f"": ""{\""filing_uuid\"":\""5aa6f58b-07ba-4a80-bc16-bab6f8fa6f8f\"",\""filing_type\"":\""Q4\"",\""filing_year\"":2025,\""filing_period\"":\""fourth_quarter\"",\""income\"":\""50000.00\"",\""expenses\"":null}"", ""L-5e4102f8-825b-4512-b8c1-486b1c6cc142"": ""{\""filing_uuid\"":\""5e4102f8-825b-4512-b8c1-486b1c6cc142\"",\""filing_type\"":\""Q2\"",\""filing_year\"":2025,\""filing_period\"":\""second_quarter\"",\""income\"":\""50000.00\"",\""expenses\"":null}"", ""L-5eab7e19-4351-4011-aabb-8d5edb237e22"": ""{\""filing_uuid\"":\""5eab7e19-4351-4011-aabb-8d5edb237e22\"",\""filing_type\"":\""Q1\"",\""filing_year\"":2025,\""filing_period\"":\""first_quarter\"",\""income\"":\""50000.00\"",\""expenses\"":null}"", ""L-5f0f79ab-c479-4802-85dd-660d405a35ad"": ""{\""filing_uuid\"":\""5f0f79ab-c479-4802-85dd-660d405a35ad\"",\""filing_type\"":\""Q1\"",\""filing_year\"":2025,\""filing_period\"":\""first_quarter\"",\""income\"":\""30000.00\"",\""expenses\"":null}"", ""L-61760c0d-5de8-43b5-bc49-a7feb75b0349"": ""{\""filing_uuid\"":\""61760c0d-5de8-43b5-bc49-a7feb75b0349\"",\""filing_type\"":\""1T\"",\""filing_year\"":2025,\""filing_period\"":\""first_quarter\"",\""income\"":\""50000.00\"",\""expenses\"":null}"", ""L-68603067-9641-4964-b227-482fb272869a"": ""{\""filing_uuid\"":\""68603067-9641-4964-b227-482fb272869a\"",\""filing_type\"":\""Q4\"",\""filing_year\"":2025,\""filing_period\"":\""fourth_quarter\"",\""income\"":\""50000.00\"",\""expenses\"":null}"", ""L-6d390c96-2596-4d88-9e8d-80eb2141ed34"": ""{\""filing_uuid\"":\""6d390c96-2596-4d88-9e8d-80eb2141ed34\"",\""filing_type\"":\""Q2\"",\""filing_year\"":2025,\""filing_period\"":\""second_quarter\"",\""income\"":\""20000.00\"",\""expenses\"":null}"", ""L-6d621fb7-8b65-4d7c-afcd-43c49117633c"": ""{\""filing_uuid\"":\""6d621fb7-8b65-4d7c-afcd-43c49117633c\"",\""filing_type\"":\""Q3\"",\""filing_year\"":2025,\""filing_period\"":\""third_quarter\"",\""income\"":\""50000.00\"",\""expenses\"":null}"", ""L-6d7fefd4-747a-4e9c-a51a-8a1caae08c1e"": ""{\""filing_uuid\"":\""6d7fefd4-747a-4e9c-a51a-8a1caae08c1e\"",\""filing_type\"":\""Q4\"",\""filing_year\"":2025,\""filing_period\"":\""fourth_quarter\"",\""income\"":\""20000.00\"",\""expenses\"":null}"", ""L-6e085f4c-28fb-422b-b9db-13a32d5e903a"": ""{\""filing_uuid\"":\""6e085f4c-28fb-422b-b9db-13a32d5e903a\"",\""filing_type\"":\""Q1\"",\""filing_year\"":2025,\""filing_period\"":\""first_quarter\"",\""income\"":\""60000.00\"",\""expenses\"":null}"", ""L-6e3a33c9-01f9-4559-a483-d071a4bd2972"": ""{\""filing_uuid\"":\""6e3a33c9-01f9-4559-a483-d071a4bd2972\"",\""filing_type\"":\""Q2\"",\""filing_year\"":2025,\""filing_period\"":\""second_quarter\"",\""income\"":\""75000.00\"",\""expenses\"":null}"", ""L-6edb8ebd-b2b8-47e3-ab22-57a1759b2982"": ""{\""filing_uuid\"":\""6edb8ebd-b2b8-47e3-ab22-57a1759b2982\"",\""filing_type\"":\""Q2\"",\""filing_year\"":2025,\""filing_period\"":\""second_quarter\"",\""income\"":\""60000.00\"",\""expenses\"":null}"", ""L-73a54927-d02b-4a12-9e12-5fb9decdf240"": ""{\""filing_uuid\"":\""73a54927-d02b-4a12-9e12-5fb9decdf240\"",\""filing_type\"":\""Q3\"",\""filing_year\"":2025,\""filing_period\"":\""third_quarter\"",\""income\"":\""50000.00\"",\""expenses\"":null}"", ""L-7492b3ef-ea63-4908-8589-0061c364f121"": ""{\""filing_uuid\"":\""7492b3ef-ea63-4908-8589-0061c364f121\"",\""filing_type\"":\""Q1\"",\""filing_year\"":2025,\""filing_period\"":\""first_quarter\"",\""income\"":\""80000.00\"",\""expenses\"":null}"", ""L-74da491b-7dfb-489e-92cd-708613e10815"": ""{\""filing_uuid\"":\""74da491b-7dfb-489e-92cd-708613e10815\"",\""filing_type\"":\""Q3\"",\""filing_year\"":2025,\""filing_period\"":\""third_quarter\"",\""income\"":\""60000.00\"",\""expenses\"":null}"", ""L-751c8b56-72db-4b08-8165-4ca4d4fdca72"": ""{\""filing_uuid\"":\""751c8b56-72db-4b08-8165-4ca4d4fdca72\"",\""filing_type\"":\""4A\"",\""filing_year\"":2025,\""filing_period\"":\""fourth_quarter\"",\""income\"":\""80000.00\"",\""expenses\"":null}"", ""L-7843103e-0ddb-4bc3-8583-66d5aa99d926"": ""{\""filing_uuid\"":\""7843103e-0ddb-4bc3-8583-66d5aa99d926\"",\""filing_type\"":\""Q1\"",\""filing_year\"":2025,\""filing_period\"":\""first_quarter\"",\""income\"":\""20000.00\"",\""expenses\"":null}"", ""L-7945b0c4-ec95-4dda-8bc5-57a8230d2621"": ""{\""filing_uuid\"":\""7945b0c4-ec95-4dda-8bc5-57a8230d2621\"",\""filing_type\"":\""Q3\"",\""filing_year\"":2025,\""filing_period\"":\""third_quarter\"",\""income\"":\""80000.00\"",\""expenses\"":null}"", ""L-7e586cbc-dcda-4a85-8e9e-091adf857458"": ""{\""filing_uuid\"":\""7e586cbc-dcda-4a85-8e9e-091adf857458\"",\""filing_type\"":\""Q4\"",\""filing_year\"":2025,\""filing_period\"":\""fourth_quarter\"",\""income\"":\""45000.00\"",\""expenses\"":null}"", ""L-83fddf92-01f1-4481-b4f8-1fefeb5d971e"": ""{\""filing_uuid\"":\""83fddf92-01f1-4481-b4f8-1fefeb5d971e\"",\""filing_type\"":\""Q2\"",\""filing_year\"":2025,\""filing_period\"":\""second_quarter\"",\""income\"":\""50000.00\"",\""expenses\"":null}"", ""L-86c084da-ff0e-436a-a541-f3298b88df73"": ""{\""filing_uuid\"":\""86c084da-ff0e-436a-a541-f3298b88df73\"",\""filing_type\"":\""Q2\"",\""filing_year\"":2025,\""filing_period\"":\""second_quarter\"",\""income\"":\""60000.00\"",\""expenses\"":null}"", ""L-88d9d207-6e7f-4eed-9819-cc2320795cbe"": ""{\""filing_uuid\"":\""88d9d207-6e7f-4eed-9819-cc2320795cbe\"",\""filing_type\"":\""Q3\"",\""filing_year\"":2025,\""filing_period\"":\""third_quarter\"",\""income\"":\""45000.00\"",\""expenses\"":null}"", ""L-8aaebf1d-4ad9-4686-93d0-48be80d7f93f"": ""{\""filing_uuid\"":\""8aaebf1d-4ad9-4686-93d0-48be80d7f93f\"",\""filing_type\"":\""Q3\"",\""filing_year\"":2025,\""filing_period\"":\""third_quarter\"",\""income\"":\""20000.00\"",\""expenses\"":null}"", ""L-8cf49c24-1acd-446f-a124-ed376105dac6"": ""{\""filing_uuid\"":\""8cf49c24-1acd-446f-a124-ed376105dac6\"",\""filing_type\"":\""Q2\"",\""filing_year\"":2025,\""filing_period\"":\""second_quarter\"",\""income\"":\""45000.00\"",\""expenses\"":null}"", ""L-96671fdb-ac7e-4b50-b372-0eafe57dbe3d"": ""{\""filing_uuid\"":\""96671fdb-ac7e-4b50-b372-0eafe57dbe3d\"",\""filing_type\"":\""Q4\"",\""filing_year\"":2025,\""filing_period\"":\""fourth_quarter\"",\""income\"":\""50000.00\"",\""expenses\"":null}"", ""L-96814efe-eeb9-49e1-933b-647b68e9189b"": ""{\""filing_uuid\"":\""96814efe-eeb9-49e1-933b-647b68e9189b\"",\""filing_type\"":\""Q1\"",\""filing_year\"":2025,\""filing_period\"":\""first_quarter\"",\""income\"":\""60000.00\"",\""expenses\"":null}"", ""L-9d01b564-16ec-4427-b43e-38a4f1c83357"": ""{\""filing_uuid\"":\""9d01b564-16ec-4427-b43e-38a4f1c83357\"",\""filing_type\"":\""Q1\"",\""filing_year\"":2025,\""filing_period\"":\""first_quarter\"",\""income\"":\""75000.00\"",\""expenses\"":null}"", ""L-a31e3725-2bdf-4ee3-b25a-9bb18334a5f6"": ""{\""filing_uuid\"":\""a31e3725-2bdf-4ee3-b25a-9bb18334a5f6\"",\""filing_type\"":\""Q4\"",\""filing_year\"":2025,\""filing_period\"":\""fourth_quarter\"",\""income\"":\""50000.00\"",\""expenses\"":null}"", ""L-a512de9f-18a6-487c-a578-e1739ecdd3f4"": ""{\""filing_uuid\"":\""a512de9f-18a6-487c-a578-e1739ecdd3f4\"",\""filing_type\"":\""Q1\"",\""filing_year\"":2025,\""filing_period\"":\""first_quarter\"",\""income\"":\""45000.00\"",\""expenses\"":null}"", ""L-a56b463b-e29b-49c4-bcc8-d582b2ba2ab1"": ""{\""filing_uuid\"":\""a56b463b-e29b-49c4-bcc8-d582b2ba2ab1\"",\""filing_type\"":\""Q2\"",\""filing_year\"":2025,\""filing_period\"":\""second_quarter\"",\""income\"":\""50000.00\"",\""expenses\"":null}"", ""L-b696a4cf-0cd6-467f-9227-596e4112b168"": ""{\""filing_uuid\"":\""b696a4cf-0cd6-467f-9227-596e4112b168\"",\""filing_type\"":\""Q2\"",\""filing_year\"":2025,\""filing_period\"":\""second_quarter\"",\""income\"":\""60000.00\"",\""expenses\"":null}"", ""L-b84110db-17c2-4014-a9ef-7d83b241d9d8"": ""{\""filing_uuid\"":\""b84110db-17c2-4014-a9ef-7d83b241d9d8\"",\""filing_type\"":\""Q4\"",\""filing_year\"":2025,\""filing_period\"":\""fourth_quarter\"",\""income\"":\""50000.00\"",\""expenses\"":null}"", ""L-bb3f6b04-0173-4272-8f65-eed90444e0df"": ""{\""filing_uuid\"":\""bb3f6b04-0173-4272-8f65-eed90444e0df\"",\""filing_type\"":\""Q1\"",\""filing_year\"":2025,\""filing_period\"":\""first_quarter\"",\""income\"":\""80000.00\"",\""expenses\"":null}"", ""L-bbbbc67f-7337-4f1c-a70c-15240d0f6bcb"": ""{\""filing_uuid\"":\""bbbbc67f-7337-4f1c-a70c-15240d0f6bcb\"",\""filing_type\"":\""Q3\"",\""filing_year\"":2025,\""filing_period\"":\""third_quarter\"",\""income\"":\""45000.00\"",\""expenses\"":null}"", ""L-bc2d4194-bfa2-452a-b5fc-fe4c307d8270"": ""{\""filing_uuid\"":\""bc2d4194-bfa2-452a-b5fc-fe4c307d8270\"",\""filing_type\"":\""Q4\"",\""filing_year\"":2025,\""filing_period\"":\""fourth_quarter\"",\""income\"":\""45000.00\"",\""expenses\"":null}"", ""L-bcbc9e07-2fb3-4e23-8224-bb7d15f5d53f"": ""{\""filing_uuid\"":\""bcbc9e07-2fb3-4e23-8224-bb7d15f5d53f\"",\""filing_type\"":\""Q2\"",\""filing_year\"":2025,\""filing_period\"":\""second_quarter\"",\""income\"":\""40000.00\"",\""expenses\"":null}"", ""L-be39ad7b-658a-4741-b7e7-98b1073c7395"": ""{\""filing_uuid\"":\""be39ad7b-658a-4741-b7e7-98b1073c7395\"",\""filing_type\"":\""Q2\"",\""filing_year\"":2025,\""filing_period\"":\""second_quarter\"",\""income\"":\""50000.00\"",\""expenses\"":null}"", ""L-c288479b-e839-4971-99b6-b16ea5ac41a2"": ""{\""filing_uuid\"":\""c288479b-e839-4971-99b6-b16ea5ac41a2\"",\""filing_type\"":\""Q3\"",\""filing_year\"":2025,\""filing_period\"":\""third_quarter\"",\""income\"":\""60000.00\"",\""expenses\"":null}"", ""L-c5678ee3-ccc2-4f36-8936-77a65ebb9672"": ""{\""filing_uuid\"":\""c5678ee3-ccc2-4f36-8936-77a65ebb9672\"",\""filing_type\"":\""Q4\"",\""filing_year\"":2025,\""filing_period\"":\""fourth_quarter\"",\""income\"":\""75000.00\"",\""expenses\"":null}"", ""L-c88a6482-0b2f-4b11-a308-fb7b6ee31cfd"": ""{\""filing_uuid\"":\""c88a6482-0b2f-4b11-a308-fb7b6ee31cfd\"",\""filing_type\"":\""Q2\"",\""filing_year\"":2025,\""filing_period\"":\""second_quarter\"",\""income\"":\""50000.00\"",\""expenses\"":null}"", ""L-cbb6cdd1-2f68-4681-997b-db1c0e8c10e1"": ""{\""filing_uuid\"":\""cbb6cdd1-2f68-4681-997b-db1c0e8c10e1\"",\""filing_type\"":\""Q1\"",\""filing_year\"":2025,\""filing_period\"":\""first_quarter\"",\""income\"":\""50000.00\"",\""expenses\"":null}"", ""L-cef3de71-71a8-4563-b19b-fba43145d59c"": ""{\""filing_uuid\"":\""cef3de71-71a8-4563-b19b-fba43145d59c\"",\""filing_type\"":\""Q3\"",\""filing_year\"":2025,\""filing_period\"":\""third_quarter\"",\""income\"":\""50000.00\"",\""expenses\"":null}"", ""L-d1328df7-9080-49a3-b416-a78bb70ec050"": ""{\""filing_uuid\"":\""d1328df7-9080-49a3-b416-a78bb70ec050\"",\""filing_type\"":\""Q3\"",\""filing_year\"":2025,\""filing_period\"":\""third_quarter\"",\""income\"":\""50000.00\"",\""expenses\"":null}"", ""L-d16bbed5-d9fd-4a5c-b259-22bb58bdd3ef"": ""{\""filing_uuid\"":\""d16bbed5-d9fd-4a5c-b259-22bb58bdd3ef\"",\""filing_type\"":\""Q2\"",\""filing_year\"":2025,\""filing_period\"":\""second_quarter\"",\""income\"":\""80000.00\"",\""expenses\"":null}"", ""L-d59dfc82-5d12-4930-898d-e252127a56b9"": ""{\""filing_uuid\"":\""d59dfc82-5d12-4930-898d-e252127a56b9\"",\""filing_type\"":\""Q3\"",\""filing_year\"":2025,\""filing_period\"":\""third_quarter\"",\""income\"":\""75000.00\"",\""expenses\"":null}"", ""L-d6c1a9da-f42e-4411-bf50-b722a137708f"": ""{\""filing_uuid\"":\""d6c1a9da-f42e-4411-bf50-b722a137708f\"",\""filing_type\"":\""Q3\"",\""filing_year\"":2025,\""filing_period\"":\""third_quarter\"",\""income\"":\""50000.00\"",\""expenses\"":null}"", ""L-d90708dd-f8ac-4bf1-8e72-db5e8a741062"": ""{\""filing_uuid\"":\""d90708dd-f8ac-4bf1-8e72-db5e8a741062\"",\""filing_type\"":\""Q3\"",\""filing_year\"":2025,\""filing_period\"":\""third_quarter\"",\""income\"":\""20000.00\"",\""expenses\"":null}"", ""L-db3e9e47-ab91-464c-9c1a-86765543d743"": ""{\""filing_uuid\"":\""db3e9e47-ab91-464c-9c1a-86765543d743\"",\""filing_type\"":\""Q1\"",\""filing_year\"":2025,\""filing_period\"":\""first_quarter\"",\""income\"":\""30000.00\"",\""expenses\"":null}"", ""L-df792000-93aa-406d-ac66-b21290ad27d6"": ""{\""filing_uuid\"":\""df792000-93aa-406d-ac66-b21290ad27d6\"",\""filing_type\"":\""Q1\"",\""filing_year\"":2025,\""filing_period\"":\""first_quarter\"",\""income\"":\""60000.00\"",\""expenses\"":null}"", ""L-e956cfdf-a717-4731-825e-7d8adcf1c7bd"": ""{\""filing_uuid\"":\""e956cfdf-a717-4731-825e-7d8adcf1c7bd\"",\""filing_type\"":\""Q3\"",\""filing_year\"":2025,\""filing_period\"":\""third_quarter\"",\""income\"":\""30000.00\"",\""expenses\"":null}"", ""L-ed25719c-0e81-4be5-aac8-001dbaf336a5"": ""{\""filing_uuid\"":\""ed25719c-0e81-4be5-aac8-001dbaf336a5\"",\""filing_type\"":\""Q1\"",\""filing_year\"":2025,\""filing_period\"":\""first_quarter\"",\""income\"":\""10000.00\"",\""expenses\"":null}"", ""L-edc38169-32ce-4ac5-a0f1-edc5a50ace0b"": ""{\""filing_uuid\"":\""edc38169-32ce-4ac5-a0f1-edc5a50ace0b\"",\""filing_type\"":\""Q1\"",\""filing_year\"":2025,\""filing_period\"":\""first_quarter\"",\""income\"":\""50000.00\"",\""expenses\"":null}"", ""L-ee5e9232-1716-49dd-a793-14c609f8d80e"": ""{\""filing_uuid\"":\""ee5e9232-1716-49dd-a793-14c609f8d80e\"",\""filing_type\"":\""Q2\"",\""filing_year\"":2025,\""filing_period\"":\""second_quarter\"",\""income\"":\""35000.00\"",\""expenses\"":null}"", ""L-f3f812c3-fe68-4090-aa8a-3cdca42b0b28"": ""{\""filing_uuid\"":\""f3f812c3-fe68-4090-aa8a-3cdca42b0b28\"",\""filing_type\"":\""Q3\"",\""filing_year\"":2025,\""filing_period\"":\""third_quarter\"",\""income\"":\""80000.00\"",\""expenses\"":null}"", ""L-f4667913-5356-489c-85a7-5901892695cb"": ""{\""filing_uuid\"":\""f4667913-5356-489c-85a7-5901892695cb\"",\""filing_type\"":\""Q1\"",\""filing_year\"":2025,\""filing_period\"":\""first_quarter\"",\""income\"":\""60000.00\"",\""expenses\"":null}"", ""L-f79e58eb-fcde-4fac-ae3f-96b88dcc731c"": ""{\""filing_uuid\"":\""f79e58eb-fcde-4fac-ae3f-96b88dcc731c\"",\""filing_type\"":\""Q1\"",\""filing_year\"":2025,\""filing_period\"":\""first_quarter\"",\""income\"":\""50000.00\"",\""expenses\"":null}"", ""L-f87b4302-f982-4eec-b668-bafe36d1f4b3"": ""{\""filing_uuid\"":\""f87b4302-f982-4eec-b668-bafe36d1f4b3\"",\""filing_type\"":\""Q4\"",\""filing_year\"":2025,\""filing_period\"":\""fourth_quarter\"",\""income\"":\""60000.00\"",\""expenses\"":null}"", ""L-fa6d0385-b57a-4561-b548-b4b30434b5bc"": ""{\""filing_uuid\"":\""fa6d0385-b57a-4561-b548-b4b30434b5bc\"",\""filing_type\"":\""Q2\"",\""filing_year\"":2025,\""filing_period\"":\""second_quarter\"",\""income\"":\""60000.00\"",\""expenses\"":null}"", ""L-fd995c64-125e-45ae-af42-faf78b363c43"": ""{\""filing_uuid\"":\""fd995c64-125e-45ae-af42-faf78b363c43\"",\""filing_type\"":\""Q4\"",\""filing_year\"":2025,\""filing_period\"":\""fourth_quarter\"",\""income\"":\""30000.00\"",\""expenses\"":null}""}","Sum of numeric amounts on latest eligible quarterly reports, all issues combined. Blank reports are not zero and are not added. Separately named intermediaries excluded from direct fees. Outside fees and company expenses overlap and must never be added. Latest year uses completed quarters only; no annualization. No numeric reports means OPEN, not zero spending.",USD,,,L-00ae8beb-3dc8-400a-a94f-be7b94ffda1b;L-08899aa3-37d6-4111-9474-cf576203a9ae;L-09d0693a-18c8-47bd-a5c0-4f37738e13fc;L-0a78aae0-381e-48b4-b987-58e2d64da508;L-117d4e92-b3ca-460a-b009-d12a113e07b6;L-162dbf13-77cd-445c-bf3b-ca6e4a73a135;L-170f00d6-6e60-4d42-bac6-86e2aa4a89d9;L-18d55101-4ff4-4b9c-8baf-e8f65aa5eab7;L-1ac695c4-ec5b-4dad-9d35-0d33cb1c95df;L-1b0e9132-3ba8-489c-9c88-81bdd8737921;L-1f2043c5-8bbd-48d8-9da5-6700cc968d2e;L-287bf5ca-ea7b-4745-bf18-0a5bd16b4ed9;L-2a202209-0cd4-4eeb-a5f9-ae868337eac1;L-2d3dcc12-ad8c-49b8-9f05-94db814195c1;L-30d3f980-b55a-46f4-bc9c-fe80a9054b54;L-33e14adb-73b7-4416-adab-6048bf254af7;L-3667faf8-edf5-49a2-afb0-5c027b3834b4;L-36ffd991-83c9-437e-b1f2-3d59ff0df58d;L-38e8fe6a-b73f-48ec-9884-b68702592526;L-41ad63ff-b30e-4a65-9c42-55439836258a;L-435c3b66-74a7-4c0c-8066-05204517b0a9;L-44614ffe-4fc8-4535-ba94-d82748fbfe59;L-451f1c8a-578c-4ba6-a419-548311b544a4;L-460f35df-5561-4723-a812-c11800471fce;L-464a846c-8fe9-485c-baec-82be34efdb0a;L-47be6b6e-6950-4517-9ea5-8e21b37f19a0;L-48742cae-2e82-4e93-a272-4d79266bc810;L-4adfdda9-052c-4b68-8650-1b58250511b0;L-4d8b0609-b765-4a92-8462-797e5328204a;L-4fc98122-2437-44c5-844f-1744af383eab;L-50158dff-e680-46ee-a1a9-a35edb78fe3d;L-545a7a76-cf20-4394-8223-fa370b6380cf;L-560358c9-ebbb-4fa6-886b-3d001feaebe8;L-56b82c08-364f-4bf0-b273-0fb756238b34;L-5aa6f58b-07ba-4a80-bc16-bab6f8fa6f8f;L-5e4102f8-825b-4512-b8c1-486b1c6cc142;L-5eab7e19-4351-4011-aabb-8d5edb237e22;L-5f0f79ab-c479-4802-85dd-660d405a35ad;L-61760c0d-5de8-43b5-bc49-a7feb75b0349;L-68603067-9641-4964-b227-482fb272869a;L-6d390c96-2596-4d88-9e8d-80eb2141ed34;L-6d621fb7-8b65-4d7c-afcd-43c49117633c;L-6d7fefd4-747a-4e9c-a51a-8a1caae08c1e;L-6e085f4c-28fb-422b-b9db-13a32d5e903a;L-6e3a33c9-01f9-4559-a483-d071a4bd2972;L-6edb8ebd-b2b8-47e3-ab22-57a1759b2982;L-73a54927-d02b-4a12-9e12-5fb9decdf240;L-7492b3ef-ea63-4908-8589-0061c364f121;L-74da491b-7dfb-489e-92cd-708613e10815;L-751c8b56-72db-4b08-8165-4ca4d4fdca72;L-7843103e-0ddb-4bc3-8583-66d5aa99d926;L-7945b0c4-ec95-4dda-8bc5-57a8230d2621;L-7e586cbc-dcda-4a85-8e9e-091adf857458;L-83fddf92-01f1-4481-b4f8-1fefeb5d971e;L-86c084da-ff0e-436a-a541-f3298b88df73;L-88d9d207-6e7f-4eed-9819-cc2320795cbe;L-8aaebf1d-4ad9-4686-93d0-48be80d7f93f;L-8cf49c24-1acd-446f-a124-ed376105dac6;L-96671fdb-ac7e-4b50-b372-0eafe57dbe3d;L-96814efe-eeb9-49e1-933b-647b68e9189b;L-9d01b564-16ec-4427-b43e-38a4f1c83357;L-a31e3725-2bdf-4ee3-b25a-9bb18334a5f6;L-a512de9f-18a6-487c-a578-e1739ecdd3f4;L-a56b463b-e29b-49c4-bcc8-d582b2ba2ab1;L-b696a4cf-0cd6-467f-9227-596e4112b168;L-b84110db-17c2-4014-a9ef-7d83b241d9d8;L-bb3f6b04-0173-4272-8f65-eed90444e0df;L-bbbbc67f-7337-4f1c-a70c-15240d0f6bcb;L-bc2d4194-bfa2-452a-b5fc-fe4c307d8270;L-bcbc9e07-2fb3-4e23-8224-bb7d15f5d53f;L-be39ad7b-658a-4741-b7e7-98b1073c7395;L-c288479b-e839-4971-99b6-b16ea5ac41a2;L-c5678ee3-ccc2-4f36-8936-77a65ebb9672;L-c88a6482-0b2f-4b11-a308-fb7b6ee31cfd;L-cbb6cdd1-2f68-4681-997b-db1c0e8c10e1;L-cef3de71-71a8-4563-b19b-fba43145d59c;L-d1328df7-9080-49a3-b416-a78bb70ec050;L-d16bbed5-d9fd-4a5c-b259-22bb58bdd3ef;L-d59dfc82-5d12-4930-898d-e252127a56b9;L-d6c1a9da-f42e-4411-bf50-b722a137708f;L-d90708dd-f8ac-4bf1-8e72-db5e8a741062;L-db3e9e47-ab91-464c-9c1a-86765543d743;L-df792000-93aa-406d-ac66-b21290ad27d6;L-e956cfdf-a717-4731-825e-7d8adcf1c7bd;L-ed25719c-0e81-4be5-aac8-001dbaf336a5;L-edc38169-32ce-4ac5-a0f1-edc5a50ace0b;L-ee5e9232-1716-49dd-a793-14c609f8d80e;L-f3f812c3-fe68-4090-aa8a-3cdca42b0b28;L-f4667913-5356-489c-85a7-5901892695cb;L-f79e58eb-fcde-4fac-ae3f-96b88dcc731c;L-f87b4302-f982-4eec-b668-bafe36d1f4b3;L-fa6d0385-b57a-4561-b548-b4b30434b5bc;L-fd995c64-125e-45ae-af42-faf78b363c43,lobbying_external_fees,sum,Amazon,2025,,,1;2;3;4,,,KEEP
FE-Amazon-2026,2360000.00,https://lda.gov/filings/public/filing/0031ba6c-81de-421e-b91b-c64b2b974cc5/print/,2026-09-14,"{""L-0031ba6c-81de-421e-b91b-c64b2b974cc5"": ""{\""filing_uuid\"":\""0031ba6c-81de-421e-b91b-c64b2b974cc5\"",\""filing_type\"":\""Q1\"",\""filing_year\"":2026,\""filing_period\"":\""first_quarter\"",\""income\"":\""30000.00\"",\""expenses\"":null}"", ""L-0589a986-5e79-4067-96c8-1a64891fe57f"": ""{\""filing_uuid\"":\""0589a986-5e79-4067-96c8-1a64891fe57f\"",\""filing_type\"":\""Q1\"",\""filing_year\"":2026,\""filing_period\"":\""first_quarter\"",\""income\"":\""60000.00\"",\""expenses\"":null}"", ""L-18b2326c-bfbb-4ca5-9ff4-bc72780d0e56"": ""{\""filing_uuid\"":\""18b2326c-bfbb-4ca5-9ff4-bc72780d0e56\"",\""filing_type\"":\""Q1\"",\""filing_year\"":2026,\""filing_period\"":\""first_quarter\"",\""income\"":\""80000.00\"",\""expenses\"":null}"", ""L-1931ae85-b9ac-4300-a80a-f8879982563b"": ""{\""filing_uuid\"":\""1931ae85-b9ac-4300-a80a-f8879982563b\"",\""filing_type\"":\""Q2\"",\""filing_year\"":2026,\""filing_period\"":\""second_quarter\"",\""income\"":\""80000.00\"",\""expenses\"":null}"", ""L-25a30092-8dad-4357-9559-429d2ce15cf2"": ""{\""filing_uuid\"":\""25a30092-8dad-4357-9559-429d2ce15cf2\"",\""filing_type\"":\""Q2\"",\""filing_year\"":2026,\""filing_period\"":\""second_quarter\"",\""income\"":\""60000.00\"",\""expenses\"":null}"", ""L-271de625-95f0-4233-9658-b1cafa4e75a5"": ""{\""filing_uuid\"":\""271de625-95f0-4233-9658-b1cafa4e75a5\"",\""filing_type\"":\""Q2\"",\""filing_year\"":2026,\""filing_period\"":\""second_quarter\"",\""income\"":\""45000.00\"",\""expenses\"":null}"", ""L-3443474d-d891-4b24-89ea-8af33e2ee57e"": ""{\""filing_uuid\"":\""3443474d-d891-4b24-89ea-8af33e2ee57e\"",\""filing_type\"":\""Q2\"",\""filing_year\"":2026,\""filing_period\"":\""second_quarter\"",\""income\"":\""75000.00\"",\""expenses\"":null}"", ""L-3804b860-2bf8-413c-84b7-795db76608e2"": ""{\""filing_uuid\"":\""3804b860-2bf8-413c-84b7-795db76608e2\"",\""filing_type\"":\""Q2\"",\""filing_year\"":2026,\""filing_period\"":\""second_quarter\"",\""income\"":\""60000.00\"",\""expenses\"":null}"", ""L-38f945a0-3beb-4d35-b386-399c1c0aeca2"": ""{\""filing_uuid\"":\""38f945a0-3beb-4d35-b386-399c1c0aeca2\"",\""filing_type\"":\""Q2\"",\""filing_year\"":2026,\""filing_period\"":\""second_quarter\"",\""income\"":\""50000.00\"",\""expenses\"":null}"", ""L-48e7f48c-068a-44a5-a7f3-38082afd594b"": ""{\""filing_uuid\"":\""48e7f48c-068a-44a5-a7f3-38082afd594b\"",\""filing_type\"":\""Q2\"",\""filing_year\"":2026,\""filing_period\"":\""second_quarter\"",\""income\"":\""60000.00\"",\""expenses\"":null}"", ""L-49da1648-f45a-4fb0-8cb1-89db11227b2b"": ""{\""filing_uuid\"":\""49da1648-f45a-4fb0-8cb1-89db11227b2b\"",\""filing_type\"":\""Q1\"",\""filing_year\"":2026,\""filing_period\"":\""first_quarter\"",\""income\"":\""75000.00\"",\""expenses\"":null}"", ""L-5016be3f-442a-4c81-8c9c-ff656bd05894"": ""{\""filing_uuid\"":\""5016be3f-442a-4c81-8c9c-ff656bd05894\"",\""filing_type\"":\""Q1\"",\""filing_year\"":2026,\""filing_period\"":\""first_quarter\"",\""income\"":\""20000.00\"",\""expenses\"":null}"", ""L-58eaf68d-4b46-411c-b1d8-40d781a8d634"": ""{\""filing_uuid\"":\""58eaf68d-4b46-411c-b1d8-40d781a8d634\"",\""filing_type\"":\""Q2\"",\""filing_year\"":2026,\""filing_period\"":\""second_quarter\"",\""income\"":\""50000.00\"",\""expenses\"":null}"", ""L-59caea22-8fd8-4db3-8379-92b6e2bd2e73"": ""{\""filing_uuid\"":\""59caea22-8fd8-4db3-8379-92b6e2bd2e73\"",\""filing_type\"":\""Q1\"",\""filing_year\"":2026,\""filing_period\"":\""first_quarter\"",\""income\"":\""50000.00\"",\""expenses\"":null}"", ""L-5af18744-f8a3-4a64-bd8b-a6d0cbd2edc2"": ""{\""filing_uuid\"":\""5af18744-f8a3-4a64-bd8b-a6d0cbd2edc2\"",\""filing_type\"":\""Q2\"",\""filing_year\"":2026,\""filing_period\"":\""second_quarter\"",\""income\"":\""50000.00\"",\""expenses\"":null}"", ""L-608fc08d-170a-4f8f-bd18-94329eac4417"": ""{\""filing_uuid\"":\""608fc08d-170a-4f8f-bd18-94329eac4417\"",\""filing_type\"":\""Q1\"",\""filing_year\"":2026,\""filing_period\"":\""first_quarter\"",\""income\"":\""70000.00\"",\""expenses\"":null}"", ""L-6350df50-7f51-44ef-98ee-f6a2cabd9e26"": ""{\""filing_uuid\"":\""6350df50-7f51-44ef-98ee-f6a2cabd9e26\"",\""filing_type\"":\""Q1\"",\""filing_year\"":2026,\""filing_period\"":\""first_quarter\"",\""income\"":\""60000.00\"",\""expenses\"":null}"", ""L-6d14a4ac-4644-429e-a02c-bd66bbf7bf08"": ""{\""filing_uuid\"":\""6d14a4ac-4644-429e-a02c-bd66bbf7bf08\"",\""filing_type\"":\""Q1\"",\""filing_year\"":2026,\""filing_period\"":\""first_quarter\"",\""income\"":\""20000.00\"",\""expenses\"":null}"", ""L-7d0af0e8-eba3-4c5b-8ca8-5668aa454325"": ""{\""filing_uuid\"":\""7d0af0e8-eba3-4c5b-8ca8-5668aa454325\"",\""filing_type\"":\""Q2\"",\""filing_year\"":2026,\""filing_period\"":\""second_quarter\"",\""income\"":\""50000.00\"",\""expenses\"":null}"", ""L-80f216ee-3176-40d0-81fa-eac023fcacac"": ""{\""filing_uuid\"":\""80f216ee-3176-40d0-81fa-eac023fcacac\"",\""filing_type\"":\""Q1\"",\""filing_year\"":2026,\""filing_period\"":\""first_quarter\"",\""income\"":\""50000.00\"",\""expenses\"":null}"", ""L-815b35a7-7156-4249-8184-eed922be976a"": ""{\""filing_uuid\"":\""815b35a7-7156-4249-8184-eed922be976a\"",\""filing_type\"":\""Q2\"",\""filing_year\"":2026,\""filing_period\"":\""second_quarter\"",\""income\"":\""80000.00\"",\""expenses\"":null}"", ""L-82c6a922-fe9d-417c-ad00-4d76ac316b5c"": ""{\""filing_uuid\"":\""82c6a922-fe9d-417c-ad00-4d76ac316b5c\"",\""filing_type\"":\""Q2\"",\""filing_year\"":2026,\""filing_period\"":\""second_quarter\"",\""income\"":\""40000.00\"",\""expenses\"":null}"", ""L-899c06eb-5398-40a3-998d-4980b2e554b3"": ""{\""filing_uuid\"":\""899c06eb-5398-40a3-998d-4980b2e554b3\"",\""filing_type\"":\""Q1\"",\""filing_year\"":2026,\""filing_period\"":\""first_quarter\"",\""income\"":\""40000.00\"",\""expenses\"":null}"", ""L-8e832906-be25-45a1-aaad-d82e2cf02b0b"": ""{\""filing_uuid\"":\""8e832906-be25-45a1-aaad-d82e2cf02b0b\"",\""filing_type\"":\""Q2\"",\""filing_year\"":2026,\""filing_period\"":\""second_quarter\"",\""income\"":\""50000.00\"",\""expenses\"":null}"", ""L-9e38acf4-31e2-4028-9861-7a2134485aac"": ""{\""filing_uuid\"":\""9e38acf4-31e2-4028-9861-7a2134485aac\"",\""filing_type\"":\""Q1\"",\""filing_year\"":2026,\""filing_period\"":\""first_quarter\"",\""income\"":\""80000.00\"",\""expenses\"":null}"", ""L-a226436d-4297-4af1-a894-44fbcd293e23"": ""{\""filing_uuid\"":\""a226436d-4297-4af1-a894-44fbcd293e23\"",\""filing_type\"":\""Q2\"",\""filing_year\"":2026,\""filing_period\"":\""second_quarter\"",\""income\"":\""60000.00\"",\""expenses\"":null}"", ""L-a417c18a-11ed-4a19-93b2-30d787476f31"": ""{\""filing_uuid\"":\""a417c18a-11ed-4a19-93b2-30d787476f31\"",\""filing_type\"":\""Q1\"",\""filing_year\"":2026,\""filing_period\"":\""first_quarter\"",\""income\"":\""30000.00\"",\""expenses\"":null}"", ""L-aa1661a0-121e-4456-9fc5-8088ba07e32f"": ""{\""filing_uuid\"":\""aa1661a0-121e-4456-9fc5-8088ba07e32f\"",\""filing_type\"":\""Q1\"",\""filing_year\"":2026,\""filing_period\"":\""first_quarter\"",\""income\"":\""50000.00\"",\""expenses\"":null}"", ""L-ad1f6af8-a866-4e64-aa42-27f7e3cf3a0f"": ""{\""filing_uuid\"":\""ad1f6af8-a866-4e64-aa42-27f7e3cf3a0f\"",\""filing_type\"":\""Q1\"",\""filing_year\"":2026,\""filing_period\"":\""first_quarter\"",\""income\"":\""60000.00\"",\""expenses\"":null}"", ""L-ae3f863f-1d26-4a51-9b83-5013aada5069"": ""{\""filing_uuid\"":\""ae3f863f-1d26-4a51-9b83-5013aada5069\"",\""filing_type\"":\""Q2\"",\""filing_year\"":2026,\""filing_period\"":\""second_quarter\"",\""income\"":\""40000.00\"",\""expenses\"":null}"", ""L-ba009696-5d9d-4684-8207-4fdb1d8ee9df"": ""{\""filing_uuid\"":\""ba009696-5d9d-4684-8207-4fdb1d8ee9df\"",\""filing_type\"":\""Q2\"",\""filing_year\"":2026,\""filing_period\"":\""second_quarter\"",\""income\"":\""45000.00\"",\""expenses\"":null}"", ""L-ca0913c4-a76c-4ac8-aa21-c0a87f9351f5"": ""{\""filing_uuid\"":\""ca0913c4-a76c-4ac8-aa21-c0a87f9351f5\"",\""filing_type\"":\""Q1\"",\""filing_year\"":2026,\""filing_period\"":\""first_quarter\"",\""income\"":\""45000.00\"",\""expenses\"":null}"", ""L-cae6a37b-598d-4913-bb0e-65b3494fbb96"": ""{\""filing_uuid\"":\""cae6a37b-598d-4913-bb0e-65b3494fbb96\"",\""filing_type\"":\""Q2\"",\""filing_year\"":2026,\""filing_period\"":\""second_quarter\"",\""income\"":\""20000.00\"",\""expenses\"":null}"", ""L-d34630c3-4e31-48d8-a8ad-a510bdaface1"": ""{\""filing_uuid\"":\""d34630c3-4e31-48d8-a8ad-a510bdaface1\"",\""filing_type\"":\""Q1\"",\""filing_year\"":2026,\""filing_period\"":\""first_quarter\"",\""income\"":\""60000.00\"",\""expenses\"":null}"", ""L-d76cd042-7e31-42c4-a17d-e0c90ef1f098"": ""{\""filing_uuid\"":\""d76cd042-7e31-42c4-a17d-e0c90ef1f098\"",\""filing_type\"":\""1T\"",\""filing_year\"":2026,\""filing_period\"":\""first_quarter\"",\""income\"":\""30000.00\"",\""expenses\"":null}"", ""L-dade3216-99c0-43cd-b1ec-dda2ae93dbd4"": ""{\""filing_uuid\"":\""dade3216-99c0-43cd-b1ec-dda2ae93dbd4\"",\""filing_type\"":\""Q2\"",\""filing_year\"":2026,\""filing_period\"":\""second_quarter\"",\""income\"":\""80000.00\"",\""expenses\"":null}"", ""L-deb63c8a-eef3-4fc6-a036-edf90bdd8f6c"": ""{\""filing_uuid\"":\""deb63c8a-eef3-4fc6-a036-edf90bdd8f6c\"",\""filing_type\"":\""Q1\"",\""filing_year\"":2026,\""filing_period\"":\""first_quarter\"",\""income\"":\""80000.00\"",\""expenses\"":null}"", ""L-dee99383-024c-4b0b-a6fa-141f7219d7fe"": ""{\""filing_uuid\"":\""dee99383-024c-4b0b-a6fa-141f7219d7fe\"",\""filing_type\"":\""Q1\"",\""filing_year\"":2026,\""filing_period\"":\""first_quarter\"",\""income\"":\""50000.00\"",\""expenses\"":null}"", ""L-df72b2e9-0b99-4892-a9da-ad9fcfd314ca"": ""{\""filing_uuid\"":\""df72b2e9-0b99-4892-a9da-ad9fcfd314ca\"",\""filing_type\"":\""Q2\"",\""filing_year\"":2026,\""filing_period\"":\""second_quarter\"",\""income\"":\""30000.00\"",\""expenses\"":null}"", ""L-e56e6125-86c1-423b-80dd-369c6e9a2f5d"": ""{\""filing_uuid\"":\""e56e6125-86c1-423b-80dd-369c6e9a2f5d\"",\""filing_type\"":\""Q1\"",\""filing_year\"":2026,\""filing_period\"":\""first_quarter\"",\""income\"":\""45000.00\"",\""expenses\"":null}"", ""L-e76cd5ee-8a29-45e5-ae33-623558489d5f"": ""{\""filing_uuid\"":\""e76cd5ee-8a29-45e5-ae33-623558489d5f\"",\""filing_type\"":\""2T\"",\""filing_year\"":2026,\""filing_period\"":\""second_quarter\"",\""income\"":\""20000.00\"",\""expenses\"":null}"", ""L-e9bc50d8-5576-449e-a592-035d6fd41f33"": ""{\""filing_uuid\"":\""e9bc50d8-5576-449e-a592-035d6fd41f33\"",\""filing_type\"":\""Q2\"",\""filing_year\"":2026,\""filing_period\"":\""second_quarter\"",\""income\"":\""50000.00\"",\""expenses\"":null}"", ""L-ea84ab8b-c7ca-4045-b468-0ab208815571"": ""{\""filing_uuid\"":\""ea84ab8b-c7ca-4045-b468-0ab208815571\"",\""filing_type\"":\""Q1\"",\""filing_year\"":2026,\""filing_period\"":\""first_quarter\"",\""income\"":\""50000.00\"",\""expenses\"":null}"", ""L-f6d9c009-8157-4fb8-9eb6-da4b869674dd"": ""{\""filing_uuid\"":\""f6d9c009-8157-4fb8-9eb6-da4b869674dd\"",\""filing_type\"":\""Q2\"",\""filing_year\"":2026,\""filing_period\"":\""second_quarter\"",\""income\"":\""30000.00\"",\""expenses\"":null}"", ""L-faa7b978-4836-480e-a31d-32db7b2b2406"": ""{\""filing_uuid\"":\""faa7b978-4836-480e-a31d-32db7b2b2406\"",\""filing_type\"":\""Q1\"",\""filing_year\"":2026,\""filing_period\"":\""first_quarter\"",\""income\"":\""60000.00\"",\""expenses\"":null}"", ""L-fe124ecd-c5cf-4968-9b13-2c1999594b37"": ""{\""filing_uuid\"":\""fe124ecd-c5cf-4968-9b13-2c1999594b37\"",\""filing_type\"":\""Q1\"",\""filing_year\"":2026,\""filing_period\"":\""first_quarter\"",\""income\"":\""40000.00\"",\""expenses\"":null}""}","Sum of numeric amounts on latest eligible quarterly reports, all issues combined. Blank reports are not zero and are not added. Separately named intermediaries excluded from direct fees. Outside fees and company expenses overlap and must never be added. Latest year uses completed quarters only; no annualization. No numeric reports means OPEN, not zero spending.",USD,,,L-0031ba6c-81de-421e-b91b-c64b2b974cc5;L-0589a986-5e79-4067-96c8-1a64891fe57f;L-18b2326c-bfbb-4ca5-9ff4-bc72780d0e56;L-1931ae85-b9ac-4300-a80a-f8879982563b;L-25a30092-8dad-4357-9559-429d2ce15cf2;L-271de625-95f0-4233-9658-b1cafa4e75a5;L-3443474d-d891-4b24-89ea-8af33e2ee57e;L-3804b860-2bf8-413c-84b7-795db76608e2;L-38f945a0-3beb-4d35-b386-399c1c0aeca2;L-48e7f48c-068a-44a5-a7f3-38082afd594b;L-49da1648-f45a-4fb0-8cb1-89db11227b2b;L-5016be3f-442a-4c81-8c9c-ff656bd05894;L-58eaf68d-4b46-411c-b1d8-40d781a8d634;L-59caea22-8fd8-4db3-8379-92b6e2bd2e73;L-5af18744-f8a3-4a64-bd8b-a6d0cbd2edc2;L-608fc08d-170a-4f8f-bd18-94329eac4417;L-6350df50-7f51-44ef-98ee-f6a2cabd9e26;L-6d14a4ac-4644-429e-a02c-bd66bbf7bf08;L-7d0af0e8-eba3-4c5b-8ca8-5668aa454325;L-80f216ee-3176-40d0-81fa-eac023fcacac;L-815b35a7-7156-4249-8184-eed922be976a;L-82c6a922-fe9d-417c-ad00-4d76ac316b5c;L-899c06eb-5398-40a3-998d-4980b2e554b3;L-8e832906-be25-45a1-aaad-d82e2cf02b0b;L-9e38acf4-31e2-4028-9861-7a2134485aac;L-a226436d-4297-4af1-a894-44fbcd293e23;L-a417c18a-11ed-4a19-93b2-30d787476f31;L-aa1661a0-121e-4456-9fc5-8088ba07e32f;L-ad1f6af8-a866-4e64-aa42-27f7e3cf3a0f;L-ae3f863f-1d26-4a51-9b83-5013aada5069;L-ba009696-5d9d-4684-8207-4fdb1d8ee9df;L-ca0913c4-a76c-4ac8-aa21-c0a87f9351f5;L-cae6a37b-598d-4913-bb0e-65b3494fbb96;L-d34630c3-4e31-48d8-a8ad-a510bdaface1;L-d76cd042-7e31-42c4-a17d-e0c90ef1f098;L-dade3216-99c0-43cd-b1ec-dda2ae93dbd4;L-deb63c8a-eef3-4fc6-a036-edf90bdd8f6c;L-dee99383-024c-4b0b-a6fa-141f7219d7fe;L-df72b2e9-0b99-4892-a9da-ad9fcfd314ca;L-e56e6125-86c1-423b-80dd-369c6e9a2f5d;L-e76cd5ee-8a29-45e5-ae33-623558489d5f;L-e9bc50d8-5576-449e-a592-035d6fd41f33;L-ea84ab8b-c7ca-4045-b468-0ab208815571;L-f6d9c009-8157-4fb8-9eb6-da4b869674dd;L-faa7b978-4836-480e-a31d-32db7b2b2406;L-fe124ecd-c5cf-4968-9b13-2c1999594b37,lobbying_external_fees,sum,Amazon,2026,,,1;2,,,KEEP
FE-Anthropic-2019,,https://lda.gov/api/v1/filings/?client_name=Anthropic&filing_year=2019&page_size=100,2026-09-14,"{""LQ-anthropic-2019"": ""\""count\"": 0""}","Sum of numeric amounts on latest eligible quarterly reports, all issues combined. Blank reports are not zero and are not added. Separately named intermediaries excluded from direct fees. Outside fees and company expenses overlap and must never be added. Latest year uses completed quarters only; no annualization. No numeric reports means OPEN, not zero spending.",USD,,,LQ-anthropic-2019,lobbying_external_fees,unavailable,Anthropic,2019,,,,,,OPEN
FE-Anthropic-2020,,https://lda.gov/api/v1/filings/?client_name=Anthropic&filing_year=2020&page_size=100,2026-09-14,"{""LQ-anthropic-2020"": ""\""count\"": 0""}","Sum of numeric amounts on latest eligible quarterly reports, all issues combined. Blank reports are not zero and are not added. Separately named intermediaries excluded from direct fees. Outside fees and company expenses overlap and must never be added. Latest year uses completed quarters only; no annualization. No numeric reports means OPEN, not zero spending.",USD,,,LQ-anthropic-2020,lobbying_external_fees,unavailable,Anthropic,2020,,,,,,OPEN
FE-Anthropic-2021,,https://lda.gov/api/v1/filings/?client_name=Anthropic&filing_year=2021&page_size=100,2026-09-14,"{""LQ-anthropic-2021"": ""\""count\"": 0""}","Sum of numeric amounts on latest eligible quarterly reports, all issues combined. Blank reports are not zero and are not added. Separately named intermediaries excluded from direct fees. Outside fees and company expenses overlap and must never be added. Latest year uses completed quarters only; no annualization. No numeric reports means OPEN, not zero spending.",USD,,,LQ-anthropic-2021,lobbying_external_fees,unavailable,Anthropic,2021,,,,,,OPEN
FE-Anthropic-2022,,https://lda.gov/api/v1/filings/?client_name=Anthropic&filing_year=2022&page_size=100,2026-09-14,"{""LQ-anthropic-2022"": ""\""count\"": 0""}","Sum of numeric amounts on latest eligible quarterly reports, all issues combined. Blank reports are not zero and are not added. Separately named intermediaries excluded from direct fees. Outside fees and company expenses overlap and must never be added. Latest year uses completed quarters only; no annualization. No numeric reports means OPEN, not zero spending.",USD,,,LQ-anthropic-2022,lobbying_external_fees,unavailable,Anthropic,2022,,,,,,OPEN
FE-Anthropic-2023,200000.00,https://lda.gov/filings/public/filing/0698f7f0-5485-46a6-893f-83e1004e1249/print/,2026-09-14,"{""L-0698f7f0-5485-46a6-893f-83e1004e1249"": ""{\""filing_uuid\"":\""0698f7f0-5485-46a6-893f-83e1004e1249\"",\""filing_type\"":\""Q3\"",\""filing_year\"":2023,\""filing_period\"":\""third_quarter\"",\""income\"":\""50000.00\"",\""expenses\"":null}"", ""L-d336367a-b4c0-4ef7-98a4-71f4cd844d76"": ""{\""filing_uuid\"":\""d336367a-b4c0-4ef7-98a4-71f4cd844d76\"",\""filing_type\"":\""Q1\"",\""filing_year\"":2023,\""filing_period\"":\""first_quarter\"",\""income\"":\""50000.00\"",\""expenses\"":null}"", ""L-f1b3cf6b-21d4-4f8b-a0e1-675ecb15ca9c"": ""{\""filing_uuid\"":\""f1b3cf6b-21d4-4f8b-a0e1-675ecb15ca9c\"",\""filing_type\"":\""Q4\"",\""filing_year\"":2023,\""filing_period\"":\""fourth_quarter\"",\""income\"":\""50000.00\"",\""expenses\"":null}"", ""L-fb186278-c30e-468f-ab11-d6a8b4d03323"": ""{\""filing_uuid\"":\""fb186278-c30e-468f-ab11-d6a8b4d03323\"",\""filing_type\"":\""Q2\"",\""filing_year\"":2023,\""filing_period\"":\""second_quarter\"",\""income\"":\""50000.00\"",\""expenses\"":null}""}","Sum of numeric amounts on latest eligible quarterly reports, all issues combined. Blank reports are not zero and are not added. Separately named intermediaries excluded from direct fees. Outside fees and company expenses overlap and must never be added. Latest year uses completed quarters only; no annualization. No numeric reports means OPEN, not zero spending.",USD,,,L-0698f7f0-5485-46a6-893f-83e1004e1249;L-d336367a-b4c0-4ef7-98a4-71f4cd844d76;L-f1b3cf6b-21d4-4f8b-a0e1-675ecb15ca9c;L-fb186278-c30e-468f-ab11-d6a8b4d03323,lobbying_external_fees,sum,Anthropic,2023,,,1;2;3;4,,,KEEP
FE-Anthropic-2024,240000.00,https://lda.gov/filings/public/filing/0f064ecf-ce2e-47be-b7ab-fc5a8f7cc217/print/,2026-09-14,"{""L-0f064ecf-ce2e-47be-b7ab-fc5a8f7cc217"": ""{\""filing_uuid\"":\""0f064ecf-ce2e-47be-b7ab-fc5a8f7cc217\"",\""filing_type\"":\""Q1\"",\""filing_year\"":2024,\""filing_period\"":\""first_quarter\"",\""income\"":\""60000.00\"",\""expenses\"":null}"", ""L-8261f60c-7ed9-4e84-8d7c-30d8628a0874"": ""{\""filing_uuid\"":\""8261f60c-7ed9-4e84-8d7c-30d8628a0874\"",\""filing_type\"":\""Q2\"",\""filing_year\"":2024,\""filing_period\"":\""second_quarter\"",\""income\"":\""60000.00\"",\""expenses\"":null}"", ""L-b2c9b667-ca08-41e4-a098-a435a8407c32"": ""{\""filing_uuid\"":\""b2c9b667-ca08-41e4-a098-a435a8407c32\"",\""filing_type\"":\""Q3\"",\""filing_year\"":2024,\""filing_period\"":\""third_quarter\"",\""income\"":\""60000.00\"",\""expenses\"":null}"", ""L-e6eb1ed6-321e-4b77-ae7b-0426a7da2113"": ""{\""filing_uuid\"":\""e6eb1ed6-321e-4b77-ae7b-0426a7da2113\"",\""filing_type\"":\""Q4\"",\""filing_year\"":2024,\""filing_period\"":\""fourth_quarter\"",\""income\"":\""60000.00\"",\""expenses\"":null}""}","Sum of numeric amounts on latest eligible quarterly reports, all issues combined. Blank reports are not zero and are not added. Separately named intermediaries excluded from direct fees. Outside fees and company expenses overlap and must never be added. Latest year uses completed quarters only; no annualization. No numeric reports means OPEN, not zero spending.",USD,,,L-0f064ecf-ce2e-47be-b7ab-fc5a8f7cc217;L-8261f60c-7ed9-4e84-8d7c-30d8628a0874;L-b2c9b667-ca08-41e4-a098-a435a8407c32;L-e6eb1ed6-321e-4b77-ae7b-0426a7da2113,lobbying_external_fees,sum,Anthropic,2024,,,1;2;3;4,,,KEEP
FE-Anthropic-2025,600000.00,https://lda.gov/filings/public/filing/3f1c1812-8d7a-43f2-9b22-c2454de9336f/print/,2026-09-14,"{""L-3f1c1812-8d7a-43f2-9b22-c2454de9336f"": ""{\""filing_uuid\"":\""3f1c1812-8d7a-43f2-9b22-c2454de9336f\"",\""filing_type\"":\""Q4\"",\""filing_year\"":2025,\""filing_period\"":\""fourth_quarter\"",\""income\"":\""20000.00\"",\""expenses\"":null}"", ""L-5fff5235-f4d1-4296-bca8-1d1c78567a8d"": ""{\""filing_uuid\"":\""5fff5235-f4d1-4296-bca8-1d1c78567a8d\"",\""filing_type\"":\""Q2\"",\""filing_year\"":2025,\""filing_period\"":\""second_quarter\"",\""income\"":\""90000.00\"",\""expenses\"":null}"", ""L-7d16065c-e4c6-465e-8b1b-1dc1e0bd3105"": ""{\""filing_uuid\"":\""7d16065c-e4c6-465e-8b1b-1dc1e0bd3105\"",\""filing_type\"":\""Q4\"",\""filing_year\"":2025,\""filing_period\"":\""fourth_quarter\"",\""income\"":\""60000.00\"",\""expenses\"":null}"", ""L-9030b970-d3ec-45ce-b494-ab27bdc93532"": ""{\""filing_uuid\"":\""9030b970-d3ec-45ce-b494-ab27bdc93532\"",\""filing_type\"":\""Q3\"",\""filing_year\"":2025,\""filing_period\"":\""third_quarter\"",\""income\"":\""90000.00\"",\""expenses\"":null}"", ""L-a23d864d-a595-48b3-af91-50843bce1a6a"": ""{\""filing_uuid\"":\""a23d864d-a595-48b3-af91-50843bce1a6a\"",\""filing_type\"":\""Q4\"",\""filing_year\"":2025,\""filing_period\"":\""fourth_quarter\"",\""income\"":\""10000.00\"",\""expenses\"":null}"", ""L-b0e6f976-3cb6-499d-885e-9ae42150c81e"": ""{\""filing_uuid\"":\""b0e6f976-3cb6-499d-885e-9ae42150c81e\"",\""filing_type\"":\""Q4\"",\""filing_year\"":2025,\""filing_period\"":\""fourth_quarter\"",\""income\"":\""40000.00\"",\""expenses\"":null}"", ""L-b1589260-954e-4ec1-a2e2-a576d12b3d2c"": ""{\""filing_uuid\"":\""b1589260-954e-4ec1-a2e2-a576d12b3d2c\"",\""filing_type\"":\""Q3\"",\""filing_year\"":2025,\""filing_period\"":\""third_quarter\"",\""income\"":\""60000.00\"",\""expenses\"":null}"", ""L-d6f37c84-ef4f-4422-bb98-419abaf28588"": ""{\""filing_uuid\"":\""d6f37c84-ef4f-4422-bb98-419abaf28588\"",\""filing_type\"":\""Q2\"",\""filing_year\"":2025,\""filing_period\"":\""second_quarter\"",\""income\"":\""60000.00\"",\""expenses\"":null}"", ""L-e905059b-0f1e-42e1-bf49-527cb5faf5bb"": ""{\""filing_uuid\"":\""e905059b-0f1e-42e1-bf49-527cb5faf5bb\"",\""filing_type\"":\""Q4\"",\""filing_year\"":2025,\""filing_period\"":\""fourth_quarter\"",\""income\"":\""110000.00\"",\""expenses\"":null}"", ""L-f2354091-a552-400f-a3e1-6da35cf3d3cb"": ""{\""filing_uuid\"":\""f2354091-a552-400f-a3e1-6da35cf3d3cb\"",\""filing_type\"":\""Q1\"",\""filing_year\"":2025,\""filing_period\"":\""first_quarter\"",\""income\"":\""60000.00\"",\""expenses\"":null}""}","Sum of numeric amounts on latest eligible quarterly reports, all issues combined. Blank reports are not zero and are not added. Separately named intermediaries excluded from direct fees. Outside fees and company expenses overlap and must never be added. Latest year uses completed quarters only; no annualization. No numeric reports means OPEN, not zero spending.",USD,,,L-3f1c1812-8d7a-43f2-9b22-c2454de9336f;L-5fff5235-f4d1-4296-bca8-1d1c78567a8d;L-7d16065c-e4c6-465e-8b1b-1dc1e0bd3105;L-9030b970-d3ec-45ce-b494-ab27bdc93532;L-a23d864d-a595-48b3-af91-50843bce1a6a;L-b0e6f976-3cb6-499d-885e-9ae42150c81e;L-b1589260-954e-4ec1-a2e2-a576d12b3d2c;L-d6f37c84-ef4f-4422-bb98-419abaf28588;L-e905059b-0f1e-42e1-bf49-527cb5faf5bb;L-f2354091-a552-400f-a3e1-6da35cf3d3cb,lobbying_external_fees,sum,Anthropic,2025,,,1;2;3;4,,,KEEP
FE-Anthropic-2026,1500000.00,https://lda.gov/filings/public/filing/038ace8c-a981-4a85-91b2-a1bc556ab8dd/print/,2026-09-14,"{""L-038ace8c-a981-4a85-91b2-a1bc556ab8dd"": ""{\""filing_uuid\"":\""038ace8c-a981-4a85-91b2-a1bc556ab8dd\"",\""filing_type\"":\""Q2\"",\""filing_year\"":2026,\""filing_period\"":\""second_quarter\"",\""income\"":\""60000.00\"",\""expenses\"":null}"", ""L-049ae75f-8e37-4de2-8d0b-0010cef2fc17"": ""{\""filing_uuid\"":\""049ae75f-8e37-4de2-8d0b-0010cef2fc17\"",\""filing_type\"":\""Q2\"",\""filing_year\"":2026,\""filing_period\"":\""second_quarter\"",\""income\"":\""50000.00\"",\""expenses\"":null}"", ""L-0bc9d5cf-72dd-4b5a-a252-d6401aff48dc"": ""{\""filing_uuid\"":\""0bc9d5cf-72dd-4b5a-a252-d6401aff48dc\"",\""filing_type\"":\""Q1\"",\""filing_year\"":2026,\""filing_period\"":\""first_quarter\"",\""income\"":\""50000.00\"",\""expenses\"":null}"", ""L-2797e93c-4d13-4570-aee7-d61488b3023e"": ""{\""filing_uuid\"":\""2797e93c-4d13-4570-aee7-d61488b3023e\"",\""filing_type\"":\""Q1\"",\""filing_year\"":2026,\""filing_period\"":\""first_quarter\"",\""income\"":\""30000.00\"",\""expenses\"":null}"", ""L-2af89927-4a25-4f9b-86d4-d63de40bb85c"": ""{\""filing_uuid\"":\""2af89927-4a25-4f9b-86d4-d63de40bb85c\"",\""filing_type\"":\""Q1\"",\""filing_year\"":2026,\""filing_period\"":\""first_quarter\"",\""income\"":\""60000.00\"",\""expenses\"":null}"", ""L-342832c2-08e4-49cf-99d3-8c0a79549a6c"": ""{\""filing_uuid\"":\""342832c2-08e4-49cf-99d3-8c0a79549a6c\"",\""filing_type\"":\""Q1\"",\""filing_year\"":2026,\""filing_period\"":\""first_quarter\"",\""income\"":\""60000.00\"",\""expenses\"":null}"", ""L-4ebe1bae-e70b-4df7-83d1-bd39890b565c"": ""{\""filing_uuid\"":\""4ebe1bae-e70b-4df7-83d1-bd39890b565c\"",\""filing_type\"":\""Q2\"",\""filing_year\"":2026,\""filing_period\"":\""second_quarter\"",\""income\"":\""60000.00\"",\""expenses\"":null}"", ""L-7f7435b4-526f-4004-99d2-83d9becd5186"": ""{\""filing_uuid\"":\""7f7435b4-526f-4004-99d2-83d9becd5186\"",\""filing_type\"":\""Q1\"",\""filing_year\"":2026,\""filing_period\"":\""first_quarter\"",\""income\"":\""150000.00\"",\""expenses\"":null}"", ""L-8db3955e-600c-4e0a-8944-91a7878ae110"": ""{\""filing_uuid\"":\""8db3955e-600c-4e0a-8944-91a7878ae110\"",\""filing_type\"":\""Q2\"",\""filing_year\"":2026,\""filing_period\"":\""second_quarter\"",\""income\"":\""380000.00\"",\""expenses\"":null}"", ""L-8fa765f2-dcfb-4741-8fd7-9b0856c5b417"": ""{\""filing_uuid\"":\""8fa765f2-dcfb-4741-8fd7-9b0856c5b417\"",\""filing_type\"":\""Q1\"",\""filing_year\"":2026,\""filing_period\"":\""first_quarter\"",\""income\"":\""60000.00\"",\""expenses\"":null}"", ""L-9389667a-a5ea-4572-bf77-a71207627990"": ""{\""filing_uuid\"":\""9389667a-a5ea-4572-bf77-a71207627990\"",\""filing_type\"":\""Q2\"",\""filing_year\"":2026,\""filing_period\"":\""second_quarter\"",\""income\"":\""80000.00\"",\""expenses\"":null}"", ""L-94ed28d3-d272-40ba-994d-34045d92c6da"": ""{\""filing_uuid\"":\""94ed28d3-d272-40ba-994d-34045d92c6da\"",\""filing_type\"":\""Q2\"",\""filing_year\"":2026,\""filing_period\"":\""second_quarter\"",\""income\"":\""150000.00\"",\""expenses\"":null}"", ""L-c6733db4-0079-4046-9e73-2755bb4f4879"": ""{\""filing_uuid\"":\""c6733db4-0079-4046-9e73-2755bb4f4879\"",\""filing_type\"":\""Q1\"",\""filing_year\"":2026,\""filing_period\"":\""first_quarter\"",\""income\"":\""60000.00\"",\""expenses\"":null}"", ""L-ca8b4015-a7ac-47e8-a198-9c6ffd429694"": ""{\""filing_uuid\"":\""ca8b4015-a7ac-47e8-a198-9c6ffd429694\"",\""filing_type\"":\""Q1\"",\""filing_year\"":2026,\""filing_period\"":\""first_quarter\"",\""income\"":\""130000.00\"",\""expenses\"":null}"", ""L-e9f20834-c97d-47da-bf85-890683dca9f1"": ""{\""filing_uuid\"":\""e9f20834-c97d-47da-bf85-890683dca9f1\"",\""filing_type\"":\""Q2\"",\""filing_year\"":2026,\""filing_period\"":\""second_quarter\"",\""income\"":\""60000.00\"",\""expenses\"":null}"", ""L-eae91755-71b5-4876-89fa-b65a1e0fb75a"": ""{\""filing_uuid\"":\""eae91755-71b5-4876-89fa-b65a1e0fb75a\"",\""filing_type\"":\""Q2\"",\""filing_year\"":2026,\""filing_period\"":\""second_quarter\"",\""income\"":\""60000.00\"",\""expenses\"":null}""}","Sum of numeric amounts on latest eligible quarterly reports, all issues combined. Blank reports are not zero and are not added. Separately named intermediaries excluded from direct fees. Outside fees and company expenses overlap and must never be added. Latest year uses completed quarters only; no annualization. No numeric reports means OPEN, not zero spending.",USD,,,L-038ace8c-a981-4a85-91b2-a1bc556ab8dd;L-049ae75f-8e37-4de2-8d0b-0010cef2fc17;L-0bc9d5cf-72dd-4b5a-a252-d6401aff48dc;L-2797e93c-4d13-4570-aee7-d61488b3023e;L-2af89927-4a25-4f9b-86d4-d63de40bb85c;L-342832c2-08e4-49cf-99d3-8c0a79549a6c;L-4ebe1bae-e70b-4df7-83d1-bd39890b565c;L-7f7435b4-526f-4004-99d2-83d9becd5186;L-8db3955e-600c-4e0a-8944-91a7878ae110;L-8fa765f2-dcfb-4741-8fd7-9b0856c5b417;L-9389667a-a5ea-4572-bf77-a71207627990;L-94ed28d3-d272-40ba-994d-34045d92c6da;L-c6733db4-0079-4046-9e73-2755bb4f4879;L-ca8b4015-a7ac-47e8-a198-9c6ffd429694;L-e9f20834-c97d-47da-bf85-890683dca9f1;L-eae91755-71b5-4876-89fa-b65a1e0fb75a,lobbying_external_fees,sum,Anthropic,2026,,,1;2,,,KEEP
FE-Google-2019,3125000.00,https://lda.gov/filings/public/filing/0121a9c5-ae9a-468f-b4f0-5dff30f7f9ad/print/,2026-09-14,"{""L-0121a9c5-ae9a-468f-b4f0-5dff30f7f9ad"": ""{\""filing_uuid\"":\""0121a9c5-ae9a-468f-b4f0-5dff30f7f9ad\"",\""filing_type\"":\""Q1\"",\""filing_year\"":2019,\""filing_period\"":\""first_quarter\"",\""income\"":\""60000.00\"",\""expenses\"":null}"", ""L-0f67127d-101c-4daa-a222-851ea594452f"": ""{\""filing_uuid\"":\""0f67127d-101c-4daa-a222-851ea594452f\"",\""filing_type\"":\""Q1\"",\""filing_year\"":2019,\""filing_period\"":\""first_quarter\"",\""income\"":\""60000.00\"",\""expenses\"":null}"", ""L-1230a803-2085-4668-9358-99e73b764886"": ""{\""filing_uuid\"":\""1230a803-2085-4668-9358-99e73b764886\"",\""filing_type\"":\""Q3\"",\""filing_year\"":2019,\""filing_period\"":\""third_quarter\"",\""income\"":\""60000.00\"",\""expenses\"":null}"", ""L-12c96aae-78e1-4f06-aa78-34138d8ddc95"": ""{\""filing_uuid\"":\""12c96aae-78e1-4f06-aa78-34138d8ddc95\"",\""filing_type\"":\""Q2\"",\""filing_year\"":2019,\""filing_period\"":\""second_quarter\"",\""income\"":\""30000.00\"",\""expenses\"":null}"", ""L-1346eed4-3ba2-4d40-a05e-5a936190925c"": ""{\""filing_uuid\"":\""1346eed4-3ba2-4d40-a05e-5a936190925c\"",\""filing_type\"":\""Q4\"",\""filing_year\"":2019,\""filing_period\"":\""fourth_quarter\"",\""income\"":\""20000.00\"",\""expenses\"":null}"", ""L-1c89d500-9663-4efa-970d-2100ba1ddd46"": ""{\""filing_uuid\"":\""1c89d500-9663-4efa-970d-2100ba1ddd46\"",\""filing_type\"":\""Q4\"",\""filing_year\"":2019,\""filing_period\"":\""fourth_quarter\"",\""income\"":\""60000.00\"",\""expenses\"":null}"", ""L-1e0d4294-0f7a-41b9-b792-d3425828bc30"": ""{\""filing_uuid\"":\""1e0d4294-0f7a-41b9-b792-d3425828bc30\"",\""filing_type\"":\""1A\"",\""filing_year\"":2019,\""filing_period\"":\""first_quarter\"",\""income\"":\""90000.00\"",\""expenses\"":null}"", ""L-25441b55-01e1-4e3d-bcf7-c7b40fc3b2a8"": ""{\""filing_uuid\"":\""25441b55-01e1-4e3d-bcf7-c7b40fc3b2a8\"",\""filing_type\"":\""Q4\"",\""filing_year\"":2019,\""filing_period\"":\""fourth_quarter\"",\""income\"":\""30000.00\"",\""expenses\"":null}"", ""L-27528654-9493-4e2f-99a8-2bf1e4ba32ad"": ""{\""filing_uuid\"":\""27528654-9493-4e2f-99a8-2bf1e4ba32ad\"",\""filing_type\"":\""Q2\"",\""filing_year\"":2019,\""filing_period\"":\""second_quarter\"",\""income\"":\""60000.00\"",\""expenses\"":null}"", ""L-2d558219-7a4a-43c9-841f-798ac76fa0a7"": ""{\""filing_uuid\"":\""2d558219-7a4a-43c9-841f-798ac76fa0a7\"",\""filing_type\"":\""Q3\"",\""filing_year\"":2019,\""filing_period\"":\""third_quarter\"",\""income\"":\""20000.00\"",\""expenses\"":null}"", ""L-381d6f6b-a935-499c-aec2-665a2f7ee9fc"": ""{\""filing_uuid\"":\""381d6f6b-a935-499c-aec2-665a2f7ee9fc\"",\""filing_type\"":\""Q2\"",\""filing_year\"":2019,\""filing_period\"":\""second_quarter\"",\""income\"":\""45000.00\"",\""expenses\"":null}"", ""L-392f6a31-2570-45c8-a384-ef8e48b92f74"": ""{\""filing_uuid\"":\""392f6a31-2570-45c8-a384-ef8e48b92f74\"",\""filing_type\"":\""Q4\"",\""filing_year\"":2019,\""filing_period\"":\""fourth_quarter\"",\""income\"":\""80000.00\"",\""expenses\"":null}"", ""L-3d1cbb86-97c7-4c32-b173-ff334a8b099d"": ""{\""filing_uuid\"":\""3d1cbb86-97c7-4c32-b173-ff334a8b099d\"",\""filing_type\"":\""Q4\"",\""filing_year\"":2019,\""filing_period\"":\""fourth_quarter\"",\""income\"":\""20000.00\"",\""expenses\"":null}"", ""L-4326f9d3-49dd-46bf-b0fb-8959c7ca0ad3"": ""{\""filing_uuid\"":\""4326f9d3-49dd-46bf-b0fb-8959c7ca0ad3\"",\""filing_type\"":\""2T\"",\""filing_year\"":2019,\""filing_period\"":\""second_quarter\"",\""income\"":\""25000.00\"",\""expenses\"":null}"", ""L-455871a2-bf55-4b8d-80af-ac90fa77761e"": ""{\""filing_uuid\"":\""455871a2-bf55-4b8d-80af-ac90fa77761e\"",\""filing_type\"":\""Q2\"",\""filing_year\"":2019,\""filing_period\"":\""second_quarter\"",\""income\"":\""30000.00\"",\""expenses\"":null}"", ""L-55bef5ff-10ca-4855-b89d-fff4c515c835"": ""{\""filing_uuid\"":\""55bef5ff-10ca-4855-b89d-fff4c515c835\"",\""filing_type\"":\""2T\"",\""filing_year\"":2019,\""filing_period\"":\""second_quarter\"",\""income\"":\""30000.00\"",\""expenses\"":null}"", ""L-5779b474-b5b1-4c88-89f2-55dec56412b7"": ""{\""filing_uuid\"":\""5779b474-b5b1-4c88-89f2-55dec56412b7\"",\""filing_type\"":\""Q1\"",\""filing_year\"":2019,\""filing_period\"":\""first_quarter\"",\""income\"":\""30000.00\"",\""expenses\"":null}"", ""L-580b2186-708d-4e82-8577-93fb48f2f45e"": ""{\""filing_uuid\"":\""580b2186-708d-4e82-8577-93fb48f2f45e\"",\""filing_type\"":\""Q3\"",\""filing_year\"":2019,\""filing_period\"":\""third_quarter\"",\""income\"":\""30000.00\"",\""expenses\"":null}"", ""L-5871ded6-1fff-429d-9629-86500c63c363"": ""{\""filing_uuid\"":\""5871ded6-1fff-429d-9629-86500c63c363\"",\""filing_type\"":\""Q2\"",\""filing_year\"":2019,\""filing_period\"":\""second_quarter\"",\""income\"":\""60000.00\"",\""expenses\"":null}"", ""L-5eae44b3-6941-4d54-bfe2-7e155409f39f"": ""{\""filing_uuid\"":\""5eae44b3-6941-4d54-bfe2-7e155409f39f\"",\""filing_type\"":\""Q1\"",\""filing_year\"":2019,\""filing_period\"":\""first_quarter\"",\""income\"":\""30000.00\"",\""expenses\"":null}"", ""L-60b1fca0-5b0e-4404-87b8-04c50192c2c5"": ""{\""filing_uuid\"":\""60b1fca0-5b0e-4404-87b8-04c50192c2c5\"",\""filing_type\"":\""Q2\"",\""filing_year\"":2019,\""filing_period\"":\""second_quarter\"",\""income\"":\""50000.00\"",\""expenses\"":null}"", ""L-62561836-7465-4bd6-95c8-01af309ca694"": ""{\""filing_uuid\"":\""62561836-7465-4bd6-95c8-01af309ca694\"",\""filing_type\"":\""Q3\"",\""filing_year\"":2019,\""filing_period\"":\""third_quarter\"",\""income\"":\""30000.00\"",\""expenses\"":null}"", ""L-67f8229d-69d6-4c63-ab94-6c608f0840d9"": ""{\""filing_uuid\"":\""67f8229d-69d6-4c63-ab94-6c608f0840d9\"",\""filing_type\"":\""Q3\"",\""filing_year\"":2019,\""filing_period\"":\""third_quarter\"",\""income\"":\""60000.00\"",\""expenses\"":null}"", ""L-69c3a2e1-7065-4455-b9d3-3d827d65f1c1"": ""{\""filing_uuid\"":\""69c3a2e1-7065-4455-b9d3-3d827d65f1c1\"",\""filing_type\"":\""Q1\"",\""filing_year\"":2019,\""filing_period\"":\""first_quarter\"",\""income\"":\""80000.00\"",\""expenses\"":null}"", ""L-6de606cf-cc0e-4135-8840-e988a7e64805"": ""{\""filing_uuid\"":\""6de606cf-cc0e-4135-8840-e988a7e64805\"",\""filing_type\"":\""Q4\"",\""filing_year\"":2019,\""filing_period\"":\""fourth_quarter\"",\""income\"":\""30000.00\"",\""expenses\"":null}"", ""L-714d4436-295e-40f7-bbb2-aa9e260b873e"": ""{\""filing_uuid\"":\""714d4436-295e-40f7-bbb2-aa9e260b873e\"",\""filing_type\"":\""2T\"",\""filing_year\"":2019,\""filing_period\"":\""second_quarter\"",\""income\"":\""50000.00\"",\""expenses\"":null}"", ""L-73fe9166-7acc-4ac8-b55f-baba608fc3be"": ""{\""filing_uuid\"":\""73fe9166-7acc-4ac8-b55f-baba608fc3be\"",\""filing_type\"":\""Q2\"",\""filing_year\"":2019,\""filing_period\"":\""second_quarter\"",\""income\"":\""30000.00\"",\""expenses\"":null}"", ""L-7cf5df61-2ead-425b-8dd0-0892b49f07f2"": ""{\""filing_uuid\"":\""7cf5df61-2ead-425b-8dd0-0892b49f07f2\"",\""filing_type\"":\""Q3\"",\""filing_year\"":2019,\""filing_period\"":\""third_quarter\"",\""income\"":\""30000.00\"",\""expenses\"":null}"", ""L-80ee3fdc-a63a-4e37-b54a-a8bf71eeb373"": ""{\""filing_uuid\"":\""80ee3fdc-a63a-4e37-b54a-a8bf71eeb373\"",\""filing_type\"":\""Q2\"",\""filing_year\"":2019,\""filing_period\"":\""second_quarter\"",\""income\"":\""80000.00\"",\""expenses\"":null}"", ""L-84486cb9-c604-477f-824d-6fa04def5259"": ""{\""filing_uuid\"":\""84486cb9-c604-477f-824d-6fa04def5259\"",\""filing_type\"":\""Q3\"",\""filing_year\"":2019,\""filing_period\"":\""third_quarter\"",\""income\"":\""50000.00\"",\""expenses\"":null}"", ""L-849a1008-83a5-45ad-8507-013d10df9668"": ""{\""filing_uuid\"":\""849a1008-83a5-45ad-8507-013d10df9668\"",\""filing_type\"":\""Q4\"",\""filing_year\"":2019,\""filing_period\"":\""fourth_quarter\"",\""income\"":\""30000.00\"",\""expenses\"":null}"", ""L-87b83c22-d222-4fb3-b730-e02391e5a9ff"": ""{\""filing_uuid\"":\""87b83c22-d222-4fb3-b730-e02391e5a9ff\"",\""filing_type\"":\""Q4\"",\""filing_year\"":2019,\""filing_period\"":\""fourth_quarter\"",\""income\"":\""40000.00\"",\""expenses\"":null}"", ""L-8855f450-43d4-4c25-baf2-b049608688fd"": ""{\""filing_uuid\"":\""8855f450-43d4-4c25-baf2-b049608688fd\"",\""filing_type\"":\""2T\"",\""filing_year\"":2019,\""filing_period\"":\""second_quarter\"",\""income\"":\""40000.00\"",\""expenses\"":null}"", ""L-8b136157-8b94-4ca0-a322-18b95e08ddb5"": ""{\""filing_uuid\"":\""8b136157-8b94-4ca0-a322-18b95e08ddb5\"",\""filing_type\"":\""Q4\"",\""filing_year\"":2019,\""filing_period\"":\""fourth_quarter\"",\""income\"":\""50000.00\"",\""expenses\"":null}"", ""L-8e1cb50f-071d-4201-a3d9-75988554656b"": ""{\""filing_uuid\"":\""8e1cb50f-071d-4201-a3d9-75988554656b\"",\""filing_type\"":\""Q1\"",\""filing_year\"":2019,\""filing_period\"":\""first_quarter\"",\""income\"":\""80000.00\"",\""expenses\"":null}"", ""L-99bf3310-4ad5-4ad4-b7bc-a8cdc0a13c02"": ""{\""filing_uuid\"":\""99bf3310-4ad5-4ad4-b7bc-a8cdc0a13c02\"",\""filing_type\"":\""Q1\"",\""filing_year\"":2019,\""filing_period\"":\""first_quarter\"",\""income\"":\""30000.00\"",\""expenses\"":null}"", ""L-9a295c96-fb69-4ecf-919b-54ba0b2515f0"": ""{\""filing_uuid\"":\""9a295c96-fb69-4ecf-919b-54ba0b2515f0\"",\""filing_type\"":\""Q2\"",\""filing_year\"":2019,\""filing_period\"":\""second_quarter\"",\""income\"":\""30000.00\"",\""expenses\"":null}"", ""L-9a3e7489-0957-4794-8409-949bfac14448"": ""{\""filing_uuid\"":\""9a3e7489-0957-4794-8409-949bfac14448\"",\""filing_type\"":\""2T\"",\""filing_year\"":2019,\""filing_period\"":\""second_quarter\"",\""income\"":\""30000.00\"",\""expenses\"":null}"", ""L-a17f21f9-5b16-498f-a857-e520cd576b7e"": ""{\""filing_uuid\"":\""a17f21f9-5b16-498f-a857-e520cd576b7e\"",\""filing_type\"":\""Q4\"",\""filing_year\"":2019,\""filing_period\"":\""fourth_quarter\"",\""income\"":\""45000.00\"",\""expenses\"":null}"", ""L-a79a8762-a258-45a7-bedf-0ab62ffe0452"": ""{\""filing_uuid\"":\""a79a8762-a258-45a7-bedf-0ab62ffe0452\"",\""filing_type\"":\""Q1\"",\""filing_year\"":2019,\""filing_period\"":\""first_quarter\"",\""income\"":\""60000.00\"",\""expenses\"":null}"", ""L-a8fc70ff-a577-444d-a3d7-a7e5beef205f"": ""{\""filing_uuid\"":\""a8fc70ff-a577-444d-a3d7-a7e5beef205f\"",\""filing_type\"":\""Q3\"",\""filing_year\"":2019,\""filing_period\"":\""third_quarter\"",\""income\"":\""80000.00\"",\""expenses\"":null}"", ""L-ad197173-e7e1-40ee-9ec6-1b92ec46cd28"": ""{\""filing_uuid\"":\""ad197173-e7e1-40ee-9ec6-1b92ec46cd28\"",\""filing_type\"":\""Q2\"",\""filing_year\"":2019,\""filing_period\"":\""second_quarter\"",\""income\"":\""80000.00\"",\""expenses\"":null}"", ""L-aed4a95b-c0a0-44bc-ad3f-e1f7d7f56a02"": ""{\""filing_uuid\"":\""aed4a95b-c0a0-44bc-ad3f-e1f7d7f56a02\"",\""filing_type\"":\""Q1\"",\""filing_year\"":2019,\""filing_period\"":\""first_quarter\"",\""income\"":\""50000.00\"",\""expenses\"":null}"", ""L-af7985ae-8c98-4274-bd60-9bfc685253c2"": ""{\""filing_uuid\"":\""af7985ae-8c98-4274-bd60-9bfc685253c2\"",\""filing_type\"":\""2T\"",\""filing_year\"":2019,\""filing_period\"":\""second_quarter\"",\""income\"":\""80000.00\"",\""expenses\"":null}"", ""L-b249a529-c1de-4f5c-a7c6-dd68744253c5"": ""{\""filing_uuid\"":\""b249a529-c1de-4f5c-a7c6-dd68744253c5\"",\""filing_type\"":\""Q2\"",\""filing_year\"":2019,\""filing_period\"":\""second_quarter\"",\""income\"":\""20000.00\"",\""expenses\"":null}"", ""L-bd813ca7-b660-45a2-9044-5db27fe5e1d1"": ""{\""filing_uuid\"":\""bd813ca7-b660-45a2-9044-5db27fe5e1d1\"",\""filing_type\"":\""Q3\"",\""filing_year\"":2019,\""filing_period\"":\""third_quarter\"",\""income\"":\""30000.00\"",\""expenses\"":null}"", ""L-bfba4dbc-7d99-4114-be28-cb69f8ec69bf"": ""{\""filing_uuid\"":\""bfba4dbc-7d99-4114-be28-cb69f8ec69bf\"",\""filing_type\"":\""Q3\"",\""filing_year\"":2019,\""filing_period\"":\""third_quarter\"",\""income\"":\""45000.00\"",\""expenses\"":null}"", ""L-c0b5e84f-3dd5-452d-b54c-ab39441fe20b"": ""{\""filing_uuid\"":\""c0b5e84f-3dd5-452d-b54c-ab39441fe20b\"",\""filing_type\"":\""Q4\"",\""filing_year\"":2019,\""filing_period\"":\""fourth_quarter\"",\""income\"":\""60000.00\"",\""expenses\"":null}"", ""L-c19ad471-5624-4246-92b7-ab35f27a950a"": ""{\""filing_uuid\"":\""c19ad471-5624-4246-92b7-ab35f27a950a\"",\""filing_type\"":\""Q1\"",\""filing_year\"":2019,\""filing_period\"":\""first_quarter\"",\""income\"":\""30000.00\"",\""expenses\"":null}"", ""L-c24bddd7-5e9b-4038-a277-337337ab7d0c"": ""{\""filing_uuid\"":\""c24bddd7-5e9b-4038-a277-337337ab7d0c\"",\""filing_type\"":\""Q4\"",\""filing_year\"":2019,\""filing_period\"":\""fourth_quarter\"",\""income\"":\""30000.00\"",\""expenses\"":null}"", ""L-c3727260-4eb8-44f5-9ab9-a101eafff1be"": ""{\""filing_uuid\"":\""c3727260-4eb8-44f5-9ab9-a101eafff1be\"",\""filing_type\"":\""Q1\"",\""filing_year\"":2019,\""filing_period\"":\""first_quarter\"",\""income\"":\""30000.00\"",\""expenses\"":null}"", ""L-c5a97a74-95de-409c-b01e-abce511d4a1b"": ""{\""filing_uuid\"":\""c5a97a74-95de-409c-b01e-abce511d4a1b\"",\""filing_type\"":\""Q2\"",\""filing_year\"":2019,\""filing_period\"":\""second_quarter\"",\""income\"":\""40000.00\"",\""expenses\"":null}"", ""L-c653c107-1608-4e09-9b9f-47bab7fd6f2e"": ""{\""filing_uuid\"":\""c653c107-1608-4e09-9b9f-47bab7fd6f2e\"",\""filing_type\"":\""Q1\"",\""filing_year\"":2019,\""filing_period\"":\""first_quarter\"",\""income\"":\""20000.00\"",\""expenses\"":null}"", ""L-c8783940-c518-46f3-a762-dfb48e6988a8"": ""{\""filing_uuid\"":\""c8783940-c518-46f3-a762-dfb48e6988a8\"",\""filing_type\"":\""Q3\"",\""filing_year\"":2019,\""filing_period\"":\""third_quarter\"",\""income\"":\""20000.00\"",\""expenses\"":null}"", ""L-c9f85b80-a749-4391-b310-81de91cadbfb"": ""{\""filing_uuid\"":\""c9f85b80-a749-4391-b310-81de91cadbfb\"",\""filing_type\"":\""Q1\"",\""filing_year\"":2019,\""filing_period\"":\""first_quarter\"",\""income\"":\""40000.00\"",\""expenses\"":null}"", ""L-cbcba3ca-55c8-473c-8fae-88a1cd9b9761"": ""{\""filing_uuid\"":\""cbcba3ca-55c8-473c-8fae-88a1cd9b9761\"",\""filing_type\"":\""Q4\"",\""filing_year\"":2019,\""filing_period\"":\""fourth_quarter\"",\""income\"":\""30000.00\"",\""expenses\"":null}"", ""L-cfe1bfb7-bf27-4662-8b92-05ca80c97b9a"": ""{\""filing_uuid\"":\""cfe1bfb7-bf27-4662-8b92-05ca80c97b9a\"",\""filing_type\"":\""Q2\"",\""filing_year\"":2019,\""filing_period\"":\""second_quarter\"",\""income\"":\""60000.00\"",\""expenses\"":null}"", ""L-d19c90b3-2eaa-4d86-93d3-6035cd448707"": ""{\""filing_uuid\"":\""d19c90b3-2eaa-4d86-93d3-6035cd448707\"",\""filing_type\"":\""Q1\"",\""filing_year\"":2019,\""filing_period\"":\""first_quarter\"",\""income\"":\""50000.00\"",\""expenses\"":null}"", ""L-d6a3e2dd-54b2-4942-90c9-b94828f7e608"": ""{\""filing_uuid\"":\""d6a3e2dd-54b2-4942-90c9-b94828f7e608\"",\""filing_type\"":\""Q2\"",\""filing_year\"":2019,\""filing_period\"":\""second_quarter\"",\""income\"":\""60000.00\"",\""expenses\"":null}"", ""L-da345d38-bea1-4a88-b8a2-d6f4633c5ea6"": ""{\""filing_uuid\"":\""da345d38-bea1-4a88-b8a2-d6f4633c5ea6\"",\""filing_type\"":\""Q1\"",\""filing_year\"":2019,\""filing_period\"":\""first_quarter\"",\""income\"":\""45000.00\"",\""expenses\"":null}"", ""L-dbf22835-c811-4db9-8afd-fd583c615b63"": ""{\""filing_uuid\"":\""dbf22835-c811-4db9-8afd-fd583c615b63\"",\""filing_type\"":\""Q3\"",\""filing_year\"":2019,\""filing_period\"":\""third_quarter\"",\""income\"":\""10000.00\"",\""expenses\"":null}"", ""L-e047d907-4bb8-4985-ae15-400af07d55c9"": ""{\""filing_uuid\"":\""e047d907-4bb8-4985-ae15-400af07d55c9\"",\""filing_type\"":\""Q1\"",\""filing_year\"":2019,\""filing_period\"":\""first_quarter\"",\""income\"":\""30000.00\"",\""expenses\"":null}"", ""L-e2c237bb-7d79-437d-89a3-5c6002e994b4"": ""{\""filing_uuid\"":\""e2c237bb-7d79-437d-89a3-5c6002e994b4\"",\""filing_type\"":\""Q1\"",\""filing_year\"":2019,\""filing_period\"":\""first_quarter\"",\""income\"":\""40000.00\"",\""expenses\"":null}"", ""L-e341f66f-4a60-485a-8f6f-334768878dec"": ""{\""filing_uuid\"":\""e341f66f-4a60-485a-8f6f-334768878dec\"",\""filing_type\"":\""Q3\"",\""filing_year\"":2019,\""filing_period\"":\""third_quarter\"",\""income\"":\""40000.00\"",\""expenses\"":null}"", ""L-e866496b-030a-497c-a2b7-db99d6513f7b"": ""{\""filing_uuid\"":\""e866496b-030a-497c-a2b7-db99d6513f7b\"",\""filing_type\"":\""Q1\"",\""filing_year\"":2019,\""filing_period\"":\""first_quarter\"",\""income\"":\""80000.00\"",\""expenses\"":null}"", ""L-ee086a47-880f-4dd8-84d9-96391d01f771"": ""{\""filing_uuid\"":\""ee086a47-880f-4dd8-84d9-96391d01f771\"",\""filing_type\"":\""1A\"",\""filing_year\"":2019,\""filing_period\"":\""first_quarter\"",\""income\"":\""50000.00\"",\""expenses\"":null}"", ""L-f3ca32a4-5cb6-4dc0-9457-52541f099f85"": ""{\""filing_uuid\"":\""f3ca32a4-5cb6-4dc0-9457-52541f099f85\"",\""filing_type\"":\""Q1\"",\""filing_year\"":2019,\""filing_period\"":\""first_quarter\"",\""income\"":\""60000.00\"",\""expenses\"":null}"", ""L-f46ca1bd-8ee3-4bec-bb10-0a5e0325b66f"": ""{\""filing_uuid\"":\""f46ca1bd-8ee3-4bec-bb10-0a5e0325b66f\"",\""filing_type\"":\""Q3\"",\""filing_year\"":2019,\""filing_period\"":\""third_quarter\"",\""income\"":\""50000.00\"",\""expenses\"":null}"", ""L-f750b78d-7801-4b46-85e1-1cf4b54602a6"": ""{\""filing_uuid\"":\""f750b78d-7801-4b46-85e1-1cf4b54602a6\"",\""filing_type\"":\""Q2\"",\""filing_year\"":2019,\""filing_period\"":\""second_quarter\"",\""income\"":\""50000.00\"",\""expenses\"":null}"", ""L-fec4f485-69c9-4dda-9552-a5d6655eb508"": ""{\""filing_uuid\"":\""fec4f485-69c9-4dda-9552-a5d6655eb508\"",\""filing_type\"":\""4T\"",\""filing_year\"":2019,\""filing_period\"":\""fourth_quarter\"",\""income\"":\""20000.00\"",\""expenses\"":null}""}","Sum of numeric amounts on latest eligible quarterly reports, all issues combined. Blank reports are not zero and are not added. Separately named intermediaries excluded from direct fees. Outside fees and company expenses overlap and must never be added. Latest year uses completed quarters only; no annualization. No numeric reports means OPEN, not zero spending.",USD,,,L-0121a9c5-ae9a-468f-b4f0-5dff30f7f9ad;L-0f67127d-101c-4daa-a222-851ea594452f;L-1230a803-2085-4668-9358-99e73b764886;L-12c96aae-78e1-4f06-aa78-34138d8ddc95;L-1346eed4-3ba2-4d40-a05e-5a936190925c;L-1c89d500-9663-4efa-970d-2100ba1ddd46;L-1e0d4294-0f7a-41b9-b792-d3425828bc30;L-25441b55-01e1-4e3d-bcf7-c7b40fc3b2a8;L-27528654-9493-4e2f-99a8-2bf1e4ba32ad;L-2d558219-7a4a-43c9-841f-798ac76fa0a7;L-381d6f6b-a935-499c-aec2-665a2f7ee9fc;L-392f6a31-2570-45c8-a384-ef8e48b92f74;L-3d1cbb86-97c7-4c32-b173-ff334a8b099d;L-4326f9d3-49dd-46bf-b0fb-8959c7ca0ad3;L-455871a2-bf55-4b8d-80af-ac90fa77761e;L-55bef5ff-10ca-4855-b89d-fff4c515c835;L-5779b474-b5b1-4c88-89f2-55dec56412b7;L-580b2186-708d-4e82-8577-93fb48f2f45e;L-5871ded6-1fff-429d-9629-86500c63c363;L-5eae44b3-6941-4d54-bfe2-7e155409f39f;L-60b1fca0-5b0e-4404-87b8-04c50192c2c5;L-62561836-7465-4bd6-95c8-01af309ca694;L-67f8229d-69d6-4c63-ab94-6c608f0840d9;L-69c3a2e1-7065-4455-b9d3-3d827d65f1c1;L-6de606cf-cc0e-4135-8840-e988a7e64805;L-714d4436-295e-40f7-bbb2-aa9e260b873e;L-73fe9166-7acc-4ac8-b55f-baba608fc3be;L-7cf5df61-2ead-425b-8dd0-0892b49f07f2;L-80ee3fdc-a63a-4e37-b54a-a8bf71eeb373;L-84486cb9-c604-477f-824d-6fa04def5259;L-849a1008-83a5-45ad-8507-013d10df9668;L-87b83c22-d222-4fb3-b730-e02391e5a9ff;L-8855f450-43d4-4c25-baf2-b049608688fd;L-8b136157-8b94-4ca0-a322-18b95e08ddb5;L-8e1cb50f-071d-4201-a3d9-75988554656b;L-99bf3310-4ad5-4ad4-b7bc-a8cdc0a13c02;L-9a295c96-fb69-4ecf-919b-54ba0b2515f0;L-9a3e7489-0957-4794-8409-949bfac14448;L-a17f21f9-5b16-498f-a857-e520cd576b7e;L-a79a8762-a258-45a7-bedf-0ab62ffe0452;L-a8fc70ff-a577-444d-a3d7-a7e5beef205f;L-ad197173-e7e1-40ee-9ec6-1b92ec46cd28;L-aed4a95b-c0a0-44bc-ad3f-e1f7d7f56a02;L-af7985ae-8c98-4274-bd60-9bfc685253c2;L-b249a529-c1de-4f5c-a7c6-dd68744253c5;L-bd813ca7-b660-45a2-9044-5db27fe5e1d1;L-bfba4dbc-7d99-4114-be28-cb69f8ec69bf;L-c0b5e84f-3dd5-452d-b54c-ab39441fe20b;L-c19ad471-5624-4246-92b7-ab35f27a950a;L-c24bddd7-5e9b-4038-a277-337337ab7d0c;L-c3727260-4eb8-44f5-9ab9-a101eafff1be;L-c5a97a74-95de-409c-b01e-abce511d4a1b;L-c653c107-1608-4e09-9b9f-47bab7fd6f2e;L-c8783940-c518-46f3-a762-dfb48e6988a8;L-c9f85b80-a749-4391-b310-81de91cadbfb;L-cbcba3ca-55c8-473c-8fae-88a1cd9b9761;L-cfe1bfb7-bf27-4662-8b92-05ca80c97b9a;L-d19c90b3-2eaa-4d86-93d3-6035cd448707;L-d6a3e2dd-54b2-4942-90c9-b94828f7e608;L-da345d38-bea1-4a88-b8a2-d6f4633c5ea6;L-dbf22835-c811-4db9-8afd-fd583c615b63;L-e047d907-4bb8-4985-ae15-400af07d55c9;L-e2c237bb-7d79-437d-89a3-5c6002e994b4;L-e341f66f-4a60-485a-8f6f-334768878dec;L-e866496b-030a-497c-a2b7-db99d6513f7b;L-ee086a47-880f-4dd8-84d9-96391d01f771;L-f3ca32a4-5cb6-4dc0-9457-52541f099f85;L-f46ca1bd-8ee3-4bec-bb10-0a5e0325b66f;L-f750b78d-7801-4b46-85e1-1cf4b54602a6;L-fec4f485-69c9-4dda-9552-a5d6655eb508,lobbying_external_fees,sum,Google,2019,,,1;2;3;4,,,KEEP
FE-Google-2020,2350000.00,https://lda.gov/filings/public/filing/00999bca-7389-4ebd-832d-ab1bbae0e5a8/print/,2026-09-14,"{""L-00999bca-7389-4ebd-832d-ab1bbae0e5a8"": ""{\""filing_uuid\"":\""00999bca-7389-4ebd-832d-ab1bbae0e5a8\"",\""filing_type\"":\""Q4\"",\""filing_year\"":2020,\""filing_period\"":\""fourth_quarter\"",\""income\"":\""30000.00\"",\""expenses\"":null}"", ""L-02889202-3e9e-44b2-999d-096593b7a121"": ""{\""filing_uuid\"":\""02889202-3e9e-44b2-999d-096593b7a121\"",\""filing_type\"":\""Q2\"",\""filing_year\"":2020,\""filing_period\"":\""second_quarter\"",\""income\"":\""80000.00\"",\""expenses\"":null}"", ""L-0338eefb-0847-47a0-8ff9-adb784cd3d8e"": ""{\""filing_uuid\"":\""0338eefb-0847-47a0-8ff9-adb784cd3d8e\"",\""filing_type\"":\""1A\"",\""filing_year\"":2020,\""filing_period\"":\""first_quarter\"",\""income\"":\""50000.00\"",\""expenses\"":null}"", ""L-068b938b-711c-4ead-83a4-fe3288c3f614"": ""{\""filing_uuid\"":\""068b938b-711c-4ead-83a4-fe3288c3f614\"",\""filing_type\"":\""Q4\"",\""filing_year\"":2020,\""filing_period\"":\""fourth_quarter\"",\""income\"":\""20000.00\"",\""expenses\"":null}"", ""L-080c8880-4768-41e9-9285-8aa0deb01f1d"": ""{\""filing_uuid\"":\""080c8880-4768-41e9-9285-8aa0deb01f1d\"",\""filing_type\"":\""Q2\"",\""filing_year\"":2020,\""filing_period\"":\""second_quarter\"",\""income\"":\""80000.00\"",\""expenses\"":null}"", ""L-09128a53-2c9c-421f-bae9-09f1f0d09417"": ""{\""filing_uuid\"":\""09128a53-2c9c-421f-bae9-09f1f0d09417\"",\""filing_type\"":\""Q2\"",\""filing_year\"":2020,\""filing_period\"":\""second_quarter\"",\""income\"":\""40000.00\"",\""expenses\"":null}"", ""L-0b3d0ba4-d1ac-47cd-b20a-e20196e1ba7b"": ""{\""filing_uuid\"":\""0b3d0ba4-d1ac-47cd-b20a-e20196e1ba7b\"",\""filing_type\"":\""Q1\"",\""filing_year\"":2020,\""filing_period\"":\""first_quarter\"",\""income\"":\""80000.00\"",\""expenses\"":null}"", ""L-0fc3460d-7309-464f-bc1f-ae63437aea14"": ""{\""filing_uuid\"":\""0fc3460d-7309-464f-bc1f-ae63437aea14\"",\""filing_type\"":\""Q4\"",\""filing_year\"":2020,\""filing_period\"":\""fourth_quarter\"",\""income\"":\""20000.00\"",\""expenses\"":null}"", ""L-10ac6a5a-3bcb-4284-8659-c0381475f69b"": ""{\""filing_uuid\"":\""10ac6a5a-3bcb-4284-8659-c0381475f69b\"",\""filing_type\"":\""Q4\"",\""filing_year\"":2020,\""filing_period\"":\""fourth_quarter\"",\""income\"":\""80000.00\"",\""expenses\"":null}"", ""L-14841a87-984f-4b8b-9ba7-3028ef6a6771"": ""{\""filing_uuid\"":\""14841a87-984f-4b8b-9ba7-3028ef6a6771\"",\""filing_type\"":\""Q4\"",\""filing_year\"":2020,\""filing_period\"":\""fourth_quarter\"",\""income\"":\""60000.00\"",\""expenses\"":null}"", ""L-1c4fc76a-45c4-4d91-82a4-74ad65c2af08"": ""{\""filing_uuid\"":\""1c4fc76a-45c4-4d91-82a4-74ad65c2af08\"",\""filing_type\"":\""Q3\"",\""filing_year\"":2020,\""filing_period\"":\""third_quarter\"",\""income\"":\""80000.00\"",\""expenses\"":null}"", ""L-255b2315-71d6-4c56-86ed-f0942accb014"": ""{\""filing_uuid\"":\""255b2315-71d6-4c56-86ed-f0942accb014\"",\""filing_type\"":\""Q3\"",\""filing_year\"":2020,\""filing_period\"":\""third_quarter\"",\""income\"":\""30000.00\"",\""expenses\"":null}"", ""L-2addfbbe-b171-43ee-8637-d54b9829ce7c"": ""{\""filing_uuid\"":\""2addfbbe-b171-43ee-8637-d54b9829ce7c\"",\""filing_type\"":\""Q3\"",\""filing_year\"":2020,\""filing_period\"":\""third_quarter\"",\""income\"":\""30000.00\"",\""expenses\"":null}"", ""L-2cd889f8-822c-4e36-b4e3-755cb5085208"": ""{\""filing_uuid\"":\""2cd889f8-822c-4e36-b4e3-755cb5085208\"",\""filing_type\"":\""Q2\"",\""filing_year\"":2020,\""filing_period\"":\""second_quarter\"",\""income\"":\""50000.00\"",\""expenses\"":null}"", ""L-30fdfc52-b2a3-431a-bb23-5814535d2656"": ""{\""filing_uuid\"":\""30fdfc52-b2a3-431a-bb23-5814535d2656\"",\""filing_type\"":\""Q2\"",\""filing_year\"":2020,\""filing_period\"":\""second_quarter\"",\""income\"":\""30000.00\"",\""expenses\"":null}"", ""L-34fc623c-b516-458c-a1f2-68835e774451"": ""{\""filing_uuid\"":\""34fc623c-b516-458c-a1f2-68835e774451\"",\""filing_type\"":\""Q1\"",\""filing_year\"":2020,\""filing_period\"":\""first_quarter\"",\""income\"":\""45000.00\"",\""expenses\"":null}"", ""L-378faa8f-6ef8-4cab-9ecc-3091b0c4b3a7"": ""{\""filing_uuid\"":\""378faa8f-6ef8-4cab-9ecc-3091b0c4b3a7\"",\""filing_type\"":\""Q3\"",\""filing_year\"":2020,\""filing_period\"":\""third_quarter\"",\""income\"":\""30000.00\"",\""expenses\"":null}"", ""L-49b57495-9eca-49a5-9f06-04d1f0d80e11"": ""{\""filing_uuid\"":\""49b57495-9eca-49a5-9f06-04d1f0d80e11\"",\""filing_type\"":\""1A\"",\""filing_year\"":2020,\""filing_period\"":\""first_quarter\"",\""income\"":\""40000.00\"",\""expenses\"":null}"", ""L-49c8ecf2-b5cf-4195-ac26-c86177032fdc"": ""{\""filing_uuid\"":\""49c8ecf2-b5cf-4195-ac26-c86177032fdc\"",\""filing_type\"":\""Q1\"",\""filing_year\"":2020,\""filing_period\"":\""first_quarter\"",\""income\"":\""30000.00\"",\""expenses\"":null}"", ""L-4c00f681-f5e4-4f9e-bcd9-f8f4629e32f3"": ""{\""filing_uuid\"":\""4c00f681-f5e4-4f9e-bcd9-f8f4629e32f3\"",\""filing_type\"":\""Q1\"",\""filing_year\"":2020,\""filing_period\"":\""first_quarter\"",\""income\"":\""50000.00\"",\""expenses\"":null}"", ""L-4f5c89a9-cd7f-43a9-8c73-71a42ecb78dd"": ""{\""filing_uuid\"":\""4f5c89a9-cd7f-43a9-8c73-71a42ecb78dd\"",\""filing_type\"":\""Q4\"",\""filing_year\"":2020,\""filing_period\"":\""fourth_quarter\"",\""income\"":\""30000.00\"",\""expenses\"":null}"", ""L-548e8385-fc03-4a0c-8ff2-895a7b563ded"": ""{\""filing_uuid\"":\""548e8385-fc03-4a0c-8ff2-895a7b563ded\"",\""filing_type\"":\""Q1\"",\""filing_year\"":2020,\""filing_period\"":\""first_quarter\"",\""income\"":\""30000.00\"",\""expenses\"":null}"", ""L-57351836-d06c-48d3-a177-dd1c68c60547"": ""{\""filing_uuid\"":\""57351836-d06c-48d3-a177-dd1c68c60547\"",\""filing_type\"":\""Q4\"",\""filing_year\"":2020,\""filing_period\"":\""fourth_quarter\"",\""income\"":\""45000.00\"",\""expenses\"":null}"", ""L-5f42665e-a229-4764-86be-1f4d2a56f1eb"": ""{\""filing_uuid\"":\""5f42665e-a229-4764-86be-1f4d2a56f1eb\"",\""filing_type\"":\""Q3\"",\""filing_year\"":2020,\""filing_period\"":\""third_quarter\"",\""income\"":\""20000.00\"",\""expenses\"":null}"", ""L-6d8be819-24e8-4910-8f08-a4ae49f5db80"": ""{\""filing_uuid\"":\""6d8be819-24e8-4910-8f08-a4ae49f5db80\"",\""filing_type\"":\""Q4\"",\""filing_year\"":2020,\""filing_period\"":\""fourth_quarter\"",\""income\"":\""10000.00\"",\""expenses\"":null}"", ""L-73a164a1-682a-4a40-815f-fdadfc188c4f"": ""{\""filing_uuid\"":\""73a164a1-682a-4a40-815f-fdadfc188c4f\"",\""filing_type\"":\""Q2\"",\""filing_year\"":2020,\""filing_period\"":\""second_quarter\"",\""income\"":\""30000.00\"",\""expenses\"":null}"", ""L-7750821b-5b17-475a-9a10-810bc789d8b7"": ""{\""filing_uuid\"":\""7750821b-5b17-475a-9a10-810bc789d8b7\"",\""filing_type\"":\""Q2\"",\""filing_year\"":2020,\""filing_period\"":\""second_quarter\"",\""income\"":\""10000.00\"",\""expenses\"":null}"", ""L-7abe5bd7-69de-415e-9949-90ac731a0c0d"": ""{\""filing_uuid\"":\""7abe5bd7-69de-415e-9949-90ac731a0c0d\"",\""filing_type\"":\""Q2\"",\""filing_year\"":2020,\""filing_period\"":\""second_quarter\"",\""income\"":\""20000.00\"",\""expenses\"":null}"", ""L-84f47b0b-476a-4d09-a1be-652930c37fca"": ""{\""filing_uuid\"":\""84f47b0b-476a-4d09-a1be-652930c37fca\"",\""filing_type\"":\""Q2\"",\""filing_year\"":2020,\""filing_period\"":\""second_quarter\"",\""income\"":\""30000.00\"",\""expenses\"":null}"", ""L-8f0d2756-9a96-4707-925b-052341af96ba"": ""{\""filing_uuid\"":\""8f0d2756-9a96-4707-925b-052341af96ba\"",\""filing_type\"":\""Q1\"",\""filing_year\"":2020,\""filing_period\"":\""first_quarter\"",\""income\"":\""20000.00\"",\""expenses\"":null}"", ""L-922549d5-1c08-4110-ad4f-1e421315e1e0"": ""{\""filing_uuid\"":\""922549d5-1c08-4110-ad4f-1e421315e1e0\"",\""filing_type\"":\""Q1\"",\""filing_year\"":2020,\""filing_period\"":\""first_quarter\"",\""income\"":\""30000.00\"",\""expenses\"":null}"", ""L-94bf0429-babf-4538-8b8b-0aed8f272353"": ""{\""filing_uuid\"":\""94bf0429-babf-4538-8b8b-0aed8f272353\"",\""filing_type\"":\""Q2\"",\""filing_year\"":2020,\""filing_period\"":\""second_quarter\"",\""income\"":\""45000.00\"",\""expenses\"":null}"", ""L-96302881-3df5-409a-958e-b718f0bbef70"": ""{\""filing_uuid\"":\""96302881-3df5-409a-958e-b718f0bbef70\"",\""filing_type\"":\""Q3\"",\""filing_year\"":2020,\""filing_period\"":\""third_quarter\"",\""income\"":\""80000.00\"",\""expenses\"":null}"", ""L-9750a63a-f2a2-43f0-9afd-3a190aaa755c"": ""{\""filing_uuid\"":\""9750a63a-f2a2-43f0-9afd-3a190aaa755c\"",\""filing_type\"":\""Q2\"",\""filing_year\"":2020,\""filing_period\"":\""second_quarter\"",\""income\"":\""30000.00\"",\""expenses\"":null}"", ""L-9841a831-3e9b-4c02-bc77-9a9460ac89f6"": ""{\""filing_uuid\"":\""9841a831-3e9b-4c02-bc77-9a9460ac89f6\"",\""filing_type\"":\""Q2\"",\""filing_year\"":2020,\""filing_period\"":\""second_quarter\"",\""income\"":\""20000.00\"",\""expenses\"":null}"", ""L-a2361132-3995-47fa-a5d8-3efd930239c1"": ""{\""filing_uuid\"":\""a2361132-3995-47fa-a5d8-3efd930239c1\"",\""filing_type\"":\""Q3\"",\""filing_year\"":2020,\""filing_period\"":\""third_quarter\"",\""income\"":\""10000.00\"",\""expenses\"":null}"", ""L-aa2c0d45-5895-4dac-a43f-0bcd83a5666b"": ""{\""filing_uuid\"":\""aa2c0d45-5895-4dac-a43f-0bcd83a5666b\"",\""filing_type\"":\""Q1\"",\""filing_year\"":2020,\""filing_period\"":\""first_quarter\"",\""income\"":\""30000.00\"",\""expenses\"":null}"", ""L-ad5d064a-0694-4c10-8458-0dd67ac98252"": ""{\""filing_uuid\"":\""ad5d064a-0694-4c10-8458-0dd67ac98252\"",\""filing_type\"":\""Q1\"",\""filing_year\"":2020,\""filing_period\"":\""first_quarter\"",\""income\"":\""20000.00\"",\""expenses\"":null}"", ""L-af64a0e6-b17e-40d9-be12-a0ca81e8a452"": ""{\""filing_uuid\"":\""af64a0e6-b17e-40d9-be12-a0ca81e8a452\"",\""filing_type\"":\""Q1\"",\""filing_year\"":2020,\""filing_period\"":\""first_quarter\"",\""income\"":\""60000.00\"",\""expenses\"":null}"", ""L-b0357eb7-09bb-411c-b627-6821d732c6e6"": ""{\""filing_uuid\"":\""b0357eb7-09bb-411c-b627-6821d732c6e6\"",\""filing_type\"":\""Q2\"",\""filing_year\"":2020,\""filing_period\"":\""second_quarter\"",\""income\"":\""50000.00\"",\""expenses\"":null}"", ""L-b8f83b42-febb-43c9-bab9-1337acb16fe9"": ""{\""filing_uuid\"":\""b8f83b42-febb-43c9-bab9-1337acb16fe9\"",\""filing_type\"":\""Q3\"",\""filing_year\"":2020,\""filing_period\"":\""third_quarter\"",\""income\"":\""10000.00\"",\""expenses\"":null}"", ""L-ba07116e-89ef-4cd0-b1ae-a792d30cdbb3"": ""{\""filing_uuid\"":\""ba07116e-89ef-4cd0-b1ae-a792d30cdbb3\"",\""filing_type\"":\""Q4\"",\""filing_year\"":2020,\""filing_period\"":\""fourth_quarter\"",\""income\"":\""30000.00\"",\""expenses\"":null}"", ""L-c331a210-682a-4979-a28c-2aa124242819"": ""{\""filing_uuid\"":\""c331a210-682a-4979-a28c-2aa124242819\"",\""filing_type\"":\""Q3\"",\""filing_year\"":2020,\""filing_period\"":\""third_quarter\"",\""income\"":\""60000.00\"",\""expenses\"":null}"", ""L-cc30b385-3d9a-4803-814e-a8e6a444d475"": ""{\""filing_uuid\"":\""cc30b385-3d9a-4803-814e-a8e6a444d475\"",\""filing_type\"":\""Q4\"",\""filing_year\"":2020,\""filing_period\"":\""fourth_quarter\"",\""income\"":\""30000.00\"",\""expenses\"":null}"", ""L-cc91cc93-7f5a-4593-87be-016f75051263"": ""{\""filing_uuid\"":\""cc91cc93-7f5a-4593-87be-016f75051263\"",\""filing_type\"":\""Q4\"",\""filing_year\"":2020,\""filing_period\"":\""fourth_quarter\"",\""income\"":\""80000.00\"",\""expenses\"":null}"", ""L-d296e043-d0bf-4800-8da9-e3b7b892868a"": ""{\""filing_uuid\"":\""d296e043-d0bf-4800-8da9-e3b7b892868a\"",\""filing_type\"":\""Q1\"",\""filing_year\"":2020,\""filing_period\"":\""first_quarter\"",\""income\"":\""30000.00\"",\""expenses\"":null}"", ""L-d3b7286b-e3d3-4587-937a-61127a7e4d73"": ""{\""filing_uuid\"":\""d3b7286b-e3d3-4587-937a-61127a7e4d73\"",\""filing_type\"":\""Q4\"",\""filing_year\"":2020,\""filing_period\"":\""fourth_quarter\"",\""income\"":\""80000.00\"",\""expenses\"":null}"", ""L-d87db59a-18c3-47a8-93b9-7014607c5414"": ""{\""filing_uuid\"":\""d87db59a-18c3-47a8-93b9-7014607c5414\"",\""filing_type\"":\""Q4\"",\""filing_year\"":2020,\""filing_period\"":\""fourth_quarter\"",\""income\"":\""40000.00\"",\""expenses\"":null}"", ""L-dfad5e0e-8e50-40af-a594-6c5b1918df2a"": ""{\""filing_uuid\"":\""dfad5e0e-8e50-40af-a594-6c5b1918df2a\"",\""filing_type\"":\""Q3\"",\""filing_year\"":2020,\""filing_period\"":\""third_quarter\"",\""income\"":\""45000.00\"",\""expenses\"":null}"", ""L-dff662d8-9b68-4c37-9818-c37c2417b785"": ""{\""filing_uuid\"":\""dff662d8-9b68-4c37-9818-c37c2417b785\"",\""filing_type\"":\""Q3\"",\""filing_year\"":2020,\""filing_period\"":\""third_quarter\"",\""income\"":\""30000.00\"",\""expenses\"":null}"", ""L-e3ae0a98-7fec-43d5-b3ed-1ee2bf9841ae"": ""{\""filing_uuid\"":\""e3ae0a98-7fec-43d5-b3ed-1ee2bf9841ae\"",\""filing_type\"":\""Q4\"",\""filing_year\"":2020,\""filing_period\"":\""fourth_quarter\"",\""income\"":\""30000.00\"",\""expenses\"":null}"", ""L-e881d0b6-bea4-46bb-84aa-12f3d9dbcda5"": ""{\""filing_uuid\"":\""e881d0b6-bea4-46bb-84aa-12f3d9dbcda5\"",\""filing_type\"":\""Q2\"",\""filing_year\"":2020,\""filing_period\"":\""second_quarter\"",\""income\"":\""30000.00\"",\""expenses\"":null}"", ""L-ebe1764b-886b-4b0d-a4a2-571e572a13ad"": ""{\""filing_uuid\"":\""ebe1764b-886b-4b0d-a4a2-571e572a13ad\"",\""filing_type\"":\""Q3\"",\""filing_year\"":2020,\""filing_period\"":\""third_quarter\"",\""income\"":\""40000.00\"",\""expenses\"":null}"", ""L-ec7858f2-7fb8-431d-8056-7e987cf72c23"": ""{\""filing_uuid\"":\""ec7858f2-7fb8-431d-8056-7e987cf72c23\"",\""filing_type\"":\""Q3\"",\""filing_year\"":2020,\""filing_period\"":\""third_quarter\"",\""income\"":\""50000.00\"",\""expenses\"":null}"", ""L-ed07ab76-ebfb-42b1-96f2-14880f2869bc"": ""{\""filing_uuid\"":\""ed07ab76-ebfb-42b1-96f2-14880f2869bc\"",\""filing_type\"":\""Q3\"",\""filing_year\"":2020,\""filing_period\"":\""third_quarter\"",\""income\"":\""30000.00\"",\""expenses\"":null}"", ""L-ee5105d8-f8c4-4d1a-847b-27b322a7740e"": ""{\""filing_uuid\"":\""ee5105d8-f8c4-4d1a-847b-27b322a7740e\"",\""filing_type\"":\""Q4\"",\""filing_year\"":2020,\""filing_period\"":\""fourth_quarter\"",\""income\"":\""30000.00\"",\""expenses\"":null}"", ""L-f083d928-e264-4c86-8357-d3fff738bf5e"": ""{\""filing_uuid\"":\""f083d928-e264-4c86-8357-d3fff738bf5e\"",\""filing_type\"":\""Q3\"",\""filing_year\"":2020,\""filing_period\"":\""third_quarter\"",\""income\"":\""30000.00\"",\""expenses\"":null}"", ""L-f8e58ac6-7bdf-44d2-96e1-91140d632863"": ""{\""filing_uuid\"":\""f8e58ac6-7bdf-44d2-96e1-91140d632863\"",\""filing_type\"":\""Q4\"",\""filing_year\"":2020,\""filing_period\"":\""fourth_quarter\"",\""income\"":\""20000.00\"",\""expenses\"":null}"", ""L-ff2ef8ce-bca3-4ab1-b73e-81a604faf132"": ""{\""filing_uuid\"":\""ff2ef8ce-bca3-4ab1-b73e-81a604faf132\"",\""filing_type\"":\""Q3\"",\""filing_year\"":2020,\""filing_period\"":\""third_quarter\"",\""income\"":\""20000.00\"",\""expenses\"":null}"", ""L-fff6b897-ef31-4342-81f3-dccbb58a8087"": ""{\""filing_uuid\"":\""fff6b897-ef31-4342-81f3-dccbb58a8087\"",\""filing_type\"":\""Q2\"",\""filing_year\"":2020,\""filing_period\"":\""second_quarter\"",\""income\"":\""60000.00\"",\""expenses\"":null}""}","Sum of numeric amounts on latest eligible quarterly reports, all issues combined. Blank reports are not zero and are not added. Separately named intermediaries excluded from direct fees. Outside fees and company expenses overlap and must never be added. Latest year uses completed quarters only; no annualization. No numeric reports means OPEN, not zero spending.",USD,,,L-00999bca-7389-4ebd-832d-ab1bbae0e5a8;L-02889202-3e9e-44b2-999d-096593b7a121;L-0338eefb-0847-47a0-8ff9-adb784cd3d8e;L-068b938b-711c-4ead-83a4-fe3288c3f614;L-080c8880-4768-41e9-9285-8aa0deb01f1d;L-09128a53-2c9c-421f-bae9-09f1f0d09417;L-0b3d0ba4-d1ac-47cd-b20a-e20196e1ba7b;L-0fc3460d-7309-464f-bc1f-ae63437aea14;L-10ac6a5a-3bcb-4284-8659-c0381475f69b;L-14841a87-984f-4b8b-9ba7-3028ef6a6771;L-1c4fc76a-45c4-4d91-82a4-74ad65c2af08;L-255b2315-71d6-4c56-86ed-f0942accb014;L-2addfbbe-b171-43ee-8637-d54b9829ce7c;L-2cd889f8-822c-4e36-b4e3-755cb5085208;L-30fdfc52-b2a3-431a-bb23-5814535d2656;L-34fc623c-b516-458c-a1f2-68835e774451;L-378faa8f-6ef8-4cab-9ecc-3091b0c4b3a7;L-49b57495-9eca-49a5-9f06-04d1f0d80e11;L-49c8ecf2-b5cf-4195-ac26-c86177032fdc;L-4c00f681-f5e4-4f9e-bcd9-f8f4629e32f3;L-4f5c89a9-cd7f-43a9-8c73-71a42ecb78dd;L-548e8385-fc03-4a0c-8ff2-895a7b563ded;L-57351836-d06c-48d3-a177-dd1c68c60547;L-5f42665e-a229-4764-86be-1f4d2a56f1eb;L-6d8be819-24e8-4910-8f08-a4ae49f5db80;L-73a164a1-682a-4a40-815f-fdadfc188c4f;L-7750821b-5b17-475a-9a10-810bc789d8b7;L-7abe5bd7-69de-415e-9949-90ac731a0c0d;L-84f47b0b-476a-4d09-a1be-652930c37fca;L-8f0d2756-9a96-4707-925b-052341af96ba;L-922549d5-1c08-4110-ad4f-1e421315e1e0;L-94bf0429-babf-4538-8b8b-0aed8f272353;L-96302881-3df5-409a-958e-b718f0bbef70;L-9750a63a-f2a2-43f0-9afd-3a190aaa755c;L-9841a831-3e9b-4c02-bc77-9a9460ac89f6;L-a2361132-3995-47fa-a5d8-3efd930239c1;L-aa2c0d45-5895-4dac-a43f-0bcd83a5666b;L-ad5d064a-0694-4c10-8458-0dd67ac98252;L-af64a0e6-b17e-40d9-be12-a0ca81e8a452;L-b0357eb7-09bb-411c-b627-6821d732c6e6;L-b8f83b42-febb-43c9-bab9-1337acb16fe9;L-ba07116e-89ef-4cd0-b1ae-a792d30cdbb3;L-c331a210-682a-4979-a28c-2aa124242819;L-cc30b385-3d9a-4803-814e-a8e6a444d475;L-cc91cc93-7f5a-4593-87be-016f75051263;L-d296e043-d0bf-4800-8da9-e3b7b892868a;L-d3b7286b-e3d3-4587-937a-61127a7e4d73;L-d87db59a-18c3-47a8-93b9-7014607c5414;L-dfad5e0e-8e50-40af-a594-6c5b1918df2a;L-dff662d8-9b68-4c37-9818-c37c2417b785;L-e3ae0a98-7fec-43d5-b3ed-1ee2bf9841ae;L-e881d0b6-bea4-46bb-84aa-12f3d9dbcda5;L-ebe1764b-886b-4b0d-a4a2-571e572a13ad;L-ec7858f2-7fb8-431d-8056-7e987cf72c23;L-ed07ab76-ebfb-42b1-96f2-14880f2869bc;L-ee5105d8-f8c4-4d1a-847b-27b322a7740e;L-f083d928-e264-4c86-8357-d3fff738bf5e;L-f8e58ac6-7bdf-44d2-96e1-91140d632863;L-ff2ef8ce-bca3-4ab1-b73e-81a604faf132;L-fff6b897-ef31-4342-81f3-dccbb58a8087,lobbying_external_fees,sum,Google,2020,,,1;2;3;4,,,KEEP
FE-Google-2021,3040000.00,https://lda.gov/filings/public/filing/0316595f-8b4c-45e3-a9a2-d2839300d5cd/print/,2026-09-14,"{""L-0316595f-8b4c-45e3-a9a2-d2839300d5cd"": ""{\""filing_uuid\"":\""0316595f-8b4c-45e3-a9a2-d2839300d5cd\"",\""filing_type\"":\""4A\"",\""filing_year\"":2021,\""filing_period\"":\""fourth_quarter\"",\""income\"":\""80000.00\"",\""expenses\"":null}"", ""L-21f524d5-9f26-4f17-930e-8bd13ce61fcb"": ""{\""filing_uuid\"":\""21f524d5-9f26-4f17-930e-8bd13ce61fcb\"",\""filing_type\"":\""Q2\"",\""filing_year\"":2021,\""filing_period\"":\""second_quarter\"",\""income\"":\""30000.00\"",\""expenses\"":null}"", ""L-239fd147-3dd5-43c7-916d-91f7209e3c6f"": ""{\""filing_uuid\"":\""239fd147-3dd5-43c7-916d-91f7209e3c6f\"",\""filing_type\"":\""Q1\"",\""filing_year\"":2021,\""filing_period\"":\""first_quarter\"",\""income\"":\""70000.00\"",\""expenses\"":null}"", ""L-26a0b14f-f7b0-41b4-8b46-f74a279d647b"": ""{\""filing_uuid\"":\""26a0b14f-f7b0-41b4-8b46-f74a279d647b\"",\""filing_type\"":\""Q4\"",\""filing_year\"":2021,\""filing_period\"":\""fourth_quarter\"",\""income\"":\""60000.00\"",\""expenses\"":null}"", ""L-29d773e2-4573-46d7-87f7-1c16be3512e2"": ""{\""filing_uuid\"":\""29d773e2-4573-46d7-87f7-1c16be3512e2\"",\""filing_type\"":\""Q3\"",\""filing_year\"":2021,\""filing_period\"":\""third_quarter\"",\""income\"":\""30000.00\"",\""expenses\"":null}"", ""L-307e29f8-0e87-44ac-911e-90261ec62a21"": ""{\""filing_uuid\"":\""307e29f8-0e87-44ac-911e-90261ec62a21\"",\""filing_type\"":\""Q3\"",\""filing_year\"":2021,\""filing_period\"":\""third_quarter\"",\""income\"":\""45000.00\"",\""expenses\"":null}"", ""L-3ac6e866-675d-40ee-960a-e0e0cd466e09"": ""{\""filing_uuid\"":\""3ac6e866-675d-40ee-960a-e0e0cd466e09\"",\""filing_type\"":\""Q2\"",\""filing_year\"":2021,\""filing_period\"":\""second_quarter\"",\""income\"":\""30000.00\"",\""expenses\"":null}"", ""L-3bb40618-189f-46f8-8ba5-271e86cf5408"": ""{\""filing_uuid\"":\""3bb40618-189f-46f8-8ba5-271e86cf5408\"",\""filing_type\"":\""Q1\"",\""filing_year\"":2021,\""filing_period\"":\""first_quarter\"",\""income\"":\""20000.00\"",\""expenses\"":null}"", ""L-3cb46dab-1981-49ac-aa2d-3b423068f286"": ""{\""filing_uuid\"":\""3cb46dab-1981-49ac-aa2d-3b423068f286\"",\""filing_type\"":\""Q3\"",\""filing_year\"":2021,\""filing_period\"":\""third_quarter\"",\""income\"":\""60000.00\"",\""expenses\"":null}"", ""L-3e13e51c-9abd-4c8b-b959-a04ea0092d8b"": ""{\""filing_uuid\"":\""3e13e51c-9abd-4c8b-b959-a04ea0092d8b\"",\""filing_type\"":\""Q3\"",\""filing_year\"":2021,\""filing_period\"":\""third_quarter\"",\""income\"":\""30000.00\"",\""expenses\"":null}"", ""L-3fccf3dd-8d5d-4529-a2c3-6751559a51ba"": ""{\""filing_uuid\"":\""3fccf3dd-8d5d-4529-a2c3-6751559a51ba\"",\""filing_type\"":\""Q2\"",\""filing_year\"":2021,\""filing_period\"":\""second_quarter\"",\""income\"":\""80000.00\"",\""expenses\"":null}"", ""L-46aa2ef8-3138-4752-8a12-6e0631dc0461"": ""{\""filing_uuid\"":\""46aa2ef8-3138-4752-8a12-6e0631dc0461\"",\""filing_type\"":\""Q1\"",\""filing_year\"":2021,\""filing_period\"":\""first_quarter\"",\""income\"":\""140000.00\"",\""expenses\"":null}"", ""L-4735a583-7894-4655-80c0-669cd02b66fe"": ""{\""filing_uuid\"":\""4735a583-7894-4655-80c0-669cd02b66fe\"",\""filing_type\"":\""Q1\"",\""filing_year\"":2021,\""filing_period\"":\""first_quarter\"",\""income\"":\""60000.00\"",\""expenses\"":null}"", ""L-4a119a45-08ea-4dad-b02b-0a53431067b4"": ""{\""filing_uuid\"":\""4a119a45-08ea-4dad-b02b-0a53431067b4\"",\""filing_type\"":\""Q1\"",\""filing_year\"":2021,\""filing_period\"":\""first_quarter\"",\""income\"":\""30000.00\"",\""expenses\"":null}"", ""L-4bb5980f-f1f1-4233-be02-0022097a75fa"": ""{\""filing_uuid\"":\""4bb5980f-f1f1-4233-be02-0022097a75fa\"",\""filing_type\"":\""Q3\"",\""filing_year\"":2021,\""filing_period\"":\""third_quarter\"",\""income\"":\""20000.00\"",\""expenses\"":null}"", ""L-4e5bfc45-45a4-443d-8e61-2aafbe525c2d"": ""{\""filing_uuid\"":\""4e5bfc45-45a4-443d-8e61-2aafbe525c2d\"",\""filing_type\"":\""1TY\"",\""filing_year\"":2021,\""filing_period\"":\""first_quarter\"",\""income\"":\""30000.00\"",\""expenses\"":null}"", ""L-55cd062b-59ed-41a0-a3a1-c60c32bb41f2"": ""{\""filing_uuid\"":\""55cd062b-59ed-41a0-a3a1-c60c32bb41f2\"",\""filing_type\"":\""Q2\"",\""filing_year\"":2021,\""filing_period\"":\""second_quarter\"",\""income\"":\""45000.00\"",\""expenses\"":null}"", ""L-59fc4248-864a-444d-82ca-aa359da0b770"": ""{\""filing_uuid\"":\""59fc4248-864a-444d-82ca-aa359da0b770\"",\""filing_type\"":\""Q2\"",\""filing_year\"":2021,\""filing_period\"":\""second_quarter\"",\""income\"":\""50000.00\"",\""expenses\"":null}"", ""L-64cb27a1-1632-4b20-8c42-7cc40a6b4b28"": ""{\""filing_uuid\"":\""64cb27a1-1632-4b20-8c42-7cc40a6b4b28\"",\""filing_type\"":\""Q1\"",\""filing_year\"":2021,\""filing_period\"":\""first_quarter\"",\""income\"":\""50000.00\"",\""expenses\"":null}"", ""L-680155c8-d74e-4bb6-bad4-439072dc2f50"": ""{\""filing_uuid\"":\""680155c8-d74e-4bb6-bad4-439072dc2f50\"",\""filing_type\"":\""Q4\"",\""filing_year\"":2021,\""filing_period\"":\""fourth_quarter\"",\""income\"":\""110000.00\"",\""expenses\"":null}"", ""L-6c922fbf-5c66-4c54-82e6-9edbcb21cb20"": ""{\""filing_uuid\"":\""6c922fbf-5c66-4c54-82e6-9edbcb21cb20\"",\""filing_type\"":\""Q2\"",\""filing_year\"":2021,\""filing_period\"":\""second_quarter\"",\""income\"":\""80000.00\"",\""expenses\"":null}"", ""L-6eba8d66-63df-4bce-b764-cbf54321e226"": ""{\""filing_uuid\"":\""6eba8d66-63df-4bce-b764-cbf54321e226\"",\""filing_type\"":\""Q2\"",\""filing_year\"":2021,\""filing_period\"":\""second_quarter\"",\""income\"":\""30000.00\"",\""expenses\"":null}"", ""L-6f7bb33f-d374-43cb-b21a-9f863b158495"": ""{\""filing_uuid\"":\""6f7bb33f-d374-43cb-b21a-9f863b158495\"",\""filing_type\"":\""Q3\"",\""filing_year\"":2021,\""filing_period\"":\""third_quarter\"",\""income\"":\""30000.00\"",\""expenses\"":null}"", ""L-76b7d19f-264c-4507-802f-2756a50869fe"": ""{\""filing_uuid\"":\""76b7d19f-264c-4507-802f-2756a50869fe\"",\""filing_type\"":\""Q3\"",\""filing_year\"":2021,\""filing_period\"":\""third_quarter\"",\""income\"":\""50000.00\"",\""expenses\"":null}"", ""L-7df3c327-3126-4929-9633-939ec298db3e"": ""{\""filing_uuid\"":\""7df3c327-3126-4929-9633-939ec298db3e\"",\""filing_type\"":\""Q4\"",\""filing_year\"":2021,\""filing_period\"":\""fourth_quarter\"",\""income\"":\""50000.00\"",\""expenses\"":null}"", ""L-7f738802-0383-42f6-9eb8-5d711496b551"": ""{\""filing_uuid\"":\""7f738802-0383-42f6-9eb8-5d711496b551\"",\""filing_type\"":\""Q2\"",\""filing_year\"":2021,\""filing_period\"":\""second_quarter\"",\""income\"":\""50000.00\"",\""expenses\"":null}"", ""L-8299faad-8b0e-4351-abb4-c1a0032633dd"": ""{\""filing_uuid\"":\""8299faad-8b0e-4351-abb4-c1a0032633dd\"",\""filing_type\"":\""Q1\"",\""filing_year\"":2021,\""filing_period\"":\""first_quarter\"",\""income\"":\""50000.00\"",\""expenses\"":null}"", ""L-847a9df3-6cf6-46d6-af05-c425a977a1cc"": ""{\""filing_uuid\"":\""847a9df3-6cf6-46d6-af05-c425a977a1cc\"",\""filing_type\"":\""Q2\"",\""filing_year\"":2021,\""filing_period\"":\""second_quarter\"",\""income\"":\""30000.00\"",\""expenses\"":null}"", ""L-848849d1-bb18-4a39-acf3-02bf97bd5666"": ""{\""filing_uuid\"":\""848849d1-bb18-4a39-acf3-02bf97bd5666\"",\""filing_type\"":\""Q4\"",\""filing_year\"":2021,\""filing_period\"":\""fourth_quarter\"",\""income\"":\""10000.00\"",\""expenses\"":null}"", ""L-8783ae06-6fe7-4c54-87ce-3df3648717b0"": ""{\""filing_uuid\"":\""8783ae06-6fe7-4c54-87ce-3df3648717b0\"",\""filing_type\"":\""Q1\"",\""filing_year\"":2021,\""filing_period\"":\""first_quarter\"",\""income\"":\""30000.00\"",\""expenses\"":null}"", ""L-8a512688-6418-42f7-9e76-0ddf1ed4e2c4"": ""{\""filing_uuid\"":\""8a512688-6418-42f7-9e76-0ddf1ed4e2c4\"",\""filing_type\"":\""Q1\"",\""filing_year\"":2021,\""filing_period\"":\""first_quarter\"",\""income\"":\""30000.00\"",\""expenses\"":null}"", ""L-8c660861-be22-4ba2-ab1a-dbd282a138ed"": ""{\""filing_uuid\"":\""8c660861-be22-4ba2-ab1a-dbd282a138ed\"",\""filing_type\"":\""Q4\"",\""filing_year\"":2021,\""filing_period\"":\""fourth_quarter\"",\""income\"":\""50000.00\"",\""expenses\"":null}"", ""L-965d62a7-a01e-4297-a579-fad84f1de89d"": ""{\""filing_uuid\"":\""965d62a7-a01e-4297-a579-fad84f1de89d\"",\""filing_type\"":\""Q3\"",\""filing_year\"":2021,\""filing_period\"":\""third_quarter\"",\""income\"":\""60000.00\"",\""expenses\"":null}"", ""L-99937978-0530-492d-aa51-3f4c3b0e95bd"": ""{\""filing_uuid\"":\""99937978-0530-492d-aa51-3f4c3b0e95bd\"",\""filing_type\"":\""Q3\"",\""filing_year\"":2021,\""filing_period\"":\""third_quarter\"",\""income\"":\""30000.00\"",\""expenses\"":null}"", ""L-9b19e4e5-21fa-420a-8453-16e3357f3c5e"": ""{\""filing_uuid\"":\""9b19e4e5-21fa-420a-8453-16e3357f3c5e\"",\""filing_type\"":\""Q1\"",\""filing_year\"":2021,\""filing_period\"":\""first_quarter\"",\""income\"":\""80000.00\"",\""expenses\"":null}"", ""L-9c7b7b72-3915-4eea-add6-ddc5efa76c45"": ""{\""filing_uuid\"":\""9c7b7b72-3915-4eea-add6-ddc5efa76c45\"",\""filing_type\"":\""2A\"",\""filing_year\"":2021,\""filing_period\"":\""second_quarter\"",\""income\"":\""10000.00\"",\""expenses\"":null}"", ""L-a02d2351-56b7-41e3-a728-09e60c33de40"": ""{\""filing_uuid\"":\""a02d2351-56b7-41e3-a728-09e60c33de40\"",\""filing_type\"":\""Q2\"",\""filing_year\"":2021,\""filing_period\"":\""second_quarter\"",\""income\"":\""30000.00\"",\""expenses\"":null}"", ""L-a38cb07e-eee2-4cba-bde9-3f07370a70bb"": ""{\""filing_uuid\"":\""a38cb07e-eee2-4cba-bde9-3f07370a70bb\"",\""filing_type\"":\""Q3\"",\""filing_year\"":2021,\""filing_period\"":\""third_quarter\"",\""income\"":\""140000.00\"",\""expenses\"":null}"", ""L-a44f32c9-8752-4fb2-bee8-381a1c7e6e95"": ""{\""filing_uuid\"":\""a44f32c9-8752-4fb2-bee8-381a1c7e6e95\"",\""filing_type\"":\""Q1\"",\""filing_year\"":2021,\""filing_period\"":\""first_quarter\"",\""income\"":\""30000.00\"",\""expenses\"":null}"", ""L-a5c42ebd-e14c-46ad-a558-7492cb3bcdaa"": ""{\""filing_uuid\"":\""a5c42ebd-e14c-46ad-a558-7492cb3bcdaa\"",\""filing_type\"":\""Q3\"",\""filing_year\"":2021,\""filing_period\"":\""third_quarter\"",\""income\"":\""20000.00\"",\""expenses\"":null}"", ""L-a95ef1b5-89c0-4482-9d25-f8aeebbe865e"": ""{\""filing_uuid\"":\""a95ef1b5-89c0-4482-9d25-f8aeebbe865e\"",\""filing_type\"":\""Q4\"",\""filing_year\"":2021,\""filing_period\"":\""fourth_quarter\"",\""income\"":\""30000.00\"",\""expenses\"":null}"", ""L-a9da5c96-296e-4ce7-a3c2-2a502ad2ef69"": ""{\""filing_uuid\"":\""a9da5c96-296e-4ce7-a3c2-2a502ad2ef69\"",\""filing_type\"":\""Q2\"",\""filing_year\"":2021,\""filing_period\"":\""second_quarter\"",\""income\"":\""20000.00\"",\""expenses\"":null}"", ""L-ac8fc645-568b-4599-9dbc-3190dc104a6a"": ""{\""filing_uuid\"":\""ac8fc645-568b-4599-9dbc-3190dc104a6a\"",\""filing_type\"":\""Q4\"",\""filing_year\"":2021,\""filing_period\"":\""fourth_quarter\"",\""income\"":\""45000.00\"",\""expenses\"":null}"", ""L-af94cc67-0025-49b9-b616-c6c2c385d366"": ""{\""filing_uuid\"":\""af94cc67-0025-49b9-b616-c6c2c385d366\"",\""filing_type\"":\""Q4\"",\""filing_year\"":2021,\""filing_period\"":\""fourth_quarter\"",\""income\"":\""50000.00\"",\""expenses\"":null}"", ""L-b1a02720-377f-4c13-8bdd-e249428c8185"": ""{\""filing_uuid\"":\""b1a02720-377f-4c13-8bdd-e249428c8185\"",\""filing_type\"":\""Q4\"",\""filing_year\"":2021,\""filing_period\"":\""fourth_quarter\"",\""income\"":\""30000.00\"",\""expenses\"":null}"", ""L-b7107255-edc1-41cd-be13-97dc6c5b2d3d"": ""{\""filing_uuid\"":\""b7107255-edc1-41cd-be13-97dc6c5b2d3d\"",\""filing_type\"":\""Q2\"",\""filing_year\"":2021,\""filing_period\"":\""second_quarter\"",\""income\"":\""50000.00\"",\""expenses\"":null}"", ""L-b80eb57f-91ee-4e48-a1d6-8e9f3ac2f3fc"": ""{\""filing_uuid\"":\""b80eb57f-91ee-4e48-a1d6-8e9f3ac2f3fc\"",\""filing_type\"":\""Q1\"",\""filing_year\"":2021,\""filing_period\"":\""first_quarter\"",\""income\"":\""50000.00\"",\""expenses\"":null}"", ""L-bb3d0306-670e-4821-a5c7-c9c299d4139e"": ""{\""filing_uuid\"":\""bb3d0306-670e-4821-a5c7-c9c299d4139e\"",\""filing_type\"":\""Q1\"",\""filing_year\"":2021,\""filing_period\"":\""first_quarter\"",\""income\"":\""30000.00\"",\""expenses\"":null}"", ""L-ce05dce3-d0f4-4474-b49f-b3ddd2304e77"": ""{\""filing_uuid\"":\""ce05dce3-d0f4-4474-b49f-b3ddd2304e77\"",\""filing_type\"":\""Q4\"",\""filing_year\"":2021,\""filing_period\"":\""fourth_quarter\"",\""income\"":\""30000.00\"",\""expenses\"":null}"", ""L-cf8ccc5f-30ec-4125-94c9-93ec1f2519a3"": ""{\""filing_uuid\"":\""cf8ccc5f-30ec-4125-94c9-93ec1f2519a3\"",\""filing_type\"":\""1A\"",\""filing_year\"":2021,\""filing_period\"":\""first_quarter\"",\""income\"":\""45000.00\"",\""expenses\"":null}"", ""L-d453876c-9900-4092-9e68-de091c4fa308"": ""{\""filing_uuid\"":\""d453876c-9900-4092-9e68-de091c4fa308\"",\""filing_type\"":\""Q4\"",\""filing_year\"":2021,\""filing_period\"":\""fourth_quarter\"",\""income\"":\""60000.00\"",\""expenses\"":null}"", ""L-dac4c7c2-f31d-457b-a95e-f92abe9d9afc"": ""{\""filing_uuid\"":\""dac4c7c2-f31d-457b-a95e-f92abe9d9afc\"",\""filing_type\"":\""Q2\"",\""filing_year\"":2021,\""filing_period\"":\""second_quarter\"",\""income\"":\""110000.00\"",\""expenses\"":null}"", ""L-db362098-7977-4d8f-ae2e-6202ea009df6"": ""{\""filing_uuid\"":\""db362098-7977-4d8f-ae2e-6202ea009df6\"",\""filing_type\"":\""3A\"",\""filing_year\"":2021,\""filing_period\"":\""third_quarter\"",\""income\"":\""80000.00\"",\""expenses\"":null}"", ""L-e46bc384-3f96-424a-a715-3a51bc741ab8"": ""{\""filing_uuid\"":\""e46bc384-3f96-424a-a715-3a51bc741ab8\"",\""filing_type\"":\""Q2\"",\""filing_year\"":2021,\""filing_period\"":\""second_quarter\"",\""income\"":\""10000.00\"",\""expenses\"":null}"", ""L-e8388b8c-9b13-4107-b445-bf596b6a4c42"": ""{\""filing_uuid\"":\""e8388b8c-9b13-4107-b445-bf596b6a4c42\"",\""filing_type\"":\""Q3\"",\""filing_year\"":2021,\""filing_period\"":\""third_quarter\"",\""income\"":\""50000.00\"",\""expenses\"":null}"", ""L-ec328479-1833-4b2b-ae2e-a9478caca6ca"": ""{\""filing_uuid\"":\""ec328479-1833-4b2b-ae2e-a9478caca6ca\"",\""filing_type\"":\""Q4\"",\""filing_year\"":2021,\""filing_period\"":\""fourth_quarter\"",\""income\"":\""30000.00\"",\""expenses\"":null}"", ""L-ec3e0c7e-d132-4207-933c-b9a5b0952a91"": ""{\""filing_uuid\"":\""ec3e0c7e-d132-4207-933c-b9a5b0952a91\"",\""filing_type\"":\""Q4\"",\""filing_year\"":2021,\""filing_period\"":\""fourth_quarter\"",\""income\"":\""60000.00\"",\""expenses\"":null}"", ""L-ec94c723-4027-4a44-b8a4-57f71b0746b2"": ""{\""filing_uuid\"":\""ec94c723-4027-4a44-b8a4-57f71b0746b2\"",\""filing_type\"":\""3A\"",\""filing_year\"":2021,\""filing_period\"":\""third_quarter\"",\""income\"":\""30000.00\"",\""expenses\"":null}"", ""L-ecab6e62-d91b-4d44-addf-a1e2ecb58ad0"": ""{\""filing_uuid\"":\""ecab6e62-d91b-4d44-addf-a1e2ecb58ad0\"",\""filing_type\"":\""Q4\"",\""filing_year\"":2021,\""filing_period\"":\""fourth_quarter\"",\""income\"":\""50000.00\"",\""expenses\"":null}"", ""L-ee7ce706-9be3-46ea-a1fc-6d8cfa284fea"": ""{\""filing_uuid\"":\""ee7ce706-9be3-46ea-a1fc-6d8cfa284fea\"",\""filing_type\"":\""Q3\"",\""filing_year\"":2021,\""filing_period\"":\""third_quarter\"",\""income\"":\""30000.00\"",\""expenses\"":null}"", ""L-f191f472-d43c-471a-bbc3-12a2d56e9270"": ""{\""filing_uuid\"":\""f191f472-d43c-471a-bbc3-12a2d56e9270\"",\""filing_type\"":\""Q4\"",\""filing_year\"":2021,\""filing_period\"":\""fourth_quarter\"",\""income\"":\""30000.00\"",\""expenses\"":null}"", ""L-f251f36c-875b-4d76-a9a2-49447426d78b"": ""{\""filing_uuid\"":\""f251f36c-875b-4d76-a9a2-49447426d78b\"",\""filing_type\"":\""Q2\"",\""filing_year\"":2021,\""filing_period\"":\""second_quarter\"",\""income\"":\""60000.00\"",\""expenses\"":null}"", ""L-f3f9f161-8581-43aa-8cde-70d098af043e"": ""{\""filing_uuid\"":\""f3f9f161-8581-43aa-8cde-70d098af043e\"",\""filing_type\"":\""Q1\"",\""filing_year\"":2021,\""filing_period\"":\""first_quarter\"",\""income\"":\""10000.00\"",\""expenses\"":null}"", ""L-fa3ed8ec-a1d2-49d1-b910-30f2b86ac5b6"": ""{\""filing_uuid\"":\""fa3ed8ec-a1d2-49d1-b910-30f2b86ac5b6\"",\""filing_type\"":\""Q3\"",\""filing_year\"":2021,\""filing_period\"":\""third_quarter\"",\""income\"":\""10000.00\"",\""expenses\"":null}"", ""L-fb10b46f-3d03-4db9-be04-3806b55d84e1"": ""{\""filing_uuid\"":\""fb10b46f-3d03-4db9-be04-3806b55d84e1\"",\""filing_type\"":\""Q3\"",\""filing_year\"":2021,\""filing_period\"":\""third_quarter\"",\""income\"":\""50000.00\"",\""expenses\"":null}"", ""L-fc4c9415-8084-4874-8e3a-0695238d7211"": ""{\""filing_uuid\"":\""fc4c9415-8084-4874-8e3a-0695238d7211\"",\""filing_type\"":\""Q4\"",\""filing_year\"":2021,\""filing_period\"":\""fourth_quarter\"",\""income\"":\""30000.00\"",\""expenses\"":null}""}","Sum of numeric amounts on latest eligible quarterly reports, all issues combined. Blank reports are not zero and are not added. Separately named intermediaries excluded from direct fees. Outside fees and company expenses overlap and must never be added. Latest year uses completed quarters only; no annualization. No numeric reports means OPEN, not zero spending.",USD,,,L-0316595f-8b4c-45e3-a9a2-d2839300d5cd;L-21f524d5-9f26-4f17-930e-8bd13ce61fcb;L-239fd147-3dd5-43c7-916d-91f7209e3c6f;L-26a0b14f-f7b0-41b4-8b46-f74a279d647b;L-29d773e2-4573-46d7-87f7-1c16be3512e2;L-307e29f8-0e87-44ac-911e-90261ec62a21;L-3ac6e866-675d-40ee-960a-e0e0cd466e09;L-3bb40618-189f-46f8-8ba5-271e86cf5408;L-3cb46dab-1981-49ac-aa2d-3b423068f286;L-3e13e51c-9abd-4c8b-b959-a04ea0092d8b;L-3fccf3dd-8d5d-4529-a2c3-6751559a51ba;L-46aa2ef8-3138-4752-8a12-6e0631dc0461;L-4735a583-7894-4655-80c0-669cd02b66fe;L-4a119a45-08ea-4dad-b02b-0a53431067b4;L-4bb5980f-f1f1-4233-be02-0022097a75fa;L-4e5bfc45-45a4-443d-8e61-2aafbe525c2d;L-55cd062b-59ed-41a0-a3a1-c60c32bb41f2;L-59fc4248-864a-444d-82ca-aa359da0b770;L-64cb27a1-1632-4b20-8c42-7cc40a6b4b28;L-680155c8-d74e-4bb6-bad4-439072dc2f50;L-6c922fbf-5c66-4c54-82e6-9edbcb21cb20;L-6eba8d66-63df-4bce-b764-cbf54321e226;L-6f7bb33f-d374-43cb-b21a-9f863b158495;L-76b7d19f-264c-4507-802f-2756a50869fe;L-7df3c327-3126-4929-9633-939ec298db3e;L-7f738802-0383-42f6-9eb8-5d711496b551;L-8299faad-8b0e-4351-abb4-c1a0032633dd;L-847a9df3-6cf6-46d6-af05-c425a977a1cc;L-848849d1-bb18-4a39-acf3-02bf97bd5666;L-8783ae06-6fe7-4c54-87ce-3df3648717b0;L-8a512688-6418-42f7-9e76-0ddf1ed4e2c4;L-8c660861-be22-4ba2-ab1a-dbd282a138ed;L-965d62a7-a01e-4297-a579-fad84f1de89d;L-99937978-0530-492d-aa51-3f4c3b0e95bd;L-9b19e4e5-21fa-420a-8453-16e3357f3c5e;L-9c7b7b72-3915-4eea-add6-ddc5efa76c45;L-a02d2351-56b7-41e3-a728-09e60c33de40;L-a38cb07e-eee2-4cba-bde9-3f07370a70bb;L-a44f32c9-8752-4fb2-bee8-381a1c7e6e95;L-a5c42ebd-e14c-46ad-a558-7492cb3bcdaa;L-a95ef1b5-89c0-4482-9d25-f8aeebbe865e;L-a9da5c96-296e-4ce7-a3c2-2a502ad2ef69;L-ac8fc645-568b-4599-9dbc-3190dc104a6a;L-af94cc67-0025-49b9-b616-c6c2c385d366;L-b1a02720-377f-4c13-8bdd-e249428c8185;L-b7107255-edc1-41cd-be13-97dc6c5b2d3d;L-b80eb57f-91ee-4e48-a1d6-8e9f3ac2f3fc;L-bb3d0306-670e-4821-a5c7-c9c299d4139e;L-ce05dce3-d0f4-4474-b49f-b3ddd2304e77;L-cf8ccc5f-30ec-4125-94c9-93ec1f2519a3;L-d453876c-9900-4092-9e68-de091c4fa308;L-dac4c7c2-f31d-457b-a95e-f92abe9d9afc;L-db362098-7977-4d8f-ae2e-6202ea009df6;L-e46bc384-3f96-424a-a715-3a51bc741ab8;L-e8388b8c-9b13-4107-b445-bf596b6a4c42;L-ec328479-1833-4b2b-ae2e-a9478caca6ca;L-ec3e0c7e-d132-4207-933c-b9a5b0952a91;L-ec94c723-4027-4a44-b8a4-57f71b0746b2;L-ecab6e62-d91b-4d44-addf-a1e2ecb58ad0;L-ee7ce706-9be3-46ea-a1fc-6d8cfa284fea;L-f191f472-d43c-471a-bbc3-12a2d56e9270;L-f251f36c-875b-4d76-a9a2-49447426d78b;L-f3f9f161-8581-43aa-8cde-70d098af043e;L-fa3ed8ec-a1d2-49d1-b910-30f2b86ac5b6;L-fb10b46f-3d03-4db9-be04-3806b55d84e1;L-fc4c9415-8084-4874-8e3a-0695238d7211,lobbying_external_fees,sum,Google,2021,,,1;2;3;4,,,KEEP
FE-Google-2022,3620000.00,https://lda.gov/filings/public/filing/06843fac-cdef-4d0d-9647-1b051eb45810/print/,2026-09-14,"{""L-06843fac-cdef-4d0d-9647-1b051eb45810"": ""{\""filing_uuid\"":\""06843fac-cdef-4d0d-9647-1b051eb45810\"",\""filing_type\"":\""Q3\"",\""filing_year\"":2022,\""filing_period\"":\""third_quarter\"",\""income\"":\""60000.00\"",\""expenses\"":null}"", ""L-0809a983-bb26-442e-b828-29757e5b5564"": ""{\""filing_uuid\"":\""0809a983-bb26-442e-b828-29757e5b5564\"",\""filing_type\"":\""Q1\"",\""filing_year\"":2022,\""filing_period\"":\""first_quarter\"",\""income\"":\""170000.00\"",\""expenses\"":null}"", ""L-0f2bb4f1-a994-488d-810f-77e235cc4a9d"": ""{\""filing_uuid\"":\""0f2bb4f1-a994-488d-810f-77e235cc4a9d\"",\""filing_type\"":\""Q2\"",\""filing_year\"":2022,\""filing_period\"":\""second_quarter\"",\""income\"":\""30000.00\"",\""expenses\"":null}"", ""L-1099cc65-8cb4-467b-8a07-f732a28f113e"": ""{\""filing_uuid\"":\""1099cc65-8cb4-467b-8a07-f732a28f113e\"",\""filing_type\"":\""Q3\"",\""filing_year\"":2022,\""filing_period\"":\""third_quarter\"",\""income\"":\""10000.00\"",\""expenses\"":null}"", ""L-13d21505-3f4c-4e0b-a792-3b6b37e53278"": ""{\""filing_uuid\"":\""13d21505-3f4c-4e0b-a792-3b6b37e53278\"",\""filing_type\"":\""Q2\"",\""filing_year\"":2022,\""filing_period\"":\""second_quarter\"",\""income\"":\""50000.00\"",\""expenses\"":null}"", ""L-14b0b208-8e56-4b46-a2f3-8af4eefe7e21"": ""{\""filing_uuid\"":\""14b0b208-8e56-4b46-a2f3-8af4eefe7e21\"",\""filing_type\"":\""Q1\"",\""filing_year\"":2022,\""filing_period\"":\""first_quarter\"",\""income\"":\""30000.00\"",\""expenses\"":null}"", ""L-153cf447-cef5-472f-9b6f-aff1a3f03374"": ""{\""filing_uuid\"":\""153cf447-cef5-472f-9b6f-aff1a3f03374\"",\""filing_type\"":\""Q2\"",\""filing_year\"":2022,\""filing_period\"":\""second_quarter\"",\""income\"":\""50000.00\"",\""expenses\"":null}"", ""L-1e1ce731-1c3b-4daf-b143-dda883d81ca6"": ""{\""filing_uuid\"":\""1e1ce731-1c3b-4daf-b143-dda883d81ca6\"",\""filing_type\"":\""Q1\"",\""filing_year\"":2022,\""filing_period\"":\""first_quarter\"",\""income\"":\""60000.00\"",\""expenses\"":null}"", ""L-1f294b32-fe37-448c-9d40-cc145aa92398"": ""{\""filing_uuid\"":\""1f294b32-fe37-448c-9d40-cc145aa92398\"",\""filing_type\"":\""Q4\"",\""filing_year\"":2022,\""filing_period\"":\""fourth_quarter\"",\""income\"":\""80000.00\"",\""expenses\"":null}"", ""L-20932d34-2e20-499e-a6a1-7d2cd149e2aa"": ""{\""filing_uuid\"":\""20932d34-2e20-499e-a6a1-7d2cd149e2aa\"",\""filing_type\"":\""Q4\"",\""filing_year\"":2022,\""filing_period\"":\""fourth_quarter\"",\""income\"":\""45000.00\"",\""expenses\"":null}"", ""L-210adba3-2a45-4ce3-bfa0-c4fae8438e1c"": ""{\""filing_uuid\"":\""210adba3-2a45-4ce3-bfa0-c4fae8438e1c\"",\""filing_type\"":\""Q4\"",\""filing_year\"":2022,\""filing_period\"":\""fourth_quarter\"",\""income\"":\""30000.00\"",\""expenses\"":null}"", ""L-2221d323-a727-43ed-b979-b959eda0cdfd"": ""{\""filing_uuid\"":\""2221d323-a727-43ed-b979-b959eda0cdfd\"",\""filing_type\"":\""Q2\"",\""filing_year\"":2022,\""filing_period\"":\""second_quarter\"",\""income\"":\""60000.00\"",\""expenses\"":null}"", ""L-22684ba5-bf52-4455-ad21-4feec0540c90"": ""{\""filing_uuid\"":\""22684ba5-bf52-4455-ad21-4feec0540c90\"",\""filing_type\"":\""Q3\"",\""filing_year\"":2022,\""filing_period\"":\""third_quarter\"",\""income\"":\""45000.00\"",\""expenses\"":null}"", ""L-23324fb5-6450-41c8-bae6-e1b7c338f02c"": ""{\""filing_uuid\"":\""23324fb5-6450-41c8-bae6-e1b7c338f02c\"",\""filing_type\"":\""Q3\"",\""filing_year\"":2022,\""filing_period\"":\""third_quarter\"",\""income\"":\""170000.00\"",\""expenses\"":null}"", ""L-23b067f3-819e-443a-8241-661417e85a10"": ""{\""filing_uuid\"":\""23b067f3-819e-443a-8241-661417e85a10\"",\""filing_type\"":\""Q4\"",\""filing_year\"":2022,\""filing_period\"":\""fourth_quarter\"",\""income\"":\""50000.00\"",\""expenses\"":null}"", ""L-26c3aa1c-c54a-45e6-b779-ce903800b8b8"": ""{\""filing_uuid\"":\""26c3aa1c-c54a-45e6-b779-ce903800b8b8\"",\""filing_type\"":\""Q2\"",\""filing_year\"":2022,\""filing_period\"":\""second_quarter\"",\""income\"":\""30000.00\"",\""expenses\"":null}"", ""L-32ba14dc-a7b6-4758-a8f0-1aa05d9454bd"": ""{\""filing_uuid\"":\""32ba14dc-a7b6-4758-a8f0-1aa05d9454bd\"",\""filing_type\"":\""Q2\"",\""filing_year\"":2022,\""filing_period\"":\""second_quarter\"",\""income\"":\""30000.00\"",\""expenses\"":null}"", ""L-3362549c-4009-4923-b822-823bcbd3ad74"": ""{\""filing_uuid\"":\""3362549c-4009-4923-b822-823bcbd3ad74\"",\""filing_type\"":\""Q2\"",\""filing_year\"":2022,\""filing_period\"":\""second_quarter\"",\""income\"":\""20000.00\"",\""expenses\"":null}"", ""L-340ebc31-8cee-46e7-8f52-ecb0df1c879c"": ""{\""filing_uuid\"":\""340ebc31-8cee-46e7-8f52-ecb0df1c879c\"",\""filing_type\"":\""3A\"",\""filing_year\"":2022,\""filing_period\"":\""third_quarter\"",\""income\"":\""70000.00\"",\""expenses\"":null}"", ""L-350d197e-004e-4c60-a8b3-609db32db5f8"": ""{\""filing_uuid\"":\""350d197e-004e-4c60-a8b3-609db32db5f8\"",\""filing_type\"":\""Q3\"",\""filing_year\"":2022,\""filing_period\"":\""third_quarter\"",\""income\"":\""50000.00\"",\""expenses\"":null}"", ""L-45d96388-6874-4f44-98ae-07b19afb09e0"": ""{\""filing_uuid\"":\""45d96388-6874-4f44-98ae-07b19afb09e0\"",\""filing_type\"":\""Q3\"",\""filing_year\"":2022,\""filing_period\"":\""third_quarter\"",\""income\"":\""30000.00\"",\""expenses\"":null}"", ""L-46a9e992-2b1f-4eae-87cb-0c1a1ea57d0a"": ""{\""filing_uuid\"":\""46a9e992-2b1f-4eae-87cb-0c1a1ea57d0a\"",\""filing_type\"":\""Q1\"",\""filing_year\"":2022,\""filing_period\"":\""first_quarter\"",\""income\"":\""70000.00\"",\""expenses\"":null}"", ""L-48b1a7d4-0334-48d5-9331-aac9a75465e3"": ""{\""filing_uuid\"":\""48b1a7d4-0334-48d5-9331-aac9a75465e3\"",\""filing_type\"":\""Q2\"",\""filing_year\"":2022,\""filing_period\"":\""second_quarter\"",\""income\"":\""50000.00\"",\""expenses\"":null}"", ""L-4d9b877f-a0a4-4375-9f8b-440a35909262"": ""{\""filing_uuid\"":\""4d9b877f-a0a4-4375-9f8b-440a35909262\"",\""filing_type\"":\""Q1\"",\""filing_year\"":2022,\""filing_period\"":\""first_quarter\"",\""income\"":\""30000.00\"",\""expenses\"":null}"", ""L-4fa1872a-faa3-4574-93cc-a9f2c01bafb9"": ""{\""filing_uuid\"":\""4fa1872a-faa3-4574-93cc-a9f2c01bafb9\"",\""filing_type\"":\""Q3\"",\""filing_year\"":2022,\""filing_period\"":\""third_quarter\"",\""income\"":\""80000.00\"",\""expenses\"":null}"", ""L-51c94cd8-8608-4b26-8d45-212f035b5928"": ""{\""filing_uuid\"":\""51c94cd8-8608-4b26-8d45-212f035b5928\"",\""filing_type\"":\""Q4\"",\""filing_year\"":2022,\""filing_period\"":\""fourth_quarter\"",\""income\"":\""170000.00\"",\""expenses\"":null}"", ""L-52c72f6b-2070-4447-b828-18a89f030c74"": ""{\""filing_uuid\"":\""52c72f6b-2070-4447-b828-18a89f030c74\"",\""filing_type\"":\""Q1\"",\""filing_year\"":2022,\""filing_period\"":\""first_quarter\"",\""income\"":\""30000.00\"",\""expenses\"":null}"", ""L-53274eb9-4589-4c8f-a3f2-a26259a205c4"": ""{\""filing_uuid\"":\""53274eb9-4589-4c8f-a3f2-a26259a205c4\"",\""filing_type\"":\""Q4\"",\""filing_year\"":2022,\""filing_period\"":\""fourth_quarter\"",\""income\"":\""10000.00\"",\""expenses\"":null}"", ""L-5576f96b-376b-48af-aa21-b4e902baaf59"": ""{\""filing_uuid\"":\""5576f96b-376b-48af-aa21-b4e902baaf59\"",\""filing_type\"":\""Q3\"",\""filing_year\"":2022,\""filing_period\"":\""third_quarter\"",\""income\"":\""60000.00\"",\""expenses\"":null}"", ""L-625cdb40-ba28-4cfd-925c-8ebfa03ff1be"": ""{\""filing_uuid\"":\""625cdb40-ba28-4cfd-925c-8ebfa03ff1be\"",\""filing_type\"":\""Q2\"",\""filing_year\"":2022,\""filing_period\"":\""second_quarter\"",\""income\"":\""60000.00\"",\""expenses\"":null}"", ""L-67284bbb-1586-43c4-90bc-5cfc904eda87"": ""{\""filing_uuid\"":\""67284bbb-1586-43c4-90bc-5cfc904eda87\"",\""filing_type\"":\""Q4\"",\""filing_year\"":2022,\""filing_period\"":\""fourth_quarter\"",\""income\"":\""50000.00\"",\""expenses\"":null}"", ""L-703d22ae-2c76-4fed-b409-4d35b3a61003"": ""{\""filing_uuid\"":\""703d22ae-2c76-4fed-b409-4d35b3a61003\"",\""filing_type\"":\""Q4\"",\""filing_year\"":2022,\""filing_period\"":\""fourth_quarter\"",\""income\"":\""50000.00\"",\""expenses\"":null}"", ""L-71dce518-d6dc-4ad8-bdcc-1e61ad613a07"": ""{\""filing_uuid\"":\""71dce518-d6dc-4ad8-bdcc-1e61ad613a07\"",\""filing_type\"":\""Q4\"",\""filing_year\"":2022,\""filing_period\"":\""fourth_quarter\"",\""income\"":\""30000.00\"",\""expenses\"":null}"", ""L-74d41fb7-1cf3-408a-8048-5e5bcfdac891"": ""{\""filing_uuid\"":\""74d41fb7-1cf3-408a-8048-5e5bcfdac891\"",\""filing_type\"":\""Q1\"",\""filing_year\"":2022,\""filing_period\"":\""first_quarter\"",\""income\"":\""50000.00\"",\""expenses\"":null}"", ""L-78abc56d-f52e-4ecc-b587-47d9f80084f4"": ""{\""filing_uuid\"":\""78abc56d-f52e-4ecc-b587-47d9f80084f4\"",\""filing_type\"":\""Q2\"",\""filing_year\"":2022,\""filing_period\"":\""second_quarter\"",\""income\"":\""70000.00\"",\""expenses\"":null}"", ""L-7b99862e-820b-4198-b061-a8999f4832df"": ""{\""filing_uuid\"":\""7b99862e-820b-4198-b061-a8999f4832df\"",\""filing_type\"":\""Q4\"",\""filing_year\"":2022,\""filing_period\"":\""fourth_quarter\"",\""income\"":\""60000.00\"",\""expenses\"":null}"", ""L-7c27cf79-499d-4df8-99c7-ab39a6ccf1f0"": ""{\""filing_uuid\"":\""7c27cf79-499d-4df8-99c7-ab39a6ccf1f0\"",\""filing_type\"":\""Q3\"",\""filing_year\"":2022,\""filing_period\"":\""third_quarter\"",\""income\"":\""50000.00\"",\""expenses\"":null}"", ""L-7e62afc8-23d7-4b36-b041-d95c95f76cc5"": ""{\""filing_uuid\"":\""7e62afc8-23d7-4b36-b041-d95c95f76cc5\"",\""filing_type\"":\""Q4\"",\""filing_year\"":2022,\""filing_period\"":\""fourth_quarter\"",\""income\"":\""70000.00\"",\""expenses\"":null}"", ""L-85d6738d-495d-4c88-935a-aea805bdc5ef"": ""{\""filing_uuid\"":\""85d6738d-495d-4c88-935a-aea805bdc5ef\"",\""filing_type\"":\""Q2\"",\""filing_year\"":2022,\""filing_period\"":\""second_quarter\"",\""income\"":\""170000.00\"",\""expenses\"":null}"", ""L-8e859903-11e8-4509-b0ea-37f77fb1542e"": ""{\""filing_uuid\"":\""8e859903-11e8-4509-b0ea-37f77fb1542e\"",\""filing_type\"":\""Q1\"",\""filing_year\"":2022,\""filing_period\"":\""first_quarter\"",\""income\"":\""10000.00\"",\""expenses\"":null}"", ""L-8f7d2f4e-d176-41d5-a757-930f7a51af1d"": ""{\""filing_uuid\"":\""8f7d2f4e-d176-41d5-a757-930f7a51af1d\"",\""filing_type\"":\""Q1\"",\""filing_year\"":2022,\""filing_period\"":\""first_quarter\"",\""income\"":\""30000.00\"",\""expenses\"":null}"", ""L-9122603c-e62b-4d38-b3ed-4c223ee9c568"": ""{\""filing_uuid\"":\""9122603c-e62b-4d38-b3ed-4c223ee9c568\"",\""filing_type\"":\""Q3\"",\""filing_year\"":2022,\""filing_period\"":\""third_quarter\"",\""income\"":\""50000.00\"",\""expenses\"":null}"", ""L-913a1296-91aa-4c1f-be4f-580469d69744"": ""{\""filing_uuid\"":\""913a1296-91aa-4c1f-be4f-580469d69744\"",\""filing_type\"":\""Q1\"",\""filing_year\"":2022,\""filing_period\"":\""first_quarter\"",\""income\"":\""50000.00\"",\""expenses\"":null}"", ""L-950afb13-7cd0-4dae-bf93-7733d7785c77"": ""{\""filing_uuid\"":\""950afb13-7cd0-4dae-bf93-7733d7785c77\"",\""filing_type\"":\""Q3\"",\""filing_year\"":2022,\""filing_period\"":\""third_quarter\"",\""income\"":\""30000.00\"",\""expenses\"":null}"", ""L-976a2c8a-a0ca-471b-866b-3238cc445e92"": ""{\""filing_uuid\"":\""976a2c8a-a0ca-471b-866b-3238cc445e92\"",\""filing_type\"":\""Q4\"",\""filing_year\"":2022,\""filing_period\"":\""fourth_quarter\"",\""income\"":\""60000.00\"",\""expenses\"":null}"", ""L-9cf68bef-f6ab-4849-af65-a93177cf35b5"": ""{\""filing_uuid\"":\""9cf68bef-f6ab-4849-af65-a93177cf35b5\"",\""filing_type\"":\""Q1\"",\""filing_year\"":2022,\""filing_period\"":\""first_quarter\"",\""income\"":\""30000.00\"",\""expenses\"":null}"", ""L-a2f3ff8c-740e-4610-97f4-203c181be348"": ""{\""filing_uuid\"":\""a2f3ff8c-740e-4610-97f4-203c181be348\"",\""filing_type\"":\""Q3\"",\""filing_year\"":2022,\""filing_period\"":\""third_quarter\"",\""income\"":\""30000.00\"",\""expenses\"":null}"", ""L-aabdf2ce-733a-4b2a-9746-31073b030fec"": ""{\""filing_uuid\"":\""aabdf2ce-733a-4b2a-9746-31073b030fec\"",\""filing_type\"":\""Q2\"",\""filing_year\"":2022,\""filing_period\"":\""second_quarter\"",\""income\"":\""60000.00\"",\""expenses\"":null}"", ""L-ae38f74a-b629-4577-9ad3-b7463f803815"": ""{\""filing_uuid\"":\""ae38f74a-b629-4577-9ad3-b7463f803815\"",\""filing_type\"":\""Q3\"",\""filing_year\"":2022,\""filing_period\"":\""third_quarter\"",\""income\"":\""60000.00\"",\""expenses\"":null}"", ""L-baa5b0c3-28e3-43ab-b25d-4b050feadd63"": ""{\""filing_uuid\"":\""baa5b0c3-28e3-43ab-b25d-4b050feadd63\"",\""filing_type\"":\""Q3\"",\""filing_year\"":2022,\""filing_period\"":\""third_quarter\"",\""income\"":\""50000.00\"",\""expenses\"":null}"", ""L-bc6e3cfc-b65b-4227-ae73-a435d9137115"": ""{\""filing_uuid\"":\""bc6e3cfc-b65b-4227-ae73-a435d9137115\"",\""filing_type\"":\""Q4\"",\""filing_year\"":2022,\""filing_period\"":\""fourth_quarter\"",\""income\"":\""30000.00\"",\""expenses\"":null}"", ""L-c3ce7c99-29f5-43e5-8504-1151aef77a1a"": ""{\""filing_uuid\"":\""c3ce7c99-29f5-43e5-8504-1151aef77a1a\"",\""filing_type\"":\""Q4\"",\""filing_year\"":2022,\""filing_period\"":\""fourth_quarter\"",\""income\"":\""10000.00\"",\""expenses\"":null}"", ""L-c456c8cf-383b-41fb-a3a7-5deccf3e59c1"": ""{\""filing_uuid\"":\""c456c8cf-383b-41fb-a3a7-5deccf3e59c1\"",\""filing_type\"":\""Q4\"",\""filing_year\"":2022,\""filing_period\"":\""fourth_quarter\"",\""income\"":\""50000.00\"",\""expenses\"":null}"", ""L-c872f62e-9258-4995-b21b-d22905737733"": ""{\""filing_uuid\"":\""c872f62e-9258-4995-b21b-d22905737733\"",\""filing_type\"":\""Q2\"",\""filing_year\"":2022,\""filing_period\"":\""second_quarter\"",\""income\"":\""80000.00\"",\""expenses\"":null}"", ""L-cb9fdc23-868c-424d-87cb-addf2c759299"": ""{\""filing_uuid\"":\""cb9fdc23-868c-424d-87cb-addf2c759299\"",\""filing_type\"":\""Q2\"",\""filing_year\"":2022,\""filing_period\"":\""second_quarter\"",\""income\"":\""30000.00\"",\""expenses\"":null}"", ""L-cbf9542c-7a3a-47d7-8fe0-650c2fcdd645"": ""{\""filing_uuid\"":\""cbf9542c-7a3a-47d7-8fe0-650c2fcdd645\"",\""filing_type\"":\""Q3\"",\""filing_year\"":2022,\""filing_period\"":\""third_quarter\"",\""income\"":\""20000.00\"",\""expenses\"":null}"", ""L-cd24c39e-e5ef-41c0-b59b-5edca41aa1ae"": ""{\""filing_uuid\"":\""cd24c39e-e5ef-41c0-b59b-5edca41aa1ae\"",\""filing_type\"":\""Q1\"",\""filing_year\"":2022,\""filing_period\"":\""first_quarter\"",\""income\"":\""60000.00\"",\""expenses\"":null}"", ""L-ce75ed4e-f6a5-47be-b408-ae14ec0c6843"": ""{\""filing_uuid\"":\""ce75ed4e-f6a5-47be-b408-ae14ec0c6843\"",\""filing_type\"":\""Q2\"",\""filing_year\"":2022,\""filing_period\"":\""second_quarter\"",\""income\"":\""45000.00\"",\""expenses\"":null}"", ""L-cec26096-aaeb-492c-9688-c3360cce4f60"": ""{\""filing_uuid\"":\""cec26096-aaeb-492c-9688-c3360cce4f60\"",\""filing_type\"":\""Q1\"",\""filing_year\"":2022,\""filing_period\"":\""first_quarter\"",\""income\"":\""80000.00\"",\""expenses\"":null}"", ""L-d4bcc977-757e-4399-bb3c-065266fe2496"": ""{\""filing_uuid\"":\""d4bcc977-757e-4399-bb3c-065266fe2496\"",\""filing_type\"":\""Q2\"",\""filing_year\"":2022,\""filing_period\"":\""second_quarter\"",\""income\"":\""30000.00\"",\""expenses\"":null}"", ""L-d9636fe2-cd96-4fe2-b5e9-f5f92c6922df"": ""{\""filing_uuid\"":\""d9636fe2-cd96-4fe2-b5e9-f5f92c6922df\"",\""filing_type\"":\""Q4\"",\""filing_year\"":2022,\""filing_period\"":\""fourth_quarter\"",\""income\"":\""45000.00\"",\""expenses\"":null}"", ""L-d98d131c-e734-4133-8c2b-1a5d97dae45e"": ""{\""filing_uuid\"":\""d98d131c-e734-4133-8c2b-1a5d97dae45e\"",\""filing_type\"":\""Q1\"",\""filing_year\"":2022,\""filing_period\"":\""first_quarter\"",\""income\"":\""60000.00\"",\""expenses\"":null}"", ""L-e3d3aabc-2d3d-410e-a979-c1841693dd89"": ""{\""filing_uuid\"":\""e3d3aabc-2d3d-410e-a979-c1841693dd89\"",\""filing_type\"":\""Q4\"",\""filing_year\"":2022,\""filing_period\"":\""fourth_quarter\"",\""income\"":\""30000.00\"",\""expenses\"":null}"", ""L-e43e4633-9152-440d-97ce-e646b55f7bf8"": ""{\""filing_uuid\"":\""e43e4633-9152-440d-97ce-e646b55f7bf8\"",\""filing_type\"":\""Q3\"",\""filing_year\"":2022,\""filing_period\"":\""third_quarter\"",\""income\"":\""45000.00\"",\""expenses\"":null}"", ""L-e645bc7c-9aaf-49cf-b43a-b6a63aeb6292"": ""{\""filing_uuid\"":\""e645bc7c-9aaf-49cf-b43a-b6a63aeb6292\"",\""filing_type\"":\""Q1\"",\""filing_year\"":2022,\""filing_period\"":\""first_quarter\"",\""income\"":\""45000.00\"",\""expenses\"":null}"", ""L-eaa0642a-ff6e-4aee-abf3-9b6e323778ec"": ""{\""filing_uuid\"":\""eaa0642a-ff6e-4aee-abf3-9b6e323778ec\"",\""filing_type\"":\""Q3\"",\""filing_year\"":2022,\""filing_period\"":\""third_quarter\"",\""income\"":\""30000.00\"",\""expenses\"":null}"", ""L-f0346515-73cf-4514-8041-b0cab9269c78"": ""{\""filing_uuid\"":\""f0346515-73cf-4514-8041-b0cab9269c78\"",\""filing_type\"":\""Q1\"",\""filing_year\"":2022,\""filing_period\"":\""first_quarter\"",\""income\"":\""20000.00\"",\""expenses\"":null}"", ""L-f3e85f17-6140-4989-8445-9e3b6c8a551d"": ""{\""filing_uuid\"":\""f3e85f17-6140-4989-8445-9e3b6c8a551d\"",\""filing_type\"":\""Q1\"",\""filing_year\"":2022,\""filing_period\"":\""first_quarter\"",\""income\"":\""50000.00\"",\""expenses\"":null}"", ""L-f8297ff6-7777-45d6-94aa-4fe4831ca21e"": ""{\""filing_uuid\"":\""f8297ff6-7777-45d6-94aa-4fe4831ca21e\"",\""filing_type\"":\""Q2\"",\""filing_year\"":2022,\""filing_period\"":\""second_quarter\"",\""income\"":\""10000.00\"",\""expenses\"":null}"", ""L-fd9af0af-b3f5-4fe6-9656-12943fb085fd"": ""{\""filing_uuid\"":\""fd9af0af-b3f5-4fe6-9656-12943fb085fd\"",\""filing_type\"":\""Q4\"",\""filing_year\"":2022,\""filing_period\"":\""fourth_quarter\"",\""income\"":\""60000.00\"",\""expenses\"":null}""}","Sum of numeric amounts on latest eligible quarterly reports, all issues combined. Blank reports are not zero and are not added. Separately named intermediaries excluded from direct fees. Outside fees and company expenses overlap and must never be added. Latest year uses completed quarters only; no annualization. No numeric reports means OPEN, not zero spending.",USD,,,L-06843fac-cdef-4d0d-9647-1b051eb45810;L-0809a983-bb26-442e-b828-29757e5b5564;L-0f2bb4f1-a994-488d-810f-77e235cc4a9d;L-1099cc65-8cb4-467b-8a07-f732a28f113e;L-13d21505-3f4c-4e0b-a792-3b6b37e53278;L-14b0b208-8e56-4b46-a2f3-8af4eefe7e21;L-153cf447-cef5-472f-9b6f-aff1a3f03374;L-1e1ce731-1c3b-4daf-b143-dda883d81ca6;L-1f294b32-fe37-448c-9d40-cc145aa92398;L-20932d34-2e20-499e-a6a1-7d2cd149e2aa;L-210adba3-2a45-4ce3-bfa0-c4fae8438e1c;L-2221d323-a727-43ed-b979-b959eda0cdfd;L-22684ba5-bf52-4455-ad21-4feec0540c90;L-23324fb5-6450-41c8-bae6-e1b7c338f02c;L-23b067f3-819e-443a-8241-661417e85a10;L-26c3aa1c-c54a-45e6-b779-ce903800b8b8;L-32ba14dc-a7b6-4758-a8f0-1aa05d9454bd;L-3362549c-4009-4923-b822-823bcbd3ad74;L-340ebc31-8cee-46e7-8f52-ecb0df1c879c;L-350d197e-004e-4c60-a8b3-609db32db5f8;L-45d96388-6874-4f44-98ae-07b19afb09e0;L-46a9e992-2b1f-4eae-87cb-0c1a1ea57d0a;L-48b1a7d4-0334-48d5-9331-aac9a75465e3;L-4d9b877f-a0a4-4375-9f8b-440a35909262;L-4fa1872a-faa3-4574-93cc-a9f2c01bafb9;L-51c94cd8-8608-4b26-8d45-212f035b5928;L-52c72f6b-2070-4447-b828-18a89f030c74;L-53274eb9-4589-4c8f-a3f2-a26259a205c4;L-5576f96b-376b-48af-aa21-b4e902baaf59;L-625cdb40-ba28-4cfd-925c-8ebfa03ff1be;L-67284bbb-1586-43c4-90bc-5cfc904eda87;L-703d22ae-2c76-4fed-b409-4d35b3a61003;L-71dce518-d6dc-4ad8-bdcc-1e61ad613a07;L-74d41fb7-1cf3-408a-8048-5e5bcfdac891;L-78abc56d-f52e-4ecc-b587-47d9f80084f4;L-7b99862e-820b-4198-b061-a8999f4832df;L-7c27cf79-499d-4df8-99c7-ab39a6ccf1f0;L-7e62afc8-23d7-4b36-b041-d95c95f76cc5;L-85d6738d-495d-4c88-935a-aea805bdc5ef;L-8e859903-11e8-4509-b0ea-37f77fb1542e;L-8f7d2f4e-d176-41d5-a757-930f7a51af1d;L-9122603c-e62b-4d38-b3ed-4c223ee9c568;L-913a1296-91aa-4c1f-be4f-580469d69744;L-950afb13-7cd0-4dae-bf93-7733d7785c77;L-976a2c8a-a0ca-471b-866b-3238cc445e92;L-9cf68bef-f6ab-4849-af65-a93177cf35b5;L-a2f3ff8c-740e-4610-97f4-203c181be348;L-aabdf2ce-733a-4b2a-9746-31073b030fec;L-ae38f74a-b629-4577-9ad3-b7463f803815;L-baa5b0c3-28e3-43ab-b25d-4b050feadd63;L-bc6e3cfc-b65b-4227-ae73-a435d9137115;L-c3ce7c99-29f5-43e5-8504-1151aef77a1a;L-c456c8cf-383b-41fb-a3a7-5deccf3e59c1;L-c872f62e-9258-4995-b21b-d22905737733;L-cb9fdc23-868c-424d-87cb-addf2c759299;L-cbf9542c-7a3a-47d7-8fe0-650c2fcdd645;L-cd24c39e-e5ef-41c0-b59b-5edca41aa1ae;L-ce75ed4e-f6a5-47be-b408-ae14ec0c6843;L-cec26096-aaeb-492c-9688-c3360cce4f60;L-d4bcc977-757e-4399-bb3c-065266fe2496;L-d9636fe2-cd96-4fe2-b5e9-f5f92c6922df;L-d98d131c-e734-4133-8c2b-1a5d97dae45e;L-e3d3aabc-2d3d-410e-a979-c1841693dd89;L-e43e4633-9152-440d-97ce-e646b55f7bf8;L-e645bc7c-9aaf-49cf-b43a-b6a63aeb6292;L-eaa0642a-ff6e-4aee-abf3-9b6e323778ec;L-f0346515-73cf-4514-8041-b0cab9269c78;L-f3e85f17-6140-4989-8445-9e3b6c8a551d;L-f8297ff6-7777-45d6-94aa-4fe4831ca21e;L-fd9af0af-b3f5-4fe6-9656-12943fb085fd,lobbying_external_fees,sum,Google,2022,,,1;2;3;4,,,KEEP
FE-Google-2023,3865000.00,https://lda.gov/filings/public/filing/047d965f-4aea-44aa-8471-0f9c7753cbcf/print/,2026-09-14,"{""L-047d965f-4aea-44aa-8471-0f9c7753cbcf"": ""{\""filing_uuid\"":\""047d965f-4aea-44aa-8471-0f9c7753cbcf\"",\""filing_type\"":\""Q2\"",\""filing_year\"":2023,\""filing_period\"":\""second_quarter\"",\""income\"":\""170000.00\"",\""expenses\"":null}"", ""L-061d4551-6a83-4484-9686-b7f67ff540f4"": ""{\""filing_uuid\"":\""061d4551-6a83-4484-9686-b7f67ff540f4\"",\""filing_type\"":\""Q2\"",\""filing_year\"":2023,\""filing_period\"":\""second_quarter\"",\""income\"":\""60000.00\"",\""expenses\"":null}"", ""L-09637864-2423-4b3b-a7c7-1f283f41dc07"": ""{\""filing_uuid\"":\""09637864-2423-4b3b-a7c7-1f283f41dc07\"",\""filing_type\"":\""Q3\"",\""filing_year\"":2023,\""filing_period\"":\""third_quarter\"",\""income\"":\""30000.00\"",\""expenses\"":null}"", ""L-0a95b96b-5898-48b7-821c-59b6e43e6b30"": ""{\""filing_uuid\"":\""0a95b96b-5898-48b7-821c-59b6e43e6b30\"",\""filing_type\"":\""Q1\"",\""filing_year\"":2023,\""filing_period\"":\""first_quarter\"",\""income\"":\""60000.00\"",\""expenses\"":null}"", ""L-0d8e84c0-0f04-4768-9a8c-2afcd33a611d"": ""{\""filing_uuid\"":\""0d8e84c0-0f04-4768-9a8c-2afcd33a611d\"",\""filing_type\"":\""Q4\"",\""filing_year\"":2023,\""filing_period\"":\""fourth_quarter\"",\""income\"":\""60000.00\"",\""expenses\"":null}"", ""L-0f471ab0-389c-4132-ad4d-9f5513222c3a"": ""{\""filing_uuid\"":\""0f471ab0-389c-4132-ad4d-9f5513222c3a\"",\""filing_type\"":\""Q3\"",\""filing_year\"":2023,\""filing_period\"":\""third_quarter\"",\""income\"":\""45000.00\"",\""expenses\"":null}"", ""L-12eee950-b0b4-4c26-91eb-a75c1a325e38"": ""{\""filing_uuid\"":\""12eee950-b0b4-4c26-91eb-a75c1a325e38\"",\""filing_type\"":\""Q3\"",\""filing_year\"":2023,\""filing_period\"":\""third_quarter\"",\""income\"":\""50000.00\"",\""expenses\"":null}"", ""L-16182bef-bf52-4a58-a5a7-2a8cda9c94e0"": ""{\""filing_uuid\"":\""16182bef-bf52-4a58-a5a7-2a8cda9c94e0\"",\""filing_type\"":\""Q1\"",\""filing_year\"":2023,\""filing_period\"":\""first_quarter\"",\""income\"":\""60000.00\"",\""expenses\"":null}"", ""L-1d78a58f-a566-4fdb-b32f-5443e2548aaf"": ""{\""filing_uuid\"":\""1d78a58f-a566-4fdb-b32f-5443e2548aaf\"",\""filing_type\"":\""Q2\"",\""filing_year\"":2023,\""filing_period\"":\""second_quarter\"",\""income\"":\""45000.00\"",\""expenses\"":null}"", ""L-215d38b4-af3b-4db7-b0c5-74078948c578"": ""{\""filing_uuid\"":\""215d38b4-af3b-4db7-b0c5-74078948c578\"",\""filing_type\"":\""Q1\"",\""filing_year\"":2023,\""filing_period\"":\""first_quarter\"",\""income\"":\""30000.00\"",\""expenses\"":null}"", ""L-21a2704e-50bf-4618-91c3-ba5bdf6481bc"": ""{\""filing_uuid\"":\""21a2704e-50bf-4618-91c3-ba5bdf6481bc\"",\""filing_type\"":\""4T\"",\""filing_year\"":2023,\""filing_period\"":\""fourth_quarter\"",\""income\"":\""30000.00\"",\""expenses\"":null}"", ""L-240c5afa-9a20-48a7-b8f9-543302e15f0f"": ""{\""filing_uuid\"":\""240c5afa-9a20-48a7-b8f9-543302e15f0f\"",\""filing_type\"":\""Q2\"",\""filing_year\"":2023,\""filing_period\"":\""second_quarter\"",\""income\"":\""50000.00\"",\""expenses\"":null}"", ""L-249e6955-35b1-40e6-aaae-9ba52406cf64"": ""{\""filing_uuid\"":\""249e6955-35b1-40e6-aaae-9ba52406cf64\"",\""filing_type\"":\""Q4\"",\""filing_year\"":2023,\""filing_period\"":\""fourth_quarter\"",\""income\"":\""30000.00\"",\""expenses\"":null}"", ""L-2511d706-f6d6-4273-97a8-7e4f5e45408a"": ""{\""filing_uuid\"":\""2511d706-f6d6-4273-97a8-7e4f5e45408a\"",\""filing_type\"":\""Q4\"",\""filing_year\"":2023,\""filing_period\"":\""fourth_quarter\"",\""income\"":\""60000.00\"",\""expenses\"":null}"", ""L-26f9e83d-63d7-45b3-9e76-a7a2c52ace83"": ""{\""filing_uuid\"":\""26f9e83d-63d7-45b3-9e76-a7a2c52ace83\"",\""filing_type\"":\""Q3\"",\""filing_year\"":2023,\""filing_period\"":\""third_quarter\"",\""income\"":\""30000.00\"",\""expenses\"":null}"", ""L-302ebe6d-8c4e-44e1-b1f8-c64fc7bf36c7"": ""{\""filing_uuid\"":\""302ebe6d-8c4e-44e1-b1f8-c64fc7bf36c7\"",\""filing_type\"":\""Q4\"",\""filing_year\"":2023,\""filing_period\"":\""fourth_quarter\"",\""income\"":\""30000.00\"",\""expenses\"":null}"", ""L-31907aa0-46b1-4d55-b629-bdb569c9b5ff"": ""{\""filing_uuid\"":\""31907aa0-46b1-4d55-b629-bdb569c9b5ff\"",\""filing_type\"":\""Q1Y\"",\""filing_year\"":2023,\""filing_period\"":\""first_quarter\"",\""income\"":\""10000.00\"",\""expenses\"":null}"", ""L-3d2007f6-38b8-4adc-a717-3e85937f37ed"": ""{\""filing_uuid\"":\""3d2007f6-38b8-4adc-a717-3e85937f37ed\"",\""filing_type\"":\""Q1\"",\""filing_year\"":2023,\""filing_period\"":\""first_quarter\"",\""income\"":\""60000.00\"",\""expenses\"":null}"", ""L-40680c39-34e4-4b18-93ff-d4d4edf76ea0"": ""{\""filing_uuid\"":\""40680c39-34e4-4b18-93ff-d4d4edf76ea0\"",\""filing_type\"":\""Q2\"",\""filing_year\"":2023,\""filing_period\"":\""second_quarter\"",\""income\"":\""60000.00\"",\""expenses\"":null}"", ""L-4084ce1f-0acf-4adc-8205-dedde60365b5"": ""{\""filing_uuid\"":\""4084ce1f-0acf-4adc-8205-dedde60365b5\"",\""filing_type\"":\""Q1\"",\""filing_year\"":2023,\""filing_period\"":\""first_quarter\"",\""income\"":\""30000.00\"",\""expenses\"":null}"", ""L-41d392bd-63c9-43ef-a60c-6c0e299e048b"": ""{\""filing_uuid\"":\""41d392bd-63c9-43ef-a60c-6c0e299e048b\"",\""filing_type\"":\""2A\"",\""filing_year\"":2023,\""filing_period\"":\""second_quarter\"",\""income\"":\""80000.00\"",\""expenses\"":null}"", ""L-42651285-1d79-43e1-9a1b-0fd388c4b911"": ""{\""filing_uuid\"":\""42651285-1d79-43e1-9a1b-0fd388c4b911\"",\""filing_type\"":\""Q2\"",\""filing_year\"":2023,\""filing_period\"":\""second_quarter\"",\""income\"":\""60000.00\"",\""expenses\"":null}"", ""L-4bfc16dc-6fbe-4680-a247-f8e038fd438c"": ""{\""filing_uuid\"":\""4bfc16dc-6fbe-4680-a247-f8e038fd438c\"",\""filing_type\"":\""Q4\"",\""filing_year\"":2023,\""filing_period\"":\""fourth_quarter\"",\""income\"":\""30000.00\"",\""expenses\"":null}"", ""L-518562c1-e87b-4e7c-9baa-94308a4d3fb7"": ""{\""filing_uuid\"":\""518562c1-e87b-4e7c-9baa-94308a4d3fb7\"",\""filing_type\"":\""Q1\"",\""filing_year\"":2023,\""filing_period\"":\""first_quarter\"",\""income\"":\""45000.00\"",\""expenses\"":null}"", ""L-5258bf02-3305-49fc-b313-94f6ae5c1cd1"": ""{\""filing_uuid\"":\""5258bf02-3305-49fc-b313-94f6ae5c1cd1\"",\""filing_type\"":\""Q3\"",\""filing_year\"":2023,\""filing_period\"":\""third_quarter\"",\""income\"":\""60000.00\"",\""expenses\"":null}"", ""L-53aa6aad-1f52-4e0b-98a7-76b9501db103"": ""{\""filing_uuid\"":\""53aa6aad-1f52-4e0b-98a7-76b9501db103\"",\""filing_type\"":\""Q1\"",\""filing_year\"":2023,\""filing_period\"":\""first_quarter\"",\""income\"":\""50000.00\"",\""expenses\"":null}"", ""L-55a2f91e-2d32-4290-8978-3228b9fc1fc1"": ""{\""filing_uuid\"":\""55a2f91e-2d32-4290-8978-3228b9fc1fc1\"",\""filing_type\"":\""Q3\"",\""filing_year\"":2023,\""filing_period\"":\""third_quarter\"",\""income\"":\""30000.00\"",\""expenses\"":null}"", ""L-58147e3c-092f-47b6-8ec9-74aed870486e"": ""{\""filing_uuid\"":\""58147e3c-092f-47b6-8ec9-74aed870486e\"",\""filing_type\"":\""Q4\"",\""filing_year\"":2023,\""filing_period\"":\""fourth_quarter\"",\""income\"":\""50000.00\"",\""expenses\"":null}"", ""L-5b68a57f-a780-4988-8ee6-662fa625dd3f"": ""{\""filing_uuid\"":\""5b68a57f-a780-4988-8ee6-662fa625dd3f\"",\""filing_type\"":\""Q2\"",\""filing_year\"":2023,\""filing_period\"":\""second_quarter\"",\""income\"":\""30000.00\"",\""expenses\"":null}"", ""L-5fb397b4-c760-4124-9350-52e3b8e02eb4"": ""{\""filing_uuid\"":\""5fb397b4-c760-4124-9350-52e3b8e02eb4\"",\""filing_type\"":\""Q4\"",\""filing_year\"":2023,\""filing_period\"":\""fourth_quarter\"",\""income\"":\""50000.00\"",\""expenses\"":null}"", ""L-616a3ace-6c7f-4be9-880e-a631c9058078"": ""{\""filing_uuid\"":\""616a3ace-6c7f-4be9-880e-a631c9058078\"",\""filing_type\"":\""4A\"",\""filing_year\"":2023,\""filing_period\"":\""fourth_quarter\"",\""income\"":\""50000.00\"",\""expenses\"":null}"", ""L-62c63301-c10f-41fb-8d10-1a698a65f630"": ""{\""filing_uuid\"":\""62c63301-c10f-41fb-8d10-1a698a65f630\"",\""filing_type\"":\""Q3\"",\""filing_year\"":2023,\""filing_period\"":\""third_quarter\"",\""income\"":\""50000.00\"",\""expenses\"":null}"", ""L-64a9dc8e-1ea7-43a4-bcd3-32c5874661f1"": ""{\""filing_uuid\"":\""64a9dc8e-1ea7-43a4-bcd3-32c5874661f1\"",\""filing_type\"":\""Q2\"",\""filing_year\"":2023,\""filing_period\"":\""second_quarter\"",\""income\"":\""30000.00\"",\""expenses\"":null}"", ""L-71b79226-a39f-44df-ad5b-1b22d9ce45ac"": ""{\""filing_uuid\"":\""71b79226-a39f-44df-ad5b-1b22d9ce45ac\"",\""filing_type\"":\""Q4\"",\""filing_year\"":2023,\""filing_period\"":\""fourth_quarter\"",\""income\"":\""50000.00\"",\""expenses\"":null}"", ""L-722a1ae6-6a86-4f2a-898e-d0991eae6d17"": ""{\""filing_uuid\"":\""722a1ae6-6a86-4f2a-898e-d0991eae6d17\"",\""filing_type\"":\""Q3\"",\""filing_year\"":2023,\""filing_period\"":\""third_quarter\"",\""income\"":\""45000.00\"",\""expenses\"":null}"", ""L-73d2f85f-9704-43ba-9cb7-370f7f806f33"": ""{\""filing_uuid\"":\""73d2f85f-9704-43ba-9cb7-370f7f806f33\"",\""filing_type\"":\""Q2\"",\""filing_year\"":2023,\""filing_period\"":\""second_quarter\"",\""income\"":\""45000.00\"",\""expenses\"":null}"", ""L-7e315fcb-88a7-4f8b-b592-834dad7686cb"": ""{\""filing_uuid\"":\""7e315fcb-88a7-4f8b-b592-834dad7686cb\"",\""filing_type\"":\""Q1\"",\""filing_year\"":2023,\""filing_period\"":\""first_quarter\"",\""income\"":\""50000.00\"",\""expenses\"":null}"", ""L-85693868-0eed-46a5-97b9-47d2c2e0cb04"": ""{\""filing_uuid\"":\""85693868-0eed-46a5-97b9-47d2c2e0cb04\"",\""filing_type\"":\""Q4\"",\""filing_year\"":2023,\""filing_period\"":\""fourth_quarter\"",\""income\"":\""60000.00\"",\""expenses\"":null}"", ""L-8c9fdfa7-2413-4f98-8595-574ce4194ee0"": ""{\""filing_uuid\"":\""8c9fdfa7-2413-4f98-8595-574ce4194ee0\"",\""filing_type\"":\""Q4\"",\""filing_year\"":2023,\""filing_period\"":\""fourth_quarter\"",\""income\"":\""30000.00\"",\""expenses\"":null}"", ""L-8e06ee29-63f3-493a-9e3e-2b090151dcf2"": ""{\""filing_uuid\"":\""8e06ee29-63f3-493a-9e3e-2b090151dcf2\"",\""filing_type\"":\""Q4\"",\""filing_year\"":2023,\""filing_period\"":\""fourth_quarter\"",\""income\"":\""80000.00\"",\""expenses\"":null}"", ""L-902b84e5-8c5a-4876-9fc2-0e2fd2f0ff54"": ""{\""filing_uuid\"":\""902b84e5-8c5a-4876-9fc2-0e2fd2f0ff54\"",\""filing_type\"":\""Q1\"",\""filing_year\"":2023,\""filing_period\"":\""first_quarter\"",\""income\"":\""80000.00\"",\""expenses\"":null}"", ""L-9594252c-c147-4a18-9564-ea0a40d803ad"": ""{\""filing_uuid\"":\""9594252c-c147-4a18-9564-ea0a40d803ad\"",\""filing_type\"":\""Q1\"",\""filing_year\"":2023,\""filing_period\"":\""first_quarter\"",\""income\"":\""45000.00\"",\""expenses\"":null}"", ""L-9c214c3b-8def-41ce-b79e-02d8d31c90f8"": ""{\""filing_uuid\"":\""9c214c3b-8def-41ce-b79e-02d8d31c90f8\"",\""filing_type\"":\""Q2\"",\""filing_year\"":2023,\""filing_period\"":\""second_quarter\"",\""income\"":\""50000.00\"",\""expenses\"":null}"", ""L-9d7d327c-dcef-4e6c-b1be-279a30a6fc02"": ""{\""filing_uuid\"":\""9d7d327c-dcef-4e6c-b1be-279a30a6fc02\"",\""filing_type\"":\""Q2\"",\""filing_year\"":2023,\""filing_period\"":\""second_quarter\"",\""income\"":\""60000.00\"",\""expenses\"":null}"", ""L-9d9603d1-62ab-4e59-ab3b-271ea949f794"": ""{\""filing_uuid\"":\""9d9603d1-62ab-4e59-ab3b-271ea949f794\"",\""filing_type\"":\""Q3\"",\""filing_year\"":2023,\""filing_period\"":\""third_quarter\"",\""income\"":\""60000.00\"",\""expenses\"":null}"", ""L-9f173c94-2816-4b61-9d53-bff14ac976fd"": ""{\""filing_uuid\"":\""9f173c94-2816-4b61-9d53-bff14ac976fd\"",\""filing_type\"":\""Q4\"",\""filing_year\"":2023,\""filing_period\"":\""fourth_quarter\"",\""income\"":\""50000.00\"",\""expenses\"":null}"", ""L-a048e5fa-e44e-4698-8a4f-38be65b9b343"": ""{\""filing_uuid\"":\""a048e5fa-e44e-4698-8a4f-38be65b9b343\"",\""filing_type\"":\""Q4\"",\""filing_year\"":2023,\""filing_period\"":\""fourth_quarter\"",\""income\"":\""45000.00\"",\""expenses\"":null}"", ""L-a1ca61b0-22b9-4b66-b6fc-d8d81a46d7df"": ""{\""filing_uuid\"":\""a1ca61b0-22b9-4b66-b6fc-d8d81a46d7df\"",\""filing_type\"":\""Q2\"",\""filing_year\"":2023,\""filing_period\"":\""second_quarter\"",\""income\"":\""50000.00\"",\""expenses\"":null}"", ""L-a43430cb-4b29-4ea4-a2a8-47e114105d7f"": ""{\""filing_uuid\"":\""a43430cb-4b29-4ea4-a2a8-47e114105d7f\"",\""filing_type\"":\""Q3\"",\""filing_year\"":2023,\""filing_period\"":\""third_quarter\"",\""income\"":\""50000.00\"",\""expenses\"":null}"", ""L-a4a0e5e5-3017-44b7-b197-db2964c7599e"": ""{\""filing_uuid\"":\""a4a0e5e5-3017-44b7-b197-db2964c7599e\"",\""filing_type\"":\""Q4\"",\""filing_year\"":2023,\""filing_period\"":\""fourth_quarter\"",\""income\"":\""45000.00\"",\""expenses\"":null}"", ""L-a96283a5-e2f1-4af2-b2f5-0236cec9c0f9"": ""{\""filing_uuid\"":\""a96283a5-e2f1-4af2-b2f5-0236cec9c0f9\"",\""filing_type\"":\""Q2\"",\""filing_year\"":2023,\""filing_period\"":\""second_quarter\"",\""income\"":\""45000.00\"",\""expenses\"":null}"", ""L-acea4f42-4899-4a91-8cd1-cf55ebe31ba3"": ""{\""filing_uuid\"":\""acea4f42-4899-4a91-8cd1-cf55ebe31ba3\"",\""filing_type\"":\""Q4\"",\""filing_year\"":2023,\""filing_period\"":\""fourth_quarter\"",\""income\"":\""10000.00\"",\""expenses\"":null}"", ""L-b353f5cb-1479-4507-96d1-0220f430ee4c"": ""{\""filing_uuid\"":\""b353f5cb-1479-4507-96d1-0220f430ee4c\"",\""filing_type\"":\""Q3\"",\""filing_year\"":2023,\""filing_period\"":\""third_quarter\"",\""income\"":\""30000.00\"",\""expenses\"":null}"", ""L-b838389d-8a9b-47fb-b7a2-8f6d365cf209"": ""{\""filing_uuid\"":\""b838389d-8a9b-47fb-b7a2-8f6d365cf209\"",\""filing_type\"":\""Q3\"",\""filing_year\"":2023,\""filing_period\"":\""third_quarter\"",\""income\"":\""50000.00\"",\""expenses\"":null}"", ""L-b94bc769-9773-423e-9d4c-595493489931"": ""{\""filing_uuid\"":\""b94bc769-9773-423e-9d4c-595493489931\"",\""filing_type\"":\""Q1\"",\""filing_year\"":2023,\""filing_period\"":\""first_quarter\"",\""income\"":\""10000.00\"",\""expenses\"":null}"", ""L-bc1c9a6d-c762-40b2-8e87-dcd185509985"": ""{\""filing_uuid\"":\""bc1c9a6d-c762-40b2-8e87-dcd185509985\"",\""filing_type\"":\""Q1\"",\""filing_year\"":2023,\""filing_period\"":\""first_quarter\"",\""income\"":\""170000.00\"",\""expenses\"":null}"", ""L-bf8416cc-56cc-44e3-b342-4a801c477b17"": ""{\""filing_uuid\"":\""bf8416cc-56cc-44e3-b342-4a801c477b17\"",\""filing_type\"":\""Q1\"",\""filing_year\"":2023,\""filing_period\"":\""first_quarter\"",\""income\"":\""50000.00\"",\""expenses\"":null}"", ""L-c04c944c-eb5a-4d5a-89b4-e8f22c5aba29"": ""{\""filing_uuid\"":\""c04c944c-eb5a-4d5a-89b4-e8f22c5aba29\"",\""filing_type\"":\""Q3\"",\""filing_year\"":2023,\""filing_period\"":\""third_quarter\"",\""income\"":\""80000.00\"",\""expenses\"":null}"", ""L-c20b5522-ba73-4543-9216-a7e8bcff8e98"": ""{\""filing_uuid\"":\""c20b5522-ba73-4543-9216-a7e8bcff8e98\"",\""filing_type\"":\""Q3\"",\""filing_year\"":2023,\""filing_period\"":\""third_quarter\"",\""income\"":\""10000.00\"",\""expenses\"":null}"", ""L-c5c2bfd9-eb7f-47a9-bbd1-4a10343b91aa"": ""{\""filing_uuid\"":\""c5c2bfd9-eb7f-47a9-bbd1-4a10343b91aa\"",\""filing_type\"":\""Q3\"",\""filing_year\"":2023,\""filing_period\"":\""third_quarter\"",\""income\"":\""50000.00\"",\""expenses\"":null}"", ""L-c8444ea9-4106-48a4-b187-b732200c6c93"": ""{\""filing_uuid\"":\""c8444ea9-4106-48a4-b187-b732200c6c93\"",\""filing_type\"":\""Q4\"",\""filing_year\"":2023,\""filing_period\"":\""fourth_quarter\"",\""income\"":\""170000.00\"",\""expenses\"":null}"", ""L-c92fdc2d-2ecd-408d-9930-7af0a5c7ccad"": ""{\""filing_uuid\"":\""c92fdc2d-2ecd-408d-9930-7af0a5c7ccad\"",\""filing_type\"":\""3A\"",\""filing_year\"":2023,\""filing_period\"":\""third_quarter\"",\""income\"":\""170000.00\"",\""expenses\"":null}"", ""L-cdeaabf2-6bb8-4678-85b0-4398226a8918"": ""{\""filing_uuid\"":\""cdeaabf2-6bb8-4678-85b0-4398226a8918\"",\""filing_type\"":\""Q1\"",\""filing_year\"":2023,\""filing_period\"":\""first_quarter\"",\""income\"":\""60000.00\"",\""expenses\"":null}"", ""L-ce8f746e-f956-42e7-a22f-c34426b7da9f"": ""{\""filing_uuid\"":\""ce8f746e-f956-42e7-a22f-c34426b7da9f\"",\""filing_type\"":\""Q2\"",\""filing_year\"":2023,\""filing_period\"":\""second_quarter\"",\""income\"":\""50000.00\"",\""expenses\"":null}"", ""L-cfeeb739-464d-4e56-95bb-14582efcd134"": ""{\""filing_uuid\"":\""cfeeb739-464d-4e56-95bb-14582efcd134\"",\""filing_type\"":\""Q3\"",\""filing_year\"":2023,\""filing_period\"":\""third_quarter\"",\""income\"":\""60000.00\"",\""expenses\"":null}"", ""L-d545f0fb-52de-4040-bc7b-386cb9c2459a"": ""{\""filing_uuid\"":\""d545f0fb-52de-4040-bc7b-386cb9c2459a\"",\""filing_type\"":\""Q3\"",\""filing_year\"":2023,\""filing_period\"":\""third_quarter\"",\""income\"":\""30000.00\"",\""expenses\"":null}"", ""L-d5bd6464-9017-409a-9b1c-ecd8c3110f6d"": ""{\""filing_uuid\"":\""d5bd6464-9017-409a-9b1c-ecd8c3110f6d\"",\""filing_type\"":\""Q1\"",\""filing_year\"":2023,\""filing_period\"":\""first_quarter\"",\""income\"":\""45000.00\"",\""expenses\"":null}"", ""L-d9b8532c-d9cb-4921-a3d4-99ca92fffeae"": ""{\""filing_uuid\"":\""d9b8532c-d9cb-4921-a3d4-99ca92fffeae\"",\""filing_type\"":\""Q2\"",\""filing_year\"":2023,\""filing_period\"":\""second_quarter\"",\""income\"":\""50000.00\"",\""expenses\"":null}"", ""L-da62e326-9482-4cdb-92b6-fa6cb782c91b"": ""{\""filing_uuid\"":\""da62e326-9482-4cdb-92b6-fa6cb782c91b\"",\""filing_type\"":\""Q1\"",\""filing_year\"":2023,\""filing_period\"":\""first_quarter\"",\""income\"":\""30000.00\"",\""expenses\"":null}"", ""L-db429b12-f873-46e7-9e33-aeab93095e2e"": ""{\""filing_uuid\"":\""db429b12-f873-46e7-9e33-aeab93095e2e\"",\""filing_type\"":\""Q1\"",\""filing_year\"":2023,\""filing_period\"":\""first_quarter\"",\""income\"":\""50000.00\"",\""expenses\"":null}"", ""L-db510800-2d65-48d6-b20a-005288a6708e"": ""{\""filing_uuid\"":\""db510800-2d65-48d6-b20a-005288a6708e\"",\""filing_type\"":\""Q2\"",\""filing_year\"":2023,\""filing_period\"":\""second_quarter\"",\""income\"":\""10000.00\"",\""expenses\"":null}"", ""L-e3c0655a-28c5-4cb5-85ac-63e304fc4c85"": ""{\""filing_uuid\"":\""e3c0655a-28c5-4cb5-85ac-63e304fc4c85\"",\""filing_type\"":\""Q4\"",\""filing_year\"":2023,\""filing_period\"":\""fourth_quarter\"",\""income\"":\""50000.00\"",\""expenses\"":null}"", ""L-ea6e4ce5-2247-420e-9069-46fce44a9983"": ""{\""filing_uuid\"":\""ea6e4ce5-2247-420e-9069-46fce44a9983\"",\""filing_type\"":\""Q3\"",\""filing_year\"":2023,\""filing_period\"":\""third_quarter\"",\""income\"":\""45000.00\"",\""expenses\"":null}"", ""L-f1f01fa8-79e0-4399-860f-d56bf3599bd3"": ""{\""filing_uuid\"":\""f1f01fa8-79e0-4399-860f-d56bf3599bd3\"",\""filing_type\"":\""Q2\"",\""filing_year\"":2023,\""filing_period\"":\""second_quarter\"",\""income\"":\""30000.00\"",\""expenses\"":null}""}","Sum of numeric amounts on latest eligible quarterly reports, all issues combined. Blank reports are not zero and are not added. Separately named intermediaries excluded from direct fees. Outside fees and company expenses overlap and must never be added. Latest year uses completed quarters only; no annualization. No numeric reports means OPEN, not zero spending.",USD,,,L-047d965f-4aea-44aa-8471-0f9c7753cbcf;L-061d4551-6a83-4484-9686-b7f67ff540f4;L-09637864-2423-4b3b-a7c7-1f283f41dc07;L-0a95b96b-5898-48b7-821c-59b6e43e6b30;L-0d8e84c0-0f04-4768-9a8c-2afcd33a611d;L-0f471ab0-389c-4132-ad4d-9f5513222c3a;L-12eee950-b0b4-4c26-91eb-a75c1a325e38;L-16182bef-bf52-4a58-a5a7-2a8cda9c94e0;L-1d78a58f-a566-4fdb-b32f-5443e2548aaf;L-215d38b4-af3b-4db7-b0c5-74078948c578;L-21a2704e-50bf-4618-91c3-ba5bdf6481bc;L-240c5afa-9a20-48a7-b8f9-543302e15f0f;L-249e6955-35b1-40e6-aaae-9ba52406cf64;L-2511d706-f6d6-4273-97a8-7e4f5e45408a;L-26f9e83d-63d7-45b3-9e76-a7a2c52ace83;L-302ebe6d-8c4e-44e1-b1f8-c64fc7bf36c7;L-31907aa0-46b1-4d55-b629-bdb569c9b5ff;L-3d2007f6-38b8-4adc-a717-3e85937f37ed;L-40680c39-34e4-4b18-93ff-d4d4edf76ea0;L-4084ce1f-0acf-4adc-8205-dedde60365b5;L-41d392bd-63c9-43ef-a60c-6c0e299e048b;L-42651285-1d79-43e1-9a1b-0fd388c4b911;L-4bfc16dc-6fbe-4680-a247-f8e038fd438c;L-518562c1-e87b-4e7c-9baa-94308a4d3fb7;L-5258bf02-3305-49fc-b313-94f6ae5c1cd1;L-53aa6aad-1f52-4e0b-98a7-76b9501db103;L-55a2f91e-2d32-4290-8978-3228b9fc1fc1;L-58147e3c-092f-47b6-8ec9-74aed870486e;L-5b68a57f-a780-4988-8ee6-662fa625dd3f;L-5fb397b4-c760-4124-9350-52e3b8e02eb4;L-616a3ace-6c7f-4be9-880e-a631c9058078;L-62c63301-c10f-41fb-8d10-1a698a65f630;L-64a9dc8e-1ea7-43a4-bcd3-32c5874661f1;L-71b79226-a39f-44df-ad5b-1b22d9ce45ac;L-722a1ae6-6a86-4f2a-898e-d0991eae6d17;L-73d2f85f-9704-43ba-9cb7-370f7f806f33;L-7e315fcb-88a7-4f8b-b592-834dad7686cb;L-85693868-0eed-46a5-97b9-47d2c2e0cb04;L-8c9fdfa7-2413-4f98-8595-574ce4194ee0;L-8e06ee29-63f3-493a-9e3e-2b090151dcf2;L-902b84e5-8c5a-4876-9fc2-0e2fd2f0ff54;L-9594252c-c147-4a18-9564-ea0a40d803ad;L-9c214c3b-8def-41ce-b79e-02d8d31c90f8;L-9d7d327c-dcef-4e6c-b1be-279a30a6fc02;L-9d9603d1-62ab-4e59-ab3b-271ea949f794;L-9f173c94-2816-4b61-9d53-bff14ac976fd;L-a048e5fa-e44e-4698-8a4f-38be65b9b343;L-a1ca61b0-22b9-4b66-b6fc-d8d81a46d7df;L-a43430cb-4b29-4ea4-a2a8-47e114105d7f;L-a4a0e5e5-3017-44b7-b197-db2964c7599e;L-a96283a5-e2f1-4af2-b2f5-0236cec9c0f9;L-acea4f42-4899-4a91-8cd1-cf55ebe31ba3;L-b353f5cb-1479-4507-96d1-0220f430ee4c;L-b838389d-8a9b-47fb-b7a2-8f6d365cf209;L-b94bc769-9773-423e-9d4c-595493489931;L-bc1c9a6d-c762-40b2-8e87-dcd185509985;L-bf8416cc-56cc-44e3-b342-4a801c477b17;L-c04c944c-eb5a-4d5a-89b4-e8f22c5aba29;L-c20b5522-ba73-4543-9216-a7e8bcff8e98;L-c5c2bfd9-eb7f-47a9-bbd1-4a10343b91aa;L-c8444ea9-4106-48a4-b187-b732200c6c93;L-c92fdc2d-2ecd-408d-9930-7af0a5c7ccad;L-cdeaabf2-6bb8-4678-85b0-4398226a8918;L-ce8f746e-f956-42e7-a22f-c34426b7da9f;L-cfeeb739-464d-4e56-95bb-14582efcd134;L-d545f0fb-52de-4040-bc7b-386cb9c2459a;L-d5bd6464-9017-409a-9b1c-ecd8c3110f6d;L-d9b8532c-d9cb-4921-a3d4-99ca92fffeae;L-da62e326-9482-4cdb-92b6-fa6cb782c91b;L-db429b12-f873-46e7-9e33-aeab93095e2e;L-db510800-2d65-48d6-b20a-005288a6708e;L-e3c0655a-28c5-4cb5-85ac-63e304fc4c85;L-ea6e4ce5-2247-420e-9069-46fce44a9983;L-f1f01fa8-79e0-4399-860f-d56bf3599bd3,lobbying_external_fees,sum,Google,2023,,,1;2;3;4,,,KEEP
FE-Google-2024,3910000.00,https://lda.gov/filings/public/filing/01d6a05a-30a0-4c56-8441-0a16ab0c86d5/print/,2026-09-14,"{""L-01d6a05a-30a0-4c56-8441-0a16ab0c86d5"": ""{\""filing_uuid\"":\""01d6a05a-30a0-4c56-8441-0a16ab0c86d5\"",\""filing_type\"":\""Q1\"",\""filing_year\"":2024,\""filing_period\"":\""first_quarter\"",\""income\"":\""50000.00\"",\""expenses\"":null}"", ""L-05854a39-f1fe-4778-a6e6-117d64d8ca41"": ""{\""filing_uuid\"":\""05854a39-f1fe-4778-a6e6-117d64d8ca41\"",\""filing_type\"":\""Q4\"",\""filing_year\"":2024,\""filing_period\"":\""fourth_quarter\"",\""income\"":\""200000.00\"",\""expenses\"":null}"", ""L-0d2efea3-5dc7-43fb-9b82-82297083b988"": ""{\""filing_uuid\"":\""0d2efea3-5dc7-43fb-9b82-82297083b988\"",\""filing_type\"":\""Q1\"",\""filing_year\"":2024,\""filing_period\"":\""first_quarter\"",\""income\"":\""50000.00\"",\""expenses\"":null}"", ""L-0d3c08df-8218-4b11-8633-665d1467cf40"": ""{\""filing_uuid\"":\""0d3c08df-8218-4b11-8633-665d1467cf40\"",\""filing_type\"":\""Q1\"",\""filing_year\"":2024,\""filing_period\"":\""first_quarter\"",\""income\"":\""50000.00\"",\""expenses\"":null}"", ""L-114c0d5a-b534-497f-808e-50ca7496b980"": ""{\""filing_uuid\"":\""114c0d5a-b534-497f-808e-50ca7496b980\"",\""filing_type\"":\""Q4\"",\""filing_year\"":2024,\""filing_period\"":\""fourth_quarter\"",\""income\"":\""70000.00\"",\""expenses\"":null}"", ""L-1713982b-0c60-440e-9db8-97702d973841"": ""{\""filing_uuid\"":\""1713982b-0c60-440e-9db8-97702d973841\"",\""filing_type\"":\""Q4\"",\""filing_year\"":2024,\""filing_period\"":\""fourth_quarter\"",\""income\"":\""50000.00\"",\""expenses\"":null}"", ""L-20e03b6f-1d0b-4ea4-be0b-e7d9671d1c8d"": ""{\""filing_uuid\"":\""20e03b6f-1d0b-4ea4-be0b-e7d9671d1c8d\"",\""filing_type\"":\""Q3\"",\""filing_year\"":2024,\""filing_period\"":\""third_quarter\"",\""income\"":\""50000.00\"",\""expenses\"":null}"", ""L-22e9129c-01cc-4c8f-b115-3e8423bd992d"": ""{\""filing_uuid\"":\""22e9129c-01cc-4c8f-b115-3e8423bd992d\"",\""filing_type\"":\""Q3\"",\""filing_year\"":2024,\""filing_period\"":\""third_quarter\"",\""income\"":\""80000.00\"",\""expenses\"":null}"", ""L-282ba365-acba-4ab6-8c23-d1c1aab76e04"": ""{\""filing_uuid\"":\""282ba365-acba-4ab6-8c23-d1c1aab76e04\"",\""filing_type\"":\""Q1\"",\""filing_year\"":2024,\""filing_period\"":\""first_quarter\"",\""income\"":\""45000.00\"",\""expenses\"":null}"", ""L-28a5ba3d-642b-41af-9de5-b3c8acdbaf52"": ""{\""filing_uuid\"":\""28a5ba3d-642b-41af-9de5-b3c8acdbaf52\"",\""filing_type\"":\""Q4\"",\""filing_year\"":2024,\""filing_period\"":\""fourth_quarter\"",\""income\"":\""50000.00\"",\""expenses\"":null}"", ""L-2ae12d04-d9ef-4c82-832d-aa850a1de2bd"": ""{\""filing_uuid\"":\""2ae12d04-d9ef-4c82-832d-aa850a1de2bd\"",\""filing_type\"":\""Q1\"",\""filing_year\"":2024,\""filing_period\"":\""first_quarter\"",\""income\"":\""45000.00\"",\""expenses\"":null}"", ""L-30831184-78d4-44f9-847c-e642d36ebf30"": ""{\""filing_uuid\"":\""30831184-78d4-44f9-847c-e642d36ebf30\"",\""filing_type\"":\""Q1\"",\""filing_year\"":2024,\""filing_period\"":\""first_quarter\"",\""income\"":\""30000.00\"",\""expenses\"":null}"", ""L-32725bc4-464e-499f-9a56-9b217e0435b7"": ""{\""filing_uuid\"":\""32725bc4-464e-499f-9a56-9b217e0435b7\"",\""filing_type\"":\""Q3\"",\""filing_year\"":2024,\""filing_period\"":\""third_quarter\"",\""income\"":\""50000.00\"",\""expenses\"":null}"", ""L-35f0eaeb-42d9-456e-8133-8f015542d234"": ""{\""filing_uuid\"":\""35f0eaeb-42d9-456e-8133-8f015542d234\"",\""filing_type\"":\""Q2\"",\""filing_year\"":2024,\""filing_period\"":\""second_quarter\"",\""income\"":\""50000.00\"",\""expenses\"":null}"", ""L-38065b83-aab9-481c-88e0-80f872f0f946"": ""{\""filing_uuid\"":\""38065b83-aab9-481c-88e0-80f872f0f946\"",\""filing_type\"":\""Q2\"",\""filing_year\"":2024,\""filing_period\"":\""second_quarter\"",\""income\"":\""60000.00\"",\""expenses\"":null}"", ""L-3aed6e5c-e325-405c-947d-27c7300c03b1"": ""{\""filing_uuid\"":\""3aed6e5c-e325-405c-947d-27c7300c03b1\"",\""filing_type\"":\""Q2\"",\""filing_year\"":2024,\""filing_period\"":\""second_quarter\"",\""income\"":\""60000.00\"",\""expenses\"":null}"", ""L-3c4b8921-6554-44ba-adc5-f8c47dd2ab10"": ""{\""filing_uuid\"":\""3c4b8921-6554-44ba-adc5-f8c47dd2ab10\"",\""filing_type\"":\""Q4\"",\""filing_year\"":2024,\""filing_period\"":\""fourth_quarter\"",\""income\"":\""70000.00\"",\""expenses\"":null}"", ""L-46d11929-e81e-4920-be32-2beb0751a53d"": ""{\""filing_uuid\"":\""46d11929-e81e-4920-be32-2beb0751a53d\"",\""filing_type\"":\""Q4\"",\""filing_year\"":2024,\""filing_period\"":\""fourth_quarter\"",\""income\"":\""30000.00\"",\""expenses\"":null}"", ""L-47769004-67f0-4eef-a8f2-aa7508cf070d"": ""{\""filing_uuid\"":\""47769004-67f0-4eef-a8f2-aa7508cf070d\"",\""filing_type\"":\""Q4\"",\""filing_year\"":2024,\""filing_period\"":\""fourth_quarter\"",\""income\"":\""30000.00\"",\""expenses\"":null}"", ""L-491c608a-2bd4-44f6-a93c-1cd06043d486"": ""{\""filing_uuid\"":\""491c608a-2bd4-44f6-a93c-1cd06043d486\"",\""filing_type\"":\""Q4\"",\""filing_year\"":2024,\""filing_period\"":\""fourth_quarter\"",\""income\"":\""45000.00\"",\""expenses\"":null}"", ""L-4b817d29-8825-4a7a-9999-a914e756ee27"": ""{\""filing_uuid\"":\""4b817d29-8825-4a7a-9999-a914e756ee27\"",\""filing_type\"":\""Q1\"",\""filing_year\"":2024,\""filing_period\"":\""first_quarter\"",\""income\"":\""170000.00\"",\""expenses\"":null}"", ""L-4d546329-8fa7-4550-a95a-c4e3bda1a812"": ""{\""filing_uuid\"":\""4d546329-8fa7-4550-a95a-c4e3bda1a812\"",\""filing_type\"":\""Q2\"",\""filing_year\"":2024,\""filing_period\"":\""second_quarter\"",\""income\"":\""50000.00\"",\""expenses\"":null}"", ""L-508914f7-087b-4001-a1c9-40b50a6386c1"": ""{\""filing_uuid\"":\""508914f7-087b-4001-a1c9-40b50a6386c1\"",\""filing_type\"":\""Q3\"",\""filing_year\"":2024,\""filing_period\"":\""third_quarter\"",\""income\"":\""45000.00\"",\""expenses\"":null}"", ""L-50fec3ee-6aa0-4f7d-9eab-867639e4ab0d"": ""{\""filing_uuid\"":\""50fec3ee-6aa0-4f7d-9eab-867639e4ab0d\"",\""filing_type\"":\""Q1\"",\""filing_year\"":2024,\""filing_period\"":\""first_quarter\"",\""income\"":\""30000.00\"",\""expenses\"":null}"", ""L-54667163-5f71-4351-a509-ea064f8026a7"": ""{\""filing_uuid\"":\""54667163-5f71-4351-a509-ea064f8026a7\"",\""filing_type\"":\""Q2\"",\""filing_year\"":2024,\""filing_period\"":\""second_quarter\"",\""income\"":\""60000.00\"",\""expenses\"":null}"", ""L-572d557c-f90d-4553-93ce-9884416e027e"": ""{\""filing_uuid\"":\""572d557c-f90d-4553-93ce-9884416e027e\"",\""filing_type\"":\""Q3\"",\""filing_year\"":2024,\""filing_period\"":\""third_quarter\"",\""income\"":\""45000.00\"",\""expenses\"":null}"", ""L-58df705e-a2f9-4ec1-83bc-58e442649ee6"": ""{\""filing_uuid\"":\""58df705e-a2f9-4ec1-83bc-58e442649ee6\"",\""filing_type\"":\""Q2\"",\""filing_year\"":2024,\""filing_period\"":\""second_quarter\"",\""income\"":\""30000.00\"",\""expenses\"":null}"", ""L-605c2e1c-64d2-4ba1-8fc1-1730caf11dcf"": ""{\""filing_uuid\"":\""605c2e1c-64d2-4ba1-8fc1-1730caf11dcf\"",\""filing_type\"":\""Q3\"",\""filing_year\"":2024,\""filing_period\"":\""third_quarter\"",\""income\"":\""50000.00\"",\""expenses\"":null}"", ""L-62996bd9-8f2e-482c-ad61-b6924b1c89bd"": ""{\""filing_uuid\"":\""62996bd9-8f2e-482c-ad61-b6924b1c89bd\"",\""filing_type\"":\""Q2\"",\""filing_year\"":2024,\""filing_period\"":\""second_quarter\"",\""income\"":\""45000.00\"",\""expenses\"":null}"", ""L-66b59299-90e0-4879-8f89-3946835126b2"": ""{\""filing_uuid\"":\""66b59299-90e0-4879-8f89-3946835126b2\"",\""filing_type\"":\""Q4\"",\""filing_year\"":2024,\""filing_period\"":\""fourth_quarter\"",\""income\"":\""50000.00\"",\""expenses\"":null}"", ""L-750b08b8-7b0a-4c0c-a8d5-a6366e799594"": ""{\""filing_uuid\"":\""750b08b8-7b0a-4c0c-a8d5-a6366e799594\"",\""filing_type\"":\""Q1\"",\""filing_year\"":2024,\""filing_period\"":\""first_quarter\"",\""income\"":\""50000.00\"",\""expenses\"":null}"", ""L-76286f50-63ee-4b71-97f8-88db0d269282"": ""{\""filing_uuid\"":\""76286f50-63ee-4b71-97f8-88db0d269282\"",\""filing_type\"":\""Q1\"",\""filing_year\"":2024,\""filing_period\"":\""first_quarter\"",\""income\"":\""80000.00\"",\""expenses\"":null}"", ""L-7953663d-1d98-4108-b002-51aeea8fa83f"": ""{\""filing_uuid\"":\""7953663d-1d98-4108-b002-51aeea8fa83f\"",\""filing_type\"":\""Q3\"",\""filing_year\"":2024,\""filing_period\"":\""third_quarter\"",\""income\"":\""70000.00\"",\""expenses\"":null}"", ""L-7b7647b1-8c54-4af5-88b8-6a3ab43440e7"": ""{\""filing_uuid\"":\""7b7647b1-8c54-4af5-88b8-6a3ab43440e7\"",\""filing_type\"":\""Q2\"",\""filing_year\"":2024,\""filing_period\"":\""second_quarter\"",\""income\"":\""50000.00\"",\""expenses\"":null}"", ""L-7ef5e1e5-20bf-45b5-9f6f-4c5f26da13ad"": ""{\""filing_uuid\"":\""7ef5e1e5-20bf-45b5-9f6f-4c5f26da13ad\"",\""filing_type\"":\""Q2\"",\""filing_year\"":2024,\""filing_period\"":\""second_quarter\"",\""income\"":\""30000.00\"",\""expenses\"":null}"", ""L-82eb1475-f094-4491-bdd7-1e5f360b48e1"": ""{\""filing_uuid\"":\""82eb1475-f094-4491-bdd7-1e5f360b48e1\"",\""filing_type\"":\""Q3\"",\""filing_year\"":2024,\""filing_period\"":\""third_quarter\"",\""income\"":\""30000.00\"",\""expenses\"":null}"", ""L-84321e78-5b59-4015-accd-037e40c4ddc7"": ""{\""filing_uuid\"":\""84321e78-5b59-4015-accd-037e40c4ddc7\"",\""filing_type\"":\""Q1\"",\""filing_year\"":2024,\""filing_period\"":\""first_quarter\"",\""income\"":\""50000.00\"",\""expenses\"":null}"", ""L-91c5b495-94de-415f-9937-1b49bef581d6"": ""{\""filing_uuid\"":\""91c5b495-94de-415f-9937-1b49bef581d6\"",\""filing_type\"":\""Q3\"",\""filing_year\"":2024,\""filing_period\"":\""third_quarter\"",\""income\"":\""50000.00\"",\""expenses\"":null}"", ""L-9ce6e172-6996-49c9-8441-55b25149925b"": ""{\""filing_uuid\"":\""9ce6e172-6996-49c9-8441-55b25149925b\"",\""filing_type\"":\""Q4\"",\""filing_year\"":2024,\""filing_period\"":\""fourth_quarter\"",\""income\"":\""50000.00\"",\""expenses\"":null}"", ""L-a166d47d-e73b-4dea-9223-15f1a9286e3c"": ""{\""filing_uuid\"":\""a166d47d-e73b-4dea-9223-15f1a9286e3c\"",\""filing_type\"":\""Q2\"",\""filing_year\"":2024,\""filing_period\"":\""second_quarter\"",\""income\"":\""50000.00\"",\""expenses\"":null}"", ""L-a4a7b7f6-5fc0-4803-896f-c5317a279079"": ""{\""filing_uuid\"":\""a4a7b7f6-5fc0-4803-896f-c5317a279079\"",\""filing_type\"":\""Q3\"",\""filing_year\"":2024,\""filing_period\"":\""third_quarter\"",\""income\"":\""60000.00\"",\""expenses\"":null}"", ""L-a5e08ac6-6efe-47bf-aa47-e39120cbedfd"": ""{\""filing_uuid\"":\""a5e08ac6-6efe-47bf-aa47-e39120cbedfd\"",\""filing_type\"":\""Q3\"",\""filing_year\"":2024,\""filing_period\"":\""third_quarter\"",\""income\"":\""50000.00\"",\""expenses\"":null}"", ""L-a6c8dd75-c249-44ed-b0fc-075cc66b0c56"": ""{\""filing_uuid\"":\""a6c8dd75-c249-44ed-b0fc-075cc66b0c56\"",\""filing_type\"":\""Q2\"",\""filing_year\"":2024,\""filing_period\"":\""second_quarter\"",\""income\"":\""45000.00\"",\""expenses\"":null}"", ""L-a97a24af-4739-43c9-aa9c-93f1bd2ab829"": ""{\""filing_uuid\"":\""a97a24af-4739-43c9-aa9c-93f1bd2ab829\"",\""filing_type\"":\""Q4\"",\""filing_year\"":2024,\""filing_period\"":\""fourth_quarter\"",\""income\"":\""45000.00\"",\""expenses\"":null}"", ""L-b1237ef2-341c-40a7-bf47-3bdaed696413"": ""{\""filing_uuid\"":\""b1237ef2-341c-40a7-bf47-3bdaed696413\"",\""filing_type\"":\""Q2\"",\""filing_year\"":2024,\""filing_period\"":\""second_quarter\"",\""income\"":\""80000.00\"",\""expenses\"":null}"", ""L-b40af986-4184-4ea2-b11b-00e34d588c24"": ""{\""filing_uuid\"":\""b40af986-4184-4ea2-b11b-00e34d588c24\"",\""filing_type\"":\""Q4\"",\""filing_year\"":2024,\""filing_period\"":\""fourth_quarter\"",\""income\"":\""60000.00\"",\""expenses\"":null}"", ""L-b75e1720-384a-42c1-b75a-2cddf881c5c4"": ""{\""filing_uuid\"":\""b75e1720-384a-42c1-b75a-2cddf881c5c4\"",\""filing_type\"":\""Q3\"",\""filing_year\"":2024,\""filing_period\"":\""third_quarter\"",\""income\"":\""100000.00\"",\""expenses\"":null}"", ""L-b7f1f93d-8cea-46f2-992a-373c3570da58"": ""{\""filing_uuid\"":\""b7f1f93d-8cea-46f2-992a-373c3570da58\"",\""filing_type\"":\""Q3\"",\""filing_year\"":2024,\""filing_period\"":\""third_quarter\"",\""income\"":\""60000.00\"",\""expenses\"":null}"", ""L-b927ada2-bf41-41bc-8574-d5ae27b303ac"": ""{\""filing_uuid\"":\""b927ada2-bf41-41bc-8574-d5ae27b303ac\"",\""filing_type\"":\""Q1\"",\""filing_year\"":2024,\""filing_period\"":\""first_quarter\"",\""income\"":\""50000.00\"",\""expenses\"":null}"", ""L-bca19bbb-16d9-4b51-b8e5-38a6baec512e"": ""{\""filing_uuid\"":\""bca19bbb-16d9-4b51-b8e5-38a6baec512e\"",\""filing_type\"":\""Q2\"",\""filing_year\"":2024,\""filing_period\"":\""second_quarter\"",\""income\"":\""30000.00\"",\""expenses\"":null}"", ""L-bdf24b70-74b8-4cba-87f5-cb73ddb23527"": ""{\""filing_uuid\"":\""bdf24b70-74b8-4cba-87f5-cb73ddb23527\"",\""filing_type\"":\""Q1\"",\""filing_year\"":2024,\""filing_period\"":\""first_quarter\"",\""income\"":\""60000.00\"",\""expenses\"":null}"", ""L-c4485701-7fe0-4aaa-b9eb-3a1e83ea958b"": ""{\""filing_uuid\"":\""c4485701-7fe0-4aaa-b9eb-3a1e83ea958b\"",\""filing_type\"":\""Q1\"",\""filing_year\"":2024,\""filing_period\"":\""first_quarter\"",\""income\"":\""30000.00\"",\""expenses\"":null}"", ""L-c53b8957-5e36-4639-9aba-39a014f658e0"": ""{\""filing_uuid\"":\""c53b8957-5e36-4639-9aba-39a014f658e0\"",\""filing_type\"":\""Q4\"",\""filing_year\"":2024,\""filing_period\"":\""fourth_quarter\"",\""income\"":\""60000.00\"",\""expenses\"":null}"", ""L-da2fcf9d-1cc3-4a64-9f85-d043157520ec"": ""{\""filing_uuid\"":\""da2fcf9d-1cc3-4a64-9f85-d043157520ec\"",\""filing_type\"":\""Q4\"",\""filing_year\"":2024,\""filing_period\"":\""fourth_quarter\"",\""income\"":\""80000.00\"",\""expenses\"":null}"", ""L-daae5827-b21a-463a-bee4-98620f45e834"": ""{\""filing_uuid\"":\""daae5827-b21a-463a-bee4-98620f45e834\"",\""filing_type\"":\""Q3\"",\""filing_year\"":2024,\""filing_period\"":\""third_quarter\"",\""income\"":\""200000.00\"",\""expenses\"":null}"", ""L-db5841bb-d174-4877-b092-9af73b138f05"": ""{\""filing_uuid\"":\""db5841bb-d174-4877-b092-9af73b138f05\"",\""filing_type\"":\""Q1\"",\""filing_year\"":2024,\""filing_period\"":\""first_quarter\"",\""income\"":\""10000.00\"",\""expenses\"":null}"", ""L-e4b0af85-d36f-4541-a821-4037b263a234"": ""{\""filing_uuid\"":\""e4b0af85-d36f-4541-a821-4037b263a234\"",\""filing_type\"":\""Q1\"",\""filing_year\"":2024,\""filing_period\"":\""first_quarter\"",\""income\"":\""60000.00\"",\""expenses\"":null}"", ""L-e55ebe5d-a6d3-4d96-a150-33651fe1dc11"": ""{\""filing_uuid\"":\""e55ebe5d-a6d3-4d96-a150-33651fe1dc11\"",\""filing_type\"":\""Q4\"",\""filing_year\"":2024,\""filing_period\"":\""fourth_quarter\"",\""income\"":\""100000.00\"",\""expenses\"":null}"", ""L-e9b3c06d-f82a-4cd0-be31-edaf157fa184"": ""{\""filing_uuid\"":\""e9b3c06d-f82a-4cd0-be31-edaf157fa184\"",\""filing_type\"":\""Q4\"",\""filing_year\"":2024,\""filing_period\"":\""fourth_quarter\"",\""income\"":\""30000.00\"",\""expenses\"":null}"", ""L-f01ab478-c3f5-4677-b469-4296cd7b2a9f"": ""{\""filing_uuid\"":\""f01ab478-c3f5-4677-b469-4296cd7b2a9f\"",\""filing_type\"":\""Q2\"",\""filing_year\"":2024,\""filing_period\"":\""second_quarter\"",\""income\"":\""60000.00\"",\""expenses\"":null}"", ""L-f0bc7282-c63e-43a5-822a-dc39c28d34ce"": ""{\""filing_uuid\"":\""f0bc7282-c63e-43a5-822a-dc39c28d34ce\"",\""filing_type\"":\""Q3\"",\""filing_year\"":2024,\""filing_period\"":\""third_quarter\"",\""income\"":\""10000.00\"",\""expenses\"":null}"", ""L-f3daa1e2-365d-4ca2-82db-d57f62b18870"": ""{\""filing_uuid\"":\""f3daa1e2-365d-4ca2-82db-d57f62b18870\"",\""filing_type\"":\""Q2\"",\""filing_year\"":2024,\""filing_period\"":\""second_quarter\"",\""income\"":\""50000.00\"",\""expenses\"":null}"", ""L-f4d3e036-10f0-4cda-bc90-b48fed60741b"": ""{\""filing_uuid\"":\""f4d3e036-10f0-4cda-bc90-b48fed60741b\"",\""filing_type\"":\""Q2\"",\""filing_year\"":2024,\""filing_period\"":\""second_quarter\"",\""income\"":\""200000.00\"",\""expenses\"":null}"", ""L-f7bd05b9-2c53-4dd4-85df-e247888ef2b2"": ""{\""filing_uuid\"":\""f7bd05b9-2c53-4dd4-85df-e247888ef2b2\"",\""filing_type\"":\""Q3\"",\""filing_year\"":2024,\""filing_period\"":\""third_quarter\"",\""income\"":\""30000.00\"",\""expenses\"":null}"", ""L-f9424f9c-195b-42cc-8e89-8947d64be004"": ""{\""filing_uuid\"":\""f9424f9c-195b-42cc-8e89-8947d64be004\"",\""filing_type\"":\""Q1\"",\""filing_year\"":2024,\""filing_period\"":\""first_quarter\"",\""income\"":\""60000.00\"",\""expenses\"":null}"", ""L-f9c21f52-cc83-4094-85bf-d5e8b3ca4b22"": ""{\""filing_uuid\"":\""f9c21f52-cc83-4094-85bf-d5e8b3ca4b22\"",\""filing_type\"":\""Q3\"",\""filing_year\"":2024,\""filing_period\"":\""third_quarter\"",\""income\"":\""30000.00\"",\""expenses\"":null}"", ""L-fa27f916-c513-40ef-9cfd-d129c063b39d"": ""{\""filing_uuid\"":\""fa27f916-c513-40ef-9cfd-d129c063b39d\"",\""filing_type\"":\""Q2\"",\""filing_year\"":2024,\""filing_period\"":\""second_quarter\"",\""income\"":\""10000.00\"",\""expenses\"":null}""}","Sum of numeric amounts on latest eligible quarterly reports, all issues combined. Blank reports are not zero and are not added. Separately named intermediaries excluded from direct fees. Outside fees and company expenses overlap and must never be added. Latest year uses completed quarters only; no annualization. No numeric reports means OPEN, not zero spending.",USD,,,L-01d6a05a-30a0-4c56-8441-0a16ab0c86d5;L-05854a39-f1fe-4778-a6e6-117d64d8ca41;L-0d2efea3-5dc7-43fb-9b82-82297083b988;L-0d3c08df-8218-4b11-8633-665d1467cf40;L-114c0d5a-b534-497f-808e-50ca7496b980;L-1713982b-0c60-440e-9db8-97702d973841;L-20e03b6f-1d0b-4ea4-be0b-e7d9671d1c8d;L-22e9129c-01cc-4c8f-b115-3e8423bd992d;L-282ba365-acba-4ab6-8c23-d1c1aab76e04;L-28a5ba3d-642b-41af-9de5-b3c8acdbaf52;L-2ae12d04-d9ef-4c82-832d-aa850a1de2bd;L-30831184-78d4-44f9-847c-e642d36ebf30;L-32725bc4-464e-499f-9a56-9b217e0435b7;L-35f0eaeb-42d9-456e-8133-8f015542d234;L-38065b83-aab9-481c-88e0-80f872f0f946;L-3aed6e5c-e325-405c-947d-27c7300c03b1;L-3c4b8921-6554-44ba-adc5-f8c47dd2ab10;L-46d11929-e81e-4920-be32-2beb0751a53d;L-47769004-67f0-4eef-a8f2-aa7508cf070d;L-491c608a-2bd4-44f6-a93c-1cd06043d486;L-4b817d29-8825-4a7a-9999-a914e756ee27;L-4d546329-8fa7-4550-a95a-c4e3bda1a812;L-508914f7-087b-4001-a1c9-40b50a6386c1;L-50fec3ee-6aa0-4f7d-9eab-867639e4ab0d;L-54667163-5f71-4351-a509-ea064f8026a7;L-572d557c-f90d-4553-93ce-9884416e027e;L-58df705e-a2f9-4ec1-83bc-58e442649ee6;L-605c2e1c-64d2-4ba1-8fc1-1730caf11dcf;L-62996bd9-8f2e-482c-ad61-b6924b1c89bd;L-66b59299-90e0-4879-8f89-3946835126b2;L-750b08b8-7b0a-4c0c-a8d5-a6366e799594;L-76286f50-63ee-4b71-97f8-88db0d269282;L-7953663d-1d98-4108-b002-51aeea8fa83f;L-7b7647b1-8c54-4af5-88b8-6a3ab43440e7;L-7ef5e1e5-20bf-45b5-9f6f-4c5f26da13ad;L-82eb1475-f094-4491-bdd7-1e5f360b48e1;L-84321e78-5b59-4015-accd-037e40c4ddc7;L-91c5b495-94de-415f-9937-1b49bef581d6;L-9ce6e172-6996-49c9-8441-55b25149925b;L-a166d47d-e73b-4dea-9223-15f1a9286e3c;L-a4a7b7f6-5fc0-4803-896f-c5317a279079;L-a5e08ac6-6efe-47bf-aa47-e39120cbedfd;L-a6c8dd75-c249-44ed-b0fc-075cc66b0c56;L-a97a24af-4739-43c9-aa9c-93f1bd2ab829;L-b1237ef2-341c-40a7-bf47-3bdaed696413;L-b40af986-4184-4ea2-b11b-00e34d588c24;L-b75e1720-384a-42c1-b75a-2cddf881c5c4;L-b7f1f93d-8cea-46f2-992a-373c3570da58;L-b927ada2-bf41-41bc-8574-d5ae27b303ac;L-bca19bbb-16d9-4b51-b8e5-38a6baec512e;L-bdf24b70-74b8-4cba-87f5-cb73ddb23527;L-c4485701-7fe0-4aaa-b9eb-3a1e83ea958b;L-c53b8957-5e36-4639-9aba-39a014f658e0;L-da2fcf9d-1cc3-4a64-9f85-d043157520ec;L-daae5827-b21a-463a-bee4-98620f45e834;L-db5841bb-d174-4877-b092-9af73b138f05;L-e4b0af85-d36f-4541-a821-4037b263a234;L-e55ebe5d-a6d3-4d96-a150-33651fe1dc11;L-e9b3c06d-f82a-4cd0-be31-edaf157fa184;L-f01ab478-c3f5-4677-b469-4296cd7b2a9f;L-f0bc7282-c63e-43a5-822a-dc39c28d34ce;L-f3daa1e2-365d-4ca2-82db-d57f62b18870;L-f4d3e036-10f0-4cda-bc90-b48fed60741b;L-f7bd05b9-2c53-4dd4-85df-e247888ef2b2;L-f9424f9c-195b-42cc-8e89-8947d64be004;L-f9c21f52-cc83-4094-85bf-d5e8b3ca4b22;L-fa27f916-c513-40ef-9cfd-d129c063b39d,lobbying_external_fees,sum,Google,2024,,,1;2;3;4,,,KEEP
FE-Google-2025,4770000.00,https://lda.gov/filings/public/filing/04997d3a-44c2-4553-ac05-6792b6ff342e/print/,2026-09-14,"{""L-04997d3a-44c2-4553-ac05-6792b6ff342e"": ""{\""filing_uuid\"":\""04997d3a-44c2-4553-ac05-6792b6ff342e\"",\""filing_type\"":\""Q3\"",\""filing_year\"":2025,\""filing_period\"":\""third_quarter\"",\""income\"":\""50000.00\"",\""expenses\"":null}"", ""L-09a05db6-a3f0-4310-b32d-bfbb62156c25"": ""{\""filing_uuid\"":\""09a05db6-a3f0-4310-b32d-bfbb62156c25\"",\""filing_type\"":\""Q1\"",\""filing_year\"":2025,\""filing_period\"":\""first_quarter\"",\""income\"":\""60000.00\"",\""expenses\"":null}"", ""L-0f9a84fa-3a96-421f-b280-f2c635c07e0c"": ""{\""filing_uuid\"":\""0f9a84fa-3a96-421f-b280-f2c635c07e0c\"",\""filing_type\"":\""Q1\"",\""filing_year\"":2025,\""filing_period\"":\""first_quarter\"",\""income\"":\""50000.00\"",\""expenses\"":null}"", ""L-14f03996-3644-4334-89b2-5eb1250a2be8"": ""{\""filing_uuid\"":\""14f03996-3644-4334-89b2-5eb1250a2be8\"",\""filing_type\"":\""4T\"",\""filing_year\"":2025,\""filing_period\"":\""fourth_quarter\"",\""income\"":\""50000.00\"",\""expenses\"":null}"", ""L-1f79f12e-3b8a-49ab-af0b-b5953466bbf2"": ""{\""filing_uuid\"":\""1f79f12e-3b8a-49ab-af0b-b5953466bbf2\"",\""filing_type\"":\""Q1\"",\""filing_year\"":2025,\""filing_period\"":\""first_quarter\"",\""income\"":\""140000.00\"",\""expenses\"":null}"", ""L-26b66184-467c-4a34-9110-f94aada0bb1c"": ""{\""filing_uuid\"":\""26b66184-467c-4a34-9110-f94aada0bb1c\"",\""filing_type\"":\""Q4\"",\""filing_year\"":2025,\""filing_period\"":\""fourth_quarter\"",\""income\"":\""40000.00\"",\""expenses\"":null}"", ""L-2be0da5e-0104-4f01-af96-252c922bb643"": ""{\""filing_uuid\"":\""2be0da5e-0104-4f01-af96-252c922bb643\"",\""filing_type\"":\""Q4\"",\""filing_year\"":2025,\""filing_period\"":\""fourth_quarter\"",\""income\"":\""50000.00\"",\""expenses\"":null}"", ""L-2e1f6a15-b924-43ac-a3b6-80dec84eafb4"": ""{\""filing_uuid\"":\""2e1f6a15-b924-43ac-a3b6-80dec84eafb4\"",\""filing_type\"":\""Q3\"",\""filing_year\"":2025,\""filing_period\"":\""third_quarter\"",\""income\"":\""80000.00\"",\""expenses\"":null}"", ""L-30e21189-1af6-4398-a43d-84b85cf457d9"": ""{\""filing_uuid\"":\""30e21189-1af6-4398-a43d-84b85cf457d9\"",\""filing_type\"":\""Q3\"",\""filing_year\"":2025,\""filing_period\"":\""third_quarter\"",\""income\"":\""30000.00\"",\""expenses\"":null}"", ""L-3153f7f7-0225-4eb2-999f-d2990c405927"": ""{\""filing_uuid\"":\""3153f7f7-0225-4eb2-999f-d2990c405927\"",\""filing_type\"":\""Q3\"",\""filing_year\"":2025,\""filing_period\"":\""third_quarter\"",\""income\"":\""130000.00\"",\""expenses\"":null}"", ""L-38fb0703-9f2c-4b98-bce7-ba13637e3605"": ""{\""filing_uuid\"":\""38fb0703-9f2c-4b98-bce7-ba13637e3605\"",\""filing_type\"":\""Q4\"",\""filing_year\"":2025,\""filing_period\"":\""fourth_quarter\"",\""income\"":\""70000.00\"",\""expenses\"":null}"", ""L-3a9370ec-91fd-44ca-b08e-1cb4cefcff9d"": ""{\""filing_uuid\"":\""3a9370ec-91fd-44ca-b08e-1cb4cefcff9d\"",\""filing_type\"":\""Q3\"",\""filing_year\"":2025,\""filing_period\"":\""third_quarter\"",\""income\"":\""30000.00\"",\""expenses\"":null}"", ""L-40229a4f-ba7a-43b6-9143-0ce058f0ab2a"": ""{\""filing_uuid\"":\""40229a4f-ba7a-43b6-9143-0ce058f0ab2a\"",\""filing_type\"":\""Q4\"",\""filing_year\"":2025,\""filing_period\"":\""fourth_quarter\"",\""income\"":\""210000.00\"",\""expenses\"":null}"", ""L-46ba960b-dd6b-40d5-a792-d996c941f2fd"": ""{\""filing_uuid\"":\""46ba960b-dd6b-40d5-a792-d996c941f2fd\"",\""filing_type\"":\""1A\"",\""filing_year\"":2025,\""filing_period\"":\""first_quarter\"",\""income\"":\""210000.00\"",\""expenses\"":null}"", ""L-47e15bd1-acc6-4220-bb24-3b3c384238ca"": ""{\""filing_uuid\"":\""47e15bd1-acc6-4220-bb24-3b3c384238ca\"",\""filing_type\"":\""Q2\"",\""filing_year\"":2025,\""filing_period\"":\""second_quarter\"",\""income\"":\""50000.00\"",\""expenses\"":null}"", ""L-52638f7c-7548-46be-9101-1eac1423bb7f"": ""{\""filing_uuid\"":\""52638f7c-7548-46be-9101-1eac1423bb7f\"",\""filing_type\"":\""1T\"",\""filing_year\"":2025,\""filing_period\"":\""first_quarter\"",\""income\"":\""30000.00\"",\""expenses\"":null}"", ""L-55b21574-8e87-44af-b487-e1c5b57077c9"": ""{\""filing_uuid\"":\""55b21574-8e87-44af-b487-e1c5b57077c9\"",\""filing_type\"":\""Q2\"",\""filing_year\"":2025,\""filing_period\"":\""second_quarter\"",\""income\"":\""130000.00\"",\""expenses\"":null}"", ""L-5d569db2-6242-44d0-940e-1f112a3a8874"": ""{\""filing_uuid\"":\""5d569db2-6242-44d0-940e-1f112a3a8874\"",\""filing_type\"":\""Q3\"",\""filing_year\"":2025,\""filing_period\"":\""third_quarter\"",\""income\"":\""210000.00\"",\""expenses\"":null}"", ""L-5d6f30f6-ebc8-4074-b514-412626280494"": ""{\""filing_uuid\"":\""5d6f30f6-ebc8-4074-b514-412626280494\"",\""filing_type\"":\""Q2\"",\""filing_year\"":2025,\""filing_period\"":\""second_quarter\"",\""income\"":\""50000.00\"",\""expenses\"":null}"", ""L-5f5bff4f-0eee-4e29-847a-fbf97637cd00"": ""{\""filing_uuid\"":\""5f5bff4f-0eee-4e29-847a-fbf97637cd00\"",\""filing_type\"":\""Q2\"",\""filing_year\"":2025,\""filing_period\"":\""second_quarter\"",\""income\"":\""60000.00\"",\""expenses\"":null}"", ""L-661b18ad-fef3-4976-abcc-0982602dd4d8"": ""{\""filing_uuid\"":\""661b18ad-fef3-4976-abcc-0982602dd4d8\"",\""filing_type\"":\""Q3\"",\""filing_year\"":2025,\""filing_period\"":\""third_quarter\"",\""income\"":\""50000.00\"",\""expenses\"":null}"", ""L-68742d08-cd99-4fee-acf5-bbe27920c15f"": ""{\""filing_uuid\"":\""68742d08-cd99-4fee-acf5-bbe27920c15f\"",\""filing_type\"":\""Q2\"",\""filing_year\"":2025,\""filing_period\"":\""second_quarter\"",\""income\"":\""105000.00\"",\""expenses\"":null}"", ""L-68ceca3f-c3f6-4bc3-982e-7513fc5e0787"": ""{\""filing_uuid\"":\""68ceca3f-c3f6-4bc3-982e-7513fc5e0787\"",\""filing_type\"":\""Q3\"",\""filing_year\"":2025,\""filing_period\"":\""third_quarter\"",\""income\"":\""50000.00\"",\""expenses\"":null}"", ""L-717e5d8c-4c2b-4a61-adf5-6b032066c159"": ""{\""filing_uuid\"":\""717e5d8c-4c2b-4a61-adf5-6b032066c159\"",\""filing_type\"":\""Q4\"",\""filing_year\"":2025,\""filing_period\"":\""fourth_quarter\"",\""income\"":\""60000.00\"",\""expenses\"":null}"", ""L-7510ec08-d770-4cd7-8516-55b40d4d304f"": ""{\""filing_uuid\"":\""7510ec08-d770-4cd7-8516-55b40d4d304f\"",\""filing_type\"":\""Q4\"",\""filing_year\"":2025,\""filing_period\"":\""fourth_quarter\"",\""income\"":\""165000.00\"",\""expenses\"":null}"", ""L-8212db1e-3511-4b8d-b829-5e71d27d3c72"": ""{\""filing_uuid\"":\""8212db1e-3511-4b8d-b829-5e71d27d3c72\"",\""filing_type\"":\""Q3\"",\""filing_year\"":2025,\""filing_period\"":\""third_quarter\"",\""income\"":\""60000.00\"",\""expenses\"":null}"", ""L-841b7906-3d61-4634-bd0e-7dd5729f8f09"": ""{\""filing_uuid\"":\""841b7906-3d61-4634-bd0e-7dd5729f8f09\"",\""filing_type\"":\""Q4\"",\""filing_year\"":2025,\""filing_period\"":\""fourth_quarter\"",\""income\"":\""50000.00\"",\""expenses\"":null}"", ""L-875bcd7e-752b-423e-bf49-240efdd544fa"": ""{\""filing_uuid\"":\""875bcd7e-752b-423e-bf49-240efdd544fa\"",\""filing_type\"":\""Q1\"",\""filing_year\"":2025,\""filing_period\"":\""first_quarter\"",\""income\"":\""70000.00\"",\""expenses\"":null}"", ""L-8b69f12d-1c23-4c4b-b93d-fb42b05d1720"": ""{\""filing_uuid\"":\""8b69f12d-1c23-4c4b-b93d-fb42b05d1720\"",\""filing_type\"":\""Q3\"",\""filing_year\"":2025,\""filing_period\"":\""third_quarter\"",\""income\"":\""70000.00\"",\""expenses\"":null}"", ""L-8e8b5f64-4eb2-4897-a7d1-7f91fe3c1e9d"": ""{\""filing_uuid\"":\""8e8b5f64-4eb2-4897-a7d1-7f91fe3c1e9d\"",\""filing_type\"":\""Q2\"",\""filing_year\"":2025,\""filing_period\"":\""second_quarter\"",\""income\"":\""30000.00\"",\""expenses\"":null}"", ""L-94fe9a7b-831a-4084-a7d0-bf757a011424"": ""{\""filing_uuid\"":\""94fe9a7b-831a-4084-a7d0-bf757a011424\"",\""filing_type\"":\""Q2\"",\""filing_year\"":2025,\""filing_period\"":\""second_quarter\"",\""income\"":\""45000.00\"",\""expenses\"":null}"", ""L-95af5087-a029-42c7-b2fb-b10f0e4aa459"": ""{\""filing_uuid\"":\""95af5087-a029-42c7-b2fb-b10f0e4aa459\"",\""filing_type\"":\""Q3\"",\""filing_year\"":2025,\""filing_period\"":\""third_quarter\"",\""income\"":\""50000.00\"",\""expenses\"":null}"", ""L-95d8da8c-90af-4e1d-a5b4-a35908fd0b75"": ""{\""filing_uuid\"":\""95d8da8c-90af-4e1d-a5b4-a35908fd0b75\"",\""filing_type\"":\""Q1\"",\""filing_year\"":2025,\""filing_period\"":\""first_quarter\"",\""income\"":\""105000.00\"",\""expenses\"":null}"", ""L-98201e78-b489-4a36-bfcd-709d77cc2d50"": ""{\""filing_uuid\"":\""98201e78-b489-4a36-bfcd-709d77cc2d50\"",\""filing_type\"":\""Q2\"",\""filing_year\"":2025,\""filing_period\"":\""second_quarter\"",\""income\"":\""30000.00\"",\""expenses\"":null}"", ""L-9b23866b-0c73-4b51-937c-dc9bdd3db1d0"": ""{\""filing_uuid\"":\""9b23866b-0c73-4b51-937c-dc9bdd3db1d0\"",\""filing_type\"":\""Q4\"",\""filing_year\"":2025,\""filing_period\"":\""fourth_quarter\"",\""income\"":\""45000.00\"",\""expenses\"":null}"", ""L-9da42e0b-e11d-4d88-8b21-0568329e3d13"": ""{\""filing_uuid\"":\""9da42e0b-e11d-4d88-8b21-0568329e3d13\"",\""filing_type\"":\""Q1\"",\""filing_year\"":2025,\""filing_period\"":\""first_quarter\"",\""income\"":\""50000.00\"",\""expenses\"":null}"", ""L-9f0b8d52-9bac-4803-9235-35f4cc52f4cf"": ""{\""filing_uuid\"":\""9f0b8d52-9bac-4803-9235-35f4cc52f4cf\"",\""filing_type\"":\""Q2\"",\""filing_year\"":2025,\""filing_period\"":\""second_quarter\"",\""income\"":\""70000.00\"",\""expenses\"":null}"", ""L-a7e95535-1d70-48be-9356-ce5ffe1acfdb"": ""{\""filing_uuid\"":\""a7e95535-1d70-48be-9356-ce5ffe1acfdb\"",\""filing_type\"":\""Q2\"",\""filing_year\"":2025,\""filing_period\"":\""second_quarter\"",\""income\"":\""50000.00\"",\""expenses\"":null}"", ""L-aa8ba9d5-0bde-4f0b-aa30-e59922652609"": ""{\""filing_uuid\"":\""aa8ba9d5-0bde-4f0b-aa30-e59922652609\"",\""filing_type\"":\""Q2\"",\""filing_year\"":2025,\""filing_period\"":\""second_quarter\"",\""income\"":\""210000.00\"",\""expenses\"":null}"", ""L-aadd9e40-333e-4b3f-b3f9-0fece96b3752"": ""{\""filing_uuid\"":\""aadd9e40-333e-4b3f-b3f9-0fece96b3752\"",\""filing_type\"":\""Q2\"",\""filing_year\"":2025,\""filing_period\"":\""second_quarter\"",\""income\"":\""60000.00\"",\""expenses\"":null}"", ""L-abadcaa4-ae0d-4090-9328-b6ef83049359"": ""{\""filing_uuid\"":\""abadcaa4-ae0d-4090-9328-b6ef83049359\"",\""filing_type\"":\""Q1\"",\""filing_year\"":2025,\""filing_period\"":\""first_quarter\"",\""income\"":\""20000.00\"",\""expenses\"":null}"", ""L-ac1445fa-397b-4673-bf1d-2eeb90e2404f"": ""{\""filing_uuid\"":\""ac1445fa-397b-4673-bf1d-2eeb90e2404f\"",\""filing_type\"":\""Q3\"",\""filing_year\"":2025,\""filing_period\"":\""third_quarter\"",\""income\"":\""60000.00\"",\""expenses\"":null}"", ""L-ae3f81d1-def6-466d-be34-a8e6e8ef7afe"": ""{\""filing_uuid\"":\""ae3f81d1-def6-466d-be34-a8e6e8ef7afe\"",\""filing_type\"":\""Q2\"",\""filing_year\"":2025,\""filing_period\"":\""second_quarter\"",\""income\"":\""45000.00\"",\""expenses\"":null}"", ""L-ba06f625-3641-4523-b6e6-15770861edff"": ""{\""filing_uuid\"":\""ba06f625-3641-4523-b6e6-15770861edff\"",\""filing_type\"":\""Q4\"",\""filing_year\"":2025,\""filing_period\"":\""fourth_quarter\"",\""income\"":\""50000.00\"",\""expenses\"":null}"", ""L-ba1c612a-ab19-4d32-9212-b8169ad918a6"": ""{\""filing_uuid\"":\""ba1c612a-ab19-4d32-9212-b8169ad918a6\"",\""filing_type\"":\""Q1\"",\""filing_year\"":2025,\""filing_period\"":\""first_quarter\"",\""income\"":\""50000.00\"",\""expenses\"":null}"", ""L-bd2c4096-e185-4ed4-bb73-f94c52107f4f"": ""{\""filing_uuid\"":\""bd2c4096-e185-4ed4-bb73-f94c52107f4f\"",\""filing_type\"":\""Q4\"",\""filing_year\"":2025,\""filing_period\"":\""fourth_quarter\"",\""income\"":\""45000.00\"",\""expenses\"":null}"", ""L-c1b56fb6-ef7b-4d87-8917-55b00ccbbcaa"": ""{\""filing_uuid\"":\""c1b56fb6-ef7b-4d87-8917-55b00ccbbcaa\"",\""filing_type\"":\""Q3\"",\""filing_year\"":2025,\""filing_period\"":\""third_quarter\"",\""income\"":\""40000.00\"",\""expenses\"":null}"", ""L-c7d38357-7543-49c5-a117-6f02167f09ab"": ""{\""filing_uuid\"":\""c7d38357-7543-49c5-a117-6f02167f09ab\"",\""filing_type\"":\""Q3\"",\""filing_year\"":2025,\""filing_period\"":\""third_quarter\"",\""income\"":\""165000.00\"",\""expenses\"":null}"", ""L-c7efb58c-e8f1-40f1-bc6c-d5b4be854a6a"": ""{\""filing_uuid\"":\""c7efb58c-e8f1-40f1-bc6c-d5b4be854a6a\"",\""filing_type\"":\""Q4\"",\""filing_year\"":2025,\""filing_period\"":\""fourth_quarter\"",\""income\"":\""80000.00\"",\""expenses\"":null}"", ""L-c845ccfd-cb9f-45d5-82c7-7ef1bdd71188"": ""{\""filing_uuid\"":\""c845ccfd-cb9f-45d5-82c7-7ef1bdd71188\"",\""filing_type\"":\""Q1\"",\""filing_year\"":2025,\""filing_period\"":\""first_quarter\"",\""income\"":\""45000.00\"",\""expenses\"":null}"", ""L-cbfa02a9-0ecb-446a-9416-384d0ac1af46"": ""{\""filing_uuid\"":\""cbfa02a9-0ecb-446a-9416-384d0ac1af46\"",\""filing_type\"":\""Q4\"",\""filing_year\"":2025,\""filing_period\"":\""fourth_quarter\"",\""income\"":\""30000.00\"",\""expenses\"":null}"", ""L-cd038a60-5af9-44aa-855e-b46bb0fcb112"": ""{\""filing_uuid\"":\""cd038a60-5af9-44aa-855e-b46bb0fcb112\"",\""filing_type\"":\""Q1\"",\""filing_year\"":2025,\""filing_period\"":\""first_quarter\"",\""income\"":\""30000.00\"",\""expenses\"":null}"", ""L-d1910071-da6e-4c6c-9017-759758e46aad"": ""{\""filing_uuid\"":\""d1910071-da6e-4c6c-9017-759758e46aad\"",\""filing_type\"":\""Q3\"",\""filing_year\"":2025,\""filing_period\"":\""third_quarter\"",\""income\"":\""45000.00\"",\""expenses\"":null}"", ""L-d277df06-3a59-4da2-95ef-1e90b7bc3f32"": ""{\""filing_uuid\"":\""d277df06-3a59-4da2-95ef-1e90b7bc3f32\"",\""filing_type\"":\""Q1\"",\""filing_year\"":2025,\""filing_period\"":\""first_quarter\"",\""income\"":\""50000.00\"",\""expenses\"":null}"", ""L-d925efc1-80d5-4326-a598-364c28c7c1ec"": ""{\""filing_uuid\"":\""d925efc1-80d5-4326-a598-364c28c7c1ec\"",\""filing_type\"":\""Q2\"",\""filing_year\"":2025,\""filing_period\"":\""second_quarter\"",\""income\"":\""50000.00\"",\""expenses\"":null}"", ""L-da9d8fab-0ed5-4933-a02c-fde3fab68b24"": ""{\""filing_uuid\"":\""da9d8fab-0ed5-4933-a02c-fde3fab68b24\"",\""filing_type\"":\""3A\"",\""filing_year\"":2025,\""filing_period\"":\""third_quarter\"",\""income\"":\""45000.00\"",\""expenses\"":null}"", ""L-dd6604a4-2c4a-477a-9f9e-504f9904be69"": ""{\""filing_uuid\"":\""dd6604a4-2c4a-477a-9f9e-504f9904be69\"",\""filing_type\"":\""Q3\"",\""filing_year\"":2025,\""filing_period\"":\""third_quarter\"",\""income\"":\""50000.00\"",\""expenses\"":null}"", ""L-e1e70870-e644-4a22-8e89-28018edbe6ba"": ""{\""filing_uuid\"":\""e1e70870-e644-4a22-8e89-28018edbe6ba\"",\""filing_type\"":\""Q1\"",\""filing_year\"":2025,\""filing_period\"":\""first_quarter\"",\""income\"":\""50000.00\"",\""expenses\"":null}"", ""L-e3de5c0f-bd34-4c67-a9b7-cfb5f16025e6"": ""{\""filing_uuid\"":\""e3de5c0f-bd34-4c67-a9b7-cfb5f16025e6\"",\""filing_type\"":\""Q4\"",\""filing_year\"":2025,\""filing_period\"":\""fourth_quarter\"",\""income\"":\""30000.00\"",\""expenses\"":null}"", ""L-e6a68e93-d5ab-494e-8999-760ccfe8378a"": ""{\""filing_uuid\"":\""e6a68e93-d5ab-494e-8999-760ccfe8378a\"",\""filing_type\"":\""Q2\"",\""filing_year\"":2025,\""filing_period\"":\""second_quarter\"",\""income\"":\""80000.00\"",\""expenses\"":null}"", ""L-e84bec68-0722-4e00-a59f-e90344a614ce"": ""{\""filing_uuid\"":\""e84bec68-0722-4e00-a59f-e90344a614ce\"",\""filing_type\"":\""Q4\"",\""filing_year\"":2025,\""filing_period\"":\""fourth_quarter\"",\""income\"":\""60000.00\"",\""expenses\"":null}"", ""L-e88d650b-96a1-47fb-9d28-1c038fa92ef2"": ""{\""filing_uuid\"":\""e88d650b-96a1-47fb-9d28-1c038fa92ef2\"",\""filing_type\"":\""Q1\"",\""filing_year\"":2025,\""filing_period\"":\""first_quarter\"",\""income\"":\""80000.00\"",\""expenses\"":null}"", ""L-edfbdfbc-8e4a-4065-b71f-057733579c5c"": ""{\""filing_uuid\"":\""edfbdfbc-8e4a-4065-b71f-057733579c5c\"",\""filing_type\"":\""Q1\"",\""filing_year\"":2025,\""filing_period\"":\""first_quarter\"",\""income\"":\""60000.00\"",\""expenses\"":null}"", ""L-ef76b082-52a3-43b1-8d7e-5109f27ed2f9"": ""{\""filing_uuid\"":\""ef76b082-52a3-43b1-8d7e-5109f27ed2f9\"",\""filing_type\"":\""Q1\"",\""filing_year\"":2025,\""filing_period\"":\""first_quarter\"",\""income\"":\""45000.00\"",\""expenses\"":null}"", ""L-f1591b68-45c1-4c3d-945f-9b0241001962"": ""{\""filing_uuid\"":\""f1591b68-45c1-4c3d-945f-9b0241001962\"",\""filing_type\"":\""Q4\"",\""filing_year\"":2025,\""filing_period\"":\""fourth_quarter\"",\""income\"":\""130000.00\"",\""expenses\"":null}"", ""L-f32dee68-30f7-456c-a733-04343bbc242e"": ""{\""filing_uuid\"":\""f32dee68-30f7-456c-a733-04343bbc242e\"",\""filing_type\"":\""Q2\"",\""filing_year\"":2025,\""filing_period\"":\""second_quarter\"",\""income\"":\""50000.00\"",\""expenses\"":null}"", ""L-f5c65c51-03d7-4e67-9818-0c56abb2615a"": ""{\""filing_uuid\"":\""f5c65c51-03d7-4e67-9818-0c56abb2615a\"",\""filing_type\"":\""Q4\"",\""filing_year\"":2025,\""filing_period\"":\""fourth_quarter\"",\""income\"":\""50000.00\"",\""expenses\"":null}"", ""L-f9d0fe60-1381-45c7-9cb5-34e01711fbd8"": ""{\""filing_uuid\"":\""f9d0fe60-1381-45c7-9cb5-34e01711fbd8\"",\""filing_type\"":\""Q4\"",\""filing_year\"":2025,\""filing_period\"":\""fourth_quarter\"",\""income\"":\""50000.00\"",\""expenses\"":null}"", ""L-fd280947-150f-4846-9998-035e76af613e"": ""{\""filing_uuid\"":\""fd280947-150f-4846-9998-035e76af613e\"",\""filing_type\"":\""1T\"",\""filing_year\"":2025,\""filing_period\"":\""first_quarter\"",\""income\"":\""30000.00\"",\""expenses\"":null}""}","Sum of numeric amounts on latest eligible quarterly reports, all issues combined. Blank reports are not zero and are not added. Separately named intermediaries excluded from direct fees. Outside fees and company expenses overlap and must never be added. Latest year uses completed quarters only; no annualization. No numeric reports means OPEN, not zero spending.",USD,,,L-04997d3a-44c2-4553-ac05-6792b6ff342e;L-09a05db6-a3f0-4310-b32d-bfbb62156c25;L-0f9a84fa-3a96-421f-b280-f2c635c07e0c;L-14f03996-3644-4334-89b2-5eb1250a2be8;L-1f79f12e-3b8a-49ab-af0b-b5953466bbf2;L-26b66184-467c-4a34-9110-f94aada0bb1c;L-2be0da5e-0104-4f01-af96-252c922bb643;L-2e1f6a15-b924-43ac-a3b6-80dec84eafb4;L-30e21189-1af6-4398-a43d-84b85cf457d9;L-3153f7f7-0225-4eb2-999f-d2990c405927;L-38fb0703-9f2c-4b98-bce7-ba13637e3605;L-3a9370ec-91fd-44ca-b08e-1cb4cefcff9d;L-40229a4f-ba7a-43b6-9143-0ce058f0ab2a;L-46ba960b-dd6b-40d5-a792-d996c941f2fd;L-47e15bd1-acc6-4220-bb24-3b3c384238ca;L-52638f7c-7548-46be-9101-1eac1423bb7f;L-55b21574-8e87-44af-b487-e1c5b57077c9;L-5d569db2-6242-44d0-940e-1f112a3a8874;L-5d6f30f6-ebc8-4074-b514-412626280494;L-5f5bff4f-0eee-4e29-847a-fbf97637cd00;L-661b18ad-fef3-4976-abcc-0982602dd4d8;L-68742d08-cd99-4fee-acf5-bbe27920c15f;L-68ceca3f-c3f6-4bc3-982e-7513fc5e0787;L-717e5d8c-4c2b-4a61-adf5-6b032066c159;L-7510ec08-d770-4cd7-8516-55b40d4d304f;L-8212db1e-3511-4b8d-b829-5e71d27d3c72;L-841b7906-3d61-4634-bd0e-7dd5729f8f09;L-875bcd7e-752b-423e-bf49-240efdd544fa;L-8b69f12d-1c23-4c4b-b93d-fb42b05d1720;L-8e8b5f64-4eb2-4897-a7d1-7f91fe3c1e9d;L-94fe9a7b-831a-4084-a7d0-bf757a011424;L-95af5087-a029-42c7-b2fb-b10f0e4aa459;L-95d8da8c-90af-4e1d-a5b4-a35908fd0b75;L-98201e78-b489-4a36-bfcd-709d77cc2d50;L-9b23866b-0c73-4b51-937c-dc9bdd3db1d0;L-9da42e0b-e11d-4d88-8b21-0568329e3d13;L-9f0b8d52-9bac-4803-9235-35f4cc52f4cf;L-a7e95535-1d70-48be-9356-ce5ffe1acfdb;L-aa8ba9d5-0bde-4f0b-aa30-e59922652609;L-aadd9e40-333e-4b3f-b3f9-0fece96b3752;L-abadcaa4-ae0d-4090-9328-b6ef83049359;L-ac1445fa-397b-4673-bf1d-2eeb90e2404f;L-ae3f81d1-def6-466d-be34-a8e6e8ef7afe;L-ba06f625-3641-4523-b6e6-15770861edff;L-ba1c612a-ab19-4d32-9212-b8169ad918a6;L-bd2c4096-e185-4ed4-bb73-f94c52107f4f;L-c1b56fb6-ef7b-4d87-8917-55b00ccbbcaa;L-c7d38357-7543-49c5-a117-6f02167f09ab;L-c7efb58c-e8f1-40f1-bc6c-d5b4be854a6a;L-c845ccfd-cb9f-45d5-82c7-7ef1bdd71188;L-cbfa02a9-0ecb-446a-9416-384d0ac1af46;L-cd038a60-5af9-44aa-855e-b46bb0fcb112;L-d1910071-da6e-4c6c-9017-759758e46aad;L-d277df06-3a59-4da2-95ef-1e90b7bc3f32;L-d925efc1-80d5-4326-a598-364c28c7c1ec;L-da9d8fab-0ed5-4933-a02c-fde3fab68b24;L-dd6604a4-2c4a-477a-9f9e-504f9904be69;L-e1e70870-e644-4a22-8e89-28018edbe6ba;L-e3de5c0f-bd34-4c67-a9b7-cfb5f16025e6;L-e6a68e93-d5ab-494e-8999-760ccfe8378a;L-e84bec68-0722-4e00-a59f-e90344a614ce;L-e88d650b-96a1-47fb-9d28-1c038fa92ef2;L-edfbdfbc-8e4a-4065-b71f-057733579c5c;L-ef76b082-52a3-43b1-8d7e-5109f27ed2f9;L-f1591b68-45c1-4c3d-945f-9b0241001962;L-f32dee68-30f7-456c-a733-04343bbc242e;L-f5c65c51-03d7-4e67-9818-0c56abb2615a;L-f9d0fe60-1381-45c7-9cb5-34e01711fbd8;L-fd280947-150f-4846-9998-035e76af613e,lobbying_external_fees,sum,Google,2025,,,1;2;3;4,,,KEEP
FE-Google-2026,2440000.00,https://lda.gov/filings/public/filing/014a68ed-d419-4718-b358-f3da811bf0ac/print/,2026-09-14,"{""L-014a68ed-d419-4718-b358-f3da811bf0ac"": ""{\""filing_uuid\"":\""014a68ed-d419-4718-b358-f3da811bf0ac\"",\""filing_type\"":\""Q1\"",\""filing_year\"":2026,\""filing_period\"":\""first_quarter\"",\""income\"":\""50000.00\"",\""expenses\"":null}"", ""L-05bc3408-ac5c-416a-84a7-87d49fbb0545"": ""{\""filing_uuid\"":\""05bc3408-ac5c-416a-84a7-87d49fbb0545\"",\""filing_type\"":\""Q2\"",\""filing_year\"":2026,\""filing_period\"":\""second_quarter\"",\""income\"":\""45000.00\"",\""expenses\"":null}"", ""L-153010e4-7f0b-4a16-8b15-5b0c3f1a9b9a"": ""{\""filing_uuid\"":\""153010e4-7f0b-4a16-8b15-5b0c3f1a9b9a\"",\""filing_type\"":\""Q2\"",\""filing_year\"":2026,\""filing_period\"":\""second_quarter\"",\""income\"":\""50000.00\"",\""expenses\"":null}"", ""L-168ccbfa-9a58-4bb2-9471-0e38dc6f5cd7"": ""{\""filing_uuid\"":\""168ccbfa-9a58-4bb2-9471-0e38dc6f5cd7\"",\""filing_type\"":\""Q2\"",\""filing_year\"":2026,\""filing_period\"":\""second_quarter\"",\""income\"":\""40000.00\"",\""expenses\"":null}"", ""L-282f4e25-7b21-4813-9573-ec5f70e4b880"": ""{\""filing_uuid\"":\""282f4e25-7b21-4813-9573-ec5f70e4b880\"",\""filing_type\"":\""Q2\"",\""filing_year\"":2026,\""filing_period\"":\""second_quarter\"",\""income\"":\""210000.00\"",\""expenses\"":null}"", ""L-2aa6c170-9ab1-49b6-a7ff-93abf9e3f330"": ""{\""filing_uuid\"":\""2aa6c170-9ab1-49b6-a7ff-93abf9e3f330\"",\""filing_type\"":\""Q2\"",\""filing_year\"":2026,\""filing_period\"":\""second_quarter\"",\""income\"":\""30000.00\"",\""expenses\"":null}"", ""L-2f892bfb-fac6-4b65-a0dc-bffbb011bd96"": ""{\""filing_uuid\"":\""2f892bfb-fac6-4b65-a0dc-bffbb011bd96\"",\""filing_type\"":\""Q2\"",\""filing_year\"":2026,\""filing_period\"":\""second_quarter\"",\""income\"":\""50000.00\"",\""expenses\"":null}"", ""L-36ed2759-815a-4d44-8834-a5e2c48a80c7"": ""{\""filing_uuid\"":\""36ed2759-815a-4d44-8834-a5e2c48a80c7\"",\""filing_type\"":\""Q1\"",\""filing_year\"":2026,\""filing_period\"":\""first_quarter\"",\""income\"":\""45000.00\"",\""expenses\"":null}"", ""L-3ceec69f-bcf2-4451-98ad-6fe84e456055"": ""{\""filing_uuid\"":\""3ceec69f-bcf2-4451-98ad-6fe84e456055\"",\""filing_type\"":\""Q1\"",\""filing_year\"":2026,\""filing_period\"":\""first_quarter\"",\""income\"":\""40000.00\"",\""expenses\"":null}"", ""L-4011124b-c347-4454-ac72-55de6488e50c"": ""{\""filing_uuid\"":\""4011124b-c347-4454-ac72-55de6488e50c\"",\""filing_type\"":\""Q1\"",\""filing_year\"":2026,\""filing_period\"":\""first_quarter\"",\""income\"":\""30000.00\"",\""expenses\"":null}"", ""L-42947206-aa34-49ea-aed6-7534a97dd625"": ""{\""filing_uuid\"":\""42947206-aa34-49ea-aed6-7534a97dd625\"",\""filing_type\"":\""Q2\"",\""filing_year\"":2026,\""filing_period\"":\""second_quarter\"",\""income\"":\""105000.00\"",\""expenses\"":null}"", ""L-4e6f2d55-b300-450f-bba8-e7474fdb39b0"": ""{\""filing_uuid\"":\""4e6f2d55-b300-450f-bba8-e7474fdb39b0\"",\""filing_type\"":\""Q2\"",\""filing_year\"":2026,\""filing_period\"":\""second_quarter\"",\""income\"":\""45000.00\"",\""expenses\"":null}"", ""L-4eb6b367-1fb0-499b-931e-64ed0c6f7f82"": ""{\""filing_uuid\"":\""4eb6b367-1fb0-499b-931e-64ed0c6f7f82\"",\""filing_type\"":\""Q2\"",\""filing_year\"":2026,\""filing_period\"":\""second_quarter\"",\""income\"":\""50000.00\"",\""expenses\"":null}"", ""L-563799c6-d002-4fce-991a-2a29c823535d"": ""{\""filing_uuid\"":\""563799c6-d002-4fce-991a-2a29c823535d\"",\""filing_type\"":\""Q1\"",\""filing_year\"":2026,\""filing_period\"":\""first_quarter\"",\""income\"":\""45000.00\"",\""expenses\"":null}"", ""L-5ca35724-9d58-4cb7-9808-e8055e7ad56e"": ""{\""filing_uuid\"":\""5ca35724-9d58-4cb7-9808-e8055e7ad56e\"",\""filing_type\"":\""Q1\"",\""filing_year\"":2026,\""filing_period\"":\""first_quarter\"",\""income\"":\""40000.00\"",\""expenses\"":null}"", ""L-5e4e51d7-5ab6-421c-96b1-cbd8afc321aa"": ""{\""filing_uuid\"":\""5e4e51d7-5ab6-421c-96b1-cbd8afc321aa\"",\""filing_type\"":\""Q1\"",\""filing_year\"":2026,\""filing_period\"":\""first_quarter\"",\""income\"":\""50000.00\"",\""expenses\"":null}"", ""L-5e65494e-5321-48c7-98eb-ed4901930c0d"": ""{\""filing_uuid\"":\""5e65494e-5321-48c7-98eb-ed4901930c0d\"",\""filing_type\"":\""Q1\"",\""filing_year\"":2026,\""filing_period\"":\""first_quarter\"",\""income\"":\""30000.00\"",\""expenses\"":null}"", ""L-6af6dcc6-6131-4a34-9415-3433ee4daf4f"": ""{\""filing_uuid\"":\""6af6dcc6-6131-4a34-9415-3433ee4daf4f\"",\""filing_type\"":\""Q1\"",\""filing_year\"":2026,\""filing_period\"":\""first_quarter\"",\""income\"":\""50000.00\"",\""expenses\"":null}"", ""L-73a0f070-de33-4761-8606-90babd8f9e4a"": ""{\""filing_uuid\"":\""73a0f070-de33-4761-8606-90babd8f9e4a\"",\""filing_type\"":\""Q1\"",\""filing_year\"":2026,\""filing_period\"":\""first_quarter\"",\""income\"":\""50000.00\"",\""expenses\"":null}"", ""L-758fb718-a96e-407f-b6d3-a643b7c0f952"": ""{\""filing_uuid\"":\""758fb718-a96e-407f-b6d3-a643b7c0f952\"",\""filing_type\"":\""Q2\"",\""filing_year\"":2026,\""filing_period\"":\""second_quarter\"",\""income\"":\""170000.00\"",\""expenses\"":null}"", ""L-75cdcfac-802b-4729-9878-ce6c638503a0"": ""{\""filing_uuid\"":\""75cdcfac-802b-4729-9878-ce6c638503a0\"",\""filing_type\"":\""Q2\"",\""filing_year\"":2026,\""filing_period\"":\""second_quarter\"",\""income\"":\""50000.00\"",\""expenses\"":null}"", ""L-772a51dd-7d35-42a4-80db-0f1e578cd678"": ""{\""filing_uuid\"":\""772a51dd-7d35-42a4-80db-0f1e578cd678\"",\""filing_type\"":\""Q2\"",\""filing_year\"":2026,\""filing_period\"":\""second_quarter\"",\""income\"":\""30000.00\"",\""expenses\"":null}"", ""L-7b1bbdbe-e74f-401e-b5d2-9b26d81bf562"": ""{\""filing_uuid\"":\""7b1bbdbe-e74f-401e-b5d2-9b26d81bf562\"",\""filing_type\"":\""Q1\"",\""filing_year\"":2026,\""filing_period\"":\""first_quarter\"",\""income\"":\""170000.00\"",\""expenses\"":null}"", ""L-87091492-cd9c-458b-9e8e-99919f737998"": ""{\""filing_uuid\"":\""87091492-cd9c-458b-9e8e-99919f737998\"",\""filing_type\"":\""Q1\"",\""filing_year\"":2026,\""filing_period\"":\""first_quarter\"",\""income\"":\""70000.00\"",\""expenses\"":null}"", ""L-887c16e0-6615-4fc0-9e4b-13ef1e33a0d2"": ""{\""filing_uuid\"":\""887c16e0-6615-4fc0-9e4b-13ef1e33a0d2\"",\""filing_type\"":\""Q2\"",\""filing_year\"":2026,\""filing_period\"":\""second_quarter\"",\""income\"":\""70000.00\"",\""expenses\"":null}"", ""L-8adbd719-37a2-44bd-91fb-c3761ef8157f"": ""{\""filing_uuid\"":\""8adbd719-37a2-44bd-91fb-c3761ef8157f\"",\""filing_type\"":\""Q2\"",\""filing_year\"":2026,\""filing_period\"":\""second_quarter\"",\""income\"":\""20000.00\"",\""expenses\"":null}"", ""L-8d939d9e-2663-4290-9d66-1018dbbedf70"": ""{\""filing_uuid\"":\""8d939d9e-2663-4290-9d66-1018dbbedf70\"",\""filing_type\"":\""Q2\"",\""filing_year\"":2026,\""filing_period\"":\""second_quarter\"",\""income\"":\""125000.00\"",\""expenses\"":null}"", ""L-92fe824b-3bce-4e57-bbd0-dbcc424cb9cb"": ""{\""filing_uuid\"":\""92fe824b-3bce-4e57-bbd0-dbcc424cb9cb\"",\""filing_type\"":\""Q1\"",\""filing_year\"":2026,\""filing_period\"":\""first_quarter\"",\""income\"":\""60000.00\"",\""expenses\"":null}"", ""L-99476e4d-adce-40bf-90f7-78d7bf82732e"": ""{\""filing_uuid\"":\""99476e4d-adce-40bf-90f7-78d7bf82732e\"",\""filing_type\"":\""Q1\"",\""filing_year\"":2026,\""filing_period\"":\""first_quarter\"",\""income\"":\""60000.00\"",\""expenses\"":null}"", ""L-a1f5c77e-1998-4d5f-9e79-9d1ef76128e5"": ""{\""filing_uuid\"":\""a1f5c77e-1998-4d5f-9e79-9d1ef76128e5\"",\""filing_type\"":\""Q2\"",\""filing_year\"":2026,\""filing_period\"":\""second_quarter\"",\""income\"":\""60000.00\"",\""expenses\"":null}"", ""L-aa052fb7-c948-47ec-a96c-37bea78cfa3a"": ""{\""filing_uuid\"":\""aa052fb7-c948-47ec-a96c-37bea78cfa3a\"",\""filing_type\"":\""Q1\"",\""filing_year\"":2026,\""filing_period\"":\""first_quarter\"",\""income\"":\""105000.00\"",\""expenses\"":null}"", ""L-dc55ad9f-7ab1-499e-9119-c0ac3b64f001"": ""{\""filing_uuid\"":\""dc55ad9f-7ab1-499e-9119-c0ac3b64f001\"",\""filing_type\"":\""Q1\"",\""filing_year\"":2026,\""filing_period\"":\""first_quarter\"",\""income\"":\""125000.00\"",\""expenses\"":null}"", ""L-dc78f012-0a59-434c-ae28-1774ae7793ae"": ""{\""filing_uuid\"":\""dc78f012-0a59-434c-ae28-1774ae7793ae\"",\""filing_type\"":\""Q2\"",\""filing_year\"":2026,\""filing_period\"":\""second_quarter\"",\""income\"":\""60000.00\"",\""expenses\"":null}"", ""L-fbb19a62-3ef5-4b7c-b718-29d16e7b8f00"": ""{\""filing_uuid\"":\""fbb19a62-3ef5-4b7c-b718-29d16e7b8f00\"",\""filing_type\"":\""Q1\"",\""filing_year\"":2026,\""filing_period\"":\""first_quarter\"",\""income\"":\""210000.00\"",\""expenses\"":null}""}","Sum of numeric amounts on latest eligible quarterly reports, all issues combined. Blank reports are not zero and are not added. Separately named intermediaries excluded from direct fees. Outside fees and company expenses overlap and must never be added. Latest year uses completed quarters only; no annualization. No numeric reports means OPEN, not zero spending.",USD,,,L-014a68ed-d419-4718-b358-f3da811bf0ac;L-05bc3408-ac5c-416a-84a7-87d49fbb0545;L-153010e4-7f0b-4a16-8b15-5b0c3f1a9b9a;L-168ccbfa-9a58-4bb2-9471-0e38dc6f5cd7;L-282f4e25-7b21-4813-9573-ec5f70e4b880;L-2aa6c170-9ab1-49b6-a7ff-93abf9e3f330;L-2f892bfb-fac6-4b65-a0dc-bffbb011bd96;L-36ed2759-815a-4d44-8834-a5e2c48a80c7;L-3ceec69f-bcf2-4451-98ad-6fe84e456055;L-4011124b-c347-4454-ac72-55de6488e50c;L-42947206-aa34-49ea-aed6-7534a97dd625;L-4e6f2d55-b300-450f-bba8-e7474fdb39b0;L-4eb6b367-1fb0-499b-931e-64ed0c6f7f82;L-563799c6-d002-4fce-991a-2a29c823535d;L-5ca35724-9d58-4cb7-9808-e8055e7ad56e;L-5e4e51d7-5ab6-421c-96b1-cbd8afc321aa;L-5e65494e-5321-48c7-98eb-ed4901930c0d;L-6af6dcc6-6131-4a34-9415-3433ee4daf4f;L-73a0f070-de33-4761-8606-90babd8f9e4a;L-758fb718-a96e-407f-b6d3-a643b7c0f952;L-75cdcfac-802b-4729-9878-ce6c638503a0;L-772a51dd-7d35-42a4-80db-0f1e578cd678;L-7b1bbdbe-e74f-401e-b5d2-9b26d81bf562;L-87091492-cd9c-458b-9e8e-99919f737998;L-887c16e0-6615-4fc0-9e4b-13ef1e33a0d2;L-8adbd719-37a2-44bd-91fb-c3761ef8157f;L-8d939d9e-2663-4290-9d66-1018dbbedf70;L-92fe824b-3bce-4e57-bbd0-dbcc424cb9cb;L-99476e4d-adce-40bf-90f7-78d7bf82732e;L-a1f5c77e-1998-4d5f-9e79-9d1ef76128e5;L-aa052fb7-c948-47ec-a96c-37bea78cfa3a;L-dc55ad9f-7ab1-499e-9119-c0ac3b64f001;L-dc78f012-0a59-434c-ae28-1774ae7793ae;L-fbb19a62-3ef5-4b7c-b718-29d16e7b8f00,lobbying_external_fees,sum,Google,2026,,,1;2,,,KEEP
FE-Meta-2019,3255000.00,https://lda.gov/filings/public/filing/0c24cb4b-5ef5-42ca-850a-79130cb0279e/print/,2026-09-14,"{""L-0c24cb4b-5ef5-42ca-850a-79130cb0279e"": ""{\""filing_uuid\"":\""0c24cb4b-5ef5-42ca-850a-79130cb0279e\"",\""filing_type\"":\""Q2\"",\""filing_year\"":2019,\""filing_period\"":\""second_quarter\"",\""income\"":\""80000.00\"",\""expenses\"":null}"", ""L-1513dd0d-822a-4ff0-9847-3114df87a952"": ""{\""filing_uuid\"":\""1513dd0d-822a-4ff0-9847-3114df87a952\"",\""filing_type\"":\""Q1\"",\""filing_year\"":2019,\""filing_period\"":\""first_quarter\"",\""income\"":\""45000.00\"",\""expenses\"":null}"", ""L-1930b435-47b2-4c6c-81d8-c5a76f73b06d"": ""{\""filing_uuid\"":\""1930b435-47b2-4c6c-81d8-c5a76f73b06d\"",\""filing_type\"":\""Q3\"",\""filing_year\"":2019,\""filing_period\"":\""third_quarter\"",\""income\"":\""60000.00\"",\""expenses\"":null}"", ""L-1ac128a5-441d-48b8-b232-b6ffc0877f8f"": ""{\""filing_uuid\"":\""1ac128a5-441d-48b8-b232-b6ffc0877f8f\"",\""filing_type\"":\""Q3\"",\""filing_year\"":2019,\""filing_period\"":\""third_quarter\"",\""income\"":\""10000.00\"",\""expenses\"":null}"", ""L-1c1f215d-6412-4ff0-9d39-af69aaf26a69"": ""{\""filing_uuid\"":\""1c1f215d-6412-4ff0-9d39-af69aaf26a69\"",\""filing_type\"":\""Q4\"",\""filing_year\"":2019,\""filing_period\"":\""fourth_quarter\"",\""income\"":\""60000.00\"",\""expenses\"":null}"", ""L-1f0193fd-53fb-407c-b172-3cf2b40a06f7"": ""{\""filing_uuid\"":\""1f0193fd-53fb-407c-b172-3cf2b40a06f7\"",\""filing_type\"":\""Q2\"",\""filing_year\"":2019,\""filing_period\"":\""second_quarter\"",\""income\"":\""20000.00\"",\""expenses\"":null}"", ""L-237cfc30-5212-4137-9776-9ed81f958b19"": ""{\""filing_uuid\"":\""237cfc30-5212-4137-9776-9ed81f958b19\"",\""filing_type\"":\""Q2\"",\""filing_year\"":2019,\""filing_period\"":\""second_quarter\"",\""income\"":\""10000.00\"",\""expenses\"":null}"", ""L-24f4c894-b153-4570-9303-76005a2e09b3"": ""{\""filing_uuid\"":\""24f4c894-b153-4570-9303-76005a2e09b3\"",\""filing_type\"":\""4A\"",\""filing_year\"":2019,\""filing_period\"":\""fourth_quarter\"",\""income\"":\""30000.00\"",\""expenses\"":null}"", ""L-25f24f56-1943-46e3-816d-1aafd3403423"": ""{\""filing_uuid\"":\""25f24f56-1943-46e3-816d-1aafd3403423\"",\""filing_type\"":\""Q3\"",\""filing_year\"":2019,\""filing_period\"":\""third_quarter\"",\""income\"":\""45000.00\"",\""expenses\"":null}"", ""L-27c4c498-8d2b-47ca-90c1-4445676bcc79"": ""{\""filing_uuid\"":\""27c4c498-8d2b-47ca-90c1-4445676bcc79\"",\""filing_type\"":\""Q1\"",\""filing_year\"":2019,\""filing_period\"":\""first_quarter\"",\""income\"":\""130000.00\"",\""expenses\"":null}"", ""L-28e4867e-c697-4a87-9c04-c36dde98f717"": ""{\""filing_uuid\"":\""28e4867e-c697-4a87-9c04-c36dde98f717\"",\""filing_type\"":\""Q4\"",\""filing_year\"":2019,\""filing_period\"":\""fourth_quarter\"",\""income\"":\""22500.00\"",\""expenses\"":null}"", ""L-2a63424f-6c6b-4690-99f9-4738f59b05fc"": ""{\""filing_uuid\"":\""2a63424f-6c6b-4690-99f9-4738f59b05fc\"",\""filing_type\"":\""Q3\"",\""filing_year\"":2019,\""filing_period\"":\""third_quarter\"",\""income\"":\""30000.00\"",\""expenses\"":null}"", ""L-2d8720ca-baa9-450d-9ef3-1467d6e0d336"": ""{\""filing_uuid\"":\""2d8720ca-baa9-450d-9ef3-1467d6e0d336\"",\""filing_type\"":\""Q4\"",\""filing_year\"":2019,\""filing_period\"":\""fourth_quarter\"",\""income\"":\""50000.00\"",\""expenses\"":null}"", ""L-32aac451-c2c0-4cf7-8b51-1b47645994cf"": ""{\""filing_uuid\"":\""32aac451-c2c0-4cf7-8b51-1b47645994cf\"",\""filing_type\"":\""Q3\"",\""filing_year\"":2019,\""filing_period\"":\""third_quarter\"",\""income\"":\""30000.00\"",\""expenses\"":null}"", ""L-33719e0a-41df-48c2-81ee-426e350e0e77"": ""{\""filing_uuid\"":\""33719e0a-41df-48c2-81ee-426e350e0e77\"",\""filing_type\"":\""Q4\"",\""filing_year\"":2019,\""filing_period\"":\""fourth_quarter\"",\""income\"":\""60000.00\"",\""expenses\"":null}"", ""L-3996ecbc-3532-46cf-9c93-e3cda6842871"": ""{\""filing_uuid\"":\""3996ecbc-3532-46cf-9c93-e3cda6842871\"",\""filing_type\"":\""Q3\"",\""filing_year\"":2019,\""filing_period\"":\""third_quarter\"",\""income\"":\""60000.00\"",\""expenses\"":null}"", ""L-3a5072c8-5147-453d-91d3-30cc52d7d2bc"": ""{\""filing_uuid\"":\""3a5072c8-5147-453d-91d3-30cc52d7d2bc\"",\""filing_type\"":\""Q3\"",\""filing_year\"":2019,\""filing_period\"":\""third_quarter\"",\""income\"":\""50000.00\"",\""expenses\"":null}"", ""L-3bc91dd9-fe52-42b8-8a7d-57c747b3626e"": ""{\""filing_uuid\"":\""3bc91dd9-fe52-42b8-8a7d-57c747b3626e\"",\""filing_type\"":\""Q1\"",\""filing_year\"":2019,\""filing_period\"":\""first_quarter\"",\""income\"":\""50000.00\"",\""expenses\"":null}"", ""L-4278530d-9c8c-4c3a-bfca-0e79e82826e8"": ""{\""filing_uuid\"":\""4278530d-9c8c-4c3a-bfca-0e79e82826e8\"",\""filing_type\"":\""Q1\"",\""filing_year\"":2019,\""filing_period\"":\""first_quarter\"",\""income\"":\""60000.00\"",\""expenses\"":null}"", ""L-43cb90f1-45c0-4799-a71f-069c2789e747"": ""{\""filing_uuid\"":\""43cb90f1-45c0-4799-a71f-069c2789e747\"",\""filing_type\"":\""Q2\"",\""filing_year\"":2019,\""filing_period\"":\""second_quarter\"",\""income\"":\""45000.00\"",\""expenses\"":null}"", ""L-4405b01e-1dd9-4e49-938d-7bc985fc7b64"": ""{\""filing_uuid\"":\""4405b01e-1dd9-4e49-938d-7bc985fc7b64\"",\""filing_type\"":\""Q4\"",\""filing_year\"":2019,\""filing_period\"":\""fourth_quarter\"",\""income\"":\""30000.00\"",\""expenses\"":null}"", ""L-49341c5e-b865-4620-a103-3ade329f8c7c"": ""{\""filing_uuid\"":\""49341c5e-b865-4620-a103-3ade329f8c7c\"",\""filing_type\"":\""Q2\"",\""filing_year\"":2019,\""filing_period\"":\""second_quarter\"",\""income\"":\""40000.00\"",\""expenses\"":null}"", ""L-4d744cb5-8ddb-4505-a1a5-962385bbcf44"": ""{\""filing_uuid\"":\""4d744cb5-8ddb-4505-a1a5-962385bbcf44\"",\""filing_type\"":\""Q3\"",\""filing_year\"":2019,\""filing_period\"":\""third_quarter\"",\""income\"":\""30000.00\"",\""expenses\"":null}"", ""L-61628242-43a2-4b3d-af7a-79770682fa25"": ""{\""filing_uuid\"":\""61628242-43a2-4b3d-af7a-79770682fa25\"",\""filing_type\"":\""2A\"",\""filing_year\"":2019,\""filing_period\"":\""second_quarter\"",\""income\"":\""30000.00\"",\""expenses\"":null}"", ""L-617f3317-0b74-4b7d-9aab-29d8281f4073"": ""{\""filing_uuid\"":\""617f3317-0b74-4b7d-9aab-29d8281f4073\"",\""filing_type\"":\""Q1\"",\""filing_year\"":2019,\""filing_period\"":\""first_quarter\"",\""income\"":\""30000.00\"",\""expenses\"":null}"", ""L-64d33115-4d81-45cc-93fb-13e9f9a8846b"": ""{\""filing_uuid\"":\""64d33115-4d81-45cc-93fb-13e9f9a8846b\"",\""filing_type\"":\""Q2\"",\""filing_year\"":2019,\""filing_period\"":\""second_quarter\"",\""income\"":\""60000.00\"",\""expenses\"":null}"", ""L-6af80028-6820-422a-86ba-0e42c75e329c"": ""{\""filing_uuid\"":\""6af80028-6820-422a-86ba-0e42c75e329c\"",\""filing_type\"":\""Q1\"",\""filing_year\"":2019,\""filing_period\"":\""first_quarter\"",\""income\"":\""20000.00\"",\""expenses\"":null}"", ""L-6ca9bbed-f754-4106-8ab1-cb53c2a81f80"": ""{\""filing_uuid\"":\""6ca9bbed-f754-4106-8ab1-cb53c2a81f80\"",\""filing_type\"":\""Q1\"",\""filing_year\"":2019,\""filing_period\"":\""first_quarter\"",\""income\"":\""20000.00\"",\""expenses\"":null}"", ""L-7a0e7148-66b4-48a7-866f-0b6b839f8dda"": ""{\""filing_uuid\"":\""7a0e7148-66b4-48a7-866f-0b6b839f8dda\"",\""filing_type\"":\""Q2\"",\""filing_year\"":2019,\""filing_period\"":\""second_quarter\"",\""income\"":\""60000.00\"",\""expenses\"":null}"", ""L-7af12315-69cb-442b-9483-ba660d6a30c7"": ""{\""filing_uuid\"":\""7af12315-69cb-442b-9483-ba660d6a30c7\"",\""filing_type\"":\""Q4\"",\""filing_year\"":2019,\""filing_period\"":\""fourth_quarter\"",\""income\"":\""50000.00\"",\""expenses\"":null}"", ""L-7c36ce37-548a-4ef6-bbfe-abd8872b4076"": ""{\""filing_uuid\"":\""7c36ce37-548a-4ef6-bbfe-abd8872b4076\"",\""filing_type\"":\""Q3\"",\""filing_year\"":2019,\""filing_period\"":\""third_quarter\"",\""income\"":\""30000.00\"",\""expenses\"":null}"", ""L-80065c1a-029a-4175-b56a-f0f324a613b5"": ""{\""filing_uuid\"":\""80065c1a-029a-4175-b56a-f0f324a613b5\"",\""filing_type\"":\""Q4\"",\""filing_year\"":2019,\""filing_period\"":\""fourth_quarter\"",\""income\"":\""40000.00\"",\""expenses\"":null}"", ""L-8a2483b8-1ee7-4fe3-bb00-c4b04b207159"": ""{\""filing_uuid\"":\""8a2483b8-1ee7-4fe3-bb00-c4b04b207159\"",\""filing_type\"":\""Q1\"",\""filing_year\"":2019,\""filing_period\"":\""first_quarter\"",\""income\"":\""50000.00\"",\""expenses\"":null}"", ""L-8b5c5c2c-fdfc-410e-852c-0f4bcc0de9d3"": ""{\""filing_uuid\"":\""8b5c5c2c-fdfc-410e-852c-0f4bcc0de9d3\"",\""filing_type\"":\""Q2\"",\""filing_year\"":2019,\""filing_period\"":\""second_quarter\"",\""income\"":\""60000.00\"",\""expenses\"":null}"", ""L-8b763897-7957-400e-9ef9-a795750562f6"": ""{\""filing_uuid\"":\""8b763897-7957-400e-9ef9-a795750562f6\"",\""filing_type\"":\""4A\"",\""filing_year\"":2019,\""filing_period\"":\""fourth_quarter\"",\""income\"":\""90000.00\"",\""expenses\"":null}"", ""L-8e0c309f-d818-45da-ba53-0aad40dd12b8"": ""{\""filing_uuid\"":\""8e0c309f-d818-45da-ba53-0aad40dd12b8\"",\""filing_type\"":\""Q3\"",\""filing_year\"":2019,\""filing_period\"":\""third_quarter\"",\""income\"":\""40000.00\"",\""expenses\"":null}"", ""L-90e5cf5e-13cf-405b-92f8-963c86ab5301"": ""{\""filing_uuid\"":\""90e5cf5e-13cf-405b-92f8-963c86ab5301\"",\""filing_type\"":\""Q4\"",\""filing_year\"":2019,\""filing_period\"":\""fourth_quarter\"",\""income\"":\""20000.00\"",\""expenses\"":null}"", ""L-9106c216-1ba8-409b-946d-a69ff70a8d57"": ""{\""filing_uuid\"":\""9106c216-1ba8-409b-946d-a69ff70a8d57\"",\""filing_type\"":\""Q3\"",\""filing_year\"":2019,\""filing_period\"":\""third_quarter\"",\""income\"":\""22500.00\"",\""expenses\"":null}"", ""L-918041b0-a895-44c9-95fa-38c152197cb1"": ""{\""filing_uuid\"":\""918041b0-a895-44c9-95fa-38c152197cb1\"",\""filing_type\"":\""Q2\"",\""filing_year\"":2019,\""filing_period\"":\""second_quarter\"",\""income\"":\""30000.00\"",\""expenses\"":null}"", ""L-922531fb-7ad3-4055-93d9-99de7b56398c"": ""{\""filing_uuid\"":\""922531fb-7ad3-4055-93d9-99de7b56398c\"",\""filing_type\"":\""Q3\"",\""filing_year\"":2019,\""filing_period\"":\""third_quarter\"",\""income\"":\""50000.00\"",\""expenses\"":null}"", ""L-94cbbfb4-0d19-4e59-b44a-c03844c0cf0d"": ""{\""filing_uuid\"":\""94cbbfb4-0d19-4e59-b44a-c03844c0cf0d\"",\""filing_type\"":\""Q4\"",\""filing_year\"":2019,\""filing_period\"":\""fourth_quarter\"",\""income\"":\""50000.00\"",\""expenses\"":null}"", ""L-95eb8e01-dec5-4f06-81d2-9be4561fe396"": ""{\""filing_uuid\"":\""95eb8e01-dec5-4f06-81d2-9be4561fe396\"",\""filing_type\"":\""Q2\"",\""filing_year\"":2019,\""filing_period\"":\""second_quarter\"",\""income\"":\""60000.00\"",\""expenses\"":null}"", ""L-99d35c09-aa57-4083-a825-19bf7976ab43"": ""{\""filing_uuid\"":\""99d35c09-aa57-4083-a825-19bf7976ab43\"",\""filing_type\"":\""Q3\"",\""filing_year\"":2019,\""filing_period\"":\""third_quarter\"",\""income\"":\""60000.00\"",\""expenses\"":null}"", ""L-9d575ed3-2f19-4c9b-95dd-f0b52b00ba84"": ""{\""filing_uuid\"":\""9d575ed3-2f19-4c9b-95dd-f0b52b00ba84\"",\""filing_type\"":\""3@\"",\""filing_year\"":2019,\""filing_period\"":\""third_quarter\"",\""income\"":\""30000.00\"",\""expenses\"":null}"", ""L-a024fcd5-e4bc-4733-b3ed-05cb7393c111"": ""{\""filing_uuid\"":\""a024fcd5-e4bc-4733-b3ed-05cb7393c111\"",\""filing_type\"":\""Q4\"",\""filing_year\"":2019,\""filing_period\"":\""fourth_quarter\"",\""income\"":\""60000.00\"",\""expenses\"":null}"", ""L-a1009102-1d4b-4100-b432-e8b58bc087a0"": ""{\""filing_uuid\"":\""a1009102-1d4b-4100-b432-e8b58bc087a0\"",\""filing_type\"":\""Q4Y\"",\""filing_year\"":2019,\""filing_period\"":\""fourth_quarter\"",\""income\"":\""30000.00\"",\""expenses\"":null}"", ""L-a44044b7-5816-40d4-a5f2-4264633dfa80"": ""{\""filing_uuid\"":\""a44044b7-5816-40d4-a5f2-4264633dfa80\"",\""filing_type\"":\""Q1\"",\""filing_year\"":2019,\""filing_period\"":\""first_quarter\"",\""income\"":\""50000.00\"",\""expenses\"":null}"", ""L-a4595120-2946-45a0-985d-7d242843a8bd"": ""{\""filing_uuid\"":\""a4595120-2946-45a0-985d-7d242843a8bd\"",\""filing_type\"":\""Q4\"",\""filing_year\"":2019,\""filing_period\"":\""fourth_quarter\"",\""income\"":\""10000.00\"",\""expenses\"":null}"", ""L-a91b7901-49a8-4bd8-a8ed-28ab6ab63e0f"": ""{\""filing_uuid\"":\""a91b7901-49a8-4bd8-a8ed-28ab6ab63e0f\"",\""filing_type\"":\""Q3\"",\""filing_year\"":2019,\""filing_period\"":\""third_quarter\"",\""income\"":\""60000.00\"",\""expenses\"":null}"", ""L-aa4f4a02-d912-41a4-936d-852a143bd5c1"": ""{\""filing_uuid\"":\""aa4f4a02-d912-41a4-936d-852a143bd5c1\"",\""filing_type\"":\""Q1\"",\""filing_year\"":2019,\""filing_period\"":\""first_quarter\"",\""income\"":\""60000.00\"",\""expenses\"":null}"", ""L-ab3561b3-f781-4df0-93d4-31ad5b32c36e"": ""{\""filing_uuid\"":\""ab3561b3-f781-4df0-93d4-31ad5b32c36e\"",\""filing_type\"":\""Q4\"",\""filing_year\"":2019,\""filing_period\"":\""fourth_quarter\"",\""income\"":\""60000.00\"",\""expenses\"":null}"", ""L-ad120e14-194c-4ebe-ae00-a3bdd296c917"": ""{\""filing_uuid\"":\""ad120e14-194c-4ebe-ae00-a3bdd296c917\"",\""filing_type\"":\""Q2\"",\""filing_year\"":2019,\""filing_period\"":\""second_quarter\"",\""income\"":\""10000.00\"",\""expenses\"":null}"", ""L-b0bcdd6b-bc30-4c29-a77c-cd18706c5610"": ""{\""filing_uuid\"":\""b0bcdd6b-bc30-4c29-a77c-cd18706c5610\"",\""filing_type\"":\""3T\"",\""filing_year\"":2019,\""filing_period\"":\""third_quarter\"",\""income\"":\""50000.00\"",\""expenses\"":null}"", ""L-b2328a10-3de5-4617-a0bf-37fa9a896d9c"": ""{\""filing_uuid\"":\""b2328a10-3de5-4617-a0bf-37fa9a896d9c\"",\""filing_type\"":\""Q3\"",\""filing_year\"":2019,\""filing_period\"":\""third_quarter\"",\""income\"":\""60000.00\"",\""expenses\"":null}"", ""L-b511e1cb-88b3-458c-9e28-69152c654586"": ""{\""filing_uuid\"":\""b511e1cb-88b3-458c-9e28-69152c654586\"",\""filing_type\"":\""Q3\"",\""filing_year\"":2019,\""filing_period\"":\""third_quarter\"",\""income\"":\""50000.00\"",\""expenses\"":null}"", ""L-b58b3b88-1e0a-4538-99c1-e34c8c5e6f3e"": ""{\""filing_uuid\"":\""b58b3b88-1e0a-4538-99c1-e34c8c5e6f3e\"",\""filing_type\"":\""Q2\"",\""filing_year\"":2019,\""filing_period\"":\""second_quarter\"",\""income\"":\""50000.00\"",\""expenses\"":null}"", ""L-b6e60dd0-16bc-4b3d-8b34-d97bed69e765"": ""{\""filing_uuid\"":\""b6e60dd0-16bc-4b3d-8b34-d97bed69e765\"",\""filing_type\"":\""Q3\"",\""filing_year\"":2019,\""filing_period\"":\""third_quarter\"",\""income\"":\""60000.00\"",\""expenses\"":null}"", ""L-b71c070a-cca2-4bdf-b5ef-71fd1a1a2318"": ""{\""filing_uuid\"":\""b71c070a-cca2-4bdf-b5ef-71fd1a1a2318\"",\""filing_type\"":\""Q1\"",\""filing_year\"":2019,\""filing_period\"":\""first_quarter\"",\""income\"":\""60000.00\"",\""expenses\"":null}"", ""L-bbf13fb0-daa0-4494-b5e9-107b4a6edb67"": ""{\""filing_uuid\"":\""bbf13fb0-daa0-4494-b5e9-107b4a6edb67\"",\""filing_type\"":\""Q4\"",\""filing_year\"":2019,\""filing_period\"":\""fourth_quarter\"",\""income\"":\""60000.00\"",\""expenses\"":null}"", ""L-bcb55f5b-9d4a-42f5-be42-bdeefa1fd1a3"": ""{\""filing_uuid\"":\""bcb55f5b-9d4a-42f5-be42-bdeefa1fd1a3\"",\""filing_type\"":\""Q4\"",\""filing_year\"":2019,\""filing_period\"":\""fourth_quarter\"",\""income\"":\""50000.00\"",\""expenses\"":null}"", ""L-bcde882a-bc04-4e5e-8425-907b291ccf44"": ""{\""filing_uuid\"":\""bcde882a-bc04-4e5e-8425-907b291ccf44\"",\""filing_type\"":\""Q1\"",\""filing_year\"":2019,\""filing_period\"":\""first_quarter\"",\""income\"":\""50000.00\"",\""expenses\"":null}"", ""L-be7ea9b3-9178-42ee-aaf5-857da7cd1263"": ""{\""filing_uuid\"":\""be7ea9b3-9178-42ee-aaf5-857da7cd1263\"",\""filing_type\"":\""Q4\"",\""filing_year\"":2019,\""filing_period\"":\""fourth_quarter\"",\""income\"":\""60000.00\"",\""expenses\"":null}"", ""L-c07a2b56-cfe7-4d14-b3f9-7e569802cc13"": ""{\""filing_uuid\"":\""c07a2b56-cfe7-4d14-b3f9-7e569802cc13\"",\""filing_type\"":\""Q3\"",\""filing_year\"":2019,\""filing_period\"":\""third_quarter\"",\""income\"":\""30000.00\"",\""expenses\"":null}"", ""L-c956c374-965c-4c82-acc4-63a4e6037839"": ""{\""filing_uuid\"":\""c956c374-965c-4c82-acc4-63a4e6037839\"",\""filing_type\"":\""Q2\"",\""filing_year\"":2019,\""filing_period\"":\""second_quarter\"",\""income\"":\""50000.00\"",\""expenses\"":null}"", ""L-cc57b88e-d043-4819-b461-0d2144e31d1c"": ""{\""filing_uuid\"":\""cc57b88e-d043-4819-b461-0d2144e31d1c\"",\""filing_type\"":\""Q4\"",\""filing_year\"":2019,\""filing_period\"":\""fourth_quarter\"",\""income\"":\""50000.00\"",\""expenses\"":null}"", ""L-d6471109-4afc-4f25-9f2f-992d4acee049"": ""{\""filing_uuid\"":\""d6471109-4afc-4f25-9f2f-992d4acee049\"",\""filing_type\"":\""Q2\"",\""filing_year\"":2019,\""filing_period\"":\""second_quarter\"",\""income\"":\""30000.00\"",\""expenses\"":null}"", ""L-d9447ea1-e407-4f88-b069-22f1919f3620"": ""{\""filing_uuid\"":\""d9447ea1-e407-4f88-b069-22f1919f3620\"",\""filing_type\"":\""Q4\"",\""filing_year\"":2019,\""filing_period\"":\""fourth_quarter\"",\""income\"":\""30000.00\"",\""expenses\"":null}"", ""L-dc4769a4-ddcc-4b1f-8fd1-2c46b9909d34"": ""{\""filing_uuid\"":\""dc4769a4-ddcc-4b1f-8fd1-2c46b9909d34\"",\""filing_type\"":\""4A\"",\""filing_year\"":2019,\""filing_period\"":\""fourth_quarter\"",\""income\"":\""20000.00\"",\""expenses\"":null}"", ""L-de4c0db3-12ee-40f1-86e5-0e08a27412cc"": ""{\""filing_uuid\"":\""de4c0db3-12ee-40f1-86e5-0e08a27412cc\"",\""filing_type\"":\""Q3\"",\""filing_year\"":2019,\""filing_period\"":\""third_quarter\"",\""income\"":\""20000.00\"",\""expenses\"":null}"", ""L-e506ec4d-4cb4-4012-bd13-dbb01bb17e3c"": ""{\""filing_uuid\"":\""e506ec4d-4cb4-4012-bd13-dbb01bb17e3c\"",\""filing_type\"":\""Q4\"",\""filing_year\"":2019,\""filing_period\"":\""fourth_quarter\"",\""income\"":\""45000.00\"",\""expenses\"":null}"", ""L-e7baf0f8-f797-4746-ae6a-e98ae2c2d598"": ""{\""filing_uuid\"":\""e7baf0f8-f797-4746-ae6a-e98ae2c2d598\"",\""filing_type\"":\""Q2\"",\""filing_year\"":2019,\""filing_period\"":\""second_quarter\"",\""income\"":\""50000.00\"",\""expenses\"":null}"", ""L-e8d29069-f35b-468d-a1c1-ba672bf96f9e"": ""{\""filing_uuid\"":\""e8d29069-f35b-468d-a1c1-ba672bf96f9e\"",\""filing_type\"":\""Q1\"",\""filing_year\"":2019,\""filing_period\"":\""first_quarter\"",\""income\"":\""60000.00\"",\""expenses\"":null}"", ""L-f25ff014-78ee-47e9-b343-8ce0611652b6"": ""{\""filing_uuid\"":\""f25ff014-78ee-47e9-b343-8ce0611652b6\"",\""filing_type\"":\""Q4\"",\""filing_year\"":2019,\""filing_period\"":\""fourth_quarter\"",\""income\"":\""30000.00\"",\""expenses\"":null}""}","Sum of numeric amounts on latest eligible quarterly reports, all issues combined. Blank reports are not zero and are not added. Separately named intermediaries excluded from direct fees. Outside fees and company expenses overlap and must never be added. Latest year uses completed quarters only; no annualization. No numeric reports means OPEN, not zero spending.",USD,,,L-0c24cb4b-5ef5-42ca-850a-79130cb0279e;L-1513dd0d-822a-4ff0-9847-3114df87a952;L-1930b435-47b2-4c6c-81d8-c5a76f73b06d;L-1ac128a5-441d-48b8-b232-b6ffc0877f8f;L-1c1f215d-6412-4ff0-9d39-af69aaf26a69;L-1f0193fd-53fb-407c-b172-3cf2b40a06f7;L-237cfc30-5212-4137-9776-9ed81f958b19;L-24f4c894-b153-4570-9303-76005a2e09b3;L-25f24f56-1943-46e3-816d-1aafd3403423;L-27c4c498-8d2b-47ca-90c1-4445676bcc79;L-28e4867e-c697-4a87-9c04-c36dde98f717;L-2a63424f-6c6b-4690-99f9-4738f59b05fc;L-2d8720ca-baa9-450d-9ef3-1467d6e0d336;L-32aac451-c2c0-4cf7-8b51-1b47645994cf;L-33719e0a-41df-48c2-81ee-426e350e0e77;L-3996ecbc-3532-46cf-9c93-e3cda6842871;L-3a5072c8-5147-453d-91d3-30cc52d7d2bc;L-3bc91dd9-fe52-42b8-8a7d-57c747b3626e;L-4278530d-9c8c-4c3a-bfca-0e79e82826e8;L-43cb90f1-45c0-4799-a71f-069c2789e747;L-4405b01e-1dd9-4e49-938d-7bc985fc7b64;L-49341c5e-b865-4620-a103-3ade329f8c7c;L-4d744cb5-8ddb-4505-a1a5-962385bbcf44;L-61628242-43a2-4b3d-af7a-79770682fa25;L-617f3317-0b74-4b7d-9aab-29d8281f4073;L-64d33115-4d81-45cc-93fb-13e9f9a8846b;L-6af80028-6820-422a-86ba-0e42c75e329c;L-6ca9bbed-f754-4106-8ab1-cb53c2a81f80;L-7a0e7148-66b4-48a7-866f-0b6b839f8dda;L-7af12315-69cb-442b-9483-ba660d6a30c7;L-7c36ce37-548a-4ef6-bbfe-abd8872b4076;L-80065c1a-029a-4175-b56a-f0f324a613b5;L-8a2483b8-1ee7-4fe3-bb00-c4b04b207159;L-8b5c5c2c-fdfc-410e-852c-0f4bcc0de9d3;L-8b763897-7957-400e-9ef9-a795750562f6;L-8e0c309f-d818-45da-ba53-0aad40dd12b8;L-90e5cf5e-13cf-405b-92f8-963c86ab5301;L-9106c216-1ba8-409b-946d-a69ff70a8d57;L-918041b0-a895-44c9-95fa-38c152197cb1;L-922531fb-7ad3-4055-93d9-99de7b56398c;L-94cbbfb4-0d19-4e59-b44a-c03844c0cf0d;L-95eb8e01-dec5-4f06-81d2-9be4561fe396;L-99d35c09-aa57-4083-a825-19bf7976ab43;L-9d575ed3-2f19-4c9b-95dd-f0b52b00ba84;L-a024fcd5-e4bc-4733-b3ed-05cb7393c111;L-a1009102-1d4b-4100-b432-e8b58bc087a0;L-a44044b7-5816-40d4-a5f2-4264633dfa80;L-a4595120-2946-45a0-985d-7d242843a8bd;L-a91b7901-49a8-4bd8-a8ed-28ab6ab63e0f;L-aa4f4a02-d912-41a4-936d-852a143bd5c1;L-ab3561b3-f781-4df0-93d4-31ad5b32c36e;L-ad120e14-194c-4ebe-ae00-a3bdd296c917;L-b0bcdd6b-bc30-4c29-a77c-cd18706c5610;L-b2328a10-3de5-4617-a0bf-37fa9a896d9c;L-b511e1cb-88b3-458c-9e28-69152c654586;L-b58b3b88-1e0a-4538-99c1-e34c8c5e6f3e;L-b6e60dd0-16bc-4b3d-8b34-d97bed69e765;L-b71c070a-cca2-4bdf-b5ef-71fd1a1a2318;L-bbf13fb0-daa0-4494-b5e9-107b4a6edb67;L-bcb55f5b-9d4a-42f5-be42-bdeefa1fd1a3;L-bcde882a-bc04-4e5e-8425-907b291ccf44;L-be7ea9b3-9178-42ee-aaf5-857da7cd1263;L-c07a2b56-cfe7-4d14-b3f9-7e569802cc13;L-c956c374-965c-4c82-acc4-63a4e6037839;L-cc57b88e-d043-4819-b461-0d2144e31d1c;L-d6471109-4afc-4f25-9f2f-992d4acee049;L-d9447ea1-e407-4f88-b069-22f1919f3620;L-dc4769a4-ddcc-4b1f-8fd1-2c46b9909d34;L-de4c0db3-12ee-40f1-86e5-0e08a27412cc;L-e506ec4d-4cb4-4012-bd13-dbb01bb17e3c;L-e7baf0f8-f797-4746-ae6a-e98ae2c2d598;L-e8d29069-f35b-468d-a1c1-ba672bf96f9e;L-f25ff014-78ee-47e9-b343-8ce0611652b6,lobbying_external_fees,sum,Meta,2019,,,1;2;3;4,,,KEEP
FE-Meta-2020,4262500.00,https://lda.gov/filings/public/filing/056e242e-912c-4770-b507-5714c6c682f9/print/,2026-09-14,"{""L-056e242e-912c-4770-b507-5714c6c682f9"": ""{\""filing_uuid\"":\""056e242e-912c-4770-b507-5714c6c682f9\"",\""filing_type\"":\""Q3\"",\""filing_year\"":2020,\""filing_period\"":\""third_quarter\"",\""income\"":\""50000.00\"",\""expenses\"":null}"", ""L-060d3792-4184-4975-8808-9d526fcb267b"": ""{\""filing_uuid\"":\""060d3792-4184-4975-8808-9d526fcb267b\"",\""filing_type\"":\""Q3\"",\""filing_year\"":2020,\""filing_period\"":\""third_quarter\"",\""income\"":\""30000.00\"",\""expenses\"":null}"", ""L-0636a22f-a6e1-4fa7-8598-efeb82fa5ae3"": ""{\""filing_uuid\"":\""0636a22f-a6e1-4fa7-8598-efeb82fa5ae3\"",\""filing_type\"":\""Q2\"",\""filing_year\"":2020,\""filing_period\"":\""second_quarter\"",\""income\"":\""60000.00\"",\""expenses\"":null}"", ""L-067e959f-e3cd-4c63-bc18-7a33259c6f2c"": ""{\""filing_uuid\"":\""067e959f-e3cd-4c63-bc18-7a33259c6f2c\"",\""filing_type\"":\""Q1\"",\""filing_year\"":2020,\""filing_period\"":\""first_quarter\"",\""income\"":\""50000.00\"",\""expenses\"":null}"", ""L-0aedbfa5-a657-4d1f-91cd-0a2446892c5d"": ""{\""filing_uuid\"":\""0aedbfa5-a657-4d1f-91cd-0a2446892c5d\"",\""filing_type\"":\""Q3\"",\""filing_year\"":2020,\""filing_period\"":\""third_quarter\"",\""income\"":\""30000.00\"",\""expenses\"":null}"", ""L-0d35aa3c-d599-49ef-943e-9e4dca7c8db7"": ""{\""filing_uuid\"":\""0d35aa3c-d599-49ef-943e-9e4dca7c8db7\"",\""filing_type\"":\""Q1\"",\""filing_year\"":2020,\""filing_period\"":\""first_quarter\"",\""income\"":\""60000.00\"",\""expenses\"":null}"", ""L-1896159d-a815-4ff2-8871-2e5f462a64ef"": ""{\""filing_uuid\"":\""1896159d-a815-4ff2-8871-2e5f462a64ef\"",\""filing_type\"":\""Q4\"",\""filing_year\"":2020,\""filing_period\"":\""fourth_quarter\"",\""income\"":\""60000.00\"",\""expenses\"":null}"", ""L-1a181be0-a585-45ad-b036-d9c836a91f08"": ""{\""filing_uuid\"":\""1a181be0-a585-45ad-b036-d9c836a91f08\"",\""filing_type\"":\""Q1\"",\""filing_year\"":2020,\""filing_period\"":\""first_quarter\"",\""income\"":\""30000.00\"",\""expenses\"":null}"", ""L-1c66b5c7-8764-40eb-951e-7db1143486df"": ""{\""filing_uuid\"":\""1c66b5c7-8764-40eb-951e-7db1143486df\"",\""filing_type\"":\""Q3\"",\""filing_year\"":2020,\""filing_period\"":\""third_quarter\"",\""income\"":\""60000.00\"",\""expenses\"":null}"", ""L-1d7db3ea-fa52-4c6f-97a1-2b446bbbd570"": ""{\""filing_uuid\"":\""1d7db3ea-fa52-4c6f-97a1-2b446bbbd570\"",\""filing_type\"":\""Q2\"",\""filing_year\"":2020,\""filing_period\"":\""second_quarter\"",\""income\"":\""60000.00\"",\""expenses\"":null}"", ""L-271ba959-a918-4451-958e-740a0e9fff5b"": ""{\""filing_uuid\"":\""271ba959-a918-4451-958e-740a0e9fff5b\"",\""filing_type\"":\""Q1\"",\""filing_year\"":2020,\""filing_period\"":\""first_quarter\"",\""income\"":\""60000.00\"",\""expenses\"":null}"", ""L-2772a586-bd2e-45c7-8129-e3120c8b6831"": ""{\""filing_uuid\"":\""2772a586-bd2e-45c7-8129-e3120c8b6831\"",\""filing_type\"":\""Q1\"",\""filing_year\"":2020,\""filing_period\"":\""first_quarter\"",\""income\"":\""60000.00\"",\""expenses\"":null}"", ""L-278604f0-292c-43db-84fd-38be079d2d6b"": ""{\""filing_uuid\"":\""278604f0-292c-43db-84fd-38be079d2d6b\"",\""filing_type\"":\""Q1\"",\""filing_year\"":2020,\""filing_period\"":\""first_quarter\"",\""income\"":\""40000.00\"",\""expenses\"":null}"", ""L-28649755-a8f7-4fb6-9e43-050438ab1672"": ""{\""filing_uuid\"":\""28649755-a8f7-4fb6-9e43-050438ab1672\"",\""filing_type\"":\""Q2\"",\""filing_year\"":2020,\""filing_period\"":\""second_quarter\"",\""income\"":\""20000.00\"",\""expenses\"":null}"", ""L-2bc16868-f000-458a-8eb4-d6a97aa67e38"": ""{\""filing_uuid\"":\""2bc16868-f000-458a-8eb4-d6a97aa67e38\"",\""filing_type\"":\""Q4\"",\""filing_year\"":2020,\""filing_period\"":\""fourth_quarter\"",\""income\"":\""20000.00\"",\""expenses\"":null}"", ""L-2bd837ed-053b-4d15-b6ee-71373a169707"": ""{\""filing_uuid\"":\""2bd837ed-053b-4d15-b6ee-71373a169707\"",\""filing_type\"":\""Q4\"",\""filing_year\"":2020,\""filing_period\"":\""fourth_quarter\"",\""income\"":\""45000.00\"",\""expenses\"":null}"", ""L-32dd8377-6ba2-4c9c-8e45-0d8380bb9247"": ""{\""filing_uuid\"":\""32dd8377-6ba2-4c9c-8e45-0d8380bb9247\"",\""filing_type\"":\""Q4\"",\""filing_year\"":2020,\""filing_period\"":\""fourth_quarter\"",\""income\"":\""50000.00\"",\""expenses\"":null}"", ""L-37b83df6-1dfb-4852-b453-86f034d716c4"": ""{\""filing_uuid\"":\""37b83df6-1dfb-4852-b453-86f034d716c4\"",\""filing_type\"":\""Q2\"",\""filing_year\"":2020,\""filing_period\"":\""second_quarter\"",\""income\"":\""30000.00\"",\""expenses\"":null}"", ""L-3a7997b1-728c-4b6c-94e1-49c1ecfd6bdd"": ""{\""filing_uuid\"":\""3a7997b1-728c-4b6c-94e1-49c1ecfd6bdd\"",\""filing_type\"":\""Q2\"",\""filing_year\"":2020,\""filing_period\"":\""second_quarter\"",\""income\"":\""45000.00\"",\""expenses\"":null}"", ""L-3b311a8a-87d3-4c5c-9ac2-2938a23503c1"": ""{\""filing_uuid\"":\""3b311a8a-87d3-4c5c-9ac2-2938a23503c1\"",\""filing_type\"":\""2A\"",\""filing_year\"":2020,\""filing_period\"":\""second_quarter\"",\""income\"":\""100000.00\"",\""expenses\"":null}"", ""L-3fea42fe-58fe-4197-a37c-6c66492f0079"": ""{\""filing_uuid\"":\""3fea42fe-58fe-4197-a37c-6c66492f0079\"",\""filing_type\"":\""Q3\"",\""filing_year\"":2020,\""filing_period\"":\""third_quarter\"",\""income\"":\""60000.00\"",\""expenses\"":null}"", ""L-42e7d245-2797-462b-bf94-bebf496a87ed"": ""{\""filing_uuid\"":\""42e7d245-2797-462b-bf94-bebf496a87ed\"",\""filing_type\"":\""Q3\"",\""filing_year\"":2020,\""filing_period\"":\""third_quarter\"",\""income\"":\""50000.00\"",\""expenses\"":null}"", ""L-44ff8f99-cf22-41dc-a122-e422189e13f9"": ""{\""filing_uuid\"":\""44ff8f99-cf22-41dc-a122-e422189e13f9\"",\""filing_type\"":\""1AY\"",\""filing_year\"":2020,\""filing_period\"":\""first_quarter\"",\""income\"":\""30000.00\"",\""expenses\"":null}"", ""L-49d5adbd-b7a4-4631-9406-177f0a601e0e"": ""{\""filing_uuid\"":\""49d5adbd-b7a4-4631-9406-177f0a601e0e\"",\""filing_type\"":\""Q2\"",\""filing_year\"":2020,\""filing_period\"":\""second_quarter\"",\""income\"":\""50000.00\"",\""expenses\"":null}"", ""L-4a1c27e2-eae2-478b-8203-e86432f21780"": ""{\""filing_uuid\"":\""4a1c27e2-eae2-478b-8203-e86432f21780\"",\""filing_type\"":\""Q4\"",\""filing_year\"":2020,\""filing_period\"":\""fourth_quarter\"",\""income\"":\""30000.00\"",\""expenses\"":null}"", ""L-4bac9b75-d2a6-4221-aa17-3f143cb21890"": ""{\""filing_uuid\"":\""4bac9b75-d2a6-4221-aa17-3f143cb21890\"",\""filing_type\"":\""Q1\"",\""filing_year\"":2020,\""filing_period\"":\""first_quarter\"",\""income\"":\""60000.00\"",\""expenses\"":null}"", ""L-4ffdde5c-9bd1-4f5c-9998-3542f7a83178"": ""{\""filing_uuid\"":\""4ffdde5c-9bd1-4f5c-9998-3542f7a83178\"",\""filing_type\"":\""Q2\"",\""filing_year\"":2020,\""filing_period\"":\""second_quarter\"",\""income\"":\""22500.00\"",\""expenses\"":null}"", ""L-53101b2f-8a5c-4701-ac9e-23b8434eee0f"": ""{\""filing_uuid\"":\""53101b2f-8a5c-4701-ac9e-23b8434eee0f\"",\""filing_type\"":\""Q4\"",\""filing_year\"":2020,\""filing_period\"":\""fourth_quarter\"",\""income\"":\""10000.00\"",\""expenses\"":null}"", ""L-57736a5c-8330-4b50-8358-58e27b29a533"": ""{\""filing_uuid\"":\""57736a5c-8330-4b50-8358-58e27b29a533\"",\""filing_type\"":\""Q1\"",\""filing_year\"":2020,\""filing_period\"":\""first_quarter\"",\""income\"":\""10000.00\"",\""expenses\"":null}"", ""L-57e3bf04-06f8-49fc-9a2e-957fd7c1637d"": ""{\""filing_uuid\"":\""57e3bf04-06f8-49fc-9a2e-957fd7c1637d\"",\""filing_type\"":\""Q4\"",\""filing_year\"":2020,\""filing_period\"":\""fourth_quarter\"",\""income\"":\""15000.00\"",\""expenses\"":null}"", ""L-5f7f7a6a-544c-4e5b-ba92-c93573a77158"": ""{\""filing_uuid\"":\""5f7f7a6a-544c-4e5b-ba92-c93573a77158\"",\""filing_type\"":\""Q2\"",\""filing_year\"":2020,\""filing_period\"":\""second_quarter\"",\""income\"":\""45000.00\"",\""expenses\"":null}"", ""L-6393389e-bedf-4171-9957-b18bfb117e0d"": ""{\""filing_uuid\"":\""6393389e-bedf-4171-9957-b18bfb117e0d\"",\""filing_type\"":\""Q3\"",\""filing_year\"":2020,\""filing_period\"":\""third_quarter\"",\""income\"":\""22500.00\"",\""expenses\"":null}"", ""L-64c0ce7a-9b37-46d8-bfa9-ce8bd5ec03da"": ""{\""filing_uuid\"":\""64c0ce7a-9b37-46d8-bfa9-ce8bd5ec03da\"",\""filing_type\"":\""Q3\"",\""filing_year\"":2020,\""filing_period\"":\""third_quarter\"",\""income\"":\""50000.00\"",\""expenses\"":null}"", ""L-6d14a1cf-96a9-492c-9be6-180f5b752e3b"": ""{\""filing_uuid\"":\""6d14a1cf-96a9-492c-9be6-180f5b752e3b\"",\""filing_type\"":\""Q4\"",\""filing_year\"":2020,\""filing_period\"":\""fourth_quarter\"",\""income\"":\""60000.00\"",\""expenses\"":null}"", ""L-6de465a9-8533-4ab9-96db-b84008edead1"": ""{\""filing_uuid\"":\""6de465a9-8533-4ab9-96db-b84008edead1\"",\""filing_type\"":\""1T\"",\""filing_year\"":2020,\""filing_period\"":\""first_quarter\"",\""income\"":\""30000.00\"",\""expenses\"":null}"", ""L-7072becb-b8b3-43d0-a789-01b8cd69ab1e"": ""{\""filing_uuid\"":\""7072becb-b8b3-43d0-a789-01b8cd69ab1e\"",\""filing_type\"":\""Q1\"",\""filing_year\"":2020,\""filing_period\"":\""first_quarter\"",\""income\"":\""22500.00\"",\""expenses\"":null}"", ""L-75d1a066-37b5-46ec-9e15-bd4bd5addda7"": ""{\""filing_uuid\"":\""75d1a066-37b5-46ec-9e15-bd4bd5addda7\"",\""filing_type\"":\""Q2\"",\""filing_year\"":2020,\""filing_period\"":\""second_quarter\"",\""income\"":\""10000.00\"",\""expenses\"":null}"", ""L-77f33d06-be94-41f8-8f0a-a168de640da7"": ""{\""filing_uuid\"":\""77f33d06-be94-41f8-8f0a-a168de640da7\"",\""filing_type\"":\""Q3\"",\""filing_year\"":2020,\""filing_period\"":\""third_quarter\"",\""income\"":\""45000.00\"",\""expenses\"":null}"", ""L-78207b6d-0823-4ebd-b78a-385ebad49e4d"": ""{\""filing_uuid\"":\""78207b6d-0823-4ebd-b78a-385ebad49e4d\"",\""filing_type\"":\""Q3\"",\""filing_year\"":2020,\""filing_period\"":\""third_quarter\"",\""income\"":\""45000.00\"",\""expenses\"":null}"", ""L-7de0fab6-9453-4f43-8e43-7f2438574eb5"": ""{\""filing_uuid\"":\""7de0fab6-9453-4f43-8e43-7f2438574eb5\"",\""filing_type\"":\""Q2\"",\""filing_year\"":2020,\""filing_period\"":\""second_quarter\"",\""income\"":\""60000.00\"",\""expenses\"":null}"", ""L-864185bd-7177-457d-9003-9778e2bc9c38"": ""{\""filing_uuid\"":\""864185bd-7177-457d-9003-9778e2bc9c38\"",\""filing_type\"":\""Q1\"",\""filing_year\"":2020,\""filing_period\"":\""first_quarter\"",\""income\"":\""45000.00\"",\""expenses\"":null}"", ""L-869c6d3b-129f-4631-be1a-da3dc906298c"": ""{\""filing_uuid\"":\""869c6d3b-129f-4631-be1a-da3dc906298c\"",\""filing_type\"":\""Q2\"",\""filing_year\"":2020,\""filing_period\"":\""second_quarter\"",\""income\"":\""40000.00\"",\""expenses\"":null}"", ""L-8c3c4570-ad8f-45ed-8f9c-ea3d8a3cc288"": ""{\""filing_uuid\"":\""8c3c4570-ad8f-45ed-8f9c-ea3d8a3cc288\"",\""filing_type\"":\""Q4\"",\""filing_year\"":2020,\""filing_period\"":\""fourth_quarter\"",\""income\"":\""30000.00\"",\""expenses\"":null}"", ""L-8da16fbd-9b0c-4eaf-b581-029952031663"": ""{\""filing_uuid\"":\""8da16fbd-9b0c-4eaf-b581-029952031663\"",\""filing_type\"":\""Q3\"",\""filing_year\"":2020,\""filing_period\"":\""third_quarter\"",\""income\"":\""60000.00\"",\""expenses\"":null}"", ""L-95e34423-80f4-4c14-ad69-c0a67f89c4af"": ""{\""filing_uuid\"":\""95e34423-80f4-4c14-ad69-c0a67f89c4af\"",\""filing_type\"":\""Q3\"",\""filing_year\"":2020,\""filing_period\"":\""third_quarter\"",\""income\"":\""45000.00\"",\""expenses\"":null}"", ""L-9647d644-756c-4649-a32d-201527d07430"": ""{\""filing_uuid\"":\""9647d644-756c-4649-a32d-201527d07430\"",\""filing_type\"":\""Q3\"",\""filing_year\"":2020,\""filing_period\"":\""third_quarter\"",\""income\"":\""120000.00\"",\""expenses\"":null}"", ""L-a07e0e75-047b-42c8-be6d-ea2210dbaa3b"": ""{\""filing_uuid\"":\""a07e0e75-047b-42c8-be6d-ea2210dbaa3b\"",\""filing_type\"":\""Q4\"",\""filing_year\"":2020,\""filing_period\"":\""fourth_quarter\"",\""income\"":\""60000.00\"",\""expenses\"":null}"", ""L-a503218d-f921-47b6-b9c4-7c18195426e8"": ""{\""filing_uuid\"":\""a503218d-f921-47b6-b9c4-7c18195426e8\"",\""filing_type\"":\""Q4\"",\""filing_year\"":2020,\""filing_period\"":\""fourth_quarter\"",\""income\"":\""40000.00\"",\""expenses\"":null}"", ""L-a56a3230-424d-4e2e-bc95-9b89367e8799"": ""{\""filing_uuid\"":\""a56a3230-424d-4e2e-bc95-9b89367e8799\"",\""filing_type\"":\""Q4\"",\""filing_year\"":2020,\""filing_period\"":\""fourth_quarter\"",\""income\"":\""120000.00\"",\""expenses\"":null}"", ""L-af025523-6d18-4984-86e9-9fe6e17648c3"": ""{\""filing_uuid\"":\""af025523-6d18-4984-86e9-9fe6e17648c3\"",\""filing_type\"":\""Q3\"",\""filing_year\"":2020,\""filing_period\"":\""third_quarter\"",\""income\"":\""60000.00\"",\""expenses\"":null}"", ""L-b164336a-db46-40c4-ac5e-844eeff5cf88"": ""{\""filing_uuid\"":\""b164336a-db46-40c4-ac5e-844eeff5cf88\"",\""filing_type\"":\""3A\"",\""filing_year\"":2020,\""filing_period\"":\""third_quarter\"",\""income\"":\""10000.00\"",\""expenses\"":null}"", ""L-b2ce4255-50bf-487f-9ea5-2b6d5d4963e8"": ""{\""filing_uuid\"":\""b2ce4255-50bf-487f-9ea5-2b6d5d4963e8\"",\""filing_type\"":\""Q3\"",\""filing_year\"":2020,\""filing_period\"":\""third_quarter\"",\""income\"":\""60000.00\"",\""expenses\"":null}"", ""L-b2d1084d-61db-4377-a590-41e42676c320"": ""{\""filing_uuid\"":\""b2d1084d-61db-4377-a590-41e42676c320\"",\""filing_type\"":\""Q4\"",\""filing_year\"":2020,\""filing_period\"":\""fourth_quarter\"",\""income\"":\""60000.00\"",\""expenses\"":null}"", ""L-b8e8d9e4-947e-48e0-b4ca-eae06e4ca421"": ""{\""filing_uuid\"":\""b8e8d9e4-947e-48e0-b4ca-eae06e4ca421\"",\""filing_type\"":\""Q4\"",\""filing_year\"":2020,\""filing_period\"":\""fourth_quarter\"",\""income\"":\""45000.00\"",\""expenses\"":null}"", ""L-b8fec4ef-e38a-433f-b3ee-941b71c3295c"": ""{\""filing_uuid\"":\""b8fec4ef-e38a-433f-b3ee-941b71c3295c\"",\""filing_type\"":\""Q2\"",\""filing_year\"":2020,\""filing_period\"":\""second_quarter\"",\""income\"":\""120000.00\"",\""expenses\"":null}"", ""L-b97c8192-da1b-4f6f-bc18-44c395261e5f"": ""{\""filing_uuid\"":\""b97c8192-da1b-4f6f-bc18-44c395261e5f\"",\""filing_type\"":\""2T\"",\""filing_year\"":2020,\""filing_period\"":\""second_quarter\"",\""income\"":\""60000.00\"",\""expenses\"":null}"", ""L-bb81adae-f8ef-446b-9e12-94ccb9495eb2"": ""{\""filing_uuid\"":\""bb81adae-f8ef-446b-9e12-94ccb9495eb2\"",\""filing_type\"":\""Q1\"",\""filing_year\"":2020,\""filing_period\"":\""first_quarter\"",\""income\"":\""60000.00\"",\""expenses\"":null}"", ""L-be0deadf-ab37-45c8-aefc-e9e762eb6b48"": ""{\""filing_uuid\"":\""be0deadf-ab37-45c8-aefc-e9e762eb6b48\"",\""filing_type\"":\""Q2\"",\""filing_year\"":2020,\""filing_period\"":\""second_quarter\"",\""income\"":\""60000.00\"",\""expenses\"":null}"", ""L-bf75c276-5146-472d-96c6-9cd47009aa27"": ""{\""filing_uuid\"":\""bf75c276-5146-472d-96c6-9cd47009aa27\"",\""filing_type\"":\""Q4\"",\""filing_year\"":2020,\""filing_period\"":\""fourth_quarter\"",\""income\"":\""60000.00\"",\""expenses\"":null}"", ""L-c2194f89-2a49-485e-a4e7-788d9b34b7d8"": ""{\""filing_uuid\"":\""c2194f89-2a49-485e-a4e7-788d9b34b7d8\"",\""filing_type\"":\""Q2\"",\""filing_year\"":2020,\""filing_period\"":\""second_quarter\"",\""income\"":\""50000.00\"",\""expenses\"":null}"", ""L-c7806f81-7faa-4af5-a512-f7bc482192d1"": ""{\""filing_uuid\"":\""c7806f81-7faa-4af5-a512-f7bc482192d1\"",\""filing_type\"":\""Q1\"",\""filing_year\"":2020,\""filing_period\"":\""first_quarter\"",\""income\"":\""50000.00\"",\""expenses\"":null}"", ""L-c948f855-187b-4802-bda0-3042bafae7dc"": ""{\""filing_uuid\"":\""c948f855-187b-4802-bda0-3042bafae7dc\"",\""filing_type\"":\""Q4\"",\""filing_year\"":2020,\""filing_period\"":\""fourth_quarter\"",\""income\"":\""45000.00\"",\""expenses\"":null}"", ""L-c957fccd-4339-4b65-bb20-500b662c0268"": ""{\""filing_uuid\"":\""c957fccd-4339-4b65-bb20-500b662c0268\"",\""filing_type\"":\""Q3\"",\""filing_year\"":2020,\""filing_period\"":\""third_quarter\"",\""income\"":\""10000.00\"",\""expenses\"":null}"", ""L-ca2e4add-d98d-4cee-bb74-86727f650421"": ""{\""filing_uuid\"":\""ca2e4add-d98d-4cee-bb74-86727f650421\"",\""filing_type\"":\""Q1\"",\""filing_year\"":2020,\""filing_period\"":\""first_quarter\"",\""income\"":\""45000.00\"",\""expenses\"":null}"", ""L-cbf2738d-2fa0-4278-ac66-571c8b5f751c"": ""{\""filing_uuid\"":\""cbf2738d-2fa0-4278-ac66-571c8b5f751c\"",\""filing_type\"":\""Q1\"",\""filing_year\"":2020,\""filing_period\"":\""first_quarter\"",\""income\"":\""60000.00\"",\""expenses\"":null}"", ""L-d0220afa-04fc-4693-a469-0c4c506b0553"": ""{\""filing_uuid\"":\""d0220afa-04fc-4693-a469-0c4c506b0553\"",\""filing_type\"":\""Q3\"",\""filing_year\"":2020,\""filing_period\"":\""third_quarter\"",\""income\"":\""30000.00\"",\""expenses\"":null}"", ""L-d23a2238-ecb2-4598-a716-9088d15d1585"": ""{\""filing_uuid\"":\""d23a2238-ecb2-4598-a716-9088d15d1585\"",\""filing_type\"":\""Q2\"",\""filing_year\"":2020,\""filing_period\"":\""second_quarter\"",\""income\"":\""30000.00\"",\""expenses\"":null}"", ""L-d3cd8c2a-5261-43d9-938d-c34a252f37d7"": ""{\""filing_uuid\"":\""d3cd8c2a-5261-43d9-938d-c34a252f37d7\"",\""filing_type\"":\""Q4\"",\""filing_year\"":2020,\""filing_period\"":\""fourth_quarter\"",\""income\"":\""60000.00\"",\""expenses\"":null}"", ""L-d56225b8-3b45-467a-81ef-813ca3f39093"": ""{\""filing_uuid\"":\""d56225b8-3b45-467a-81ef-813ca3f39093\"",\""filing_type\"":\""Q1\"",\""filing_year\"":2020,\""filing_period\"":\""first_quarter\"",\""income\"":\""50000.00\"",\""expenses\"":null}"", ""L-d7a1503f-8dc9-425c-8b82-8e0f5d123686"": ""{\""filing_uuid\"":\""d7a1503f-8dc9-425c-8b82-8e0f5d123686\"",\""filing_type\"":\""Q2\"",\""filing_year\"":2020,\""filing_period\"":\""second_quarter\"",\""income\"":\""60000.00\"",\""expenses\"":null}"", ""L-d8c5b44f-0172-47f2-90c5-2c20a06cc8d0"": ""{\""filing_uuid\"":\""d8c5b44f-0172-47f2-90c5-2c20a06cc8d0\"",\""filing_type\"":\""Q4\"",\""filing_year\"":2020,\""filing_period\"":\""fourth_quarter\"",\""income\"":\""50000.00\"",\""expenses\"":null}"", ""L-d95617e4-b67a-4e18-ac96-6979e8fe521b"": ""{\""filing_uuid\"":\""d95617e4-b67a-4e18-ac96-6979e8fe521b\"",\""filing_type\"":\""Q4\"",\""filing_year\"":2020,\""filing_period\"":\""fourth_quarter\"",\""income\"":\""10000.00\"",\""expenses\"":null}"", ""L-da5245c1-3480-4c12-aa83-e652fd1081a1"": ""{\""filing_uuid\"":\""da5245c1-3480-4c12-aa83-e652fd1081a1\"",\""filing_type\"":\""Q1\"",\""filing_year\"":2020,\""filing_period\"":\""first_quarter\"",\""income\"":\""20000.00\"",\""expenses\"":null}"", ""L-e0f70cc6-95b0-4de0-9f6c-163aaf1ffbea"": ""{\""filing_uuid\"":\""e0f70cc6-95b0-4de0-9f6c-163aaf1ffbea\"",\""filing_type\"":\""Q2\"",\""filing_year\"":2020,\""filing_period\"":\""second_quarter\"",\""income\"":\""40000.00\"",\""expenses\"":null}"", ""L-e3091f5a-e823-4139-8ea1-c42195ba90a7"": ""{\""filing_uuid\"":\""e3091f5a-e823-4139-8ea1-c42195ba90a7\"",\""filing_type\"":\""Q3\"",\""filing_year\"":2020,\""filing_period\"":\""third_quarter\"",\""income\"":\""40000.00\"",\""expenses\"":null}"", ""L-e31671df-cda4-4bc9-8bae-aead3f6f6cd7"": ""{\""filing_uuid\"":\""e31671df-cda4-4bc9-8bae-aead3f6f6cd7\"",\""filing_type\"":\""Q1\"",\""filing_year\"":2020,\""filing_period\"":\""first_quarter\"",\""income\"":\""37500.00\"",\""expenses\"":null}"", ""L-e51dd2c1-3bb7-493d-b1aa-fbed655015e6"": ""{\""filing_uuid\"":\""e51dd2c1-3bb7-493d-b1aa-fbed655015e6\"",\""filing_type\"":\""Q2\"",\""filing_year\"":2020,\""filing_period\"":\""second_quarter\"",\""income\"":\""30000.00\"",\""expenses\"":null}"", ""L-ead451da-221e-4b4a-9197-cf4137a10690"": ""{\""filing_uuid\"":\""ead451da-221e-4b4a-9197-cf4137a10690\"",\""filing_type\"":\""Q3\"",\""filing_year\"":2020,\""filing_period\"":\""third_quarter\"",\""income\"":\""60000.00\"",\""expenses\"":null}"", ""L-ec24da91-f12f-4590-b050-aab02f2e4eac"": ""{\""filing_uuid\"":\""ec24da91-f12f-4590-b050-aab02f2e4eac\"",\""filing_type\"":\""Q4\"",\""filing_year\"":2020,\""filing_period\"":\""fourth_quarter\"",\""income\"":\""60000.00\"",\""expenses\"":null}"", ""L-ec3ab7a7-738a-4e0d-b5aa-cf276c6194cb"": ""{\""filing_uuid\"":\""ec3ab7a7-738a-4e0d-b5aa-cf276c6194cb\"",\""filing_type\"":\""Q4\"",\""filing_year\"":2020,\""filing_period\"":\""fourth_quarter\"",\""income\"":\""50000.00\"",\""expenses\"":null}"", ""L-eced5a49-24a0-4a8c-ba6e-9a6ca91e1653"": ""{\""filing_uuid\"":\""eced5a49-24a0-4a8c-ba6e-9a6ca91e1653\"",\""filing_type\"":\""Q3\"",\""filing_year\"":2020,\""filing_period\"":\""third_quarter\"",\""income\"":\""10000.00\"",\""expenses\"":null}"", ""L-f4d0f4f7-05ec-4cb7-a480-a564a4263d4f"": ""{\""filing_uuid\"":\""f4d0f4f7-05ec-4cb7-a480-a564a4263d4f\"",\""filing_type\"":\""Q3\"",\""filing_year\"":2020,\""filing_period\"":\""third_quarter\"",\""income\"":\""60000.00\"",\""expenses\"":null}"", ""L-f5d9fe35-70cf-4d19-8884-9ede3e4150b8"": ""{\""filing_uuid\"":\""f5d9fe35-70cf-4d19-8884-9ede3e4150b8\"",\""filing_type\"":\""1A\"",\""filing_year\"":2020,\""filing_period\"":\""first_quarter\"",\""income\"":\""30000.00\"",\""expenses\"":null}"", ""L-f6a68b2a-1695-4350-b2aa-4abf6c11a5f3"": ""{\""filing_uuid\"":\""f6a68b2a-1695-4350-b2aa-4abf6c11a5f3\"",\""filing_type\"":\""Q1\"",\""filing_year\"":2020,\""filing_period\"":\""first_quarter\"",\""income\"":\""60000.00\"",\""expenses\"":null}"", ""L-fb02b053-28d8-4de0-a660-41a90aa932e9"": ""{\""filing_uuid\"":\""fb02b053-28d8-4de0-a660-41a90aa932e9\"",\""filing_type\"":\""Q1\"",\""filing_year\"":2020,\""filing_period\"":\""first_quarter\"",\""income\"":\""120000.00\"",\""expenses\"":null}"", ""L-fc36a74b-1359-4ece-ac70-ac32df0ffd6e"": ""{\""filing_uuid\"":\""fc36a74b-1359-4ece-ac70-ac32df0ffd6e\"",\""filing_type\"":\""Q2\"",\""filing_year\"":2020,\""filing_period\"":\""second_quarter\"",\""income\"":\""60000.00\"",\""expenses\"":null}"", ""L-fc431626-893f-4aa5-9c9e-fe1080b94b4f"": ""{\""filing_uuid\"":\""fc431626-893f-4aa5-9c9e-fe1080b94b4f\"",\""filing_type\"":\""Q2\"",\""filing_year\"":2020,\""filing_period\"":\""second_quarter\"",\""income\"":\""60000.00\"",\""expenses\"":null}"", ""L-feaa3bba-4e40-45c8-b396-b2bf2b96b981"": ""{\""filing_uuid\"":\""feaa3bba-4e40-45c8-b396-b2bf2b96b981\"",\""filing_type\"":\""Q4\"",\""filing_year\"":2020,\""filing_period\"":\""fourth_quarter\"",\""income\"":\""30000.00\"",\""expenses\"":null}"", ""L-fef63113-ab14-4059-9dd7-6f7b18d1fb75"": ""{\""filing_uuid\"":\""fef63113-ab14-4059-9dd7-6f7b18d1fb75\"",\""filing_type\"":\""Q4\"",\""filing_year\"":2020,\""filing_period\"":\""fourth_quarter\"",\""income\"":\""22500.00\"",\""expenses\"":null}"", ""L-ff558fdb-5430-4773-9444-a60e8489ddba"": ""{\""filing_uuid\"":\""ff558fdb-5430-4773-9444-a60e8489ddba\"",\""filing_type\"":\""Q3\"",\""filing_year\"":2020,\""filing_period\"":\""third_quarter\"",\""income\"":\""20000.00\"",\""expenses\"":null}"", ""L-ff9581ca-b75a-4424-af8a-f23cb4135a15"": ""{\""filing_uuid\"":\""ff9581ca-b75a-4424-af8a-f23cb4135a15\"",\""filing_type\"":\""Q1\"",\""filing_year\"":2020,\""filing_period\"":\""first_quarter\"",\""income\"":\""60000.00\"",\""expenses\"":null}""}","Sum of numeric amounts on latest eligible quarterly reports, all issues combined. Blank reports are not zero and are not added. Separately named intermediaries excluded from direct fees. Outside fees and company expenses overlap and must never be added. Latest year uses completed quarters only; no annualization. No numeric reports means OPEN, not zero spending.",USD,,,L-056e242e-912c-4770-b507-5714c6c682f9;L-060d3792-4184-4975-8808-9d526fcb267b;L-0636a22f-a6e1-4fa7-8598-efeb82fa5ae3;L-067e959f-e3cd-4c63-bc18-7a33259c6f2c;L-0aedbfa5-a657-4d1f-91cd-0a2446892c5d;L-0d35aa3c-d599-49ef-943e-9e4dca7c8db7;L-1896159d-a815-4ff2-8871-2e5f462a64ef;L-1a181be0-a585-45ad-b036-d9c836a91f08;L-1c66b5c7-8764-40eb-951e-7db1143486df;L-1d7db3ea-fa52-4c6f-97a1-2b446bbbd570;L-271ba959-a918-4451-958e-740a0e9fff5b;L-2772a586-bd2e-45c7-8129-e3120c8b6831;L-278604f0-292c-43db-84fd-38be079d2d6b;L-28649755-a8f7-4fb6-9e43-050438ab1672;L-2bc16868-f000-458a-8eb4-d6a97aa67e38;L-2bd837ed-053b-4d15-b6ee-71373a169707;L-32dd8377-6ba2-4c9c-8e45-0d8380bb9247;L-37b83df6-1dfb-4852-b453-86f034d716c4;L-3a7997b1-728c-4b6c-94e1-49c1ecfd6bdd;L-3b311a8a-87d3-4c5c-9ac2-2938a23503c1;L-3fea42fe-58fe-4197-a37c-6c66492f0079;L-42e7d245-2797-462b-bf94-bebf496a87ed;L-44ff8f99-cf22-41dc-a122-e422189e13f9;L-49d5adbd-b7a4-4631-9406-177f0a601e0e;L-4a1c27e2-eae2-478b-8203-e86432f21780;L-4bac9b75-d2a6-4221-aa17-3f143cb21890;L-4ffdde5c-9bd1-4f5c-9998-3542f7a83178;L-53101b2f-8a5c-4701-ac9e-23b8434eee0f;L-57736a5c-8330-4b50-8358-58e27b29a533;L-57e3bf04-06f8-49fc-9a2e-957fd7c1637d;L-5f7f7a6a-544c-4e5b-ba92-c93573a77158;L-6393389e-bedf-4171-9957-b18bfb117e0d;L-64c0ce7a-9b37-46d8-bfa9-ce8bd5ec03da;L-6d14a1cf-96a9-492c-9be6-180f5b752e3b;L-6de465a9-8533-4ab9-96db-b84008edead1;L-7072becb-b8b3-43d0-a789-01b8cd69ab1e;L-75d1a066-37b5-46ec-9e15-bd4bd5addda7;L-77f33d06-be94-41f8-8f0a-a168de640da7;L-78207b6d-0823-4ebd-b78a-385ebad49e4d;L-7de0fab6-9453-4f43-8e43-7f2438574eb5;L-864185bd-7177-457d-9003-9778e2bc9c38;L-869c6d3b-129f-4631-be1a-da3dc906298c;L-8c3c4570-ad8f-45ed-8f9c-ea3d8a3cc288;L-8da16fbd-9b0c-4eaf-b581-029952031663;L-95e34423-80f4-4c14-ad69-c0a67f89c4af;L-9647d644-756c-4649-a32d-201527d07430;L-a07e0e75-047b-42c8-be6d-ea2210dbaa3b;L-a503218d-f921-47b6-b9c4-7c18195426e8;L-a56a3230-424d-4e2e-bc95-9b89367e8799;L-af025523-6d18-4984-86e9-9fe6e17648c3;L-b164336a-db46-40c4-ac5e-844eeff5cf88;L-b2ce4255-50bf-487f-9ea5-2b6d5d4963e8;L-b2d1084d-61db-4377-a590-41e42676c320;L-b8e8d9e4-947e-48e0-b4ca-eae06e4ca421;L-b8fec4ef-e38a-433f-b3ee-941b71c3295c;L-b97c8192-da1b-4f6f-bc18-44c395261e5f;L-bb81adae-f8ef-446b-9e12-94ccb9495eb2;L-be0deadf-ab37-45c8-aefc-e9e762eb6b48;L-bf75c276-5146-472d-96c6-9cd47009aa27;L-c2194f89-2a49-485e-a4e7-788d9b34b7d8;L-c7806f81-7faa-4af5-a512-f7bc482192d1;L-c948f855-187b-4802-bda0-3042bafae7dc;L-c957fccd-4339-4b65-bb20-500b662c0268;L-ca2e4add-d98d-4cee-bb74-86727f650421;L-cbf2738d-2fa0-4278-ac66-571c8b5f751c;L-d0220afa-04fc-4693-a469-0c4c506b0553;L-d23a2238-ecb2-4598-a716-9088d15d1585;L-d3cd8c2a-5261-43d9-938d-c34a252f37d7;L-d56225b8-3b45-467a-81ef-813ca3f39093;L-d7a1503f-8dc9-425c-8b82-8e0f5d123686;L-d8c5b44f-0172-47f2-90c5-2c20a06cc8d0;L-d95617e4-b67a-4e18-ac96-6979e8fe521b;L-da5245c1-3480-4c12-aa83-e652fd1081a1;L-e0f70cc6-95b0-4de0-9f6c-163aaf1ffbea;L-e3091f5a-e823-4139-8ea1-c42195ba90a7;L-e31671df-cda4-4bc9-8bae-aead3f6f6cd7;L-e51dd2c1-3bb7-493d-b1aa-fbed655015e6;L-ead451da-221e-4b4a-9197-cf4137a10690;L-ec24da91-f12f-4590-b050-aab02f2e4eac;L-ec3ab7a7-738a-4e0d-b5aa-cf276c6194cb;L-eced5a49-24a0-4a8c-ba6e-9a6ca91e1653;L-f4d0f4f7-05ec-4cb7-a480-a564a4263d4f;L-f5d9fe35-70cf-4d19-8884-9ede3e4150b8;L-f6a68b2a-1695-4350-b2aa-4abf6c11a5f3;L-fb02b053-28d8-4de0-a660-41a90aa932e9;L-fc36a74b-1359-4ece-ac70-ac32df0ffd6e;L-fc431626-893f-4aa5-9c9e-fe1080b94b4f;L-feaa3bba-4e40-45c8-b396-b2bf2b96b981;L-fef63113-ab14-4059-9dd7-6f7b18d1fb75;L-ff558fdb-5430-4773-9444-a60e8489ddba;L-ff9581ca-b75a-4424-af8a-f23cb4135a15,lobbying_external_fees,sum,Meta,2020,,,1;2;3;4,,,KEEP
FE-Meta-2021,3820000.00,https://lda.gov/filings/public/filing/00456d84-f1a6-40e5-8bdd-bab58406ea90/print/,2026-09-14,"{""L-00456d84-f1a6-40e5-8bdd-bab58406ea90"": ""{\""filing_uuid\"":\""00456d84-f1a6-40e5-8bdd-bab58406ea90\"",\""filing_type\"":\""Q2\"",\""filing_year\"":2021,\""filing_period\"":\""second_quarter\"",\""income\"":\""60000.00\"",\""expenses\"":null}"", ""L-00dd432b-c498-459f-8967-36bf2c742c34"": ""{\""filing_uuid\"":\""00dd432b-c498-459f-8967-36bf2c742c34\"",\""filing_type\"":\""Q4\"",\""filing_year\"":2021,\""filing_period\"":\""fourth_quarter\"",\""income\"":\""10000.00\"",\""expenses\"":null}"", ""L-0399b13a-fad8-459c-a8c0-cf0900666ee2"": ""{\""filing_uuid\"":\""0399b13a-fad8-459c-a8c0-cf0900666ee2\"",\""filing_type\"":\""Q1\"",\""filing_year\"":2021,\""filing_period\"":\""first_quarter\"",\""income\"":\""22500.00\"",\""expenses\"":null}"", ""L-094d67e1-d663-4cc9-8487-2f91c9b86471"": ""{\""filing_uuid\"":\""094d67e1-d663-4cc9-8487-2f91c9b86471\"",\""filing_type\"":\""Q3\"",\""filing_year\"":2021,\""filing_period\"":\""third_quarter\"",\""income\"":\""45000.00\"",\""expenses\"":null}"", ""L-0a3704e7-4a75-447d-a2e7-dd87129d06ed"": ""{\""filing_uuid\"":\""0a3704e7-4a75-447d-a2e7-dd87129d06ed\"",\""filing_type\"":\""Q4\"",\""filing_year\"":2021,\""filing_period\"":\""fourth_quarter\"",\""income\"":\""40000.00\"",\""expenses\"":null}"", ""L-0fbb3fe2-c385-4536-96d6-e4339e7f6985"": ""{\""filing_uuid\"":\""0fbb3fe2-c385-4536-96d6-e4339e7f6985\"",\""filing_type\"":\""1T\"",\""filing_year\"":2021,\""filing_period\"":\""first_quarter\"",\""income\"":\""40000.00\"",\""expenses\"":null}"", ""L-10436d60-15b1-42ff-93ef-9aae8ec46ad8"": ""{\""filing_uuid\"":\""10436d60-15b1-42ff-93ef-9aae8ec46ad8\"",\""filing_type\"":\""Q2\"",\""filing_year\"":2021,\""filing_period\"":\""second_quarter\"",\""income\"":\""60000.00\"",\""expenses\"":null}"", ""L-119aa272-4bcb-4160-acbd-3ad7d7fcafed"": ""{\""filing_uuid\"":\""119aa272-4bcb-4160-acbd-3ad7d7fcafed\"",\""filing_type\"":\""Q4\"",\""filing_year\"":2021,\""filing_period\"":\""fourth_quarter\"",\""income\"":\""30000.00\"",\""expenses\"":null}"", ""L-166e80f8-5f23-4b89-a208-155289815566"": ""{\""filing_uuid\"":\""166e80f8-5f23-4b89-a208-155289815566\"",\""filing_type\"":\""Q1\"",\""filing_year\"":2021,\""filing_period\"":\""first_quarter\"",\""income\"":\""50000.00\"",\""expenses\"":null}"", ""L-17bb47a0-e5ae-4174-bd32-7fc820ad020a"": ""{\""filing_uuid\"":\""17bb47a0-e5ae-4174-bd32-7fc820ad020a\"",\""filing_type\"":\""Q1\"",\""filing_year\"":2021,\""filing_period\"":\""first_quarter\"",\""income\"":\""30000.00\"",\""expenses\"":null}"", ""L-17cb948c-c798-452a-b036-01f43ddd977d"": ""{\""filing_uuid\"":\""17cb948c-c798-452a-b036-01f43ddd977d\"",\""filing_type\"":\""Q1\"",\""filing_year\"":2021,\""filing_period\"":\""first_quarter\"",\""income\"":\""60000.00\"",\""expenses\"":null}"", ""L-1ed42c3d-a76f-475a-9b5c-983862c53779"": ""{\""filing_uuid\"":\""1ed42c3d-a76f-475a-9b5c-983862c53779\"",\""filing_type\"":\""Q4\"",\""filing_year\"":2021,\""filing_period\"":\""fourth_quarter\"",\""income\"":\""22500.00\"",\""expenses\"":null}"", ""L-1fe5a3dc-2c1e-448f-8f57-93773c71b666"": ""{\""filing_uuid\"":\""1fe5a3dc-2c1e-448f-8f57-93773c71b666\"",\""filing_type\"":\""Q2\"",\""filing_year\"":2021,\""filing_period\"":\""second_quarter\"",\""income\"":\""60000.00\"",\""expenses\"":null}"", ""L-27872a30-1414-4ed8-aa47-255c799506fd"": ""{\""filing_uuid\"":\""27872a30-1414-4ed8-aa47-255c799506fd\"",\""filing_type\"":\""Q1\"",\""filing_year\"":2021,\""filing_period\"":\""first_quarter\"",\""income\"":\""60000.00\"",\""expenses\"":null}"", ""L-2b80854b-773f-425b-82fa-ded3127b67ab"": ""{\""filing_uuid\"":\""2b80854b-773f-425b-82fa-ded3127b67ab\"",\""filing_type\"":\""Q1\"",\""filing_year\"":2021,\""filing_period\"":\""first_quarter\"",\""income\"":\""60000.00\"",\""expenses\"":null}"", ""L-2cfb7a2a-9899-424b-8cf7-c25655917314"": ""{\""filing_uuid\"":\""2cfb7a2a-9899-424b-8cf7-c25655917314\"",\""filing_type\"":\""Q2\"",\""filing_year\"":2021,\""filing_period\"":\""second_quarter\"",\""income\"":\""22500.00\"",\""expenses\"":null}"", ""L-2e9c545e-d7ec-4a8b-9c8b-32b1659fdfbd"": ""{\""filing_uuid\"":\""2e9c545e-d7ec-4a8b-9c8b-32b1659fdfbd\"",\""filing_type\"":\""Q1\"",\""filing_year\"":2021,\""filing_period\"":\""first_quarter\"",\""income\"":\""60000.00\"",\""expenses\"":null}"", ""L-2f9b09a8-8c4b-48e9-bb2b-e5a72755f931"": ""{\""filing_uuid\"":\""2f9b09a8-8c4b-48e9-bb2b-e5a72755f931\"",\""filing_type\"":\""Q1\"",\""filing_year\"":2021,\""filing_period\"":\""first_quarter\"",\""income\"":\""30000.00\"",\""expenses\"":null}"", ""L-30f91218-68dd-40ac-9a40-08af541fbbbc"": ""{\""filing_uuid\"":\""30f91218-68dd-40ac-9a40-08af541fbbbc\"",\""filing_type\"":\""Q1\"",\""filing_year\"":2021,\""filing_period\"":\""first_quarter\"",\""income\"":\""30000.00\"",\""expenses\"":null}"", ""L-32069c03-fd87-46d5-9c67-49d913a7f0e5"": ""{\""filing_uuid\"":\""32069c03-fd87-46d5-9c67-49d913a7f0e5\"",\""filing_type\"":\""Q1\"",\""filing_year\"":2021,\""filing_period\"":\""first_quarter\"",\""income\"":\""15000.00\"",\""expenses\"":null}"", ""L-3b529f92-b934-4367-9ecf-86cbc01a47dd"": ""{\""filing_uuid\"":\""3b529f92-b934-4367-9ecf-86cbc01a47dd\"",\""filing_type\"":\""Q3\"",\""filing_year\"":2021,\""filing_period\"":\""third_quarter\"",\""income\"":\""40000.00\"",\""expenses\"":null}"", ""L-3c68a28d-a18e-472d-88e8-dd8798e4eb08"": ""{\""filing_uuid\"":\""3c68a28d-a18e-472d-88e8-dd8798e4eb08\"",\""filing_type\"":\""Q2\"",\""filing_year\"":2021,\""filing_period\"":\""second_quarter\"",\""income\"":\""80000.00\"",\""expenses\"":null}"", ""L-3cb3e708-a195-4fc8-ab11-29d00e5a3d76"": ""{\""filing_uuid\"":\""3cb3e708-a195-4fc8-ab11-29d00e5a3d76\"",\""filing_type\"":\""Q3\"",\""filing_year\"":2021,\""filing_period\"":\""third_quarter\"",\""income\"":\""80000.00\"",\""expenses\"":null}"", ""L-41cce5f4-0ef7-4593-8120-72fa18bd1aac"": ""{\""filing_uuid\"":\""41cce5f4-0ef7-4593-8120-72fa18bd1aac\"",\""filing_type\"":\""Q4\"",\""filing_year\"":2021,\""filing_period\"":\""fourth_quarter\"",\""income\"":\""20000.00\"",\""expenses\"":null}"", ""L-42aa950e-bc35-4ec5-a24c-8a9f4cc68f12"": ""{\""filing_uuid\"":\""42aa950e-bc35-4ec5-a24c-8a9f4cc68f12\"",\""filing_type\"":\""Q2\"",\""filing_year\"":2021,\""filing_period\"":\""second_quarter\"",\""income\"":\""45000.00\"",\""expenses\"":null}"", ""L-430bba89-86e3-453a-b954-6c7340f04d1d"": ""{\""filing_uuid\"":\""430bba89-86e3-453a-b954-6c7340f04d1d\"",\""filing_type\"":\""Q4\"",\""filing_year\"":2021,\""filing_period\"":\""fourth_quarter\"",\""income\"":\""60000.00\"",\""expenses\"":null}"", ""L-4384361a-b438-423b-863a-d6f249913572"": ""{\""filing_uuid\"":\""4384361a-b438-423b-863a-d6f249913572\"",\""filing_type\"":\""Q1\"",\""filing_year\"":2021,\""filing_period\"":\""first_quarter\"",\""income\"":\""50000.00\"",\""expenses\"":null}"", ""L-47812115-49ed-422b-805b-71478f3f5d96"": ""{\""filing_uuid\"":\""47812115-49ed-422b-805b-71478f3f5d96\"",\""filing_type\"":\""Q1\"",\""filing_year\"":2021,\""filing_period\"":\""first_quarter\"",\""income\"":\""70000.00\"",\""expenses\"":null}"", ""L-48b7621f-5804-4eac-a510-bb29349f9fe4"": ""{\""filing_uuid\"":\""48b7621f-5804-4eac-a510-bb29349f9fe4\"",\""filing_type\"":\""Q3\"",\""filing_year\"":2021,\""filing_period\"":\""third_quarter\"",\""income\"":\""30000.00\"",\""expenses\"":null}"", ""L-4ebc41d7-d3b9-47ca-adc6-319383205d25"": ""{\""filing_uuid\"":\""4ebc41d7-d3b9-47ca-adc6-319383205d25\"",\""filing_type\"":\""Q4\"",\""filing_year\"":2021,\""filing_period\"":\""fourth_quarter\"",\""income\"":\""50000.00\"",\""expenses\"":null}"", ""L-4f273532-508a-4a15-be62-8e5c304caee9"": ""{\""filing_uuid\"":\""4f273532-508a-4a15-be62-8e5c304caee9\"",\""filing_type\"":\""Q2\"",\""filing_year\"":2021,\""filing_period\"":\""second_quarter\"",\""income\"":\""40000.00\"",\""expenses\"":null}"", ""L-5b1fd552-f38e-4f2e-8eae-8204daeadbc7"": ""{\""filing_uuid\"":\""5b1fd552-f38e-4f2e-8eae-8204daeadbc7\"",\""filing_type\"":\""Q1\"",\""filing_year\"":2021,\""filing_period\"":\""first_quarter\"",\""income\"":\""10000.00\"",\""expenses\"":null}"", ""L-6149b559-8c7e-40d6-9812-40a53d1a240e"": ""{\""filing_uuid\"":\""6149b559-8c7e-40d6-9812-40a53d1a240e\"",\""filing_type\"":\""Q2\"",\""filing_year\"":2021,\""filing_period\"":\""second_quarter\"",\""income\"":\""30000.00\"",\""expenses\"":null}"", ""L-6157f1a7-aee0-46e9-a80e-3addbcf1bbb0"": ""{\""filing_uuid\"":\""6157f1a7-aee0-46e9-a80e-3addbcf1bbb0\"",\""filing_type\"":\""3A\"",\""filing_year\"":2021,\""filing_period\"":\""third_quarter\"",\""income\"":\""22500.00\"",\""expenses\"":null}"", ""L-62d7d4f0-1a78-476a-8026-59a849dd8855"": ""{\""filing_uuid\"":\""62d7d4f0-1a78-476a-8026-59a849dd8855\"",\""filing_type\"":\""Q4\"",\""filing_year\"":2021,\""filing_period\"":\""fourth_quarter\"",\""income\"":\""30000.00\"",\""expenses\"":null}"", ""L-6339d265-b416-4fc9-8c2b-c2bdb055866b"": ""{\""filing_uuid\"":\""6339d265-b416-4fc9-8c2b-c2bdb055866b\"",\""filing_type\"":\""Q2\"",\""filing_year\"":2021,\""filing_period\"":\""second_quarter\"",\""income\"":\""30000.00\"",\""expenses\"":null}"", ""L-6f755984-5b9a-4c59-829f-4df70c5dbea5"": ""{\""filing_uuid\"":\""6f755984-5b9a-4c59-829f-4df70c5dbea5\"",\""filing_type\"":\""Q2\"",\""filing_year\"":2021,\""filing_period\"":\""second_quarter\"",\""income\"":\""20000.00\"",\""expenses\"":null}"", ""L-703d03a3-331c-4e01-9190-74c52ae8f807"": ""{\""filing_uuid\"":\""703d03a3-331c-4e01-9190-74c52ae8f807\"",\""filing_type\"":\""Q3\"",\""filing_year\"":2021,\""filing_period\"":\""third_quarter\"",\""income\"":\""30000.00\"",\""expenses\"":null}"", ""L-70d16052-2ef6-4dd0-abcc-86ce9f08d0c3"": ""{\""filing_uuid\"":\""70d16052-2ef6-4dd0-abcc-86ce9f08d0c3\"",\""filing_type\"":\""Q1\"",\""filing_year\"":2021,\""filing_period\"":\""first_quarter\"",\""income\"":\""60000.00\"",\""expenses\"":null}"", ""L-74dcda41-941d-4cd4-9c39-c753136d2e8c"": ""{\""filing_uuid\"":\""74dcda41-941d-4cd4-9c39-c753136d2e8c\"",\""filing_type\"":\""Q3\"",\""filing_year\"":2021,\""filing_period\"":\""third_quarter\"",\""income\"":\""60000.00\"",\""expenses\"":null}"", ""L-786f90ff-9803-4ac6-93d1-248addad9baf"": ""{\""filing_uuid\"":\""786f90ff-9803-4ac6-93d1-248addad9baf\"",\""filing_type\"":\""1T\"",\""filing_year\"":2021,\""filing_period\"":\""first_quarter\"",\""income\"":\""30000.00\"",\""expenses\"":null}"", ""L-7cb12134-c3d4-4c71-93c3-78b1cbbb49df"": ""{\""filing_uuid\"":\""7cb12134-c3d4-4c71-93c3-78b1cbbb49df\"",\""filing_type\"":\""Q3\"",\""filing_year\"":2021,\""filing_period\"":\""third_quarter\"",\""income\"":\""30000.00\"",\""expenses\"":null}"", ""L-7d6a8c05-46f5-49be-87c8-0b98af64c45d"": ""{\""filing_uuid\"":\""7d6a8c05-46f5-49be-87c8-0b98af64c45d\"",\""filing_type\"":\""Q1\"",\""filing_year\"":2021,\""filing_period\"":\""first_quarter\"",\""income\"":\""40000.00\"",\""expenses\"":null}"", ""L-7de42120-bbfc-4c37-a1b4-4910e8341b1b"": ""{\""filing_uuid\"":\""7de42120-bbfc-4c37-a1b4-4910e8341b1b\"",\""filing_type\"":\""Q4\"",\""filing_year\"":2021,\""filing_period\"":\""fourth_quarter\"",\""income\"":\""40000.00\"",\""expenses\"":null}"", ""L-83c60a15-5603-479d-8aba-9766c407b947"": ""{\""filing_uuid\"":\""83c60a15-5603-479d-8aba-9766c407b947\"",\""filing_type\"":\""Q3\"",\""filing_year\"":2021,\""filing_period\"":\""third_quarter\"",\""income\"":\""10000.00\"",\""expenses\"":null}"", ""L-890e1171-2445-4ea2-a7d4-ffc774eb28f8"": ""{\""filing_uuid\"":\""890e1171-2445-4ea2-a7d4-ffc774eb28f8\"",\""filing_type\"":\""Q3\"",\""filing_year\"":2021,\""filing_period\"":\""third_quarter\"",\""income\"":\""60000.00\"",\""expenses\"":null}"", ""L-8926cde0-708d-4d9c-8adf-21ed5ba345b5"": ""{\""filing_uuid\"":\""8926cde0-708d-4d9c-8adf-21ed5ba345b5\"",\""filing_type\"":\""Q4\"",\""filing_year\"":2021,\""filing_period\"":\""fourth_quarter\"",\""income\"":\""50000.00\"",\""expenses\"":null}"", ""L-89658a59-5d7f-4a13-a6b4-c7a9b6e7266b"": ""{\""filing_uuid\"":\""89658a59-5d7f-4a13-a6b4-c7a9b6e7266b\"",\""filing_type\"":\""Q3\"",\""filing_year\"":2021,\""filing_period\"":\""third_quarter\"",\""income\"":\""60000.00\"",\""expenses\"":null}"", ""L-924a2ec2-8d7f-4e2a-8e0b-f36c97535d32"": ""{\""filing_uuid\"":\""924a2ec2-8d7f-4e2a-8e0b-f36c97535d32\"",\""filing_type\"":\""Q3\"",\""filing_year\"":2021,\""filing_period\"":\""third_quarter\"",\""income\"":\""30000.00\"",\""expenses\"":null}"", ""L-93952b46-d4be-4b9b-a72c-d99c03d44fc7"": ""{\""filing_uuid\"":\""93952b46-d4be-4b9b-a72c-d99c03d44fc7\"",\""filing_type\"":\""Q3\"",\""filing_year\"":2021,\""filing_period\"":\""third_quarter\"",\""income\"":\""60000.00\"",\""expenses\"":null}"", ""L-95511a6b-6a42-4289-aa9e-0fc2b92bdc85"": ""{\""filing_uuid\"":\""95511a6b-6a42-4289-aa9e-0fc2b92bdc85\"",\""filing_type\"":\""Q4\"",\""filing_year\"":2021,\""filing_period\"":\""fourth_quarter\"",\""income\"":\""60000.00\"",\""expenses\"":null}"", ""L-9b79a681-df45-43fa-b1dc-a2299c64e2e1"": ""{\""filing_uuid\"":\""9b79a681-df45-43fa-b1dc-a2299c64e2e1\"",\""filing_type\"":\""Q3\"",\""filing_year\"":2021,\""filing_period\"":\""third_quarter\"",\""income\"":\""30000.00\"",\""expenses\"":null}"", ""L-9bd22e48-d655-47b2-a70e-78058ae56fa6"": ""{\""filing_uuid\"":\""9bd22e48-d655-47b2-a70e-78058ae56fa6\"",\""filing_type\"":\""Q2\"",\""filing_year\"":2021,\""filing_period\"":\""second_quarter\"",\""income\"":\""60000.00\"",\""expenses\"":null}"", ""L-9d5e6df0-14ec-4e10-9621-a9478bf0085b"": ""{\""filing_uuid\"":\""9d5e6df0-14ec-4e10-9621-a9478bf0085b\"",\""filing_type\"":\""3A\"",\""filing_year\"":2021,\""filing_period\"":\""third_quarter\"",\""income\"":\""10000.00\"",\""expenses\"":null}"", ""L-a2b3f00e-e466-4bc8-ad4f-ec6f28069d8b"": ""{\""filing_uuid\"":\""a2b3f00e-e466-4bc8-ad4f-ec6f28069d8b\"",\""filing_type\"":\""Q4\"",\""filing_year\"":2021,\""filing_period\"":\""fourth_quarter\"",\""income\"":\""30000.00\"",\""expenses\"":null}"", ""L-a318a44b-6697-4ae2-a271-c6af1967ce62"": ""{\""filing_uuid\"":\""a318a44b-6697-4ae2-a271-c6af1967ce62\"",\""filing_type\"":\""Q1\"",\""filing_year\"":2021,\""filing_period\"":\""first_quarter\"",\""income\"":\""60000.00\"",\""expenses\"":null}"", ""L-a7f8323e-e32f-4fe5-a5fe-b690017789c3"": ""{\""filing_uuid\"":\""a7f8323e-e32f-4fe5-a5fe-b690017789c3\"",\""filing_type\"":\""Q1\"",\""filing_year\"":2021,\""filing_period\"":\""first_quarter\"",\""income\"":\""20000.00\"",\""expenses\"":null}"", ""L-a867cb4a-7a39-4971-9cc2-9fc6a7aac935"": ""{\""filing_uuid\"":\""a867cb4a-7a39-4971-9cc2-9fc6a7aac935\"",\""filing_type\"":\""Q2\"",\""filing_year\"":2021,\""filing_period\"":\""second_quarter\"",\""income\"":\""15000.00\"",\""expenses\"":null}"", ""L-adca182e-f54d-4517-9791-953db63ff9fc"": ""{\""filing_uuid\"":\""adca182e-f54d-4517-9791-953db63ff9fc\"",\""filing_type\"":\""Q2\"",\""filing_year\"":2021,\""filing_period\"":\""second_quarter\"",\""income\"":\""50000.00\"",\""expenses\"":null}"", ""L-b0aa788f-b8fe-4259-b950-f2448c33ece1"": ""{\""filing_uuid\"":\""b0aa788f-b8fe-4259-b950-f2448c33ece1\"",\""filing_type\"":\""Q2\"",\""filing_year\"":2021,\""filing_period\"":\""second_quarter\"",\""income\"":\""60000.00\"",\""expenses\"":null}"", ""L-b42171a7-b666-4e57-b187-14334e743540"": ""{\""filing_uuid\"":\""b42171a7-b666-4e57-b187-14334e743540\"",\""filing_type\"":\""Q4\"",\""filing_year\"":2021,\""filing_period\"":\""fourth_quarter\"",\""income\"":\""50000.00\"",\""expenses\"":null}"", ""L-b43a1c95-5ca3-46a4-9b3c-87d062b928a6"": ""{\""filing_uuid\"":\""b43a1c95-5ca3-46a4-9b3c-87d062b928a6\"",\""filing_type\"":\""Q3\"",\""filing_year\"":2021,\""filing_period\"":\""third_quarter\"",\""income\"":\""40000.00\"",\""expenses\"":null}"", ""L-b53df1cb-d0bc-4837-97ab-3f16dea25b76"": ""{\""filing_uuid\"":\""b53df1cb-d0bc-4837-97ab-3f16dea25b76\"",\""filing_type\"":\""Q4\"",\""filing_year\"":2021,\""filing_period\"":\""fourth_quarter\"",\""income\"":\""30000.00\"",\""expenses\"":null}"", ""L-ba13d48b-d2f1-40e5-b9c1-df29e022a6aa"": ""{\""filing_uuid\"":\""ba13d48b-d2f1-40e5-b9c1-df29e022a6aa\"",\""filing_type\"":\""Q2\"",\""filing_year\"":2021,\""filing_period\"":\""second_quarter\"",\""income\"":\""50000.00\"",\""expenses\"":null}"", ""L-bd38e4ad-62f9-4848-942f-f294d995f9d1"": ""{\""filing_uuid\"":\""bd38e4ad-62f9-4848-942f-f294d995f9d1\"",\""filing_type\"":\""Q4\"",\""filing_year\"":2021,\""filing_period\"":\""fourth_quarter\"",\""income\"":\""60000.00\"",\""expenses\"":null}"", ""L-bd9401a0-395d-45dc-8ab6-45d5da0b8ea7"": ""{\""filing_uuid\"":\""bd9401a0-395d-45dc-8ab6-45d5da0b8ea7\"",\""filing_type\"":\""Q3\"",\""filing_year\"":2021,\""filing_period\"":\""third_quarter\"",\""income\"":\""60000.00\"",\""expenses\"":null}"", ""L-beb651c5-3b2e-4b7a-a6b9-06b9d4435bfa"": ""{\""filing_uuid\"":\""beb651c5-3b2e-4b7a-a6b9-06b9d4435bfa\"",\""filing_type\"":\""Q3\"",\""filing_year\"":2021,\""filing_period\"":\""third_quarter\"",\""income\"":\""20000.00\"",\""expenses\"":null}"", ""L-c11fc374-2df5-45d9-a86d-225b3dfd56c1"": ""{\""filing_uuid\"":\""c11fc374-2df5-45d9-a86d-225b3dfd56c1\"",\""filing_type\"":\""Q1\"",\""filing_year\"":2021,\""filing_period\"":\""first_quarter\"",\""income\"":\""50000.00\"",\""expenses\"":null}"", ""L-c19c6b66-96d6-4177-9607-24365eac795b"": ""{\""filing_uuid\"":\""c19c6b66-96d6-4177-9607-24365eac795b\"",\""filing_type\"":\""Q1\"",\""filing_year\"":2021,\""filing_period\"":\""first_quarter\"",\""income\"":\""30000.00\"",\""expenses\"":null}"", ""L-c2402f00-e2bb-4a28-81a9-234da9a1977e"": ""{\""filing_uuid\"":\""c2402f00-e2bb-4a28-81a9-234da9a1977e\"",\""filing_type\"":\""Q4\"",\""filing_year\"":2021,\""filing_period\"":\""fourth_quarter\"",\""income\"":\""30000.00\"",\""expenses\"":null}"", ""L-c4cbc575-153c-429c-b5d2-8e4b530dc20b"": ""{\""filing_uuid\"":\""c4cbc575-153c-429c-b5d2-8e4b530dc20b\"",\""filing_type\"":\""Q4\"",\""filing_year\"":2021,\""filing_period\"":\""fourth_quarter\"",\""income\"":\""45000.00\"",\""expenses\"":null}"", ""L-c5f96257-267a-4bac-b5c8-e412abac389e"": ""{\""filing_uuid\"":\""c5f96257-267a-4bac-b5c8-e412abac389e\"",\""filing_type\"":\""Q4\"",\""filing_year\"":2021,\""filing_period\"":\""fourth_quarter\"",\""income\"":\""60000.00\"",\""expenses\"":null}"", ""L-ce7deadb-e6b9-4017-b18d-ddd616d6d103"": ""{\""filing_uuid\"":\""ce7deadb-e6b9-4017-b18d-ddd616d6d103\"",\""filing_type\"":\""Q2\"",\""filing_year\"":2021,\""filing_period\"":\""second_quarter\"",\""income\"":\""10000.00\"",\""expenses\"":null}"", ""L-cf1ec68d-3def-4ec2-8641-74a2ed97effd"": ""{\""filing_uuid\"":\""cf1ec68d-3def-4ec2-8641-74a2ed97effd\"",\""filing_type\"":\""Q4\"",\""filing_year\"":2021,\""filing_period\"":\""fourth_quarter\"",\""income\"":\""30000.00\"",\""expenses\"":null}"", ""L-d04552d9-a25e-4beb-bf34-be92e0d6ad43"": ""{\""filing_uuid\"":\""d04552d9-a25e-4beb-bf34-be92e0d6ad43\"",\""filing_type\"":\""Q1\"",\""filing_year\"":2021,\""filing_period\"":\""first_quarter\"",\""income\"":\""45000.00\"",\""expenses\"":null}"", ""L-d5896dee-ae3f-470c-ba6f-517c827f13a4"": ""{\""filing_uuid\"":\""d5896dee-ae3f-470c-ba6f-517c827f13a4\"",\""filing_type\"":\""Q2\"",\""filing_year\"":2021,\""filing_period\"":\""second_quarter\"",\""income\"":\""50000.00\"",\""expenses\"":null}"", ""L-d7d3cebd-93b1-43f1-8859-307413656dc7"": ""{\""filing_uuid\"":\""d7d3cebd-93b1-43f1-8859-307413656dc7\"",\""filing_type\"":\""Q2\"",\""filing_year\"":2021,\""filing_period\"":\""second_quarter\"",\""income\"":\""40000.00\"",\""expenses\"":null}"", ""L-db778a29-06ef-444a-9439-98db8617aca7"": ""{\""filing_uuid\"":\""db778a29-06ef-444a-9439-98db8617aca7\"",\""filing_type\"":\""Q3\"",\""filing_year\"":2021,\""filing_period\"":\""third_quarter\"",\""income\"":\""50000.00\"",\""expenses\"":null}"", ""L-db93254d-e1bb-4aba-bb98-772baea7e5cc"": ""{\""filing_uuid\"":\""db93254d-e1bb-4aba-bb98-772baea7e5cc\"",\""filing_type\"":\""Q3\"",\""filing_year\"":2021,\""filing_period\"":\""third_quarter\"",\""income\"":\""40000.00\"",\""expenses\"":null}"", ""L-dfe35866-714d-442c-bd08-326f40e24b41"": ""{\""filing_uuid\"":\""dfe35866-714d-442c-bd08-326f40e24b41\"",\""filing_type\"":\""Q1\"",\""filing_year\"":2021,\""filing_period\"":\""first_quarter\"",\""income\"":\""45000.00\"",\""expenses\"":null}"", ""L-e020d750-6660-43e4-837e-58371c984260"": ""{\""filing_uuid\"":\""e020d750-6660-43e4-837e-58371c984260\"",\""filing_type\"":\""Q4\"",\""filing_year\"":2021,\""filing_period\"":\""fourth_quarter\"",\""income\"":\""50000.00\"",\""expenses\"":null}"", ""L-eaecd200-cb9b-4350-b20a-73ba0916d2c0"": ""{\""filing_uuid\"":\""eaecd200-cb9b-4350-b20a-73ba0916d2c0\"",\""filing_type\"":\""Q4\"",\""filing_year\"":2021,\""filing_period\"":\""fourth_quarter\"",\""income\"":\""80000.00\"",\""expenses\"":null}"", ""L-eb18a2a7-b68e-4c0f-9b21-a0a67faff792"": ""{\""filing_uuid\"":\""eb18a2a7-b68e-4c0f-9b21-a0a67faff792\"",\""filing_type\"":\""Q2\"",\""filing_year\"":2021,\""filing_period\"":\""second_quarter\"",\""income\"":\""45000.00\"",\""expenses\"":null}"", ""L-ec6e8d00-ef52-4cda-a0d4-3774ebc77631"": ""{\""filing_uuid\"":\""ec6e8d00-ef52-4cda-a0d4-3774ebc77631\"",\""filing_type\"":\""Q2\"",\""filing_year\"":2021,\""filing_period\"":\""second_quarter\"",\""income\"":\""20000.00\"",\""expenses\"":null}"", ""L-f2da75b4-6681-477b-bc60-538c0027f539"": ""{\""filing_uuid\"":\""f2da75b4-6681-477b-bc60-538c0027f539\"",\""filing_type\"":\""Q3\"",\""filing_year\"":2021,\""filing_period\"":\""third_quarter\"",\""income\"":\""30000.00\"",\""expenses\"":null}"", ""L-f456794e-bc72-4156-b40d-2b57195aa470"": ""{\""filing_uuid\"":\""f456794e-bc72-4156-b40d-2b57195aa470\"",\""filing_type\"":\""Q2\"",\""filing_year\"":2021,\""filing_period\"":\""second_quarter\"",\""income\"":\""30000.00\"",\""expenses\"":null}"", ""L-f65281a4-8013-4cc1-a327-9328052124c8"": ""{\""filing_uuid\"":\""f65281a4-8013-4cc1-a327-9328052124c8\"",\""filing_type\"":\""Q3\"",\""filing_year\"":2021,\""filing_period\"":\""third_quarter\"",\""income\"":\""50000.00\"",\""expenses\"":null}"", ""L-f8b71c74-f5a5-4455-b3a9-5a907abf646b"": ""{\""filing_uuid\"":\""f8b71c74-f5a5-4455-b3a9-5a907abf646b\"",\""filing_type\"":\""Q2\"",\""filing_year\"":2021,\""filing_period\"":\""second_quarter\"",\""income\"":\""30000.00\"",\""expenses\"":null}"", ""L-f8e30a04-7bd5-4e26-884b-98cc9a54ce9b"": ""{\""filing_uuid\"":\""f8e30a04-7bd5-4e26-884b-98cc9a54ce9b\"",\""filing_type\"":\""Q2\"",\""filing_year\"":2021,\""filing_period\"":\""second_quarter\"",\""income\"":\""40000.00\"",\""expenses\"":null}"", ""L-fac35ebf-c892-4561-b226-eecaa854f16a"": ""{\""filing_uuid\"":\""fac35ebf-c892-4561-b226-eecaa854f16a\"",\""filing_type\"":\""Q4\"",\""filing_year\"":2021,\""filing_period\"":\""fourth_quarter\"",\""income\"":\""60000.00\"",\""expenses\"":null}"", ""L-fc7af8d1-ec80-41e6-87ad-fcaf9b56f4e9"": ""{\""filing_uuid\"":\""fc7af8d1-ec80-41e6-87ad-fcaf9b56f4e9\"",\""filing_type\"":\""Q3\"",\""filing_year\"":2021,\""filing_period\"":\""third_quarter\"",\""income\"":\""40000.00\"",\""expenses\"":null}"", ""L-fe46a37f-e9c3-44c9-8e27-591ee56ab504"": ""{\""filing_uuid\"":\""fe46a37f-e9c3-44c9-8e27-591ee56ab504\"",\""filing_type\"":\""4A\"",\""filing_year\"":2021,\""filing_period\"":\""fourth_quarter\"",\""income\"":\""40000.00\"",\""expenses\"":null}""}","Sum of numeric amounts on latest eligible quarterly reports, all issues combined. Blank reports are not zero and are not added. Separately named intermediaries excluded from direct fees. Outside fees and company expenses overlap and must never be added. Latest year uses completed quarters only; no annualization. No numeric reports means OPEN, not zero spending.",USD,,,L-00456d84-f1a6-40e5-8bdd-bab58406ea90;L-00dd432b-c498-459f-8967-36bf2c742c34;L-0399b13a-fad8-459c-a8c0-cf0900666ee2;L-094d67e1-d663-4cc9-8487-2f91c9b86471;L-0a3704e7-4a75-447d-a2e7-dd87129d06ed;L-0fbb3fe2-c385-4536-96d6-e4339e7f6985;L-10436d60-15b1-42ff-93ef-9aae8ec46ad8;L-119aa272-4bcb-4160-acbd-3ad7d7fcafed;L-166e80f8-5f23-4b89-a208-155289815566;L-17bb47a0-e5ae-4174-bd32-7fc820ad020a;L-17cb948c-c798-452a-b036-01f43ddd977d;L-1ed42c3d-a76f-475a-9b5c-983862c53779;L-1fe5a3dc-2c1e-448f-8f57-93773c71b666;L-27872a30-1414-4ed8-aa47-255c799506fd;L-2b80854b-773f-425b-82fa-ded3127b67ab;L-2cfb7a2a-9899-424b-8cf7-c25655917314;L-2e9c545e-d7ec-4a8b-9c8b-32b1659fdfbd;L-2f9b09a8-8c4b-48e9-bb2b-e5a72755f931;L-30f91218-68dd-40ac-9a40-08af541fbbbc;L-32069c03-fd87-46d5-9c67-49d913a7f0e5;L-3b529f92-b934-4367-9ecf-86cbc01a47dd;L-3c68a28d-a18e-472d-88e8-dd8798e4eb08;L-3cb3e708-a195-4fc8-ab11-29d00e5a3d76;L-41cce5f4-0ef7-4593-8120-72fa18bd1aac;L-42aa950e-bc35-4ec5-a24c-8a9f4cc68f12;L-430bba89-86e3-453a-b954-6c7340f04d1d;L-4384361a-b438-423b-863a-d6f249913572;L-47812115-49ed-422b-805b-71478f3f5d96;L-48b7621f-5804-4eac-a510-bb29349f9fe4;L-4ebc41d7-d3b9-47ca-adc6-319383205d25;L-4f273532-508a-4a15-be62-8e5c304caee9;L-5b1fd552-f38e-4f2e-8eae-8204daeadbc7;L-6149b559-8c7e-40d6-9812-40a53d1a240e;L-6157f1a7-aee0-46e9-a80e-3addbcf1bbb0;L-62d7d4f0-1a78-476a-8026-59a849dd8855;L-6339d265-b416-4fc9-8c2b-c2bdb055866b;L-6f755984-5b9a-4c59-829f-4df70c5dbea5;L-703d03a3-331c-4e01-9190-74c52ae8f807;L-70d16052-2ef6-4dd0-abcc-86ce9f08d0c3;L-74dcda41-941d-4cd4-9c39-c753136d2e8c;L-786f90ff-9803-4ac6-93d1-248addad9baf;L-7cb12134-c3d4-4c71-93c3-78b1cbbb49df;L-7d6a8c05-46f5-49be-87c8-0b98af64c45d;L-7de42120-bbfc-4c37-a1b4-4910e8341b1b;L-83c60a15-5603-479d-8aba-9766c407b947;L-890e1171-2445-4ea2-a7d4-ffc774eb28f8;L-8926cde0-708d-4d9c-8adf-21ed5ba345b5;L-89658a59-5d7f-4a13-a6b4-c7a9b6e7266b;L-924a2ec2-8d7f-4e2a-8e0b-f36c97535d32;L-93952b46-d4be-4b9b-a72c-d99c03d44fc7;L-95511a6b-6a42-4289-aa9e-0fc2b92bdc85;L-9b79a681-df45-43fa-b1dc-a2299c64e2e1;L-9bd22e48-d655-47b2-a70e-78058ae56fa6;L-9d5e6df0-14ec-4e10-9621-a9478bf0085b;L-a2b3f00e-e466-4bc8-ad4f-ec6f28069d8b;L-a318a44b-6697-4ae2-a271-c6af1967ce62;L-a7f8323e-e32f-4fe5-a5fe-b690017789c3;L-a867cb4a-7a39-4971-9cc2-9fc6a7aac935;L-adca182e-f54d-4517-9791-953db63ff9fc;L-b0aa788f-b8fe-4259-b950-f2448c33ece1;L-b42171a7-b666-4e57-b187-14334e743540;L-b43a1c95-5ca3-46a4-9b3c-87d062b928a6;L-b53df1cb-d0bc-4837-97ab-3f16dea25b76;L-ba13d48b-d2f1-40e5-b9c1-df29e022a6aa;L-bd38e4ad-62f9-4848-942f-f294d995f9d1;L-bd9401a0-395d-45dc-8ab6-45d5da0b8ea7;L-beb651c5-3b2e-4b7a-a6b9-06b9d4435bfa;L-c11fc374-2df5-45d9-a86d-225b3dfd56c1;L-c19c6b66-96d6-4177-9607-24365eac795b;L-c2402f00-e2bb-4a28-81a9-234da9a1977e;L-c4cbc575-153c-429c-b5d2-8e4b530dc20b;L-c5f96257-267a-4bac-b5c8-e412abac389e;L-ce7deadb-e6b9-4017-b18d-ddd616d6d103;L-cf1ec68d-3def-4ec2-8641-74a2ed97effd;L-d04552d9-a25e-4beb-bf34-be92e0d6ad43;L-d5896dee-ae3f-470c-ba6f-517c827f13a4;L-d7d3cebd-93b1-43f1-8859-307413656dc7;L-db778a29-06ef-444a-9439-98db8617aca7;L-db93254d-e1bb-4aba-bb98-772baea7e5cc;L-dfe35866-714d-442c-bd08-326f40e24b41;L-e020d750-6660-43e4-837e-58371c984260;L-eaecd200-cb9b-4350-b20a-73ba0916d2c0;L-eb18a2a7-b68e-4c0f-9b21-a0a67faff792;L-ec6e8d00-ef52-4cda-a0d4-3774ebc77631;L-f2da75b4-6681-477b-bc60-538c0027f539;L-f456794e-bc72-4156-b40d-2b57195aa470;L-f65281a4-8013-4cc1-a327-9328052124c8;L-f8b71c74-f5a5-4455-b3a9-5a907abf646b;L-f8e30a04-7bd5-4e26-884b-98cc9a54ce9b;L-fac35ebf-c892-4561-b226-eecaa854f16a;L-fc7af8d1-ec80-41e6-87ad-fcaf9b56f4e9;L-fe46a37f-e9c3-44c9-8e27-591ee56ab504,lobbying_external_fees,sum,Meta,2021,,,1;2;3;4,,,KEEP
FE-Meta-2022,4035000.00,https://lda.gov/filings/public/filing/00dc500a-fb43-4587-bae4-eb022c45e744/print/,2026-09-14,"{""L-00dc500a-fb43-4587-bae4-eb022c45e744"": ""{\""filing_uuid\"":\""00dc500a-fb43-4587-bae4-eb022c45e744\"",\""filing_type\"":\""Q1\"",\""filing_year\"":2022,\""filing_period\"":\""first_quarter\"",\""income\"":\""30000.00\"",\""expenses\"":null}"", ""L-0145308c-a546-4383-abb6-9f1c7642b9a4"": ""{\""filing_uuid\"":\""0145308c-a546-4383-abb6-9f1c7642b9a4\"",\""filing_type\"":\""Q2\"",\""filing_year\"":2022,\""filing_period\"":\""second_quarter\"",\""income\"":\""30000.00\"",\""expenses\"":null}"", ""L-03c983e6-c736-4685-bea5-f7f1022971f0"": ""{\""filing_uuid\"":\""03c983e6-c736-4685-bea5-f7f1022971f0\"",\""filing_type\"":\""Q4\"",\""filing_year\"":2022,\""filing_period\"":\""fourth_quarter\"",\""income\"":\""30000.00\"",\""expenses\"":null}"", ""L-071b68e6-9daf-4056-b9d2-3668fc207be7"": ""{\""filing_uuid\"":\""071b68e6-9daf-4056-b9d2-3668fc207be7\"",\""filing_type\"":\""Q3\"",\""filing_year\"":2022,\""filing_period\"":\""third_quarter\"",\""income\"":\""10000.00\"",\""expenses\"":null}"", ""L-0a1b7e8f-ba60-42f7-85d1-301456b207e8"": ""{\""filing_uuid\"":\""0a1b7e8f-ba60-42f7-85d1-301456b207e8\"",\""filing_type\"":\""Q2\"",\""filing_year\"":2022,\""filing_period\"":\""second_quarter\"",\""income\"":\""30000.00\"",\""expenses\"":null}"", ""L-0e193ff2-5de8-4ebe-8022-6da8e9f7a96a"": ""{\""filing_uuid\"":\""0e193ff2-5de8-4ebe-8022-6da8e9f7a96a\"",\""filing_type\"":\""Q4\"",\""filing_year\"":2022,\""filing_period\"":\""fourth_quarter\"",\""income\"":\""45000.00\"",\""expenses\"":null}"", ""L-0f78f055-0e72-4dc7-8c48-c614e8422be9"": ""{\""filing_uuid\"":\""0f78f055-0e72-4dc7-8c48-c614e8422be9\"",\""filing_type\"":\""Q4\"",\""filing_year\"":2022,\""filing_period\"":\""fourth_quarter\"",\""income\"":\""30000.00\"",\""expenses\"":null}"", ""L-101215e6-ec50-47e8-980a-957e6f4c3315"": ""{\""filing_uuid\"":\""101215e6-ec50-47e8-980a-957e6f4c3315\"",\""filing_type\"":\""Q1\"",\""filing_year\"":2022,\""filing_period\"":\""first_quarter\"",\""income\"":\""30000.00\"",\""expenses\"":null}"", ""L-1098f0f2-47c1-406a-816b-11cab378a0d0"": ""{\""filing_uuid\"":\""1098f0f2-47c1-406a-816b-11cab378a0d0\"",\""filing_type\"":\""Q4\"",\""filing_year\"":2022,\""filing_period\"":\""fourth_quarter\"",\""income\"":\""20000.00\"",\""expenses\"":null}"", ""L-120f2cc9-a77d-42d7-8513-583027d4ca72"": ""{\""filing_uuid\"":\""120f2cc9-a77d-42d7-8513-583027d4ca72\"",\""filing_type\"":\""Q1\"",\""filing_year\"":2022,\""filing_period\"":\""first_quarter\"",\""income\"":\""10000.00\"",\""expenses\"":null}"", ""L-1264d4e9-4d37-4a78-9582-9ee0e2af7e76"": ""{\""filing_uuid\"":\""1264d4e9-4d37-4a78-9582-9ee0e2af7e76\"",\""filing_type\"":\""Q3\"",\""filing_year\"":2022,\""filing_period\"":\""third_quarter\"",\""income\"":\""60000.00\"",\""expenses\"":null}"", ""L-18d312c2-781b-4993-b59d-52eeca39c964"": ""{\""filing_uuid\"":\""18d312c2-781b-4993-b59d-52eeca39c964\"",\""filing_type\"":\""Q3\"",\""filing_year\"":2022,\""filing_period\"":\""third_quarter\"",\""income\"":\""30000.00\"",\""expenses\"":null}"", ""L-1a29fe0c-4cef-488f-9799-888c7b746ebe"": ""{\""filing_uuid\"":\""1a29fe0c-4cef-488f-9799-888c7b746ebe\"",\""filing_type\"":\""Q1\"",\""filing_year\"":2022,\""filing_period\"":\""first_quarter\"",\""income\"":\""30000.00\"",\""expenses\"":null}"", ""L-1a5001d2-077e-4c3d-b40a-00939db8f91d"": ""{\""filing_uuid\"":\""1a5001d2-077e-4c3d-b40a-00939db8f91d\"",\""filing_type\"":\""Q4\"",\""filing_year\"":2022,\""filing_period\"":\""fourth_quarter\"",\""income\"":\""30000.00\"",\""expenses\"":null}"", ""L-1a64c8ab-1526-4ff4-8228-c5291f7c371a"": ""{\""filing_uuid\"":\""1a64c8ab-1526-4ff4-8228-c5291f7c371a\"",\""filing_type\"":\""Q4\"",\""filing_year\"":2022,\""filing_period\"":\""fourth_quarter\"",\""income\"":\""30000.00\"",\""expenses\"":null}"", ""L-1d0cf6ac-1250-4bdc-8fa2-b586e4b77ecf"": ""{\""filing_uuid\"":\""1d0cf6ac-1250-4bdc-8fa2-b586e4b77ecf\"",\""filing_type\"":\""Q3\"",\""filing_year\"":2022,\""filing_period\"":\""third_quarter\"",\""income\"":\""60000.00\"",\""expenses\"":null}"", ""L-2c956906-887f-452c-9167-a69aa2e14a5e"": ""{\""filing_uuid\"":\""2c956906-887f-452c-9167-a69aa2e14a5e\"",\""filing_type\"":\""Q1\"",\""filing_year\"":2022,\""filing_period\"":\""first_quarter\"",\""income\"":\""60000.00\"",\""expenses\"":null}"", ""L-30da0991-48e3-46df-92b7-72f0b0505962"": ""{\""filing_uuid\"":\""30da0991-48e3-46df-92b7-72f0b0505962\"",\""filing_type\"":\""Q2\"",\""filing_year\"":2022,\""filing_period\"":\""second_quarter\"",\""income\"":\""22500.00\"",\""expenses\"":null}"", ""L-31edbde5-858b-446d-9898-63755edea6ed"": ""{\""filing_uuid\"":\""31edbde5-858b-446d-9898-63755edea6ed\"",\""filing_type\"":\""Q4\"",\""filing_year\"":2022,\""filing_period\"":\""fourth_quarter\"",\""income\"":\""50000.00\"",\""expenses\"":null}"", ""L-33963a96-4cde-4876-b9fc-d8300d48437c"": ""{\""filing_uuid\"":\""33963a96-4cde-4876-b9fc-d8300d48437c\"",\""filing_type\"":\""Q4\"",\""filing_year\"":2022,\""filing_period\"":\""fourth_quarter\"",\""income\"":\""30000.00\"",\""expenses\"":null}"", ""L-34642d3a-0824-42b9-b2bd-0cd3c38238c6"": ""{\""filing_uuid\"":\""34642d3a-0824-42b9-b2bd-0cd3c38238c6\"",\""filing_type\"":\""Q2\"",\""filing_year\"":2022,\""filing_period\"":\""second_quarter\"",\""income\"":\""80000.00\"",\""expenses\"":null}"", ""L-34d7ac47-8a1b-4daa-86f8-78b77cc7ce09"": ""{\""filing_uuid\"":\""34d7ac47-8a1b-4daa-86f8-78b77cc7ce09\"",\""filing_type\"":\""Q3\"",\""filing_year\"":2022,\""filing_period\"":\""third_quarter\"",\""income\"":\""60000.00\"",\""expenses\"":null}"", ""L-3dbd14a9-1c4c-427a-9786-df95d9cd528d"": ""{\""filing_uuid\"":\""3dbd14a9-1c4c-427a-9786-df95d9cd528d\"",\""filing_type\"":\""Q3\"",\""filing_year\"":2022,\""filing_period\"":\""third_quarter\"",\""income\"":\""50000.00\"",\""expenses\"":null}"", ""L-3ee8af20-7ed2-414e-96eb-2191a1205701"": ""{\""filing_uuid\"":\""3ee8af20-7ed2-414e-96eb-2191a1205701\"",\""filing_type\"":\""Q1\"",\""filing_year\"":2022,\""filing_period\"":\""first_quarter\"",\""income\"":\""60000.00\"",\""expenses\"":null}"", ""L-43b6dc88-7383-4773-9c87-b87a224c3f76"": ""{\""filing_uuid\"":\""43b6dc88-7383-4773-9c87-b87a224c3f76\"",\""filing_type\"":\""Q3\"",\""filing_year\"":2022,\""filing_period\"":\""third_quarter\"",\""income\"":\""60000.00\"",\""expenses\"":null}"", ""L-444b37f6-c6af-4bb8-9888-a3d645182844"": ""{\""filing_uuid\"":\""444b37f6-c6af-4bb8-9888-a3d645182844\"",\""filing_type\"":\""Q4\"",\""filing_year\"":2022,\""filing_period\"":\""fourth_quarter\"",\""income\"":\""60000.00\"",\""expenses\"":null}"", ""L-448a6301-4d6a-4027-a678-fc0ba8c28f1d"": ""{\""filing_uuid\"":\""448a6301-4d6a-4027-a678-fc0ba8c28f1d\"",\""filing_type\"":\""Q3\"",\""filing_year\"":2022,\""filing_period\"":\""third_quarter\"",\""income\"":\""40000.00\"",\""expenses\"":null}"", ""L-47ce9ff2-a44c-4e66-8209-63048c227ad8"": ""{\""filing_uuid\"":\""47ce9ff2-a44c-4e66-8209-63048c227ad8\"",\""filing_type\"":\""Q4\"",\""filing_year\"":2022,\""filing_period\"":\""fourth_quarter\"",\""income\"":\""40000.00\"",\""expenses\"":null}"", ""L-4979d398-80e1-4b82-a549-16b9702f5f87"": ""{\""filing_uuid\"":\""4979d398-80e1-4b82-a549-16b9702f5f87\"",\""filing_type\"":\""Q3\"",\""filing_year\"":2022,\""filing_period\"":\""third_quarter\"",\""income\"":\""50000.00\"",\""expenses\"":null}"", ""L-4ef8a68d-3f79-4091-9611-676ff27019ff"": ""{\""filing_uuid\"":\""4ef8a68d-3f79-4091-9611-676ff27019ff\"",\""filing_type\"":\""Q3\"",\""filing_year\"":2022,\""filing_period\"":\""third_quarter\"",\""income\"":\""60000.00\"",\""expenses\"":null}"", ""L-537fa91c-3cac-4df4-a921-7a9f8f3a731f"": ""{\""filing_uuid\"":\""537fa91c-3cac-4df4-a921-7a9f8f3a731f\"",\""filing_type\"":\""Q1\"",\""filing_year\"":2022,\""filing_period\"":\""first_quarter\"",\""income\"":\""40000.00\"",\""expenses\"":null}"", ""L-53ac4f90-0fd5-4f50-846a-78597b62fd2e"": ""{\""filing_uuid\"":\""53ac4f90-0fd5-4f50-846a-78597b62fd2e\"",\""filing_type\"":\""Q3\"",\""filing_year\"":2022,\""filing_period\"":\""third_quarter\"",\""income\"":\""30000.00\"",\""expenses\"":null}"", ""L-58f576cd-7590-40b0-b6b5-d78e6750d2b5"": ""{\""filing_uuid\"":\""58f576cd-7590-40b0-b6b5-d78e6750d2b5\"",\""filing_type\"":\""Q2\"",\""filing_year\"":2022,\""filing_period\"":\""second_quarter\"",\""income\"":\""40000.00\"",\""expenses\"":null}"", ""L-5cdb926e-7aab-40ca-a75b-8b560f6906cf"": ""{\""filing_uuid\"":\""5cdb926e-7aab-40ca-a75b-8b560f6906cf\"",\""filing_type\"":\""Q4\"",\""filing_year\"":2022,\""filing_period\"":\""fourth_quarter\"",\""income\"":\""30000.00\"",\""expenses\"":null}"", ""L-5e16285f-acae-439f-9994-f745c6f9a6c8"": ""{\""filing_uuid\"":\""5e16285f-acae-439f-9994-f745c6f9a6c8\"",\""filing_type\"":\""Q2\"",\""filing_year\"":2022,\""filing_period\"":\""second_quarter\"",\""income\"":\""50000.00\"",\""expenses\"":null}"", ""L-62b326ca-65eb-4d89-b620-cce5be210c12"": ""{\""filing_uuid\"":\""62b326ca-65eb-4d89-b620-cce5be210c12\"",\""filing_type\"":\""Q2\"",\""filing_year\"":2022,\""filing_period\"":\""second_quarter\"",\""income\"":\""30000.00\"",\""expenses\"":null}"", ""L-66a1c333-3ca8-4fb2-9a41-6d27eb1888db"": ""{\""filing_uuid\"":\""66a1c333-3ca8-4fb2-9a41-6d27eb1888db\"",\""filing_type\"":\""Q1\"",\""filing_year\"":2022,\""filing_period\"":\""first_quarter\"",\""income\"":\""40000.00\"",\""expenses\"":null}"", ""L-69a8c0fb-992a-402b-bbdb-e1b1fd1f6b49"": ""{\""filing_uuid\"":\""69a8c0fb-992a-402b-bbdb-e1b1fd1f6b49\"",\""filing_type\"":\""Q2\"",\""filing_year\"":2022,\""filing_period\"":\""second_quarter\"",\""income\"":\""50000.00\"",\""expenses\"":null}"", ""L-6f8546a4-1416-4f90-9e36-82f2ec193f0a"": ""{\""filing_uuid\"":\""6f8546a4-1416-4f90-9e36-82f2ec193f0a\"",\""filing_type\"":\""Q4\"",\""filing_year\"":2022,\""filing_period\"":\""fourth_quarter\"",\""income\"":\""45000.00\"",\""expenses\"":null}"", ""L-720053d8-f62c-4fc5-ad2d-91c0d3ae1478"": ""{\""filing_uuid\"":\""720053d8-f62c-4fc5-ad2d-91c0d3ae1478\"",\""filing_type\"":\""Q2\"",\""filing_year\"":2022,\""filing_period\"":\""second_quarter\"",\""income\"":\""40000.00\"",\""expenses\"":null}"", ""L-736000c9-60d7-491b-8b3e-5fa9e984307e"": ""{\""filing_uuid\"":\""736000c9-60d7-491b-8b3e-5fa9e984307e\"",\""filing_type\"":\""Q3\"",\""filing_year\"":2022,\""filing_period\"":\""third_quarter\"",\""income\"":\""60000.00\"",\""expenses\"":null}"", ""L-74afbf98-e2ff-4428-af22-775b6a16d753"": ""{\""filing_uuid\"":\""74afbf98-e2ff-4428-af22-775b6a16d753\"",\""filing_type\"":\""Q1\"",\""filing_year\"":2022,\""filing_period\"":\""first_quarter\"",\""income\"":\""40000.00\"",\""expenses\"":null}"", ""L-7c32e863-c714-4647-9f48-2f740ca08644"": ""{\""filing_uuid\"":\""7c32e863-c714-4647-9f48-2f740ca08644\"",\""filing_type\"":\""Q4\"",\""filing_year\"":2022,\""filing_period\"":\""fourth_quarter\"",\""income\"":\""60000.00\"",\""expenses\"":null}"", ""L-7f3df496-0319-4e0d-bbb8-01667db8d0ac"": ""{\""filing_uuid\"":\""7f3df496-0319-4e0d-bbb8-01667db8d0ac\"",\""filing_type\"":\""Q4\"",\""filing_year\"":2022,\""filing_period\"":\""fourth_quarter\"",\""income\"":\""60000.00\"",\""expenses\"":null}"", ""L-81017066-8ec8-483c-b25f-d0223b5d0a62"": ""{\""filing_uuid\"":\""81017066-8ec8-483c-b25f-d0223b5d0a62\"",\""filing_type\"":\""Q3\"",\""filing_year\"":2022,\""filing_period\"":\""third_quarter\"",\""income\"":\""30000.00\"",\""expenses\"":null}"", ""L-81a75e39-3d5f-40e4-a8a1-244d82000aec"": ""{\""filing_uuid\"":\""81a75e39-3d5f-40e4-a8a1-244d82000aec\"",\""filing_type\"":\""Q2\"",\""filing_year\"":2022,\""filing_period\"":\""second_quarter\"",\""income\"":\""20000.00\"",\""expenses\"":null}"", ""L-841bc347-cbdf-4cfb-a529-3d225517b814"": ""{\""filing_uuid\"":\""841bc347-cbdf-4cfb-a529-3d225517b814\"",\""filing_type\"":\""Q3\"",\""filing_year\"":2022,\""filing_period\"":\""third_quarter\"",\""income\"":\""50000.00\"",\""expenses\"":null}"", ""L-85285b7d-3348-45d0-80a7-3c51d4ed49f6"": ""{\""filing_uuid\"":\""85285b7d-3348-45d0-80a7-3c51d4ed49f6\"",\""filing_type\"":\""Q2\"",\""filing_year\"":2022,\""filing_period\"":\""second_quarter\"",\""income\"":\""40000.00\"",\""expenses\"":null}"", ""L-88d49e97-f64e-4dd6-b749-15876a021690"": ""{\""filing_uuid\"":\""88d49e97-f64e-4dd6-b749-15876a021690\"",\""filing_type\"":\""Q3\"",\""filing_year\"":2022,\""filing_period\"":\""third_quarter\"",\""income\"":\""30000.00\"",\""expenses\"":null}"", ""L-91ba04a7-a83a-411f-bd39-2d2f61613e32"": ""{\""filing_uuid\"":\""91ba04a7-a83a-411f-bd39-2d2f61613e32\"",\""filing_type\"":\""Q4\"",\""filing_year\"":2022,\""filing_period\"":\""fourth_quarter\"",\""income\"":\""20000.00\"",\""expenses\"":null}"", ""L-93778539-85e4-4f6c-976c-77c78206e056"": ""{\""filing_uuid\"":\""93778539-85e4-4f6c-976c-77c78206e056\"",\""filing_type\"":\""Q4\"",\""filing_year\"":2022,\""filing_period\"":\""fourth_quarter\"",\""income\"":\""80000.00\"",\""expenses\"":null}"", ""L-9959917b-ee08-4121-ae0b-8790136b9bfe"": ""{\""filing_uuid\"":\""9959917b-ee08-4121-ae0b-8790136b9bfe\"",\""filing_type\"":\""Q2\"",\""filing_year\"":2022,\""filing_period\"":\""second_quarter\"",\""income\"":\""60000.00\"",\""expenses\"":null}"", ""L-9db2633d-3c82-4afc-a639-ebd39a29b04f"": ""{\""filing_uuid\"":\""9db2633d-3c82-4afc-a639-ebd39a29b04f\"",\""filing_type\"":\""Q3\"",\""filing_year\"":2022,\""filing_period\"":\""third_quarter\"",\""income\"":\""30000.00\"",\""expenses\"":null}"", ""L-9eb32caf-095c-4f44-811e-fa4ac4f8bc17"": ""{\""filing_uuid\"":\""9eb32caf-095c-4f44-811e-fa4ac4f8bc17\"",\""filing_type\"":\""Q1\"",\""filing_year\"":2022,\""filing_period\"":\""first_quarter\"",\""income\"":\""30000.00\"",\""expenses\"":null}"", ""L-a0f8cae0-0f3d-4138-b9c2-0fbd03d3f1b2"": ""{\""filing_uuid\"":\""a0f8cae0-0f3d-4138-b9c2-0fbd03d3f1b2\"",\""filing_type\"":\""Q1\"",\""filing_year\"":2022,\""filing_period\"":\""first_quarter\"",\""income\"":\""60000.00\"",\""expenses\"":null}"", ""L-a9913585-b68b-4278-843c-60c35e5e19df"": ""{\""filing_uuid\"":\""a9913585-b68b-4278-843c-60c35e5e19df\"",\""filing_type\"":\""Q2\"",\""filing_year\"":2022,\""filing_period\"":\""second_quarter\"",\""income\"":\""10000.00\"",\""expenses\"":null}"", ""L-ab9dc1ef-f8b1-48cb-a5c8-94d03a4c89d6"": ""{\""filing_uuid\"":\""ab9dc1ef-f8b1-48cb-a5c8-94d03a4c89d6\"",\""filing_type\"":\""Q2\"",\""filing_year\"":2022,\""filing_period\"":\""second_quarter\"",\""income\"":\""60000.00\"",\""expenses\"":null}"", ""L-ac52d909-696c-4066-8355-a2b1a85491db"": ""{\""filing_uuid\"":\""ac52d909-696c-4066-8355-a2b1a85491db\"",\""filing_type\"":\""Q1\"",\""filing_year\"":2022,\""filing_period\"":\""first_quarter\"",\""income\"":\""30000.00\"",\""expenses\"":null}"", ""L-adf9457d-7750-4878-a2b9-ae3ead4788e6"": ""{\""filing_uuid\"":\""adf9457d-7750-4878-a2b9-ae3ead4788e6\"",\""filing_type\"":\""Q1\"",\""filing_year\"":2022,\""filing_period\"":\""first_quarter\"",\""income\"":\""20000.00\"",\""expenses\"":null}"", ""L-b22af5d4-849a-4794-b5e8-50c87f743f9e"": ""{\""filing_uuid\"":\""b22af5d4-849a-4794-b5e8-50c87f743f9e\"",\""filing_type\"":\""Q1\"",\""filing_year\"":2022,\""filing_period\"":\""first_quarter\"",\""income\"":\""30000.00\"",\""expenses\"":null}"", ""L-b3deb0b3-f200-4f8c-8b08-d30e460205f7"": ""{\""filing_uuid\"":\""b3deb0b3-f200-4f8c-8b08-d30e460205f7\"",\""filing_type\"":\""Q1\"",\""filing_year\"":2022,\""filing_period\"":\""first_quarter\"",\""income\"":\""50000.00\"",\""expenses\"":null}"", ""L-b8b4ff96-3f38-4764-80b6-bfd59970d7f4"": ""{\""filing_uuid\"":\""b8b4ff96-3f38-4764-80b6-bfd59970d7f4\"",\""filing_type\"":\""Q3\"",\""filing_year\"":2022,\""filing_period\"":\""third_quarter\"",\""income\"":\""45000.00\"",\""expenses\"":null}"", ""L-b8bf44bc-4d65-4175-8ebc-5daf0ed14ad7"": ""{\""filing_uuid\"":\""b8bf44bc-4d65-4175-8ebc-5daf0ed14ad7\"",\""filing_type\"":\""Q3\"",\""filing_year\"":2022,\""filing_period\"":\""third_quarter\"",\""income\"":\""20000.00\"",\""expenses\"":null}"", ""L-c7142571-08a1-48d4-9b9a-700898ac56c2"": ""{\""filing_uuid\"":\""c7142571-08a1-48d4-9b9a-700898ac56c2\"",\""filing_type\"":\""Q2\"",\""filing_year\"":2022,\""filing_period\"":\""second_quarter\"",\""income\"":\""60000.00\"",\""expenses\"":null}"", ""L-c7d98def-47b8-4d61-9956-93160560ad0c"": ""{\""filing_uuid\"":\""c7d98def-47b8-4d61-9956-93160560ad0c\"",\""filing_type\"":\""Q1\"",\""filing_year\"":2022,\""filing_period\"":\""first_quarter\"",\""income\"":\""80000.00\"",\""expenses\"":null}"", ""L-cd4e3015-6560-4126-a140-5650d359c9e9"": ""{\""filing_uuid\"":\""cd4e3015-6560-4126-a140-5650d359c9e9\"",\""filing_type\"":\""Q2\"",\""filing_year\"":2022,\""filing_period\"":\""second_quarter\"",\""income\"":\""60000.00\"",\""expenses\"":null}"", ""L-ce95c212-07c6-4e38-a7d6-0d37c9e761ba"": ""{\""filing_uuid\"":\""ce95c212-07c6-4e38-a7d6-0d37c9e761ba\"",\""filing_type\"":\""Q4\"",\""filing_year\"":2022,\""filing_period\"":\""fourth_quarter\"",\""income\"":\""60000.00\"",\""expenses\"":null}"", ""L-cec70ca4-98cb-4eec-a90a-d58d88eea0b0"": ""{\""filing_uuid\"":\""cec70ca4-98cb-4eec-a90a-d58d88eea0b0\"",\""filing_type\"":\""Q4\"",\""filing_year\"":2022,\""filing_period\"":\""fourth_quarter\"",\""income\"":\""80000.00\"",\""expenses\"":null}"", ""L-cf69de92-f745-483a-b0ca-4dbf4367b9ca"": ""{\""filing_uuid\"":\""cf69de92-f745-483a-b0ca-4dbf4367b9ca\"",\""filing_type\"":\""Q1\"",\""filing_year\"":2022,\""filing_period\"":\""first_quarter\"",\""income\"":\""22500.00\"",\""expenses\"":null}"", ""L-cf85f6cd-9c39-4c1f-ba9c-1c3865374895"": ""{\""filing_uuid\"":\""cf85f6cd-9c39-4c1f-ba9c-1c3865374895\"",\""filing_type\"":\""Q1\"",\""filing_year\"":2022,\""filing_period\"":\""first_quarter\"",\""income\"":\""50000.00\"",\""expenses\"":null}"", ""L-d0c73e24-01a0-439a-86d0-b1035ba2a445"": ""{\""filing_uuid\"":\""d0c73e24-01a0-439a-86d0-b1035ba2a445\"",\""filing_type\"":\""Q1\"",\""filing_year\"":2022,\""filing_period\"":\""first_quarter\"",\""income\"":\""60000.00\"",\""expenses\"":null}"", ""L-d3780c69-fb60-4686-b7af-b0c32698f19c"": ""{\""filing_uuid\"":\""d3780c69-fb60-4686-b7af-b0c32698f19c\"",\""filing_type\"":\""Q1\"",\""filing_year\"":2022,\""filing_period\"":\""first_quarter\"",\""income\"":\""30000.00\"",\""expenses\"":null}"", ""L-d437819c-147b-4887-a412-569c285acd0d"": ""{\""filing_uuid\"":\""d437819c-147b-4887-a412-569c285acd0d\"",\""filing_type\"":\""Q4\"",\""filing_year\"":2022,\""filing_period\"":\""fourth_quarter\"",\""income\"":\""22500.00\"",\""expenses\"":null}"", ""L-d455adeb-c36d-420b-94ac-175678ddd9ec"": ""{\""filing_uuid\"":\""d455adeb-c36d-420b-94ac-175678ddd9ec\"",\""filing_type\"":\""Q3\"",\""filing_year\"":2022,\""filing_period\"":\""third_quarter\"",\""income\"":\""40000.00\"",\""expenses\"":null}"", ""L-d75fb26e-5c16-4a9e-ae3f-1e64ba7d3b94"": ""{\""filing_uuid\"":\""d75fb26e-5c16-4a9e-ae3f-1e64ba7d3b94\"",\""filing_type\"":\""Q1\"",\""filing_year\"":2022,\""filing_period\"":\""first_quarter\"",\""income\"":\""20000.00\"",\""expenses\"":null}"", ""L-d78cb453-23c2-4555-b961-fe6f9bf29d63"": ""{\""filing_uuid\"":\""d78cb453-23c2-4555-b961-fe6f9bf29d63\"",\""filing_type\"":\""Q1\"",\""filing_year\"":2022,\""filing_period\"":\""first_quarter\"",\""income\"":\""60000.00\"",\""expenses\"":null}"", ""L-d96cb492-6fcc-4e20-94fb-3e1511998817"": ""{\""filing_uuid\"":\""d96cb492-6fcc-4e20-94fb-3e1511998817\"",\""filing_type\"":\""Q2\"",\""filing_year\"":2022,\""filing_period\"":\""second_quarter\"",\""income\"":\""30000.00\"",\""expenses\"":null}"", ""L-da62c9b7-d6aa-45b6-8683-6bc56f584a0b"": ""{\""filing_uuid\"":\""da62c9b7-d6aa-45b6-8683-6bc56f584a0b\"",\""filing_type\"":\""Q4\"",\""filing_year\"":2022,\""filing_period\"":\""fourth_quarter\"",\""income\"":\""60000.00\"",\""expenses\"":null}"", ""L-daf119b7-c877-4dc1-a4cb-9fa4cba16ae0"": ""{\""filing_uuid\"":\""daf119b7-c877-4dc1-a4cb-9fa4cba16ae0\"",\""filing_type\"":\""Q3\"",\""filing_year\"":2022,\""filing_period\"":\""third_quarter\"",\""income\"":\""30000.00\"",\""expenses\"":null}"", ""L-dce0bbd7-3a6e-4c83-b96e-393563ead3d0"": ""{\""filing_uuid\"":\""dce0bbd7-3a6e-4c83-b96e-393563ead3d0\"",\""filing_type\"":\""Q3\"",\""filing_year\"":2022,\""filing_period\"":\""third_quarter\"",\""income\"":\""20000.00\"",\""expenses\"":null}"", ""L-df669926-8d82-438e-8a0d-93875301bfbb"": ""{\""filing_uuid\"":\""df669926-8d82-438e-8a0d-93875301bfbb\"",\""filing_type\"":\""Q3\"",\""filing_year\"":2022,\""filing_period\"":\""third_quarter\"",\""income\"":\""80000.00\"",\""expenses\"":null}"", ""L-e37d192e-6d07-400a-b3e0-a1fed0272bb7"": ""{\""filing_uuid\"":\""e37d192e-6d07-400a-b3e0-a1fed0272bb7\"",\""filing_type\"":\""Q2\"",\""filing_year\"":2022,\""filing_period\"":\""second_quarter\"",\""income\"":\""60000.00\"",\""expenses\"":null}"", ""L-e84b4177-ef1e-4bd2-9681-8aabb0591041"": ""{\""filing_uuid\"":\""e84b4177-ef1e-4bd2-9681-8aabb0591041\"",\""filing_type\"":\""Q1\"",\""filing_year\"":2022,\""filing_period\"":\""first_quarter\"",\""income\"":\""45000.00\"",\""expenses\"":null}"", ""L-ef19cb97-a685-4ce5-9689-e635a97a73f7"": ""{\""filing_uuid\"":\""ef19cb97-a685-4ce5-9689-e635a97a73f7\"",\""filing_type\"":\""Q4\"",\""filing_year\"":2022,\""filing_period\"":\""fourth_quarter\"",\""income\"":\""40000.00\"",\""expenses\"":null}"", ""L-f1876753-626d-49b0-b055-c32510187a7c"": ""{\""filing_uuid\"":\""f1876753-626d-49b0-b055-c32510187a7c\"",\""filing_type\"":\""Q2\"",\""filing_year\"":2022,\""filing_period\"":\""second_quarter\"",\""income\"":\""40000.00\"",\""expenses\"":null}"", ""L-f2456f43-d344-4ec1-94b1-2d8c085a3580"": ""{\""filing_uuid\"":\""f2456f43-d344-4ec1-94b1-2d8c085a3580\"",\""filing_type\"":\""Q2\"",\""filing_year\"":2022,\""filing_period\"":\""second_quarter\"",\""income\"":\""45000.00\"",\""expenses\"":null}"", ""L-f34a9baf-d6ab-4b89-97fb-ab9f29ebbd67"": ""{\""filing_uuid\"":\""f34a9baf-d6ab-4b89-97fb-ab9f29ebbd67\"",\""filing_type\"":\""Q4\"",\""filing_year\"":2022,\""filing_period\"":\""fourth_quarter\"",\""income\"":\""60000.00\"",\""expenses\"":null}"", ""L-f3d2f829-9c9c-4260-bc21-c6cc8545b2da"": ""{\""filing_uuid\"":\""f3d2f829-9c9c-4260-bc21-c6cc8545b2da\"",\""filing_type\"":\""Q4\"",\""filing_year\"":2022,\""filing_period\"":\""fourth_quarter\"",\""income\"":\""50000.00\"",\""expenses\"":null}"", ""L-f4c928e6-cc4f-461d-91fa-108f87667732"": ""{\""filing_uuid\"":\""f4c928e6-cc4f-461d-91fa-108f87667732\"",\""filing_type\"":\""Q2\"",\""filing_year\"":2022,\""filing_period\"":\""second_quarter\"",\""income\"":\""60000.00\"",\""expenses\"":null}"", ""L-f9d147f9-20f0-449f-98a5-0da371f86ded"": ""{\""filing_uuid\"":\""f9d147f9-20f0-449f-98a5-0da371f86ded\"",\""filing_type\"":\""Q2\"",\""filing_year\"":2022,\""filing_period\"":\""second_quarter\"",\""income\"":\""30000.00\"",\""expenses\"":null}"", ""L-f9f0dce2-f653-4b09-8c64-80526582bdbc"": ""{\""filing_uuid\"":\""f9f0dce2-f653-4b09-8c64-80526582bdbc\"",\""filing_type\"":\""Q2\"",\""filing_year\"":2022,\""filing_period\"":\""second_quarter\"",\""income\"":\""30000.00\"",\""expenses\"":null}"", ""L-fc632135-1bfa-409b-8ee0-17e0b0f2ef5f"": ""{\""filing_uuid\"":\""fc632135-1bfa-409b-8ee0-17e0b0f2ef5f\"",\""filing_type\"":\""Q3\"",\""filing_year\"":2022,\""filing_period\"":\""third_quarter\"",\""income\"":\""22500.00\"",\""expenses\"":null}"", ""L-fe08aef9-ac6c-47f5-a59d-5a8171eba7a6"": ""{\""filing_uuid\"":\""fe08aef9-ac6c-47f5-a59d-5a8171eba7a6\"",\""filing_type\"":\""Q3\"",\""filing_year\"":2022,\""filing_period\"":\""third_quarter\"",\""income\"":\""40000.00\"",\""expenses\"":null}"", ""L-fe8035df-03f7-4bcb-a800-60cfc6808d9c"": ""{\""filing_uuid\"":\""fe8035df-03f7-4bcb-a800-60cfc6808d9c\"",\""filing_type\"":\""Q1\"",\""filing_year\"":2022,\""filing_period\"":\""first_quarter\"",\""income\"":\""60000.00\"",\""expenses\"":null}"", ""L-ff576cbb-c5f7-413f-a63d-ff30db53682f"": ""{\""filing_uuid\"":\""ff576cbb-c5f7-413f-a63d-ff30db53682f\"",\""filing_type\"":\""Q2\"",\""filing_year\"":2022,\""filing_period\"":\""second_quarter\"",\""income\"":\""30000.00\"",\""expenses\"":null}""}","Sum of numeric amounts on latest eligible quarterly reports, all issues combined. Blank reports are not zero and are not added. Separately named intermediaries excluded from direct fees. Outside fees and company expenses overlap and must never be added. Latest year uses completed quarters only; no annualization. No numeric reports means OPEN, not zero spending.",USD,,,L-00dc500a-fb43-4587-bae4-eb022c45e744;L-0145308c-a546-4383-abb6-9f1c7642b9a4;L-03c983e6-c736-4685-bea5-f7f1022971f0;L-071b68e6-9daf-4056-b9d2-3668fc207be7;L-0a1b7e8f-ba60-42f7-85d1-301456b207e8;L-0e193ff2-5de8-4ebe-8022-6da8e9f7a96a;L-0f78f055-0e72-4dc7-8c48-c614e8422be9;L-101215e6-ec50-47e8-980a-957e6f4c3315;L-1098f0f2-47c1-406a-816b-11cab378a0d0;L-120f2cc9-a77d-42d7-8513-583027d4ca72;L-1264d4e9-4d37-4a78-9582-9ee0e2af7e76;L-18d312c2-781b-4993-b59d-52eeca39c964;L-1a29fe0c-4cef-488f-9799-888c7b746ebe;L-1a5001d2-077e-4c3d-b40a-00939db8f91d;L-1a64c8ab-1526-4ff4-8228-c5291f7c371a;L-1d0cf6ac-1250-4bdc-8fa2-b586e4b77ecf;L-2c956906-887f-452c-9167-a69aa2e14a5e;L-30da0991-48e3-46df-92b7-72f0b0505962;L-31edbde5-858b-446d-9898-63755edea6ed;L-33963a96-4cde-4876-b9fc-d8300d48437c;L-34642d3a-0824-42b9-b2bd-0cd3c38238c6;L-34d7ac47-8a1b-4daa-86f8-78b77cc7ce09;L-3dbd14a9-1c4c-427a-9786-df95d9cd528d;L-3ee8af20-7ed2-414e-96eb-2191a1205701;L-43b6dc88-7383-4773-9c87-b87a224c3f76;L-444b37f6-c6af-4bb8-9888-a3d645182844;L-448a6301-4d6a-4027-a678-fc0ba8c28f1d;L-47ce9ff2-a44c-4e66-8209-63048c227ad8;L-4979d398-80e1-4b82-a549-16b9702f5f87;L-4ef8a68d-3f79-4091-9611-676ff27019ff;L-537fa91c-3cac-4df4-a921-7a9f8f3a731f;L-53ac4f90-0fd5-4f50-846a-78597b62fd2e;L-58f576cd-7590-40b0-b6b5-d78e6750d2b5;L-5cdb926e-7aab-40ca-a75b-8b560f6906cf;L-5e16285f-acae-439f-9994-f745c6f9a6c8;L-62b326ca-65eb-4d89-b620-cce5be210c12;L-66a1c333-3ca8-4fb2-9a41-6d27eb1888db;L-69a8c0fb-992a-402b-bbdb-e1b1fd1f6b49;L-6f8546a4-1416-4f90-9e36-82f2ec193f0a;L-720053d8-f62c-4fc5-ad2d-91c0d3ae1478;L-736000c9-60d7-491b-8b3e-5fa9e984307e;L-74afbf98-e2ff-4428-af22-775b6a16d753;L-7c32e863-c714-4647-9f48-2f740ca08644;L-7f3df496-0319-4e0d-bbb8-01667db8d0ac;L-81017066-8ec8-483c-b25f-d0223b5d0a62;L-81a75e39-3d5f-40e4-a8a1-244d82000aec;L-841bc347-cbdf-4cfb-a529-3d225517b814;L-85285b7d-3348-45d0-80a7-3c51d4ed49f6;L-88d49e97-f64e-4dd6-b749-15876a021690;L-91ba04a7-a83a-411f-bd39-2d2f61613e32;L-93778539-85e4-4f6c-976c-77c78206e056;L-9959917b-ee08-4121-ae0b-8790136b9bfe;L-9db2633d-3c82-4afc-a639-ebd39a29b04f;L-9eb32caf-095c-4f44-811e-fa4ac4f8bc17;L-a0f8cae0-0f3d-4138-b9c2-0fbd03d3f1b2;L-a9913585-b68b-4278-843c-60c35e5e19df;L-ab9dc1ef-f8b1-48cb-a5c8-94d03a4c89d6;L-ac52d909-696c-4066-8355-a2b1a85491db;L-adf9457d-7750-4878-a2b9-ae3ead4788e6;L-b22af5d4-849a-4794-b5e8-50c87f743f9e;L-b3deb0b3-f200-4f8c-8b08-d30e460205f7;L-b8b4ff96-3f38-4764-80b6-bfd59970d7f4;L-b8bf44bc-4d65-4175-8ebc-5daf0ed14ad7;L-c7142571-08a1-48d4-9b9a-700898ac56c2;L-c7d98def-47b8-4d61-9956-93160560ad0c;L-cd4e3015-6560-4126-a140-5650d359c9e9;L-ce95c212-07c6-4e38-a7d6-0d37c9e761ba;L-cec70ca4-98cb-4eec-a90a-d58d88eea0b0;L-cf69de92-f745-483a-b0ca-4dbf4367b9ca;L-cf85f6cd-9c39-4c1f-ba9c-1c3865374895;L-d0c73e24-01a0-439a-86d0-b1035ba2a445;L-d3780c69-fb60-4686-b7af-b0c32698f19c;L-d437819c-147b-4887-a412-569c285acd0d;L-d455adeb-c36d-420b-94ac-175678ddd9ec;L-d75fb26e-5c16-4a9e-ae3f-1e64ba7d3b94;L-d78cb453-23c2-4555-b961-fe6f9bf29d63;L-d96cb492-6fcc-4e20-94fb-3e1511998817;L-da62c9b7-d6aa-45b6-8683-6bc56f584a0b;L-daf119b7-c877-4dc1-a4cb-9fa4cba16ae0;L-dce0bbd7-3a6e-4c83-b96e-393563ead3d0;L-df669926-8d82-438e-8a0d-93875301bfbb;L-e37d192e-6d07-400a-b3e0-a1fed0272bb7;L-e84b4177-ef1e-4bd2-9681-8aabb0591041;L-ef19cb97-a685-4ce5-9689-e635a97a73f7;L-f1876753-626d-49b0-b055-c32510187a7c;L-f2456f43-d344-4ec1-94b1-2d8c085a3580;L-f34a9baf-d6ab-4b89-97fb-ab9f29ebbd67;L-f3d2f829-9c9c-4260-bc21-c6cc8545b2da;L-f4c928e6-cc4f-461d-91fa-108f87667732;L-f9d147f9-20f0-449f-98a5-0da371f86ded;L-f9f0dce2-f653-4b09-8c64-80526582bdbc;L-fc632135-1bfa-409b-8ee0-17e0b0f2ef5f;L-fe08aef9-ac6c-47f5-a59d-5a8171eba7a6;L-fe8035df-03f7-4bcb-a800-60cfc6808d9c;L-ff576cbb-c5f7-413f-a63d-ff30db53682f,lobbying_external_fees,sum,Meta,2022,,,1;2;3;4,,,KEEP
FE-Meta-2023,3807500.00,https://lda.gov/filings/public/filing/011d4ba5-cd2a-4a6c-8a7d-871808e6222c/print/,2026-09-14,"{""L-011d4ba5-cd2a-4a6c-8a7d-871808e6222c"": ""{\""filing_uuid\"":\""011d4ba5-cd2a-4a6c-8a7d-871808e6222c\"",\""filing_type\"":\""Q4\"",\""filing_year\"":2023,\""filing_period\"":\""fourth_quarter\"",\""income\"":\""60000.00\"",\""expenses\"":null}"", ""L-01c43882-fa70-4530-b4f1-346a4cbcb40d"": ""{\""filing_uuid\"":\""01c43882-fa70-4530-b4f1-346a4cbcb40d\"",\""filing_type\"":\""Q2\"",\""filing_year\"":2023,\""filing_period\"":\""second_quarter\"",\""income\"":\""30000.00\"",\""expenses\"":null}"", ""L-09bbd1f8-b775-4965-ab5d-8b90ef39170b"": ""{\""filing_uuid\"":\""09bbd1f8-b775-4965-ab5d-8b90ef39170b\"",\""filing_type\"":\""Q4\"",\""filing_year\"":2023,\""filing_period\"":\""fourth_quarter\"",\""income\"":\""22500.00\"",\""expenses\"":null}"", ""L-0a0b8cc3-1504-482b-a414-c153e63c7d1c"": ""{\""filing_uuid\"":\""0a0b8cc3-1504-482b-a414-c153e63c7d1c\"",\""filing_type\"":\""Q4\"",\""filing_year\"":2023,\""filing_period\"":\""fourth_quarter\"",\""income\"":\""60000.00\"",\""expenses\"":null}"", ""L-0aca5788-8c1d-435f-a4eb-23011949225e"": ""{\""filing_uuid\"":\""0aca5788-8c1d-435f-a4eb-23011949225e\"",\""filing_type\"":\""Q4\"",\""filing_year\"":2023,\""filing_period\"":\""fourth_quarter\"",\""income\"":\""30000.00\"",\""expenses\"":null}"", ""L-0b7e9d78-ab08-4466-a86f-0fcf824b8227"": ""{\""filing_uuid\"":\""0b7e9d78-ab08-4466-a86f-0fcf824b8227\"",\""filing_type\"":\""Q1\"",\""filing_year\"":2023,\""filing_period\"":\""first_quarter\"",\""income\"":\""20000.00\"",\""expenses\"":null}"", ""L-0f1263f3-f2fa-45f0-a5ef-b3057abdc2e9"": ""{\""filing_uuid\"":\""0f1263f3-f2fa-45f0-a5ef-b3057abdc2e9\"",\""filing_type\"":\""Q3\"",\""filing_year\"":2023,\""filing_period\"":\""third_quarter\"",\""income\"":\""60000.00\"",\""expenses\"":null}"", ""L-0f42ac1c-f30e-4e22-90e1-01c14acc7e17"": ""{\""filing_uuid\"":\""0f42ac1c-f30e-4e22-90e1-01c14acc7e17\"",\""filing_type\"":\""Q4\"",\""filing_year\"":2023,\""filing_period\"":\""fourth_quarter\"",\""income\"":\""60000.00\"",\""expenses\"":null}"", ""L-11297ec9-0af7-4a07-8e59-0037b8a3d03b"": ""{\""filing_uuid\"":\""11297ec9-0af7-4a07-8e59-0037b8a3d03b\"",\""filing_type\"":\""Q3\"",\""filing_year\"":2023,\""filing_period\"":\""third_quarter\"",\""income\"":\""60000.00\"",\""expenses\"":null}"", ""L-140731f4-cae6-40ba-acc5-ca2872f72732"": ""{\""filing_uuid\"":\""140731f4-cae6-40ba-acc5-ca2872f72732\"",\""filing_type\"":\""Q3\"",\""filing_year\"":2023,\""filing_period\"":\""third_quarter\"",\""income\"":\""30000.00\"",\""expenses\"":null}"", ""L-1642a781-0dd6-4778-a869-950e150b3fe6"": ""{\""filing_uuid\"":\""1642a781-0dd6-4778-a869-950e150b3fe6\"",\""filing_type\"":\""Q4\"",\""filing_year\"":2023,\""filing_period\"":\""fourth_quarter\"",\""income\"":\""30000.00\"",\""expenses\"":null}"", ""L-1883df63-dc78-45b7-82c9-d868ef40ecea"": ""{\""filing_uuid\"":\""1883df63-dc78-45b7-82c9-d868ef40ecea\"",\""filing_type\"":\""Q1\"",\""filing_year\"":2023,\""filing_period\"":\""first_quarter\"",\""income\"":\""30000.00\"",\""expenses\"":null}"", ""L-19060ac7-33c2-4bd1-96d2-1436b186beee"": ""{\""filing_uuid\"":\""19060ac7-33c2-4bd1-96d2-1436b186beee\"",\""filing_type\"":\""Q3\"",\""filing_year\"":2023,\""filing_period\"":\""third_quarter\"",\""income\"":\""60000.00\"",\""expenses\"":null}"", ""L-1a00eb49-b421-496e-8b81-25f5a1db558c"": ""{\""filing_uuid\"":\""1a00eb49-b421-496e-8b81-25f5a1db558c\"",\""filing_type\"":\""Q2\"",\""filing_year\"":2023,\""filing_period\"":\""second_quarter\"",\""income\"":\""45000.00\"",\""expenses\"":null}"", ""L-1b8f5bc5-fcc7-4d3c-b20c-b213a04ccfed"": ""{\""filing_uuid\"":\""1b8f5bc5-fcc7-4d3c-b20c-b213a04ccfed\"",\""filing_type\"":\""Q1\"",\""filing_year\"":2023,\""filing_period\"":\""first_quarter\"",\""income\"":\""60000.00\"",\""expenses\"":null}"", ""L-1cbcd16f-fa16-46c2-a8b9-3ca09befd1e2"": ""{\""filing_uuid\"":\""1cbcd16f-fa16-46c2-a8b9-3ca09befd1e2\"",\""filing_type\"":\""Q2\"",\""filing_year\"":2023,\""filing_period\"":\""second_quarter\"",\""income\"":\""60000.00\"",\""expenses\"":null}"", ""L-243010db-462e-4f34-9624-da9394d900c2"": ""{\""filing_uuid\"":\""243010db-462e-4f34-9624-da9394d900c2\"",\""filing_type\"":\""Q1\"",\""filing_year\"":2023,\""filing_period\"":\""first_quarter\"",\""income\"":\""30000.00\"",\""expenses\"":null}"", ""L-297b5e1d-db91-4b90-bc94-1126e2c7bde1"": ""{\""filing_uuid\"":\""297b5e1d-db91-4b90-bc94-1126e2c7bde1\"",\""filing_type\"":\""Q1\"",\""filing_year\"":2023,\""filing_period\"":\""first_quarter\"",\""income\"":\""60000.00\"",\""expenses\"":null}"", ""L-2d78cbaf-79ff-4cb9-9404-cc6413d0d831"": ""{\""filing_uuid\"":\""2d78cbaf-79ff-4cb9-9404-cc6413d0d831\"",\""filing_type\"":\""Q1\"",\""filing_year\"":2023,\""filing_period\"":\""first_quarter\"",\""income\"":\""45000.00\"",\""expenses\"":null}"", ""L-2f0a01a8-ffec-4d74-9603-827ebc53e9a3"": ""{\""filing_uuid\"":\""2f0a01a8-ffec-4d74-9603-827ebc53e9a3\"",\""filing_type\"":\""Q1\"",\""filing_year\"":2023,\""filing_period\"":\""first_quarter\"",\""income\"":\""60000.00\"",\""expenses\"":null}"", ""L-35a76599-c174-4587-a105-e1bf564891cc"": ""{\""filing_uuid\"":\""35a76599-c174-4587-a105-e1bf564891cc\"",\""filing_type\"":\""Q2\"",\""filing_year\"":2023,\""filing_period\"":\""second_quarter\"",\""income\"":\""10000.00\"",\""expenses\"":null}"", ""L-35ab7129-a238-46d5-9f0f-f438ce32dfea"": ""{\""filing_uuid\"":\""35ab7129-a238-46d5-9f0f-f438ce32dfea\"",\""filing_type\"":\""Q2\"",\""filing_year\"":2023,\""filing_period\"":\""second_quarter\"",\""income\"":\""20000.00\"",\""expenses\"":null}"", ""L-3825fb5b-7e32-45bf-8472-3e9a719a8828"": ""{\""filing_uuid\"":\""3825fb5b-7e32-45bf-8472-3e9a719a8828\"",\""filing_type\"":\""Q4\"",\""filing_year\"":2023,\""filing_period\"":\""fourth_quarter\"",\""income\"":\""60000.00\"",\""expenses\"":null}"", ""L-38fe5737-8ec8-480b-8c01-82fa870fadd0"": ""{\""filing_uuid\"":\""38fe5737-8ec8-480b-8c01-82fa870fadd0\"",\""filing_type\"":\""Q4\"",\""filing_year\"":2023,\""filing_period\"":\""fourth_quarter\"",\""income\"":\""80000.00\"",\""expenses\"":null}"", ""L-42bb84e3-8464-447e-9f84-411b8f387581"": ""{\""filing_uuid\"":\""42bb84e3-8464-447e-9f84-411b8f387581\"",\""filing_type\"":\""Q2\"",\""filing_year\"":2023,\""filing_period\"":\""second_quarter\"",\""income\"":\""60000.00\"",\""expenses\"":null}"", ""L-43b03b54-f097-46ba-995a-f96e01269b10"": ""{\""filing_uuid\"":\""43b03b54-f097-46ba-995a-f96e01269b10\"",\""filing_type\"":\""Q2\"",\""filing_year\"":2023,\""filing_period\"":\""second_quarter\"",\""income\"":\""60000.00\"",\""expenses\"":null}"", ""L-496392c5-b14c-42d6-bf44-7a320259dbab"": ""{\""filing_uuid\"":\""496392c5-b14c-42d6-bf44-7a320259dbab\"",\""filing_type\"":\""Q1\"",\""filing_year\"":2023,\""filing_period\"":\""first_quarter\"",\""income\"":\""50000.00\"",\""expenses\"":null}"", ""L-4a207d72-f04b-4892-82b5-626b6d06a4ef"": ""{\""filing_uuid\"":\""4a207d72-f04b-4892-82b5-626b6d06a4ef\"",\""filing_type\"":\""Q4\"",\""filing_year\"":2023,\""filing_period\"":\""fourth_quarter\"",\""income\"":\""30000.00\"",\""expenses\"":null}"", ""L-4af5566d-fd98-47f4-9cd8-5c20b9a98acf"": ""{\""filing_uuid\"":\""4af5566d-fd98-47f4-9cd8-5c20b9a98acf\"",\""filing_type\"":\""Q3\"",\""filing_year\"":2023,\""filing_period\"":\""third_quarter\"",\""income\"":\""30000.00\"",\""expenses\"":null}"", ""L-4b2ab0f1-9138-4359-a48d-4fbde17fc51c"": ""{\""filing_uuid\"":\""4b2ab0f1-9138-4359-a48d-4fbde17fc51c\"",\""filing_type\"":\""Q4\"",\""filing_year\"":2023,\""filing_period\"":\""fourth_quarter\"",\""income\"":\""40000.00\"",\""expenses\"":null}"", ""L-4ed4b11f-9ab5-4515-baa0-cb6ed463b3b8"": ""{\""filing_uuid\"":\""4ed4b11f-9ab5-4515-baa0-cb6ed463b3b8\"",\""filing_type\"":\""Q3\"",\""filing_year\"":2023,\""filing_period\"":\""third_quarter\"",\""income\"":\""50000.00\"",\""expenses\"":null}"", ""L-51740afb-8127-428f-b49e-e504832fe389"": ""{\""filing_uuid\"":\""51740afb-8127-428f-b49e-e504832fe389\"",\""filing_type\"":\""Q3\"",\""filing_year\"":2023,\""filing_period\"":\""third_quarter\"",\""income\"":\""45000.00\"",\""expenses\"":null}"", ""L-55a7b1e2-b30a-4428-a4ce-6db51638ef59"": ""{\""filing_uuid\"":\""55a7b1e2-b30a-4428-a4ce-6db51638ef59\"",\""filing_type\"":\""Q1\"",\""filing_year\"":2023,\""filing_period\"":\""first_quarter\"",\""income\"":\""22500.00\"",\""expenses\"":null}"", ""L-599d97ac-eaf0-4fbd-a516-2a424bb16be6"": ""{\""filing_uuid\"":\""599d97ac-eaf0-4fbd-a516-2a424bb16be6\"",\""filing_type\"":\""Q4\"",\""filing_year\"":2023,\""filing_period\"":\""fourth_quarter\"",\""income\"":\""30000.00\"",\""expenses\"":null}"", ""L-5a115eff-6c13-4cb4-8fb5-f08e4a0d4955"": ""{\""filing_uuid\"":\""5a115eff-6c13-4cb4-8fb5-f08e4a0d4955\"",\""filing_type\"":\""2A\"",\""filing_year\"":2023,\""filing_period\"":\""second_quarter\"",\""income\"":\""60000.00\"",\""expenses\"":null}"", ""L-5ae88409-f1d2-4d50-ad3a-ef1ffe76982f"": ""{\""filing_uuid\"":\""5ae88409-f1d2-4d50-ad3a-ef1ffe76982f\"",\""filing_type\"":\""Q1\"",\""filing_year\"":2023,\""filing_period\"":\""first_quarter\"",\""income\"":\""60000.00\"",\""expenses\"":null}"", ""L-5c69772a-47db-4f25-b4e1-d16b33519d6b"": ""{\""filing_uuid\"":\""5c69772a-47db-4f25-b4e1-d16b33519d6b\"",\""filing_type\"":\""Q3\"",\""filing_year\"":2023,\""filing_period\"":\""third_quarter\"",\""income\"":\""60000.00\"",\""expenses\"":null}"", ""L-5d21dde9-fbc4-4add-8748-520d7d0966be"": ""{\""filing_uuid\"":\""5d21dde9-fbc4-4add-8748-520d7d0966be\"",\""filing_type\"":\""Q2\"",\""filing_year\"":2023,\""filing_period\"":\""second_quarter\"",\""income\"":\""80000.00\"",\""expenses\"":null}"", ""L-5d2a4864-c593-421b-b1be-38ea6c875539"": ""{\""filing_uuid\"":\""5d2a4864-c593-421b-b1be-38ea6c875539\"",\""filing_type\"":\""Q1\"",\""filing_year\"":2023,\""filing_period\"":\""first_quarter\"",\""income\"":\""50000.00\"",\""expenses\"":null}"", ""L-5d5b8a2f-691c-44de-929e-7e7df92e0f51"": ""{\""filing_uuid\"":\""5d5b8a2f-691c-44de-929e-7e7df92e0f51\"",\""filing_type\"":\""Q2\"",\""filing_year\"":2023,\""filing_period\"":\""second_quarter\"",\""income\"":\""60000.00\"",\""expenses\"":null}"", ""L-5d6a5ce7-486e-43a2-ae0e-cd2dc06ecea1"": ""{\""filing_uuid\"":\""5d6a5ce7-486e-43a2-ae0e-cd2dc06ecea1\"",\""filing_type\"":\""Q1\"",\""filing_year\"":2023,\""filing_period\"":\""first_quarter\"",\""income\"":\""45000.00\"",\""expenses\"":null}"", ""L-5e9192f8-49d3-4f5b-a384-2ea8e72e646b"": ""{\""filing_uuid\"":\""5e9192f8-49d3-4f5b-a384-2ea8e72e646b\"",\""filing_type\"":\""Q1\"",\""filing_year\"":2023,\""filing_period\"":\""first_quarter\"",\""income\"":\""45000.00\"",\""expenses\"":null}"", ""L-6136168b-4c71-4868-b49d-aba891b9b684"": ""{\""filing_uuid\"":\""6136168b-4c71-4868-b49d-aba891b9b684\"",\""filing_type\"":\""Q2\"",\""filing_year\"":2023,\""filing_period\"":\""second_quarter\"",\""income\"":\""30000.00\"",\""expenses\"":null}"", ""L-621af4a6-f751-4a67-b368-bb52608824b2"": ""{\""filing_uuid\"":\""621af4a6-f751-4a67-b368-bb52608824b2\"",\""filing_type\"":\""Q1\"",\""filing_year\"":2023,\""filing_period\"":\""first_quarter\"",\""income\"":\""60000.00\"",\""expenses\"":null}"", ""L-658184df-2db2-4e51-872b-7e0361ef2c55"": ""{\""filing_uuid\"":\""658184df-2db2-4e51-872b-7e0361ef2c55\"",\""filing_type\"":\""Q4\"",\""filing_year\"":2023,\""filing_period\"":\""fourth_quarter\"",\""income\"":\""45000.00\"",\""expenses\"":null}"", ""L-67b65d5a-5ba7-4577-9178-c10d2ee4599c"": ""{\""filing_uuid\"":\""67b65d5a-5ba7-4577-9178-c10d2ee4599c\"",\""filing_type\"":\""Q2\"",\""filing_year\"":2023,\""filing_period\"":\""second_quarter\"",\""income\"":\""5000.00\"",\""expenses\"":null}"", ""L-69cb056e-c00f-43df-900c-1f46bd058d56"": ""{\""filing_uuid\"":\""69cb056e-c00f-43df-900c-1f46bd058d56\"",\""filing_type\"":\""Q1\"",\""filing_year\"":2023,\""filing_period\"":\""first_quarter\"",\""income\"":\""10000.00\"",\""expenses\"":null}"", ""L-6e96d0d7-36f3-47fd-9235-f8312b42140f"": ""{\""filing_uuid\"":\""6e96d0d7-36f3-47fd-9235-f8312b42140f\"",\""filing_type\"":\""Q4\"",\""filing_year\"":2023,\""filing_period\"":\""fourth_quarter\"",\""income\"":\""30000.00\"",\""expenses\"":null}"", ""L-7758f025-bc38-4990-9edd-6be7073f63c6"": ""{\""filing_uuid\"":\""7758f025-bc38-4990-9edd-6be7073f63c6\"",\""filing_type\"":\""1T\"",\""filing_year\"":2023,\""filing_period\"":\""first_quarter\"",\""income\"":\""10000.00\"",\""expenses\"":null}"", ""L-79e937c1-b7ea-465c-8ef2-c14a4395eb57"": ""{\""filing_uuid\"":\""79e937c1-b7ea-465c-8ef2-c14a4395eb57\"",\""filing_type\"":\""Q3\"",\""filing_year\"":2023,\""filing_period\"":\""third_quarter\"",\""income\"":\""30000.00\"",\""expenses\"":null}"", ""L-7a08817c-aeeb-4a42-9357-ba1db71105fc"": ""{\""filing_uuid\"":\""7a08817c-aeeb-4a42-9357-ba1db71105fc\"",\""filing_type\"":\""Q2\"",\""filing_year\"":2023,\""filing_period\"":\""second_quarter\"",\""income\"":\""50000.00\"",\""expenses\"":null}"", ""L-7e7d856f-071b-4dab-8116-28660ea05d86"": ""{\""filing_uuid\"":\""7e7d856f-071b-4dab-8116-28660ea05d86\"",\""filing_type\"":\""Q2\"",\""filing_year\"":2023,\""filing_period\"":\""second_quarter\"",\""income\"":\""60000.00\"",\""expenses\"":null}"", ""L-7ffd0fde-dae5-4604-8cd8-ac5b41e60051"": ""{\""filing_uuid\"":\""7ffd0fde-dae5-4604-8cd8-ac5b41e60051\"",\""filing_type\"":\""Q1\"",\""filing_year\"":2023,\""filing_period\"":\""first_quarter\"",\""income\"":\""60000.00\"",\""expenses\"":null}"", ""L-8031509d-3dbc-42fd-944d-20463dc5b144"": ""{\""filing_uuid\"":\""8031509d-3dbc-42fd-944d-20463dc5b144\"",\""filing_type\"":\""Q4\"",\""filing_year\"":2023,\""filing_period\"":\""fourth_quarter\"",\""income\"":\""20000.00\"",\""expenses\"":null}"", ""L-8326dd2d-e670-4014-bfe8-d2a6d00e7738"": ""{\""filing_uuid\"":\""8326dd2d-e670-4014-bfe8-d2a6d00e7738\"",\""filing_type\"":\""Q3\"",\""filing_year\"":2023,\""filing_period\"":\""third_quarter\"",\""income\"":\""80000.00\"",\""expenses\"":null}"", ""L-8425967b-747f-4762-8621-9977de2e297f"": ""{\""filing_uuid\"":\""8425967b-747f-4762-8621-9977de2e297f\"",\""filing_type\"":\""Q3\"",\""filing_year\"":2023,\""filing_period\"":\""third_quarter\"",\""income\"":\""20000.00\"",\""expenses\"":null}"", ""L-84e84e27-4de9-4963-abc5-ce9c74be0648"": ""{\""filing_uuid\"":\""84e84e27-4de9-4963-abc5-ce9c74be0648\"",\""filing_type\"":\""Q2\"",\""filing_year\"":2023,\""filing_period\"":\""second_quarter\"",\""income\"":\""45000.00\"",\""expenses\"":null}"", ""L-8553e555-afe6-4ef1-a4ee-455359e75e29"": ""{\""filing_uuid\"":\""8553e555-afe6-4ef1-a4ee-455359e75e29\"",\""filing_type\"":\""Q4\"",\""filing_year\"":2023,\""filing_period\"":\""fourth_quarter\"",\""income\"":\""60000.00\"",\""expenses\"":null}"", ""L-86e74863-2617-48ae-862e-c102d97014e7"": ""{\""filing_uuid\"":\""86e74863-2617-48ae-862e-c102d97014e7\"",\""filing_type\"":\""Q1\"",\""filing_year\"":2023,\""filing_period\"":\""first_quarter\"",\""income\"":\""80000.00\"",\""expenses\"":null}"", ""L-8a3b8fd7-3ca1-4630-accd-0a2b1542fcc3"": ""{\""filing_uuid\"":\""8a3b8fd7-3ca1-4630-accd-0a2b1542fcc3\"",\""filing_type\"":\""Q2\"",\""filing_year\"":2023,\""filing_period\"":\""second_quarter\"",\""income\"":\""60000.00\"",\""expenses\"":null}"", ""L-8c8e89d5-d8b4-49df-b6d4-64a9530dffb0"": ""{\""filing_uuid\"":\""8c8e89d5-d8b4-49df-b6d4-64a9530dffb0\"",\""filing_type\"":\""Q3\"",\""filing_year\"":2023,\""filing_period\"":\""third_quarter\"",\""income\"":\""40000.00\"",\""expenses\"":null}"", ""L-91fa7e32-68f6-43a7-9680-511a717290f3"": ""{\""filing_uuid\"":\""91fa7e32-68f6-43a7-9680-511a717290f3\"",\""filing_type\"":\""Q1\"",\""filing_year\"":2023,\""filing_period\"":\""first_quarter\"",\""income\"":\""60000.00\"",\""expenses\"":null}"", ""L-97db2013-be43-4e92-9a13-3d65e419df5a"": ""{\""filing_uuid\"":\""97db2013-be43-4e92-9a13-3d65e419df5a\"",\""filing_type\"":\""Q3\"",\""filing_year\"":2023,\""filing_period\"":\""third_quarter\"",\""income\"":\""18750.00\"",\""expenses\"":null}"", ""L-9887ac8d-3a3e-432d-801f-74f49dbd1f98"": ""{\""filing_uuid\"":\""9887ac8d-3a3e-432d-801f-74f49dbd1f98\"",\""filing_type\"":\""Q3\"",\""filing_year\"":2023,\""filing_period\"":\""third_quarter\"",\""income\"":\""50000.00\"",\""expenses\"":null}"", ""L-9b11c2d4-e1a6-46ef-8484-497edeaebb1c"": ""{\""filing_uuid\"":\""9b11c2d4-e1a6-46ef-8484-497edeaebb1c\"",\""filing_type\"":\""Q1\"",\""filing_year\"":2023,\""filing_period\"":\""first_quarter\"",\""income\"":\""40000.00\"",\""expenses\"":null}"", ""L-9b8cd059-c80a-4dc9-91d7-9de11ff442fe"": ""{\""filing_uuid\"":\""9b8cd059-c80a-4dc9-91d7-9de11ff442fe\"",\""filing_type\"":\""4A\"",\""filing_year\"":2023,\""filing_period\"":\""fourth_quarter\"",\""income\"":\""45000.00\"",\""expenses\"":null}"", ""L-9eea9e90-752f-48f5-99b2-8f9944749a9b"": ""{\""filing_uuid\"":\""9eea9e90-752f-48f5-99b2-8f9944749a9b\"",\""filing_type\"":\""Q1\"",\""filing_year\"":2023,\""filing_period\"":\""first_quarter\"",\""income\"":\""30000.00\"",\""expenses\"":null}"", ""L-a8bc318c-55c2-4990-8ad9-f1896814eef1"": ""{\""filing_uuid\"":\""a8bc318c-55c2-4990-8ad9-f1896814eef1\"",\""filing_type\"":\""Q3\"",\""filing_year\"":2023,\""filing_period\"":\""third_quarter\"",\""income\"":\""22500.00\"",\""expenses\"":null}"", ""L-b07836d9-9e0f-45b1-b913-2c6ebc086d66"": ""{\""filing_uuid\"":\""b07836d9-9e0f-45b1-b913-2c6ebc086d66\"",\""filing_type\"":\""Q1\"",\""filing_year\"":2023,\""filing_period\"":\""first_quarter\"",\""income\"":\""30000.00\"",\""expenses\"":null}"", ""L-b4322091-7e41-4618-9a13-099dd50de2a3"": ""{\""filing_uuid\"":\""b4322091-7e41-4618-9a13-099dd50de2a3\"",\""filing_type\"":\""Q4\"",\""filing_year\"":2023,\""filing_period\"":\""fourth_quarter\"",\""income\"":\""50000.00\"",\""expenses\"":null}"", ""L-be156828-5634-4d07-b5de-4c02dff37491"": ""{\""filing_uuid\"":\""be156828-5634-4d07-b5de-4c02dff37491\"",\""filing_type\"":\""Q1\"",\""filing_year\"":2023,\""filing_period\"":\""first_quarter\"",\""income\"":\""30000.00\"",\""expenses\"":null}"", ""L-be58b271-cada-4cf1-9c7c-45fc99037b72"": ""{\""filing_uuid\"":\""be58b271-cada-4cf1-9c7c-45fc99037b72\"",\""filing_type\"":\""Q2\"",\""filing_year\"":2023,\""filing_period\"":\""second_quarter\"",\""income\"":\""30000.00\"",\""expenses\"":null}"", ""L-c6408ab6-db02-4cd5-b9a4-83e8e68e72e7"": ""{\""filing_uuid\"":\""c6408ab6-db02-4cd5-b9a4-83e8e68e72e7\"",\""filing_type\"":\""Q2\"",\""filing_year\"":2023,\""filing_period\"":\""second_quarter\"",\""income\"":\""50000.00\"",\""expenses\"":null}"", ""L-c6c2b060-ee33-4b51-be83-8c5b7848f026"": ""{\""filing_uuid\"":\""c6c2b060-ee33-4b51-be83-8c5b7848f026\"",\""filing_type\"":\""Q3\"",\""filing_year\"":2023,\""filing_period\"":\""third_quarter\"",\""income\"":\""30000.00\"",\""expenses\"":null}"", ""L-d30f9f89-0d6c-44dd-98a3-bf7bdfc382e2"": ""{\""filing_uuid\"":\""d30f9f89-0d6c-44dd-98a3-bf7bdfc382e2\"",\""filing_type\"":\""Q3\"",\""filing_year\"":2023,\""filing_period\"":\""third_quarter\"",\""income\"":\""45000.00\"",\""expenses\"":null}"", ""L-d4650c77-dfd7-41d5-93df-fb07d5b352e3"": ""{\""filing_uuid\"":\""d4650c77-dfd7-41d5-93df-fb07d5b352e3\"",\""filing_type\"":\""Q2\"",\""filing_year\"":2023,\""filing_period\"":\""second_quarter\"",\""income\"":\""45000.00\"",\""expenses\"":null}"", ""L-dc4e7825-d918-4c74-b25b-d49537dc8ea6"": ""{\""filing_uuid\"":\""dc4e7825-d918-4c74-b25b-d49537dc8ea6\"",\""filing_type\"":\""Q2\"",\""filing_year\"":2023,\""filing_period\"":\""second_quarter\"",\""income\"":\""30000.00\"",\""expenses\"":null}"", ""L-dceb6045-752e-4f34-9d8d-66057144d545"": ""{\""filing_uuid\"":\""dceb6045-752e-4f34-9d8d-66057144d545\"",\""filing_type\"":\""Q3\"",\""filing_year\"":2023,\""filing_period\"":\""third_quarter\"",\""income\"":\""30000.00\"",\""expenses\"":null}"", ""L-e1eaa14f-d512-4061-9103-eb64ac49d7a8"": ""{\""filing_uuid\"":\""e1eaa14f-d512-4061-9103-eb64ac49d7a8\"",\""filing_type\"":\""Q3\"",\""filing_year\"":2023,\""filing_period\"":\""third_quarter\"",\""income\"":\""60000.00\"",\""expenses\"":null}"", ""L-e297dac9-126a-4aff-b3d1-bccd2a3482ca"": ""{\""filing_uuid\"":\""e297dac9-126a-4aff-b3d1-bccd2a3482ca\"",\""filing_type\"":\""Q2\"",\""filing_year\"":2023,\""filing_period\"":\""second_quarter\"",\""income\"":\""22500.00\"",\""expenses\"":null}"", ""L-e6456077-715e-4634-a834-f4f2ca621f8d"": ""{\""filing_uuid\"":\""e6456077-715e-4634-a834-f4f2ca621f8d\"",\""filing_type\"":\""Q4\"",\""filing_year\"":2023,\""filing_period\"":\""fourth_quarter\"",\""income\"":\""18750.00\"",\""expenses\"":null}"", ""L-edce849c-05a6-442e-af41-3228c7ba31a6"": ""{\""filing_uuid\"":\""edce849c-05a6-442e-af41-3228c7ba31a6\"",\""filing_type\"":\""Q4\"",\""filing_year\"":2023,\""filing_period\"":\""fourth_quarter\"",\""income\"":\""60000.00\"",\""expenses\"":null}"", ""L-f1fed4ea-b27f-4f83-a2b0-728708b3cf44"": ""{\""filing_uuid\"":\""f1fed4ea-b27f-4f83-a2b0-728708b3cf44\"",\""filing_type\"":\""Q4\"",\""filing_year\"":2023,\""filing_period\"":\""fourth_quarter\"",\""income\"":\""50000.00\"",\""expenses\"":null}"", ""L-f4fc57f9-d194-468c-8f13-1b1921f42640"": ""{\""filing_uuid\"":\""f4fc57f9-d194-468c-8f13-1b1921f42640\"",\""filing_type\"":\""Q3\"",\""filing_year\"":2023,\""filing_period\"":\""third_quarter\"",\""income\"":\""45000.00\"",\""expenses\"":null}"", ""L-f741943e-edf0-473f-ab88-f0c7fe2022a4"": ""{\""filing_uuid\"":\""f741943e-edf0-473f-ab88-f0c7fe2022a4\"",\""filing_type\"":\""Q2\"",\""filing_year\"":2023,\""filing_period\"":\""second_quarter\"",\""income\"":\""30000.00\"",\""expenses\"":null}"", ""L-f901ab1d-dbf4-44fb-be95-2b1889fe68d7"": ""{\""filing_uuid\"":\""f901ab1d-dbf4-44fb-be95-2b1889fe68d7\"",\""filing_type\"":\""Q4\"",\""filing_year\"":2023,\""filing_period\"":\""fourth_quarter\"",\""income\"":\""60000.00\"",\""expenses\"":null}"", ""L-fc465359-eeff-49d4-9506-a372dd3cd202"": ""{\""filing_uuid\"":\""fc465359-eeff-49d4-9506-a372dd3cd202\"",\""filing_type\"":\""Q3\"",\""filing_year\"":2023,\""filing_period\"":\""third_quarter\"",\""income\"":\""60000.00\"",\""expenses\"":null}"", ""L-fea79250-0f47-45b4-a90a-d370ac378ece"": ""{\""filing_uuid\"":\""fea79250-0f47-45b4-a90a-d370ac378ece\"",\""filing_type\"":\""2T\"",\""filing_year\"":2023,\""filing_period\"":\""second_quarter\"",\""income\"":\""10000.00\"",\""expenses\"":null}""}","Sum of numeric amounts on latest eligible quarterly reports, all issues combined. Blank reports are not zero and are not added. Separately named intermediaries excluded from direct fees. Outside fees and company expenses overlap and must never be added. Latest year uses completed quarters only; no annualization. No numeric reports means OPEN, not zero spending.",USD,,,L-011d4ba5-cd2a-4a6c-8a7d-871808e6222c;L-01c43882-fa70-4530-b4f1-346a4cbcb40d;L-09bbd1f8-b775-4965-ab5d-8b90ef39170b;L-0a0b8cc3-1504-482b-a414-c153e63c7d1c;L-0aca5788-8c1d-435f-a4eb-23011949225e;L-0b7e9d78-ab08-4466-a86f-0fcf824b8227;L-0f1263f3-f2fa-45f0-a5ef-b3057abdc2e9;L-0f42ac1c-f30e-4e22-90e1-01c14acc7e17;L-11297ec9-0af7-4a07-8e59-0037b8a3d03b;L-140731f4-cae6-40ba-acc5-ca2872f72732;L-1642a781-0dd6-4778-a869-950e150b3fe6;L-1883df63-dc78-45b7-82c9-d868ef40ecea;L-19060ac7-33c2-4bd1-96d2-1436b186beee;L-1a00eb49-b421-496e-8b81-25f5a1db558c;L-1b8f5bc5-fcc7-4d3c-b20c-b213a04ccfed;L-1cbcd16f-fa16-46c2-a8b9-3ca09befd1e2;L-243010db-462e-4f34-9624-da9394d900c2;L-297b5e1d-db91-4b90-bc94-1126e2c7bde1;L-2d78cbaf-79ff-4cb9-9404-cc6413d0d831;L-2f0a01a8-ffec-4d74-9603-827ebc53e9a3;L-35a76599-c174-4587-a105-e1bf564891cc;L-35ab7129-a238-46d5-9f0f-f438ce32dfea;L-3825fb5b-7e32-45bf-8472-3e9a719a8828;L-38fe5737-8ec8-480b-8c01-82fa870fadd0;L-42bb84e3-8464-447e-9f84-411b8f387581;L-43b03b54-f097-46ba-995a-f96e01269b10;L-496392c5-b14c-42d6-bf44-7a320259dbab;L-4a207d72-f04b-4892-82b5-626b6d06a4ef;L-4af5566d-fd98-47f4-9cd8-5c20b9a98acf;L-4b2ab0f1-9138-4359-a48d-4fbde17fc51c;L-4ed4b11f-9ab5-4515-baa0-cb6ed463b3b8;L-51740afb-8127-428f-b49e-e504832fe389;L-55a7b1e2-b30a-4428-a4ce-6db51638ef59;L-599d97ac-eaf0-4fbd-a516-2a424bb16be6;L-5a115eff-6c13-4cb4-8fb5-f08e4a0d4955;L-5ae88409-f1d2-4d50-ad3a-ef1ffe76982f;L-5c69772a-47db-4f25-b4e1-d16b33519d6b;L-5d21dde9-fbc4-4add-8748-520d7d0966be;L-5d2a4864-c593-421b-b1be-38ea6c875539;L-5d5b8a2f-691c-44de-929e-7e7df92e0f51;L-5d6a5ce7-486e-43a2-ae0e-cd2dc06ecea1;L-5e9192f8-49d3-4f5b-a384-2ea8e72e646b;L-6136168b-4c71-4868-b49d-aba891b9b684;L-621af4a6-f751-4a67-b368-bb52608824b2;L-658184df-2db2-4e51-872b-7e0361ef2c55;L-67b65d5a-5ba7-4577-9178-c10d2ee4599c;L-69cb056e-c00f-43df-900c-1f46bd058d56;L-6e96d0d7-36f3-47fd-9235-f8312b42140f;L-7758f025-bc38-4990-9edd-6be7073f63c6;L-79e937c1-b7ea-465c-8ef2-c14a4395eb57;L-7a08817c-aeeb-4a42-9357-ba1db71105fc;L-7e7d856f-071b-4dab-8116-28660ea05d86;L-7ffd0fde-dae5-4604-8cd8-ac5b41e60051;L-8031509d-3dbc-42fd-944d-20463dc5b144;L-8326dd2d-e670-4014-bfe8-d2a6d00e7738;L-8425967b-747f-4762-8621-9977de2e297f;L-84e84e27-4de9-4963-abc5-ce9c74be0648;L-8553e555-afe6-4ef1-a4ee-455359e75e29;L-86e74863-2617-48ae-862e-c102d97014e7;L-8a3b8fd7-3ca1-4630-accd-0a2b1542fcc3;L-8c8e89d5-d8b4-49df-b6d4-64a9530dffb0;L-91fa7e32-68f6-43a7-9680-511a717290f3;L-97db2013-be43-4e92-9a13-3d65e419df5a;L-9887ac8d-3a3e-432d-801f-74f49dbd1f98;L-9b11c2d4-e1a6-46ef-8484-497edeaebb1c;L-9b8cd059-c80a-4dc9-91d7-9de11ff442fe;L-9eea9e90-752f-48f5-99b2-8f9944749a9b;L-a8bc318c-55c2-4990-8ad9-f1896814eef1;L-b07836d9-9e0f-45b1-b913-2c6ebc086d66;L-b4322091-7e41-4618-9a13-099dd50de2a3;L-be156828-5634-4d07-b5de-4c02dff37491;L-be58b271-cada-4cf1-9c7c-45fc99037b72;L-c6408ab6-db02-4cd5-b9a4-83e8e68e72e7;L-c6c2b060-ee33-4b51-be83-8c5b7848f026;L-d30f9f89-0d6c-44dd-98a3-bf7bdfc382e2;L-d4650c77-dfd7-41d5-93df-fb07d5b352e3;L-dc4e7825-d918-4c74-b25b-d49537dc8ea6;L-dceb6045-752e-4f34-9d8d-66057144d545;L-e1eaa14f-d512-4061-9103-eb64ac49d7a8;L-e297dac9-126a-4aff-b3d1-bccd2a3482ca;L-e6456077-715e-4634-a834-f4f2ca621f8d;L-edce849c-05a6-442e-af41-3228c7ba31a6;L-f1fed4ea-b27f-4f83-a2b0-728708b3cf44;L-f4fc57f9-d194-468c-8f13-1b1921f42640;L-f741943e-edf0-473f-ab88-f0c7fe2022a4;L-f901ab1d-dbf4-44fb-be95-2b1889fe68d7;L-fc465359-eeff-49d4-9506-a372dd3cd202;L-fea79250-0f47-45b4-a90a-d370ac378ece,lobbying_external_fees,sum,Meta,2023,,,1;2;3;4,,,KEEP
FE-Meta-2024,3575000.00,https://lda.gov/filings/public/filing/013febae-c95b-4b9d-812c-490472a6d56b/print/,2026-09-14,"{""L-013febae-c95b-4b9d-812c-490472a6d56b"": ""{\""filing_uuid\"":\""013febae-c95b-4b9d-812c-490472a6d56b\"",\""filing_type\"":\""Q4\"",\""filing_year\"":2024,\""filing_period\"":\""fourth_quarter\"",\""income\"":\""60000.00\"",\""expenses\"":null}"", ""L-0298965d-fe36-4e31-94ae-ff0aa2ada238"": ""{\""filing_uuid\"":\""0298965d-fe36-4e31-94ae-ff0aa2ada238\"",\""filing_type\"":\""Q4\"",\""filing_year\"":2024,\""filing_period\"":\""fourth_quarter\"",\""income\"":\""22500.00\"",\""expenses\"":null}"", ""L-04faa062-9ac6-4f1e-9ad5-f4170ff97b0c"": ""{\""filing_uuid\"":\""04faa062-9ac6-4f1e-9ad5-f4170ff97b0c\"",\""filing_type\"":\""Q3\"",\""filing_year\"":2024,\""filing_period\"":\""third_quarter\"",\""income\"":\""60000.00\"",\""expenses\"":null}"", ""L-05dc0b2e-0561-4417-bb7e-7b3231071d73"": ""{\""filing_uuid\"":\""05dc0b2e-0561-4417-bb7e-7b3231071d73\"",\""filing_type\"":\""Q3\"",\""filing_year\"":2024,\""filing_period\"":\""third_quarter\"",\""income\"":\""50000.00\"",\""expenses\"":null}"", ""L-068273aa-2bfa-490d-8fed-4df19a5c0b14"": ""{\""filing_uuid\"":\""068273aa-2bfa-490d-8fed-4df19a5c0b14\"",\""filing_type\"":\""Q4\"",\""filing_year\"":2024,\""filing_period\"":\""fourth_quarter\"",\""income\"":\""18750.00\"",\""expenses\"":null}"", ""L-0bf8f52b-8dc2-4a00-99c0-5d0d8a25b32a"": ""{\""filing_uuid\"":\""0bf8f52b-8dc2-4a00-99c0-5d0d8a25b32a\"",\""filing_type\"":\""Q4\"",\""filing_year\"":2024,\""filing_period\"":\""fourth_quarter\"",\""income\"":\""50000.00\"",\""expenses\"":null}"", ""L-0e7f5769-b3e9-4cfa-afe1-c83342d3b704"": ""{\""filing_uuid\"":\""0e7f5769-b3e9-4cfa-afe1-c83342d3b704\"",\""filing_type\"":\""Q4\"",\""filing_year\"":2024,\""filing_period\"":\""fourth_quarter\"",\""income\"":\""60000.00\"",\""expenses\"":null}"", ""L-1405c6e3-2a63-4fd7-ae34-e7f382838a85"": ""{\""filing_uuid\"":\""1405c6e3-2a63-4fd7-ae34-e7f382838a85\"",\""filing_type\"":\""Q3\"",\""filing_year\"":2024,\""filing_period\"":\""third_quarter\"",\""income\"":\""60000.00\"",\""expenses\"":null}"", ""L-15f10943-f472-4e3e-ab84-b6927bb5063a"": ""{\""filing_uuid\"":\""15f10943-f472-4e3e-ab84-b6927bb5063a\"",\""filing_type\"":\""Q4\"",\""filing_year\"":2024,\""filing_period\"":\""fourth_quarter\"",\""income\"":\""50000.00\"",\""expenses\"":null}"", ""L-1b82f16c-6a0e-4ec8-8237-1745f07a284f"": ""{\""filing_uuid\"":\""1b82f16c-6a0e-4ec8-8237-1745f07a284f\"",\""filing_type\"":\""Q1\"",\""filing_year\"":2024,\""filing_period\"":\""first_quarter\"",\""income\"":\""60000.00\"",\""expenses\"":null}"", ""L-1d043214-8571-4747-bfc5-bfb2c3ae87b0"": ""{\""filing_uuid\"":\""1d043214-8571-4747-bfc5-bfb2c3ae87b0\"",\""filing_type\"":\""Q2\"",\""filing_year\"":2024,\""filing_period\"":\""second_quarter\"",\""income\"":\""60000.00\"",\""expenses\"":null}"", ""L-1e931ada-54c1-4707-ab82-1b771c5ca61a"": ""{\""filing_uuid\"":\""1e931ada-54c1-4707-ab82-1b771c5ca61a\"",\""filing_type\"":\""Q1\"",\""filing_year\"":2024,\""filing_period\"":\""first_quarter\"",\""income\"":\""80000.00\"",\""expenses\"":null}"", ""L-25cdb4cd-c643-4d0b-8d3c-33cdaf1b7cef"": ""{\""filing_uuid\"":\""25cdb4cd-c643-4d0b-8d3c-33cdaf1b7cef\"",\""filing_type\"":\""Q3\"",\""filing_year\"":2024,\""filing_period\"":\""third_quarter\"",\""income\"":\""50000.00\"",\""expenses\"":null}"", ""L-26438aa0-f966-4a03-a3b2-970aaded26fe"": ""{\""filing_uuid\"":\""26438aa0-f966-4a03-a3b2-970aaded26fe\"",\""filing_type\"":\""Q3\"",\""filing_year\"":2024,\""filing_period\"":\""third_quarter\"",\""income\"":\""50000.00\"",\""expenses\"":null}"", ""L-298ed531-4857-471b-9382-cd4e81227848"": ""{\""filing_uuid\"":\""298ed531-4857-471b-9382-cd4e81227848\"",\""filing_type\"":\""Q1\"",\""filing_year\"":2024,\""filing_period\"":\""first_quarter\"",\""income\"":\""60000.00\"",\""expenses\"":null}"", ""L-2a2c215f-d830-4d19-ba5b-61fa017903a7"": ""{\""filing_uuid\"":\""2a2c215f-d830-4d19-ba5b-61fa017903a7\"",\""filing_type\"":\""Q2\"",\""filing_year\"":2024,\""filing_period\"":\""second_quarter\"",\""income\"":\""50000.00\"",\""expenses\"":null}"", ""L-2ab35568-2d31-4cf8-954e-1c11f7c91c5e"": ""{\""filing_uuid\"":\""2ab35568-2d31-4cf8-954e-1c11f7c91c5e\"",\""filing_type\"":\""Q3\"",\""filing_year\"":2024,\""filing_period\"":\""third_quarter\"",\""income\"":\""60000.00\"",\""expenses\"":null}"", ""L-2b0c05c0-faca-47e0-84e7-4eb73f3c2243"": ""{\""filing_uuid\"":\""2b0c05c0-faca-47e0-84e7-4eb73f3c2243\"",\""filing_type\"":\""Q2\"",\""filing_year\"":2024,\""filing_period\"":\""second_quarter\"",\""income\"":\""45000.00\"",\""expenses\"":null}"", ""L-2d0054ec-b95b-4a26-9ebd-c5ec1c9e07f9"": ""{\""filing_uuid\"":\""2d0054ec-b95b-4a26-9ebd-c5ec1c9e07f9\"",\""filing_type\"":\""Q3\"",\""filing_year\"":2024,\""filing_period\"":\""third_quarter\"",\""income\"":\""60000.00\"",\""expenses\"":null}"", ""L-2fc0d139-0ceb-4e0a-8fc6-c837fc4eb616"": ""{\""filing_uuid\"":\""2fc0d139-0ceb-4e0a-8fc6-c837fc4eb616\"",\""filing_type\"":\""Q4\"",\""filing_year\"":2024,\""filing_period\"":\""fourth_quarter\"",\""income\"":\""50000.00\"",\""expenses\"":null}"", ""L-34833153-4232-4d34-9ebe-d1cc134a9fba"": ""{\""filing_uuid\"":\""34833153-4232-4d34-9ebe-d1cc134a9fba\"",\""filing_type\"":\""Q4\"",\""filing_year\"":2024,\""filing_period\"":\""fourth_quarter\"",\""income\"":\""60000.00\"",\""expenses\"":null}"", ""L-36067c7e-0bb5-4184-8a55-7fbc0debd6cd"": ""{\""filing_uuid\"":\""36067c7e-0bb5-4184-8a55-7fbc0debd6cd\"",\""filing_type\"":\""Q3\"",\""filing_year\"":2024,\""filing_period\"":\""third_quarter\"",\""income\"":\""80000.00\"",\""expenses\"":null}"", ""L-57bb3b41-30ea-46e1-9a53-6f7f890a8eda"": ""{\""filing_uuid\"":\""57bb3b41-30ea-46e1-9a53-6f7f890a8eda\"",\""filing_type\"":\""Q2\"",\""filing_year\"":2024,\""filing_period\"":\""second_quarter\"",\""income\"":\""60000.00\"",\""expenses\"":null}"", ""L-57ed5b25-dd6a-46eb-ae50-4b13649575fe"": ""{\""filing_uuid\"":\""57ed5b25-dd6a-46eb-ae50-4b13649575fe\"",\""filing_type\"":\""1@\"",\""filing_year\"":2024,\""filing_period\"":\""first_quarter\"",\""income\"":\""30000.00\"",\""expenses\"":null}"", ""L-58954141-143e-42cf-b047-d57fae5e3470"": ""{\""filing_uuid\"":\""58954141-143e-42cf-b047-d57fae5e3470\"",\""filing_type\"":\""Q2\"",\""filing_year\"":2024,\""filing_period\"":\""second_quarter\"",\""income\"":\""60000.00\"",\""expenses\"":null}"", ""L-5a7459e5-3eed-4fdd-8ea7-b8142752efa0"": ""{\""filing_uuid\"":\""5a7459e5-3eed-4fdd-8ea7-b8142752efa0\"",\""filing_type\"":\""Q2\"",\""filing_year\"":2024,\""filing_period\"":\""second_quarter\"",\""income\"":\""50000.00\"",\""expenses\"":null}"", ""L-5bbd0bc2-9a30-402d-9294-6c02eed818ee"": ""{\""filing_uuid\"":\""5bbd0bc2-9a30-402d-9294-6c02eed818ee\"",\""filing_type\"":\""Q4\"",\""filing_year\"":2024,\""filing_period\"":\""fourth_quarter\"",\""income\"":\""20000.00\"",\""expenses\"":null}"", ""L-5d1526c4-481c-49a5-976e-42f7e02b661a"": ""{\""filing_uuid\"":\""5d1526c4-481c-49a5-976e-42f7e02b661a\"",\""filing_type\"":\""Q4\"",\""filing_year\"":2024,\""filing_period\"":\""fourth_quarter\"",\""income\"":\""80000.00\"",\""expenses\"":null}"", ""L-61e40dc3-70e5-4139-bd86-a23d42641195"": ""{\""filing_uuid\"":\""61e40dc3-70e5-4139-bd86-a23d42641195\"",\""filing_type\"":\""Q1\"",\""filing_year\"":2024,\""filing_period\"":\""first_quarter\"",\""income\"":\""60000.00\"",\""expenses\"":null}"", ""L-64b107ad-8ca6-4f52-924c-d40013e0b658"": ""{\""filing_uuid\"":\""64b107ad-8ca6-4f52-924c-d40013e0b658\"",\""filing_type\"":\""Q2\"",\""filing_year\"":2024,\""filing_period\"":\""second_quarter\"",\""income\"":\""50000.00\"",\""expenses\"":null}"", ""L-64bae308-b777-49c6-9e6e-df4e50b19cd7"": ""{\""filing_uuid\"":\""64bae308-b777-49c6-9e6e-df4e50b19cd7\"",\""filing_type\"":\""Q3\"",\""filing_year\"":2024,\""filing_period\"":\""third_quarter\"",\""income\"":\""60000.00\"",\""expenses\"":null}"", ""L-65a7d695-0020-4343-b78d-0a6dccb131ed"": ""{\""filing_uuid\"":\""65a7d695-0020-4343-b78d-0a6dccb131ed\"",\""filing_type\"":\""Q2\"",\""filing_year\"":2024,\""filing_period\"":\""second_quarter\"",\""income\"":\""50000.00\"",\""expenses\"":null}"", ""L-6d990001-82be-480f-acc4-8f1cb5d960fb"": ""{\""filing_uuid\"":\""6d990001-82be-480f-acc4-8f1cb5d960fb\"",\""filing_type\"":\""Q3\"",\""filing_year\"":2024,\""filing_period\"":\""third_quarter\"",\""income\"":\""60000.00\"",\""expenses\"":null}"", ""L-6e53b53b-94af-49d7-8278-9b94100109a9"": ""{\""filing_uuid\"":\""6e53b53b-94af-49d7-8278-9b94100109a9\"",\""filing_type\"":\""Q3\"",\""filing_year\"":2024,\""filing_period\"":\""third_quarter\"",\""income\"":\""22500.00\"",\""expenses\"":null}"", ""L-6feff0de-6c14-4672-b015-c81175ca330f"": ""{\""filing_uuid\"":\""6feff0de-6c14-4672-b015-c81175ca330f\"",\""filing_type\"":\""Q1\"",\""filing_year\"":2024,\""filing_period\"":\""first_quarter\"",\""income\"":\""45000.00\"",\""expenses\"":null}"", ""L-7420ff85-75f1-4248-83c2-d9a2a3d87722"": ""{\""filing_uuid\"":\""7420ff85-75f1-4248-83c2-d9a2a3d87722\"",\""filing_type\"":\""Q3\"",\""filing_year\"":2024,\""filing_period\"":\""third_quarter\"",\""income\"":\""20000.00\"",\""expenses\"":null}"", ""L-754eceec-0eb8-4dd9-b082-0b6ba1809095"": ""{\""filing_uuid\"":\""754eceec-0eb8-4dd9-b082-0b6ba1809095\"",\""filing_type\"":\""Q4\"",\""filing_year\"":2024,\""filing_period\"":\""fourth_quarter\"",\""income\"":\""50000.00\"",\""expenses\"":null}"", ""L-854408c9-b7a9-4210-b888-28486054b65b"": ""{\""filing_uuid\"":\""854408c9-b7a9-4210-b888-28486054b65b\"",\""filing_type\"":\""4A\"",\""filing_year\"":2024,\""filing_period\"":\""fourth_quarter\"",\""income\"":\""30000.00\"",\""expenses\"":null}"", ""L-87f4aeca-c7e4-4430-9773-f490483cae4a"": ""{\""filing_uuid\"":\""87f4aeca-c7e4-4430-9773-f490483cae4a\"",\""filing_type\"":\""Q4\"",\""filing_year\"":2024,\""filing_period\"":\""fourth_quarter\"",\""income\"":\""40000.00\"",\""expenses\"":null}"", ""L-88fd5bd5-e5b5-4352-a165-a24a46af9d76"": ""{\""filing_uuid\"":\""88fd5bd5-e5b5-4352-a165-a24a46af9d76\"",\""filing_type\"":\""Q1\"",\""filing_year\"":2024,\""filing_period\"":\""first_quarter\"",\""income\"":\""50000.00\"",\""expenses\"":null}"", ""L-896f3b90-69ae-4dcd-887c-c91d3e5be03d"": ""{\""filing_uuid\"":\""896f3b90-69ae-4dcd-887c-c91d3e5be03d\"",\""filing_type\"":\""Q2\"",\""filing_year\"":2024,\""filing_period\"":\""second_quarter\"",\""income\"":\""40000.00\"",\""expenses\"":null}"", ""L-8c1e6c86-4ab0-4e5e-9da1-d080a425de8f"": ""{\""filing_uuid\"":\""8c1e6c86-4ab0-4e5e-9da1-d080a425de8f\"",\""filing_type\"":\""Q1\"",\""filing_year\"":2024,\""filing_period\"":\""first_quarter\"",\""income\"":\""30000.00\"",\""expenses\"":null}"", ""L-97891d75-60d5-46ff-bdba-76a32d1daae0"": ""{\""filing_uuid\"":\""97891d75-60d5-46ff-bdba-76a32d1daae0\"",\""filing_type\"":\""Q1\"",\""filing_year\"":2024,\""filing_period\"":\""first_quarter\"",\""income\"":\""50000.00\"",\""expenses\"":null}"", ""L-98021147-0581-490f-97c5-938ddc4873d8"": ""{\""filing_uuid\"":\""98021147-0581-490f-97c5-938ddc4873d8\"",\""filing_type\"":\""Q2\"",\""filing_year\"":2024,\""filing_period\"":\""second_quarter\"",\""income\"":\""22500.00\"",\""expenses\"":null}"", ""L-9823e9b5-6ea6-4197-af85-5f2d42117a8d"": ""{\""filing_uuid\"":\""9823e9b5-6ea6-4197-af85-5f2d42117a8d\"",\""filing_type\"":\""Q4\"",\""filing_year\"":2024,\""filing_period\"":\""fourth_quarter\"",\""income\"":\""30000.00\"",\""expenses\"":null}"", ""L-98bcde18-adf4-4efb-90a3-bf19dc3699d4"": ""{\""filing_uuid\"":\""98bcde18-adf4-4efb-90a3-bf19dc3699d4\"",\""filing_type\"":\""Q1\"",\""filing_year\"":2024,\""filing_period\"":\""first_quarter\"",\""income\"":\""60000.00\"",\""expenses\"":null}"", ""L-9db4c0a3-eba5-4cda-893e-31e201ea3b81"": ""{\""filing_uuid\"":\""9db4c0a3-eba5-4cda-893e-31e201ea3b81\"",\""filing_type\"":\""Q2\"",\""filing_year\"":2024,\""filing_period\"":\""second_quarter\"",\""income\"":\""30000.00\"",\""expenses\"":null}"", ""L-9de15390-c8f9-4df0-9332-7c1e5d90d38b"": ""{\""filing_uuid\"":\""9de15390-c8f9-4df0-9332-7c1e5d90d38b\"",\""filing_type\"":\""Q2\"",\""filing_year\"":2024,\""filing_period\"":\""second_quarter\"",\""income\"":\""60000.00\"",\""expenses\"":null}"", ""L-9ea3c3eb-5297-40e6-9e00-8f431c48db85"": ""{\""filing_uuid\"":\""9ea3c3eb-5297-40e6-9e00-8f431c48db85\"",\""filing_type\"":\""Q3\"",\""filing_year\"":2024,\""filing_period\"":\""third_quarter\"",\""income\"":\""40000.00\"",\""expenses\"":null}"", ""L-9ef25f04-a84f-4708-8909-617fc05abc21"": ""{\""filing_uuid\"":\""9ef25f04-a84f-4708-8909-617fc05abc21\"",\""filing_type\"":\""Q1\"",\""filing_year\"":2024,\""filing_period\"":\""first_quarter\"",\""income\"":\""30000.00\"",\""expenses\"":null}"", ""L-a005ff75-f9b8-4632-a73f-369cc2b3006e"": ""{\""filing_uuid\"":\""a005ff75-f9b8-4632-a73f-369cc2b3006e\"",\""filing_type\"":\""Q2\"",\""filing_year\"":2024,\""filing_period\"":\""second_quarter\"",\""income\"":\""80000.00\"",\""expenses\"":null}"", ""L-a38c5abe-805c-46fb-b6f5-942f0c27d659"": ""{\""filing_uuid\"":\""a38c5abe-805c-46fb-b6f5-942f0c27d659\"",\""filing_type\"":\""Q2\"",\""filing_year\"":2024,\""filing_period\"":\""second_quarter\"",\""income\"":\""20000.00\"",\""expenses\"":null}"", ""L-a7220e1d-2749-4e00-abb7-47013e764fb9"": ""{\""filing_uuid\"":\""a7220e1d-2749-4e00-abb7-47013e764fb9\"",\""filing_type\"":\""Q1\"",\""filing_year\"":2024,\""filing_period\"":\""first_quarter\"",\""income\"":\""22500.00\"",\""expenses\"":null}"", ""L-a79bc154-71c9-441b-899c-8e36e2983313"": ""{\""filing_uuid\"":\""a79bc154-71c9-441b-899c-8e36e2983313\"",\""filing_type\"":\""Q1\"",\""filing_year\"":2024,\""filing_period\"":\""first_quarter\"",\""income\"":\""50000.00\"",\""expenses\"":null}"", ""L-ab22dc22-d207-441e-bbd6-6cf5b8ce90cb"": ""{\""filing_uuid\"":\""ab22dc22-d207-441e-bbd6-6cf5b8ce90cb\"",\""filing_type\"":\""1T\"",\""filing_year\"":2024,\""filing_period\"":\""first_quarter\"",\""income\"":\""30000.00\"",\""expenses\"":null}"", ""L-ab323a47-65d0-4687-be97-9f06ef9fda42"": ""{\""filing_uuid\"":\""ab323a47-65d0-4687-be97-9f06ef9fda42\"",\""filing_type\"":\""Q1\"",\""filing_year\"":2024,\""filing_period\"":\""first_quarter\"",\""income\"":\""60000.00\"",\""expenses\"":null}"", ""L-b0ee69bf-9a6a-4cf4-949f-4f1ebf987de2"": ""{\""filing_uuid\"":\""b0ee69bf-9a6a-4cf4-949f-4f1ebf987de2\"",\""filing_type\"":\""Q1\"",\""filing_year\"":2024,\""filing_period\"":\""first_quarter\"",\""income\"":\""60000.00\"",\""expenses\"":null}"", ""L-b6675ae5-b14a-42d6-902c-d9cb62beacd3"": ""{\""filing_uuid\"":\""b6675ae5-b14a-42d6-902c-d9cb62beacd3\"",\""filing_type\"":\""Q1\"",\""filing_year\"":2024,\""filing_period\"":\""first_quarter\"",\""income\"":\""18750.00\"",\""expenses\"":null}"", ""L-b7ba9665-4e8a-46c3-a442-71be3615525a"": ""{\""filing_uuid\"":\""b7ba9665-4e8a-46c3-a442-71be3615525a\"",\""filing_type\"":\""Q3\"",\""filing_year\"":2024,\""filing_period\"":\""third_quarter\"",\""income\"":\""30000.00\"",\""expenses\"":null}"", ""L-bf3ef085-856b-49e4-b20d-86e5bc5d6e63"": ""{\""filing_uuid\"":\""bf3ef085-856b-49e4-b20d-86e5bc5d6e63\"",\""filing_type\"":\""Q2\"",\""filing_year\"":2024,\""filing_period\"":\""second_quarter\"",\""income\"":\""18750.00\"",\""expenses\"":null}"", ""L-c1225b8f-cbe1-4055-9078-37b8810fee06"": ""{\""filing_uuid\"":\""c1225b8f-cbe1-4055-9078-37b8810fee06\"",\""filing_type\"":\""Q3\"",\""filing_year\"":2024,\""filing_period\"":\""third_quarter\"",\""income\"":\""30000.00\"",\""expenses\"":null}"", ""L-c40de3d6-38bc-4cba-aeae-2dc3cde83dc7"": ""{\""filing_uuid\"":\""c40de3d6-38bc-4cba-aeae-2dc3cde83dc7\"",\""filing_type\"":\""Q2\"",\""filing_year\"":2024,\""filing_period\"":\""second_quarter\"",\""income\"":\""60000.00\"",\""expenses\"":null}"", ""L-c491d89f-1a3d-43f4-8104-88946873b45b"": ""{\""filing_uuid\"":\""c491d89f-1a3d-43f4-8104-88946873b45b\"",\""filing_type\"":\""Q2\"",\""filing_year\"":2024,\""filing_period\"":\""second_quarter\"",\""income\"":\""30000.00\"",\""expenses\"":null}"", ""L-c88dd209-6873-46af-8866-7cea7ecc0490"": ""{\""filing_uuid\"":\""c88dd209-6873-46af-8866-7cea7ecc0490\"",\""filing_type\"":\""Q2\"",\""filing_year\"":2024,\""filing_period\"":\""second_quarter\"",\""income\"":\""60000.00\"",\""expenses\"":null}"", ""L-caf09217-69a6-4c26-965e-389cbc0ab38d"": ""{\""filing_uuid\"":\""caf09217-69a6-4c26-965e-389cbc0ab38d\"",\""filing_type\"":\""Q1\"",\""filing_year\"":2024,\""filing_period\"":\""first_quarter\"",\""income\"":\""40000.00\"",\""expenses\"":null}"", ""L-d32efc80-2055-4949-b709-baa625be3bfc"": ""{\""filing_uuid\"":\""d32efc80-2055-4949-b709-baa625be3bfc\"",\""filing_type\"":\""Q3\"",\""filing_year\"":2024,\""filing_period\"":\""third_quarter\"",\""income\"":\""30000.00\"",\""expenses\"":null}"", ""L-d66adec0-4fd0-485f-92c7-3b3f46d5988a"": ""{\""filing_uuid\"":\""d66adec0-4fd0-485f-92c7-3b3f46d5988a\"",\""filing_type\"":\""Q3\"",\""filing_year\"":2024,\""filing_period\"":\""third_quarter\"",\""income\"":\""45000.00\"",\""expenses\"":null}"", ""L-d67e47c2-4187-4203-9c9e-20ee31a0dd62"": ""{\""filing_uuid\"":\""d67e47c2-4187-4203-9c9e-20ee31a0dd62\"",\""filing_type\"":\""Q3\"",\""filing_year\"":2024,\""filing_period\"":\""third_quarter\"",\""income\"":\""18750.00\"",\""expenses\"":null}"", ""L-d78458cc-0ef8-4a24-a120-32af58bcaff5"": ""{\""filing_uuid\"":\""d78458cc-0ef8-4a24-a120-32af58bcaff5\"",\""filing_type\"":\""Q4\"",\""filing_year\"":2024,\""filing_period\"":\""fourth_quarter\"",\""income\"":\""60000.00\"",\""expenses\"":null}"", ""L-da5a44b9-ad4a-4763-a287-809c38c8a126"": ""{\""filing_uuid\"":\""da5a44b9-ad4a-4763-a287-809c38c8a126\"",\""filing_type\"":\""Q2\"",\""filing_year\"":2024,\""filing_period\"":\""second_quarter\"",\""income\"":\""30000.00\"",\""expenses\"":null}"", ""L-db5c2332-7b61-4e65-a456-d52a44855b91"": ""{\""filing_uuid\"":\""db5c2332-7b61-4e65-a456-d52a44855b91\"",\""filing_type\"":\""Q1\"",\""filing_year\"":2024,\""filing_period\"":\""first_quarter\"",\""income\"":\""30000.00\"",\""expenses\"":null}"", ""L-dc1c2907-9c49-4f7a-bd4d-c3442528fd1c"": ""{\""filing_uuid\"":\""dc1c2907-9c49-4f7a-bd4d-c3442528fd1c\"",\""filing_type\"":\""Q1\"",\""filing_year\"":2024,\""filing_period\"":\""first_quarter\"",\""income\"":\""20000.00\"",\""expenses\"":null}"", ""L-e254f5d4-d646-4925-8b8d-e0f944490f7c"": ""{\""filing_uuid\"":\""e254f5d4-d646-4925-8b8d-e0f944490f7c\"",\""filing_type\"":\""Q1\"",\""filing_year\"":2024,\""filing_period\"":\""first_quarter\"",\""income\"":\""60000.00\"",\""expenses\"":null}"", ""L-e2e24336-2819-4f16-8c78-803352237018"": ""{\""filing_uuid\"":\""e2e24336-2819-4f16-8c78-803352237018\"",\""filing_type\"":\""Q3\"",\""filing_year\"":2024,\""filing_period\"":\""third_quarter\"",\""income\"":\""50000.00\"",\""expenses\"":null}"", ""L-eba2d9ae-35f0-4e7b-9f9f-8a473f4d0934"": ""{\""filing_uuid\"":\""eba2d9ae-35f0-4e7b-9f9f-8a473f4d0934\"",\""filing_type\"":\""Q4\"",\""filing_year\"":2024,\""filing_period\"":\""fourth_quarter\"",\""income\"":\""60000.00\"",\""expenses\"":null}"", ""L-f0b0ebe7-f7d3-4cc1-ab51-31331e4a464c"": ""{\""filing_uuid\"":\""f0b0ebe7-f7d3-4cc1-ab51-31331e4a464c\"",\""filing_type\"":\""Q4\"",\""filing_year\"":2024,\""filing_period\"":\""fourth_quarter\"",\""income\"":\""45000.00\"",\""expenses\"":null}"", ""L-f0d7d2fa-287e-41d3-99a0-9158cee5e39f"": ""{\""filing_uuid\"":\""f0d7d2fa-287e-41d3-99a0-9158cee5e39f\"",\""filing_type\"":\""Q4\"",\""filing_year\"":2024,\""filing_period\"":\""fourth_quarter\"",\""income\"":\""60000.00\"",\""expenses\"":null}"", ""L-ff844c66-5946-4739-8660-c5e3399bfeeb"": ""{\""filing_uuid\"":\""ff844c66-5946-4739-8660-c5e3399bfeeb\"",\""filing_type\"":\""Q4\"",\""filing_year\"":2024,\""filing_period\"":\""fourth_quarter\"",\""income\"":\""30000.00\"",\""expenses\"":null}""}","Sum of numeric amounts on latest eligible quarterly reports, all issues combined. Blank reports are not zero and are not added. Separately named intermediaries excluded from direct fees. Outside fees and company expenses overlap and must never be added. Latest year uses completed quarters only; no annualization. No numeric reports means OPEN, not zero spending.",USD,,,L-013febae-c95b-4b9d-812c-490472a6d56b;L-0298965d-fe36-4e31-94ae-ff0aa2ada238;L-04faa062-9ac6-4f1e-9ad5-f4170ff97b0c;L-05dc0b2e-0561-4417-bb7e-7b3231071d73;L-068273aa-2bfa-490d-8fed-4df19a5c0b14;L-0bf8f52b-8dc2-4a00-99c0-5d0d8a25b32a;L-0e7f5769-b3e9-4cfa-afe1-c83342d3b704;L-1405c6e3-2a63-4fd7-ae34-e7f382838a85;L-15f10943-f472-4e3e-ab84-b6927bb5063a;L-1b82f16c-6a0e-4ec8-8237-1745f07a284f;L-1d043214-8571-4747-bfc5-bfb2c3ae87b0;L-1e931ada-54c1-4707-ab82-1b771c5ca61a;L-25cdb4cd-c643-4d0b-8d3c-33cdaf1b7cef;L-26438aa0-f966-4a03-a3b2-970aaded26fe;L-298ed531-4857-471b-9382-cd4e81227848;L-2a2c215f-d830-4d19-ba5b-61fa017903a7;L-2ab35568-2d31-4cf8-954e-1c11f7c91c5e;L-2b0c05c0-faca-47e0-84e7-4eb73f3c2243;L-2d0054ec-b95b-4a26-9ebd-c5ec1c9e07f9;L-2fc0d139-0ceb-4e0a-8fc6-c837fc4eb616;L-34833153-4232-4d34-9ebe-d1cc134a9fba;L-36067c7e-0bb5-4184-8a55-7fbc0debd6cd;L-57bb3b41-30ea-46e1-9a53-6f7f890a8eda;L-57ed5b25-dd6a-46eb-ae50-4b13649575fe;L-58954141-143e-42cf-b047-d57fae5e3470;L-5a7459e5-3eed-4fdd-8ea7-b8142752efa0;L-5bbd0bc2-9a30-402d-9294-6c02eed818ee;L-5d1526c4-481c-49a5-976e-42f7e02b661a;L-61e40dc3-70e5-4139-bd86-a23d42641195;L-64b107ad-8ca6-4f52-924c-d40013e0b658;L-64bae308-b777-49c6-9e6e-df4e50b19cd7;L-65a7d695-0020-4343-b78d-0a6dccb131ed;L-6d990001-82be-480f-acc4-8f1cb5d960fb;L-6e53b53b-94af-49d7-8278-9b94100109a9;L-6feff0de-6c14-4672-b015-c81175ca330f;L-7420ff85-75f1-4248-83c2-d9a2a3d87722;L-754eceec-0eb8-4dd9-b082-0b6ba1809095;L-854408c9-b7a9-4210-b888-28486054b65b;L-87f4aeca-c7e4-4430-9773-f490483cae4a;L-88fd5bd5-e5b5-4352-a165-a24a46af9d76;L-896f3b90-69ae-4dcd-887c-c91d3e5be03d;L-8c1e6c86-4ab0-4e5e-9da1-d080a425de8f;L-97891d75-60d5-46ff-bdba-76a32d1daae0;L-98021147-0581-490f-97c5-938ddc4873d8;L-9823e9b5-6ea6-4197-af85-5f2d42117a8d;L-98bcde18-adf4-4efb-90a3-bf19dc3699d4;L-9db4c0a3-eba5-4cda-893e-31e201ea3b81;L-9de15390-c8f9-4df0-9332-7c1e5d90d38b;L-9ea3c3eb-5297-40e6-9e00-8f431c48db85;L-9ef25f04-a84f-4708-8909-617fc05abc21;L-a005ff75-f9b8-4632-a73f-369cc2b3006e;L-a38c5abe-805c-46fb-b6f5-942f0c27d659;L-a7220e1d-2749-4e00-abb7-47013e764fb9;L-a79bc154-71c9-441b-899c-8e36e2983313;L-ab22dc22-d207-441e-bbd6-6cf5b8ce90cb;L-ab323a47-65d0-4687-be97-9f06ef9fda42;L-b0ee69bf-9a6a-4cf4-949f-4f1ebf987de2;L-b6675ae5-b14a-42d6-902c-d9cb62beacd3;L-b7ba9665-4e8a-46c3-a442-71be3615525a;L-bf3ef085-856b-49e4-b20d-86e5bc5d6e63;L-c1225b8f-cbe1-4055-9078-37b8810fee06;L-c40de3d6-38bc-4cba-aeae-2dc3cde83dc7;L-c491d89f-1a3d-43f4-8104-88946873b45b;L-c88dd209-6873-46af-8866-7cea7ecc0490;L-caf09217-69a6-4c26-965e-389cbc0ab38d;L-d32efc80-2055-4949-b709-baa625be3bfc;L-d66adec0-4fd0-485f-92c7-3b3f46d5988a;L-d67e47c2-4187-4203-9c9e-20ee31a0dd62;L-d78458cc-0ef8-4a24-a120-32af58bcaff5;L-da5a44b9-ad4a-4763-a287-809c38c8a126;L-db5c2332-7b61-4e65-a456-d52a44855b91;L-dc1c2907-9c49-4f7a-bd4d-c3442528fd1c;L-e254f5d4-d646-4925-8b8d-e0f944490f7c;L-e2e24336-2819-4f16-8c78-803352237018;L-eba2d9ae-35f0-4e7b-9f9f-8a473f4d0934;L-f0b0ebe7-f7d3-4cc1-ab51-31331e4a464c;L-f0d7d2fa-287e-41d3-99a0-9158cee5e39f;L-ff844c66-5946-4739-8660-c5e3399bfeeb,lobbying_external_fees,sum,Meta,2024,,,1;2;3;4,,,KEEP
FE-Meta-2025,3686250.00,https://lda.gov/filings/public/filing/01f31fca-dc0f-4c2c-a3a6-cc29a47212e1/print/,2026-09-14,"{""L-01f31fca-dc0f-4c2c-a3a6-cc29a47212e1"": ""{\""filing_uuid\"":\""01f31fca-dc0f-4c2c-a3a6-cc29a47212e1\"",\""filing_type\"":\""Q3\"",\""filing_year\"":2025,\""filing_period\"":\""third_quarter\"",\""income\"":\""60000.00\"",\""expenses\"":null}"", ""L-03200b20-9439-4be3-8c77-3605778f47f4"": ""{\""filing_uuid\"":\""03200b20-9439-4be3-8c77-3605778f47f4\"",\""filing_type\"":\""Q3\"",\""filing_year\"":2025,\""filing_period\"":\""third_quarter\"",\""income\"":\""90000.00\"",\""expenses\"":null}"", ""L-040ff236-5982-4729-b7e4-a712c03ad74f"": ""{\""filing_uuid\"":\""040ff236-5982-4729-b7e4-a712c03ad74f\"",\""filing_type\"":\""Q4\"",\""filing_year\"":2025,\""filing_period\"":\""fourth_quarter\"",\""income\"":\""60000.00\"",\""expenses\"":null}"", ""L-0b2e93b7-29fe-4838-9b65-4271f2c866b2"": ""{\""filing_uuid\"":\""0b2e93b7-29fe-4838-9b65-4271f2c866b2\"",\""filing_type\"":\""Q2\"",\""filing_year\"":2025,\""filing_period\"":\""second_quarter\"",\""income\"":\""60000.00\"",\""expenses\"":null}"", ""L-0ba6005f-d997-46af-a8b2-172d76970b14"": ""{\""filing_uuid\"":\""0ba6005f-d997-46af-a8b2-172d76970b14\"",\""filing_type\"":\""Q2\"",\""filing_year\"":2025,\""filing_period\"":\""second_quarter\"",\""income\"":\""30000.00\"",\""expenses\"":null}"", ""L-10c1836a-b5af-4416-aeca-401d9fe989ef"": ""{\""filing_uuid\"":\""10c1836a-b5af-4416-aeca-401d9fe989ef\"",\""filing_type\"":\""Q4\"",\""filing_year\"":2025,\""filing_period\"":\""fourth_quarter\"",\""income\"":\""50000.00\"",\""expenses\"":null}"", ""L-198dc3fb-000d-4305-99aa-9d53c7f984b6"": ""{\""filing_uuid\"":\""198dc3fb-000d-4305-99aa-9d53c7f984b6\"",\""filing_type\"":\""Q1\"",\""filing_year\"":2025,\""filing_period\"":\""first_quarter\"",\""income\"":\""30000.00\"",\""expenses\"":null}"", ""L-1b13df3e-8e63-4c7e-a218-8334d5e4225c"": ""{\""filing_uuid\"":\""1b13df3e-8e63-4c7e-a218-8334d5e4225c\"",\""filing_type\"":\""Q2\"",\""filing_year\"":2025,\""filing_period\"":\""second_quarter\"",\""income\"":\""30000.00\"",\""expenses\"":null}"", ""L-1b834c7f-29e3-48e6-80b9-f87fe6ca6a40"": ""{\""filing_uuid\"":\""1b834c7f-29e3-48e6-80b9-f87fe6ca6a40\"",\""filing_type\"":\""Q1\"",\""filing_year\"":2025,\""filing_period\"":\""first_quarter\"",\""income\"":\""37500.00\"",\""expenses\"":null}"", ""L-1ef5e53f-54db-4861-a0f6-3dcf0c51ab0a"": ""{\""filing_uuid\"":\""1ef5e53f-54db-4861-a0f6-3dcf0c51ab0a\"",\""filing_type\"":\""Q4\"",\""filing_year\"":2025,\""filing_period\"":\""fourth_quarter\"",\""income\"":\""45000.00\"",\""expenses\"":null}"", ""L-21e22231-f25e-4f21-ad63-122cff0190b0"": ""{\""filing_uuid\"":\""21e22231-f25e-4f21-ad63-122cff0190b0\"",\""filing_type\"":\""Q1\"",\""filing_year\"":2025,\""filing_period\"":\""first_quarter\"",\""income\"":\""50000.00\"",\""expenses\"":null}"", ""L-23f00601-21d2-4b32-bdee-8abd31210819"": ""{\""filing_uuid\"":\""23f00601-21d2-4b32-bdee-8abd31210819\"",\""filing_type\"":\""Q1\"",\""filing_year\"":2025,\""filing_period\"":\""first_quarter\"",\""income\"":\""50000.00\"",\""expenses\"":null}"", ""L-24dd6623-c53a-4e3b-8ec8-d8749e16a3b9"": ""{\""filing_uuid\"":\""24dd6623-c53a-4e3b-8ec8-d8749e16a3b9\"",\""filing_type\"":\""Q1\"",\""filing_year\"":2025,\""filing_period\"":\""first_quarter\"",\""income\"":\""60000.00\"",\""expenses\"":null}"", ""L-286af20c-b842-423a-84ec-f9712051587b"": ""{\""filing_uuid\"":\""286af20c-b842-423a-84ec-f9712051587b\"",\""filing_type\"":\""Q3\"",\""filing_year\"":2025,\""filing_period\"":\""third_quarter\"",\""income\"":\""50000.00\"",\""expenses\"":null}"", ""L-2925a998-a6c7-4249-a0cf-a224a9305e03"": ""{\""filing_uuid\"":\""2925a998-a6c7-4249-a0cf-a224a9305e03\"",\""filing_type\"":\""Q2\"",\""filing_year\"":2025,\""filing_period\"":\""second_quarter\"",\""income\"":\""80000.00\"",\""expenses\"":null}"", ""L-2cfa18ec-ce9e-4ffc-9523-a9557314a324"": ""{\""filing_uuid\"":\""2cfa18ec-ce9e-4ffc-9523-a9557314a324\"",\""filing_type\"":\""Q2\"",\""filing_year\"":2025,\""filing_period\"":\""second_quarter\"",\""income\"":\""30000.00\"",\""expenses\"":null}"", ""L-2cfc1136-0a0e-44f9-807e-ed4493ae626e"": ""{\""filing_uuid\"":\""2cfc1136-0a0e-44f9-807e-ed4493ae626e\"",\""filing_type\"":\""Q2\"",\""filing_year\"":2025,\""filing_period\"":\""second_quarter\"",\""income\"":\""40000.00\"",\""expenses\"":null}"", ""L-2d012741-1beb-4281-8ac5-be68c3edf5ab"": ""{\""filing_uuid\"":\""2d012741-1beb-4281-8ac5-be68c3edf5ab\"",\""filing_type\"":\""Q4\"",\""filing_year\"":2025,\""filing_period\"":\""fourth_quarter\"",\""income\"":\""60000.00\"",\""expenses\"":null}"", ""L-31517af0-8301-4565-a235-ff5bacb63a21"": ""{\""filing_uuid\"":\""31517af0-8301-4565-a235-ff5bacb63a21\"",\""filing_type\"":\""Q1\"",\""filing_year\"":2025,\""filing_period\"":\""first_quarter\"",\""income\"":\""40000.00\"",\""expenses\"":null}"", ""L-336a77e7-922a-4f73-a052-b55c79e07251"": ""{\""filing_uuid\"":\""336a77e7-922a-4f73-a052-b55c79e07251\"",\""filing_type\"":\""Q1\"",\""filing_year\"":2025,\""filing_period\"":\""first_quarter\"",\""income\"":\""60000.00\"",\""expenses\"":null}"", ""L-33bcfa66-79ed-49b3-b454-c19caebf0612"": ""{\""filing_uuid\"":\""33bcfa66-79ed-49b3-b454-c19caebf0612\"",\""filing_type\"":\""Q4\"",\""filing_year\"":2025,\""filing_period\"":\""fourth_quarter\"",\""income\"":\""50000.00\"",\""expenses\"":null}"", ""L-34c085cc-0855-4350-828f-b588fd3f002e"": ""{\""filing_uuid\"":\""34c085cc-0855-4350-828f-b588fd3f002e\"",\""filing_type\"":\""4A\"",\""filing_year\"":2025,\""filing_period\"":\""fourth_quarter\"",\""income\"":\""60000.00\"",\""expenses\"":null}"", ""L-3724450f-89dc-4587-a4de-14ade7a5b229"": ""{\""filing_uuid\"":\""3724450f-89dc-4587-a4de-14ade7a5b229\"",\""filing_type\"":\""Q1\"",\""filing_year\"":2025,\""filing_period\"":\""first_quarter\"",\""income\"":\""50000.00\"",\""expenses\"":null}"", ""L-467c7696-9ac3-4f8f-9e50-895c712ea991"": ""{\""filing_uuid\"":\""467c7696-9ac3-4f8f-9e50-895c712ea991\"",\""filing_type\"":\""1TY\"",\""filing_year\"":2025,\""filing_period\"":\""first_quarter\"",\""income\"":\""30000.00\"",\""expenses\"":null}"", ""L-4af674e2-9651-4645-8004-6963d7ebad1a"": ""{\""filing_uuid\"":\""4af674e2-9651-4645-8004-6963d7ebad1a\"",\""filing_type\"":\""Q2\"",\""filing_year\"":2025,\""filing_period\"":\""second_quarter\"",\""income\"":\""60000.00\"",\""expenses\"":null}"", ""L-51d6db41-974b-4aa5-ad91-37a18981947f"": ""{\""filing_uuid\"":\""51d6db41-974b-4aa5-ad91-37a18981947f\"",\""filing_type\"":\""Q3\"",\""filing_year\"":2025,\""filing_period\"":\""third_quarter\"",\""income\"":\""50000.00\"",\""expenses\"":null}"", ""L-53fa5fc9-93ef-46c0-8abb-8f8d8a94f928"": ""{\""filing_uuid\"":\""53fa5fc9-93ef-46c0-8abb-8f8d8a94f928\"",\""filing_type\"":\""Q1\"",\""filing_year\"":2025,\""filing_period\"":\""first_quarter\"",\""income\"":\""60000.00\"",\""expenses\"":null}"", ""L-573f2b81-c10c-437d-a7b9-c11db1eee1bd"": ""{\""filing_uuid\"":\""573f2b81-c10c-437d-a7b9-c11db1eee1bd\"",\""filing_type\"":\""Q1\"",\""filing_year\"":2025,\""filing_period\"":\""first_quarter\"",\""income\"":\""60000.00\"",\""expenses\"":null}"", ""L-5a35fb33-2aa6-43be-a5d4-f813cf086c11"": ""{\""filing_uuid\"":\""5a35fb33-2aa6-43be-a5d4-f813cf086c11\"",\""filing_type\"":\""Q4\"",\""filing_year\"":2025,\""filing_period\"":\""fourth_quarter\"",\""income\"":\""60000.00\"",\""expenses\"":null}"", ""L-5fb4be0a-615f-43fe-8502-f43dfdf6ecf7"": ""{\""filing_uuid\"":\""5fb4be0a-615f-43fe-8502-f43dfdf6ecf7\"",\""filing_type\"":\""Q1\"",\""filing_year\"":2025,\""filing_period\"":\""first_quarter\"",\""income\"":\""20000.00\"",\""expenses\"":null}"", ""L-64613a82-fb6f-4cf6-b8e7-da3bd03a24c9"": ""{\""filing_uuid\"":\""64613a82-fb6f-4cf6-b8e7-da3bd03a24c9\"",\""filing_type\"":\""Q4\"",\""filing_year\"":2025,\""filing_period\"":\""fourth_quarter\"",\""income\"":\""60000.00\"",\""expenses\"":null}"", ""L-6550e31d-3c65-48ca-a324-587e494cd273"": ""{\""filing_uuid\"":\""6550e31d-3c65-48ca-a324-587e494cd273\"",\""filing_type\"":\""Q3\"",\""filing_year\"":2025,\""filing_period\"":\""third_quarter\"",\""income\"":\""30000.00\"",\""expenses\"":null}"", ""L-65a8514a-c96a-47fd-ae3c-0759cb909052"": ""{\""filing_uuid\"":\""65a8514a-c96a-47fd-ae3c-0759cb909052\"",\""filing_type\"":\""Q1\"",\""filing_year\"":2025,\""filing_period\"":\""first_quarter\"",\""income\"":\""30000.00\"",\""expenses\"":null}"", ""L-672bdf90-62f6-48cb-ae79-2f4555d319ab"": ""{\""filing_uuid\"":\""672bdf90-62f6-48cb-ae79-2f4555d319ab\"",\""filing_type\"":\""Q2\"",\""filing_year\"":2025,\""filing_period\"":\""second_quarter\"",\""income\"":\""50000.00\"",\""expenses\"":null}"", ""L-6ab1aea4-ad7f-40f4-a99d-58fe5f59a50b"": ""{\""filing_uuid\"":\""6ab1aea4-ad7f-40f4-a99d-58fe5f59a50b\"",\""filing_type\"":\""Q1\"",\""filing_year\"":2025,\""filing_period\"":\""first_quarter\"",\""income\"":\""40000.00\"",\""expenses\"":null}"", ""L-6c1e7be5-4d36-446e-b041-7c9f1aeb13f5"": ""{\""filing_uuid\"":\""6c1e7be5-4d36-446e-b041-7c9f1aeb13f5\"",\""filing_type\"":\""Q3\"",\""filing_year\"":2025,\""filing_period\"":\""third_quarter\"",\""income\"":\""40000.00\"",\""expenses\"":null}"", ""L-6dff6279-4b44-49dc-be23-e312d37faa7f"": ""{\""filing_uuid\"":\""6dff6279-4b44-49dc-be23-e312d37faa7f\"",\""filing_type\"":\""Q2\"",\""filing_year\"":2025,\""filing_period\"":\""second_quarter\"",\""income\"":\""60000.00\"",\""expenses\"":null}"", ""L-6f04f5b4-9269-4aea-80d3-c18abb4f555d"": ""{\""filing_uuid\"":\""6f04f5b4-9269-4aea-80d3-c18abb4f555d\"",\""filing_type\"":\""Q3\"",\""filing_year\"":2025,\""filing_period\"":\""third_quarter\"",\""income\"":\""20000.00\"",\""expenses\"":null}"", ""L-6f2e19e5-9eac-4265-b5dd-25d37b65aa30"": ""{\""filing_uuid\"":\""6f2e19e5-9eac-4265-b5dd-25d37b65aa30\"",\""filing_type\"":\""Q2\"",\""filing_year\"":2025,\""filing_period\"":\""second_quarter\"",\""income\"":\""60000.00\"",\""expenses\"":null}"", ""L-7300f3b6-1047-404f-ac92-350e41774db7"": ""{\""filing_uuid\"":\""7300f3b6-1047-404f-ac92-350e41774db7\"",\""filing_type\"":\""Q3\"",\""filing_year\"":2025,\""filing_period\"":\""third_quarter\"",\""income\"":\""50000.00\"",\""expenses\"":null}"", ""L-73a18955-dfbc-4b3e-b151-34d82e321a1c"": ""{\""filing_uuid\"":\""73a18955-dfbc-4b3e-b151-34d82e321a1c\"",\""filing_type\"":\""Q2\"",\""filing_year\"":2025,\""filing_period\"":\""second_quarter\"",\""income\"":\""45000.00\"",\""expenses\"":null}"", ""L-79b7ca21-fc5b-4dc6-ac8e-1ba15ebfd9cf"": ""{\""filing_uuid\"":\""79b7ca21-fc5b-4dc6-ac8e-1ba15ebfd9cf\"",\""filing_type\"":\""Q3\"",\""filing_year\"":2025,\""filing_period\"":\""third_quarter\"",\""income\"":\""45000.00\"",\""expenses\"":null}"", ""L-79ce9b87-1ee1-47a1-8977-2bff57b7b46d"": ""{\""filing_uuid\"":\""79ce9b87-1ee1-47a1-8977-2bff57b7b46d\"",\""filing_type\"":\""Q3\"",\""filing_year\"":2025,\""filing_period\"":\""third_quarter\"",\""income\"":\""30000.00\"",\""expenses\"":null}"", ""L-7a03e727-0a11-4937-9a07-b18bb3058687"": ""{\""filing_uuid\"":\""7a03e727-0a11-4937-9a07-b18bb3058687\"",\""filing_type\"":\""Q3\"",\""filing_year\"":2025,\""filing_period\"":\""third_quarter\"",\""income\"":\""30000.00\"",\""expenses\"":null}"", ""L-7d7c433d-ca84-4b3b-b05d-7130e1b329ae"": ""{\""filing_uuid\"":\""7d7c433d-ca84-4b3b-b05d-7130e1b329ae\"",\""filing_type\"":\""Q4\"",\""filing_year\"":2025,\""filing_period\"":\""fourth_quarter\"",\""income\"":\""60000.00\"",\""expenses\"":null}"", ""L-7db31b25-d4bb-4e2e-9f37-2150dcc1f239"": ""{\""filing_uuid\"":\""7db31b25-d4bb-4e2e-9f37-2150dcc1f239\"",\""filing_type\"":\""Q3\"",\""filing_year\"":2025,\""filing_period\"":\""third_quarter\"",\""income\"":\""30000.00\"",\""expenses\"":null}"", ""L-85c6c9dc-0166-4b34-b8b0-b26a0fbb7c6d"": ""{\""filing_uuid\"":\""85c6c9dc-0166-4b34-b8b0-b26a0fbb7c6d\"",\""filing_type\"":\""Q3\"",\""filing_year\"":2025,\""filing_period\"":\""third_quarter\"",\""income\"":\""60000.00\"",\""expenses\"":null}"", ""L-86c5707c-e910-46cb-901a-2d22e7771b29"": ""{\""filing_uuid\"":\""86c5707c-e910-46cb-901a-2d22e7771b29\"",\""filing_type\"":\""Q4\"",\""filing_year\"":2025,\""filing_period\"":\""fourth_quarter\"",\""income\"":\""80000.00\"",\""expenses\"":null}"", ""L-917a904b-8486-4b22-82a1-38f0ff346af8"": ""{\""filing_uuid\"":\""917a904b-8486-4b22-82a1-38f0ff346af8\"",\""filing_type\"":\""Q3\"",\""filing_year\"":2025,\""filing_period\"":\""third_quarter\"",\""income\"":\""41250.00\"",\""expenses\"":null}"", ""L-935bbe10-fce8-4470-995c-f7ec466d264b"": ""{\""filing_uuid\"":\""935bbe10-fce8-4470-995c-f7ec466d264b\"",\""filing_type\"":\""Q1\"",\""filing_year\"":2025,\""filing_period\"":\""first_quarter\"",\""income\"":\""80000.00\"",\""expenses\"":null}"", ""L-941a14f0-ed04-4369-94ab-57c2507da2b2"": ""{\""filing_uuid\"":\""941a14f0-ed04-4369-94ab-57c2507da2b2\"",\""filing_type\"":\""Q4\"",\""filing_year\"":2025,\""filing_period\"":\""fourth_quarter\"",\""income\"":\""30000.00\"",\""expenses\"":null}"", ""L-98c9f24d-000f-4bfc-bbfa-daaea866ca64"": ""{\""filing_uuid\"":\""98c9f24d-000f-4bfc-bbfa-daaea866ca64\"",\""filing_type\"":\""Q3\"",\""filing_year\"":2025,\""filing_period\"":\""third_quarter\"",\""income\"":\""80000.00\"",\""expenses\"":null}"", ""L-9bd6b23a-09ec-4281-8aed-c60264d10ed6"": ""{\""filing_uuid\"":\""9bd6b23a-09ec-4281-8aed-c60264d10ed6\"",\""filing_type\"":\""Q1\"",\""filing_year\"":2025,\""filing_period\"":\""first_quarter\"",\""income\"":\""22500.00\"",\""expenses\"":null}"", ""L-a5bedc8b-6849-40c3-8195-a6865a846076"": ""{\""filing_uuid\"":\""a5bedc8b-6849-40c3-8195-a6865a846076\"",\""filing_type\"":\""4A\"",\""filing_year\"":2025,\""filing_period\"":\""fourth_quarter\"",\""income\"":\""30000.00\"",\""expenses\"":null}"", ""L-a6746657-df37-4af3-9024-f57470beed26"": ""{\""filing_uuid\"":\""a6746657-df37-4af3-9024-f57470beed26\"",\""filing_type\"":\""Q4\"",\""filing_year\"":2025,\""filing_period\"":\""fourth_quarter\"",\""income\"":\""50000.00\"",\""expenses\"":null}"", ""L-a7d77136-bc02-416c-b612-e4089439a64e"": ""{\""filing_uuid\"":\""a7d77136-bc02-416c-b612-e4089439a64e\"",\""filing_type\"":\""Q2\"",\""filing_year\"":2025,\""filing_period\"":\""second_quarter\"",\""income\"":\""20000.00\"",\""expenses\"":null}"", ""L-aa94e0d6-6198-4057-b487-fa6700ba22eb"": ""{\""filing_uuid\"":\""aa94e0d6-6198-4057-b487-fa6700ba22eb\"",\""filing_type\"":\""Q3\"",\""filing_year\"":2025,\""filing_period\"":\""third_quarter\"",\""income\"":\""60000.00\"",\""expenses\"":null}"", ""L-ab7cf154-c5d4-434e-b7cd-9a0d8bd417f7"": ""{\""filing_uuid\"":\""ab7cf154-c5d4-434e-b7cd-9a0d8bd417f7\"",\""filing_type\"":\""Q2\"",\""filing_year\"":2025,\""filing_period\"":\""second_quarter\"",\""income\"":\""50000.00\"",\""expenses\"":null}"", ""L-ad611cd0-d2fd-41f2-b77c-ab753244f3b9"": ""{\""filing_uuid\"":\""ad611cd0-d2fd-41f2-b77c-ab753244f3b9\"",\""filing_type\"":\""Q1\"",\""filing_year\"":2025,\""filing_period\"":\""first_quarter\"",\""income\"":\""30000.00\"",\""expenses\"":null}"", ""L-b14428d5-f4b7-4f4a-9a6c-a33eb33fd98a"": ""{\""filing_uuid\"":\""b14428d5-f4b7-4f4a-9a6c-a33eb33fd98a\"",\""filing_type\"":\""Q1\"",\""filing_year\"":2025,\""filing_period\"":\""first_quarter\"",\""income\"":\""60000.00\"",\""expenses\"":null}"", ""L-b9dcc7f4-5c45-46a4-8c28-39fa3e9dfdbf"": ""{\""filing_uuid\"":\""b9dcc7f4-5c45-46a4-8c28-39fa3e9dfdbf\"",\""filing_type\"":\""Q2\"",\""filing_year\"":2025,\""filing_period\"":\""second_quarter\"",\""income\"":\""41250.00\"",\""expenses\"":null}"", ""L-bd3da9a5-81d7-4ab9-beb9-ae6328c80c2b"": ""{\""filing_uuid\"":\""bd3da9a5-81d7-4ab9-beb9-ae6328c80c2b\"",\""filing_type\"":\""Q2\"",\""filing_year\"":2025,\""filing_period\"":\""second_quarter\"",\""income\"":\""60000.00\"",\""expenses\"":null}"", ""L-c118c2f0-2546-43e3-a30c-bd25c27235c1"": ""{\""filing_uuid\"":\""c118c2f0-2546-43e3-a30c-bd25c27235c1\"",\""filing_type\"":\""Q4\"",\""filing_year\"":2025,\""filing_period\"":\""fourth_quarter\"",\""income\"":\""30000.00\"",\""expenses\"":null}"", ""L-c1dec91d-34b5-41ad-b342-51e0f7f0abb7"": ""{\""filing_uuid\"":\""c1dec91d-34b5-41ad-b342-51e0f7f0abb7\"",\""filing_type\"":\""Q4\"",\""filing_year\"":2025,\""filing_period\"":\""fourth_quarter\"",\""income\"":\""30000.00\"",\""expenses\"":null}"", ""L-c320cf19-a0a3-4576-9618-bf59eca438a0"": ""{\""filing_uuid\"":\""c320cf19-a0a3-4576-9618-bf59eca438a0\"",\""filing_type\"":\""Q4\"",\""filing_year\"":2025,\""filing_period\"":\""fourth_quarter\"",\""income\"":\""40000.00\"",\""expenses\"":null}"", ""L-c38c5eb7-6399-4569-b633-080e6510c8f6"": ""{\""filing_uuid\"":\""c38c5eb7-6399-4569-b633-080e6510c8f6\"",\""filing_type\"":\""Q1\"",\""filing_year\"":2025,\""filing_period\"":\""first_quarter\"",\""income\"":\""45000.00\"",\""expenses\"":null}"", ""L-c56caace-7bec-410d-a382-9374838d5c4d"": ""{\""filing_uuid\"":\""c56caace-7bec-410d-a382-9374838d5c4d\"",\""filing_type\"":\""Q2\"",\""filing_year\"":2025,\""filing_period\"":\""second_quarter\"",\""income\"":\""22500.00\"",\""expenses\"":null}"", ""L-c6af9132-f430-4848-969b-54b2d908527d"": ""{\""filing_uuid\"":\""c6af9132-f430-4848-969b-54b2d908527d\"",\""filing_type\"":\""Q4\"",\""filing_year\"":2025,\""filing_period\"":\""fourth_quarter\"",\""income\"":\""20000.00\"",\""expenses\"":null}"", ""L-c8c8ac89-f53b-400e-a28a-2f2effcc63a1"": ""{\""filing_uuid\"":\""c8c8ac89-f53b-400e-a28a-2f2effcc63a1\"",\""filing_type\"":\""Q4\"",\""filing_year\"":2025,\""filing_period\"":\""fourth_quarter\"",\""income\"":\""30000.00\"",\""expenses\"":null}"", ""L-ce03014e-a1c6-4a39-b703-67531020e3ba"": ""{\""filing_uuid\"":\""ce03014e-a1c6-4a39-b703-67531020e3ba\"",\""filing_type\"":\""Q2\"",\""filing_year\"":2025,\""filing_period\"":\""second_quarter\"",\""income\"":\""50000.00\"",\""expenses\"":null}"", ""L-d30d75d3-e36e-4591-a33e-1b3684d4546c"": ""{\""filing_uuid\"":\""d30d75d3-e36e-4591-a33e-1b3684d4546c\"",\""filing_type\"":\""Q2\"",\""filing_year\"":2025,\""filing_period\"":\""second_quarter\"",\""income\"":\""50000.00\"",\""expenses\"":null}"", ""L-d63dc62f-d710-43a5-ad81-208656f8b129"": ""{\""filing_uuid\"":\""d63dc62f-d710-43a5-ad81-208656f8b129\"",\""filing_type\"":\""Q3\"",\""filing_year\"":2025,\""filing_period\"":\""third_quarter\"",\""income\"":\""60000.00\"",\""expenses\"":null}"", ""L-dc513807-585f-4d6d-8b2d-5a523bdcffcf"": ""{\""filing_uuid\"":\""dc513807-585f-4d6d-8b2d-5a523bdcffcf\"",\""filing_type\"":\""Q3\"",\""filing_year\"":2025,\""filing_period\"":\""third_quarter\"",\""income\"":\""50000.00\"",\""expenses\"":null}"", ""L-e82dbaec-b1a0-4f0b-8739-de48b672a038"": ""{\""filing_uuid\"":\""e82dbaec-b1a0-4f0b-8739-de48b672a038\"",\""filing_type\"":\""Q3\"",\""filing_year\"":2025,\""filing_period\"":\""third_quarter\"",\""income\"":\""60000.00\"",\""expenses\"":null}"", ""L-eb0c0299-7220-463e-aa71-6dae1f5513e6"": ""{\""filing_uuid\"":\""eb0c0299-7220-463e-aa71-6dae1f5513e6\"",\""filing_type\"":\""Q4\"",\""filing_year\"":2025,\""filing_period\"":\""fourth_quarter\"",\""income\"":\""41250.00\"",\""expenses\"":null}"", ""L-f62e666a-c95a-42ee-a293-2cd35933b8c2"": ""{\""filing_uuid\"":\""f62e666a-c95a-42ee-a293-2cd35933b8c2\"",\""filing_type\"":\""Q4\"",\""filing_year\"":2025,\""filing_period\"":\""fourth_quarter\"",\""income\"":\""50000.00\"",\""expenses\"":null}"", ""L-f79c699f-d80c-441a-bb36-80d1960777fb"": ""{\""filing_uuid\"":\""f79c699f-d80c-441a-bb36-80d1960777fb\"",\""filing_type\"":\""Q2\"",\""filing_year\"":2025,\""filing_period\"":\""second_quarter\"",\""income\"":\""30000.00\"",\""expenses\"":null}"", ""L-fff1bec4-9015-454b-8afd-10021dff15d9"": ""{\""filing_uuid\"":\""fff1bec4-9015-454b-8afd-10021dff15d9\"",\""filing_type\"":\""Q4\"",\""filing_year\"":2025,\""filing_period\"":\""fourth_quarter\"",\""income\"":\""90000.00\"",\""expenses\"":null}""}","Sum of numeric amounts on latest eligible quarterly reports, all issues combined. Blank reports are not zero and are not added. Separately named intermediaries excluded from direct fees. Outside fees and company expenses overlap and must never be added. Latest year uses completed quarters only; no annualization. No numeric reports means OPEN, not zero spending.",USD,,,L-01f31fca-dc0f-4c2c-a3a6-cc29a47212e1;L-03200b20-9439-4be3-8c77-3605778f47f4;L-040ff236-5982-4729-b7e4-a712c03ad74f;L-0b2e93b7-29fe-4838-9b65-4271f2c866b2;L-0ba6005f-d997-46af-a8b2-172d76970b14;L-10c1836a-b5af-4416-aeca-401d9fe989ef;L-198dc3fb-000d-4305-99aa-9d53c7f984b6;L-1b13df3e-8e63-4c7e-a218-8334d5e4225c;L-1b834c7f-29e3-48e6-80b9-f87fe6ca6a40;L-1ef5e53f-54db-4861-a0f6-3dcf0c51ab0a;L-21e22231-f25e-4f21-ad63-122cff0190b0;L-23f00601-21d2-4b32-bdee-8abd31210819;L-24dd6623-c53a-4e3b-8ec8-d8749e16a3b9;L-286af20c-b842-423a-84ec-f9712051587b;L-2925a998-a6c7-4249-a0cf-a224a9305e03;L-2cfa18ec-ce9e-4ffc-9523-a9557314a324;L-2cfc1136-0a0e-44f9-807e-ed4493ae626e;L-2d012741-1beb-4281-8ac5-be68c3edf5ab;L-31517af0-8301-4565-a235-ff5bacb63a21;L-336a77e7-922a-4f73-a052-b55c79e07251;L-33bcfa66-79ed-49b3-b454-c19caebf0612;L-34c085cc-0855-4350-828f-b588fd3f002e;L-3724450f-89dc-4587-a4de-14ade7a5b229;L-467c7696-9ac3-4f8f-9e50-895c712ea991;L-4af674e2-9651-4645-8004-6963d7ebad1a;L-51d6db41-974b-4aa5-ad91-37a18981947f;L-53fa5fc9-93ef-46c0-8abb-8f8d8a94f928;L-573f2b81-c10c-437d-a7b9-c11db1eee1bd;L-5a35fb33-2aa6-43be-a5d4-f813cf086c11;L-5fb4be0a-615f-43fe-8502-f43dfdf6ecf7;L-64613a82-fb6f-4cf6-b8e7-da3bd03a24c9;L-6550e31d-3c65-48ca-a324-587e494cd273;L-65a8514a-c96a-47fd-ae3c-0759cb909052;L-672bdf90-62f6-48cb-ae79-2f4555d319ab;L-6ab1aea4-ad7f-40f4-a99d-58fe5f59a50b;L-6c1e7be5-4d36-446e-b041-7c9f1aeb13f5;L-6dff6279-4b44-49dc-be23-e312d37faa7f;L-6f04f5b4-9269-4aea-80d3-c18abb4f555d;L-6f2e19e5-9eac-4265-b5dd-25d37b65aa30;L-7300f3b6-1047-404f-ac92-350e41774db7;L-73a18955-dfbc-4b3e-b151-34d82e321a1c;L-79b7ca21-fc5b-4dc6-ac8e-1ba15ebfd9cf;L-79ce9b87-1ee1-47a1-8977-2bff57b7b46d;L-7a03e727-0a11-4937-9a07-b18bb3058687;L-7d7c433d-ca84-4b3b-b05d-7130e1b329ae;L-7db31b25-d4bb-4e2e-9f37-2150dcc1f239;L-85c6c9dc-0166-4b34-b8b0-b26a0fbb7c6d;L-86c5707c-e910-46cb-901a-2d22e7771b29;L-917a904b-8486-4b22-82a1-38f0ff346af8;L-935bbe10-fce8-4470-995c-f7ec466d264b;L-941a14f0-ed04-4369-94ab-57c2507da2b2;L-98c9f24d-000f-4bfc-bbfa-daaea866ca64;L-9bd6b23a-09ec-4281-8aed-c60264d10ed6;L-a5bedc8b-6849-40c3-8195-a6865a846076;L-a6746657-df37-4af3-9024-f57470beed26;L-a7d77136-bc02-416c-b612-e4089439a64e;L-aa94e0d6-6198-4057-b487-fa6700ba22eb;L-ab7cf154-c5d4-434e-b7cd-9a0d8bd417f7;L-ad611cd0-d2fd-41f2-b77c-ab753244f3b9;L-b14428d5-f4b7-4f4a-9a6c-a33eb33fd98a;L-b9dcc7f4-5c45-46a4-8c28-39fa3e9dfdbf;L-bd3da9a5-81d7-4ab9-beb9-ae6328c80c2b;L-c118c2f0-2546-43e3-a30c-bd25c27235c1;L-c1dec91d-34b5-41ad-b342-51e0f7f0abb7;L-c320cf19-a0a3-4576-9618-bf59eca438a0;L-c38c5eb7-6399-4569-b633-080e6510c8f6;L-c56caace-7bec-410d-a382-9374838d5c4d;L-c6af9132-f430-4848-969b-54b2d908527d;L-c8c8ac89-f53b-400e-a28a-2f2effcc63a1;L-ce03014e-a1c6-4a39-b703-67531020e3ba;L-d30d75d3-e36e-4591-a33e-1b3684d4546c;L-d63dc62f-d710-43a5-ad81-208656f8b129;L-dc513807-585f-4d6d-8b2d-5a523bdcffcf;L-e82dbaec-b1a0-4f0b-8739-de48b672a038;L-eb0c0299-7220-463e-aa71-6dae1f5513e6;L-f62e666a-c95a-42ee-a293-2cd35933b8c2;L-f79c699f-d80c-441a-bb36-80d1960777fb;L-fff1bec4-9015-454b-8afd-10021dff15d9,lobbying_external_fees,sum,Meta,2025,,,1;2;3;4,,,KEEP
FE-Meta-2026,2115000.00,https://lda.gov/filings/public/filing/01e2808e-3bfa-4235-807a-ea0ae7eb1c10/print/,2026-09-14,"{""L-01e2808e-3bfa-4235-807a-ea0ae7eb1c10"": ""{\""filing_uuid\"":\""01e2808e-3bfa-4235-807a-ea0ae7eb1c10\"",\""filing_type\"":\""Q1\"",\""filing_year\"":2026,\""filing_period\"":\""first_quarter\"",\""income\"":\""30000.00\"",\""expenses\"":null}"", ""L-025d1686-8fe3-4279-acd8-f2b32ff85f1b"": ""{\""filing_uuid\"":\""025d1686-8fe3-4279-acd8-f2b32ff85f1b\"",\""filing_type\"":\""Q2\"",\""filing_year\"":2026,\""filing_period\"":\""second_quarter\"",\""income\"":\""37500.00\"",\""expenses\"":null}"", ""L-0559f07a-5a94-4412-ae7b-05c01d48179c"": ""{\""filing_uuid\"":\""0559f07a-5a94-4412-ae7b-05c01d48179c\"",\""filing_type\"":\""Q1\"",\""filing_year\"":2026,\""filing_period\"":\""first_quarter\"",\""income\"":\""60000.00\"",\""expenses\"":null}"", ""L-1411a203-c7a0-4255-99ed-eb7cd2e10ba4"": ""{\""filing_uuid\"":\""1411a203-c7a0-4255-99ed-eb7cd2e10ba4\"",\""filing_type\"":\""Q2\"",\""filing_year\"":2026,\""filing_period\"":\""second_quarter\"",\""income\"":\""60000.00\"",\""expenses\"":null}"", ""L-1b92c644-fa40-4498-b982-8944c61b24d5"": ""{\""filing_uuid\"":\""1b92c644-fa40-4498-b982-8944c61b24d5\"",\""filing_type\"":\""Q2\"",\""filing_year\"":2026,\""filing_period\"":\""second_quarter\"",\""income\"":\""60000.00\"",\""expenses\"":null}"", ""L-2638d832-1bbb-4c91-a318-acb27554f133"": ""{\""filing_uuid\"":\""2638d832-1bbb-4c91-a318-acb27554f133\"",\""filing_type\"":\""Q2\"",\""filing_year\"":2026,\""filing_period\"":\""second_quarter\"",\""income\"":\""30000.00\"",\""expenses\"":null}"", ""L-2e46fe97-415b-4fda-86b8-5419b0265f7b"": ""{\""filing_uuid\"":\""2e46fe97-415b-4fda-86b8-5419b0265f7b\"",\""filing_type\"":\""Q2\"",\""filing_year\"":2026,\""filing_period\"":\""second_quarter\"",\""income\"":\""20000.00\"",\""expenses\"":null}"", ""L-2ed0165a-eb8c-4be8-9cc8-99dcc6879a55"": ""{\""filing_uuid\"":\""2ed0165a-eb8c-4be8-9cc8-99dcc6879a55\"",\""filing_type\"":\""Q1\"",\""filing_year\"":2026,\""filing_period\"":\""first_quarter\"",\""income\"":\""30000.00\"",\""expenses\"":null}"", ""L-332171bf-e594-40c1-a772-8e213ad8eed1"": ""{\""filing_uuid\"":\""332171bf-e594-40c1-a772-8e213ad8eed1\"",\""filing_type\"":\""Q1\"",\""filing_year\"":2026,\""filing_period\"":\""first_quarter\"",\""income\"":\""30000.00\"",\""expenses\"":null}"", ""L-35666d45-ddcb-4b00-8939-57527b26c059"": ""{\""filing_uuid\"":\""35666d45-ddcb-4b00-8939-57527b26c059\"",\""filing_type\"":\""Q2\"",\""filing_year\"":2026,\""filing_period\"":\""second_quarter\"",\""income\"":\""50000.00\"",\""expenses\"":null}"", ""L-4dfa5485-f894-4963-8dfc-9a8a96755648"": ""{\""filing_uuid\"":\""4dfa5485-f894-4963-8dfc-9a8a96755648\"",\""filing_type\"":\""Q1\"",\""filing_year\"":2026,\""filing_period\"":\""first_quarter\"",\""income\"":\""60000.00\"",\""expenses\"":null}"", ""L-54ea4ac1-4490-49d7-b0c7-37c058a811e0"": ""{\""filing_uuid\"":\""54ea4ac1-4490-49d7-b0c7-37c058a811e0\"",\""filing_type\"":\""Q1\"",\""filing_year\"":2026,\""filing_period\"":\""first_quarter\"",\""income\"":\""37500.00\"",\""expenses\"":null}"", ""L-5ab101f4-b53b-40aa-a58a-97d026628408"": ""{\""filing_uuid\"":\""5ab101f4-b53b-40aa-a58a-97d026628408\"",\""filing_type\"":\""Q1\"",\""filing_year\"":2026,\""filing_period\"":\""first_quarter\"",\""income\"":\""30000.00\"",\""expenses\"":null}"", ""L-5b29371f-252a-4d72-a320-631a5e1e8bd5"": ""{\""filing_uuid\"":\""5b29371f-252a-4d72-a320-631a5e1e8bd5\"",\""filing_type\"":\""Q2\"",\""filing_year\"":2026,\""filing_period\"":\""second_quarter\"",\""income\"":\""60000.00\"",\""expenses\"":null}"", ""L-5c9e195f-d7d1-4ce3-9d09-e5a919773586"": ""{\""filing_uuid\"":\""5c9e195f-d7d1-4ce3-9d09-e5a919773586\"",\""filing_type\"":\""Q2\"",\""filing_year\"":2026,\""filing_period\"":\""second_quarter\"",\""income\"":\""30000.00\"",\""expenses\"":null}"", ""L-5e2ab294-980c-4a6d-918e-bc4064b6f8ab"": ""{\""filing_uuid\"":\""5e2ab294-980c-4a6d-918e-bc4064b6f8ab\"",\""filing_type\"":\""Q1\"",\""filing_year\"":2026,\""filing_period\"":\""first_quarter\"",\""income\"":\""50000.00\"",\""expenses\"":null}"", ""L-5fc35a68-22d6-477d-ac22-3c64449a0c29"": ""{\""filing_uuid\"":\""5fc35a68-22d6-477d-ac22-3c64449a0c29\"",\""filing_type\"":\""Q1\"",\""filing_year\"":2026,\""filing_period\"":\""first_quarter\"",\""income\"":\""30000.00\"",\""expenses\"":null}"", ""L-686f1d2e-36fd-4393-aaeb-65eb9816987c"": ""{\""filing_uuid\"":\""686f1d2e-36fd-4393-aaeb-65eb9816987c\"",\""filing_type\"":\""Q2\"",\""filing_year\"":2026,\""filing_period\"":\""second_quarter\"",\""income\"":\""30000.00\"",\""expenses\"":null}"", ""L-6b21d0ab-3e9b-4f2a-b86b-164ec4b5dd3f"": ""{\""filing_uuid\"":\""6b21d0ab-3e9b-4f2a-b86b-164ec4b5dd3f\"",\""filing_type\"":\""Q1\"",\""filing_year\"":2026,\""filing_period\"":\""first_quarter\"",\""income\"":\""50000.00\"",\""expenses\"":null}"", ""L-7886bc80-5e4c-4c13-be0b-f04f0f9f0fec"": ""{\""filing_uuid\"":\""7886bc80-5e4c-4c13-be0b-f04f0f9f0fec\"",\""filing_type\"":\""Q2\"",\""filing_year\"":2026,\""filing_period\"":\""second_quarter\"",\""income\"":\""30000.00\"",\""expenses\"":null}"", ""L-7b5bc578-9fa1-4190-bf2d-0c25a3c1dedb"": ""{\""filing_uuid\"":\""7b5bc578-9fa1-4190-bf2d-0c25a3c1dedb\"",\""filing_type\"":\""Q1\"",\""filing_year\"":2026,\""filing_period\"":\""first_quarter\"",\""income\"":\""80000.00\"",\""expenses\"":null}"", ""L-8290a5ac-bf25-452c-826e-6c82ee6ee8c7"": ""{\""filing_uuid\"":\""8290a5ac-bf25-452c-826e-6c82ee6ee8c7\"",\""filing_type\"":\""Q2\"",\""filing_year\"":2026,\""filing_period\"":\""second_quarter\"",\""income\"":\""80000.00\"",\""expenses\"":null}"", ""L-892eb051-71a5-43f9-a5db-2517b71943c4"": ""{\""filing_uuid\"":\""892eb051-71a5-43f9-a5db-2517b71943c4\"",\""filing_type\"":\""Q1\"",\""filing_year\"":2026,\""filing_period\"":\""first_quarter\"",\""income\"":\""30000.00\"",\""expenses\"":null}"", ""L-89ccc248-47a0-4290-a726-8131ccb2ec15"": ""{\""filing_uuid\"":\""89ccc248-47a0-4290-a726-8131ccb2ec15\"",\""filing_type\"":\""Q1\"",\""filing_year\"":2026,\""filing_period\"":\""first_quarter\"",\""income\"":\""50000.00\"",\""expenses\"":null}"", ""L-8ca0fa5e-c5ac-461c-8d20-f64952d86f24"": ""{\""filing_uuid\"":\""8ca0fa5e-c5ac-461c-8d20-f64952d86f24\"",\""filing_type\"":\""Q2\"",\""filing_year\"":2026,\""filing_period\"":\""second_quarter\"",\""income\"":\""60000.00\"",\""expenses\"":null}"", ""L-8f89db71-4375-455e-868f-d2b7bc724bc8"": ""{\""filing_uuid\"":\""8f89db71-4375-455e-868f-d2b7bc724bc8\"",\""filing_type\"":\""Q2\"",\""filing_year\"":2026,\""filing_period\"":\""second_quarter\"",\""income\"":\""90000.00\"",\""expenses\"":null}"", ""L-9dfadbd8-15e3-4a47-b6a6-c8652f5be39c"": ""{\""filing_uuid\"":\""9dfadbd8-15e3-4a47-b6a6-c8652f5be39c\"",\""filing_type\"":\""Q1\"",\""filing_year\"":2026,\""filing_period\"":\""first_quarter\"",\""income\"":\""50000.00\"",\""expenses\"":null}"", ""L-9eba5b12-5236-402d-9010-e814404f9044"": ""{\""filing_uuid\"":\""9eba5b12-5236-402d-9010-e814404f9044\"",\""filing_type\"":\""Q2\"",\""filing_year\"":2026,\""filing_period\"":\""second_quarter\"",\""income\"":\""80000.00\"",\""expenses\"":null}"", ""L-ab1582f9-42ef-486b-b11f-a4dd9a005702"": ""{\""filing_uuid\"":\""ab1582f9-42ef-486b-b11f-a4dd9a005702\"",\""filing_type\"":\""Q1\"",\""filing_year\"":2026,\""filing_period\"":\""first_quarter\"",\""income\"":\""50000.00\"",\""expenses\"":null}"", ""L-ab82da1c-a84d-4b6e-8a5a-0dd135878c75"": ""{\""filing_uuid\"":\""ab82da1c-a84d-4b6e-8a5a-0dd135878c75\"",\""filing_type\"":\""Q1\"",\""filing_year\"":2026,\""filing_period\"":\""first_quarter\"",\""income\"":\""60000.00\"",\""expenses\"":null}"", ""L-b40e7223-4e2a-47bb-8e60-5bad603c69fe"": ""{\""filing_uuid\"":\""b40e7223-4e2a-47bb-8e60-5bad603c69fe\"",\""filing_type\"":\""Q2\"",\""filing_year\"":2026,\""filing_period\"":\""second_quarter\"",\""income\"":\""50000.00\"",\""expenses\"":null}"", ""L-bc10d750-52e2-4302-8d5c-926d1990a751"": ""{\""filing_uuid\"":\""bc10d750-52e2-4302-8d5c-926d1990a751\"",\""filing_type\"":\""Q1\"",\""filing_year\"":2026,\""filing_period\"":\""first_quarter\"",\""income\"":\""60000.00\"",\""expenses\"":null}"", ""L-c21b70b3-2dc9-4203-aa93-2bc5ede7e060"": ""{\""filing_uuid\"":\""c21b70b3-2dc9-4203-aa93-2bc5ede7e060\"",\""filing_type\"":\""Q2\"",\""filing_year\"":2026,\""filing_period\"":\""second_quarter\"",\""income\"":\""30000.00\"",\""expenses\"":null}"", ""L-c3081329-8dc7-4cc1-a5f4-2d494ebf7389"": ""{\""filing_uuid\"":\""c3081329-8dc7-4cc1-a5f4-2d494ebf7389\"",\""filing_type\"":\""Q2\"",\""filing_year\"":2026,\""filing_period\"":\""second_quarter\"",\""income\"":\""30000.00\"",\""expenses\"":null}"", ""L-c4d7e0ad-6db7-420a-a7a0-fdd3bc0f503f"": ""{\""filing_uuid\"":\""c4d7e0ad-6db7-420a-a7a0-fdd3bc0f503f\"",\""filing_type\"":\""Q2\"",\""filing_year\"":2026,\""filing_period\"":\""second_quarter\"",\""income\"":\""60000.00\"",\""expenses\"":null}"", ""L-c94afafc-067e-489d-9c88-94ce15c2a322"": ""{\""filing_uuid\"":\""c94afafc-067e-489d-9c88-94ce15c2a322\"",\""filing_type\"":\""Q1\"",\""filing_year\"":2026,\""filing_period\"":\""first_quarter\"",\""income\"":\""60000.00\"",\""expenses\"":null}"", ""L-ca138deb-17cf-4793-950a-080c7c50a118"": ""{\""filing_uuid\"":\""ca138deb-17cf-4793-950a-080c7c50a118\"",\""filing_type\"":\""Q2\"",\""filing_year\"":2026,\""filing_period\"":\""second_quarter\"",\""income\"":\""45000.00\"",\""expenses\"":null}"", ""L-d303a005-8271-4fcc-a749-304dec7d0a3f"": ""{\""filing_uuid\"":\""d303a005-8271-4fcc-a749-304dec7d0a3f\"",\""filing_type\"":\""Q2\"",\""filing_year\"":2026,\""filing_period\"":\""second_quarter\"",\""income\"":\""50000.00\"",\""expenses\"":null}"", ""L-d364e5d1-b0e8-48b4-ae87-5cea88c181b7"": ""{\""filing_uuid\"":\""d364e5d1-b0e8-48b4-ae87-5cea88c181b7\"",\""filing_type\"":\""Q1\"",\""filing_year\"":2026,\""filing_period\"":\""first_quarter\"",\""income\"":\""20000.00\"",\""expenses\"":null}"", ""L-dab81b4f-1328-4e91-b4ec-df62edc4739f"": ""{\""filing_uuid\"":\""dab81b4f-1328-4e91-b4ec-df62edc4739f\"",\""filing_type\"":\""Q2\"",\""filing_year\"":2026,\""filing_period\"":\""second_quarter\"",\""income\"":\""50000.00\"",\""expenses\"":null}"", ""L-db20d2b9-e40a-4eff-893c-9aed03fda925"": ""{\""filing_uuid\"":\""db20d2b9-e40a-4eff-893c-9aed03fda925\"",\""filing_type\"":\""Q1\"",\""filing_year\"":2026,\""filing_period\"":\""first_quarter\"",\""income\"":\""90000.00\"",\""expenses\"":null}"", ""L-e68c2a91-7a85-4ce0-85e6-db8e676c5e69"": ""{\""filing_uuid\"":\""e68c2a91-7a85-4ce0-85e6-db8e676c5e69\"",\""filing_type\"":\""Q1\"",\""filing_year\"":2026,\""filing_period\"":\""first_quarter\"",\""income\"":\""45000.00\"",\""expenses\"":null}"", ""L-e9299f82-5721-442d-bea5-1fb27e439114"": ""{\""filing_uuid\"":\""e9299f82-5721-442d-bea5-1fb27e439114\"",\""filing_type\"":\""Q1\"",\""filing_year\"":2026,\""filing_period\"":\""first_quarter\"",\""income\"":\""40000.00\"",\""expenses\"":null}"", ""L-ebdb2ada-7fa1-4be5-8b87-d258f51ff316"": ""{\""filing_uuid\"":\""ebdb2ada-7fa1-4be5-8b87-d258f51ff316\"",\""filing_type\"":\""Q2\"",\""filing_year\"":2026,\""filing_period\"":\""second_quarter\"",\""income\"":\""40000.00\"",\""expenses\"":null}""}","Sum of numeric amounts on latest eligible quarterly reports, all issues combined. Blank reports are not zero and are not added. Separately named intermediaries excluded from direct fees. Outside fees and company expenses overlap and must never be added. Latest year uses completed quarters only; no annualization. No numeric reports means OPEN, not zero spending.",USD,,,L-01e2808e-3bfa-4235-807a-ea0ae7eb1c10;L-025d1686-8fe3-4279-acd8-f2b32ff85f1b;L-0559f07a-5a94-4412-ae7b-05c01d48179c;L-1411a203-c7a0-4255-99ed-eb7cd2e10ba4;L-1b92c644-fa40-4498-b982-8944c61b24d5;L-2638d832-1bbb-4c91-a318-acb27554f133;L-2e46fe97-415b-4fda-86b8-5419b0265f7b;L-2ed0165a-eb8c-4be8-9cc8-99dcc6879a55;L-332171bf-e594-40c1-a772-8e213ad8eed1;L-35666d45-ddcb-4b00-8939-57527b26c059;L-4dfa5485-f894-4963-8dfc-9a8a96755648;L-54ea4ac1-4490-49d7-b0c7-37c058a811e0;L-5ab101f4-b53b-40aa-a58a-97d026628408;L-5b29371f-252a-4d72-a320-631a5e1e8bd5;L-5c9e195f-d7d1-4ce3-9d09-e5a919773586;L-5e2ab294-980c-4a6d-918e-bc4064b6f8ab;L-5fc35a68-22d6-477d-ac22-3c64449a0c29;L-686f1d2e-36fd-4393-aaeb-65eb9816987c;L-6b21d0ab-3e9b-4f2a-b86b-164ec4b5dd3f;L-7886bc80-5e4c-4c13-be0b-f04f0f9f0fec;L-7b5bc578-9fa1-4190-bf2d-0c25a3c1dedb;L-8290a5ac-bf25-452c-826e-6c82ee6ee8c7;L-892eb051-71a5-43f9-a5db-2517b71943c4;L-89ccc248-47a0-4290-a726-8131ccb2ec15;L-8ca0fa5e-c5ac-461c-8d20-f64952d86f24;L-8f89db71-4375-455e-868f-d2b7bc724bc8;L-9dfadbd8-15e3-4a47-b6a6-c8652f5be39c;L-9eba5b12-5236-402d-9010-e814404f9044;L-ab1582f9-42ef-486b-b11f-a4dd9a005702;L-ab82da1c-a84d-4b6e-8a5a-0dd135878c75;L-b40e7223-4e2a-47bb-8e60-5bad603c69fe;L-bc10d750-52e2-4302-8d5c-926d1990a751;L-c21b70b3-2dc9-4203-aa93-2bc5ede7e060;L-c3081329-8dc7-4cc1-a5f4-2d494ebf7389;L-c4d7e0ad-6db7-420a-a7a0-fdd3bc0f503f;L-c94afafc-067e-489d-9c88-94ce15c2a322;L-ca138deb-17cf-4793-950a-080c7c50a118;L-d303a005-8271-4fcc-a749-304dec7d0a3f;L-d364e5d1-b0e8-48b4-ae87-5cea88c181b7;L-dab81b4f-1328-4e91-b4ec-df62edc4739f;L-db20d2b9-e40a-4eff-893c-9aed03fda925;L-e68c2a91-7a85-4ce0-85e6-db8e676c5e69;L-e9299f82-5721-442d-bea5-1fb27e439114;L-ebdb2ada-7fa1-4be5-8b87-d258f51ff316,lobbying_external_fees,sum,Meta,2026,,,1;2,,,KEEP
FE-Microsoft-2019,3950000.00,https://lda.gov/filings/public/filing/07395e9c-143c-4142-85de-767d89ce1dd5/print/,2026-09-14,"{""L-07395e9c-143c-4142-85de-767d89ce1dd5"": ""{\""filing_uuid\"":\""07395e9c-143c-4142-85de-767d89ce1dd5\"",\""filing_type\"":\""Q4\"",\""filing_year\"":2019,\""filing_period\"":\""fourth_quarter\"",\""income\"":\""30000.00\"",\""expenses\"":null}"", ""L-0962da0c-5746-4ef7-b5ad-750f80fb230c"": ""{\""filing_uuid\"":\""0962da0c-5746-4ef7-b5ad-750f80fb230c\"",\""filing_type\"":\""Q2\"",\""filing_year\"":2019,\""filing_period\"":\""second_quarter\"",\""income\"":\""20000.00\"",\""expenses\"":null}"", ""L-0a4eed16-f7e7-4dbf-8fbe-b6e6f33cb4f8"": ""{\""filing_uuid\"":\""0a4eed16-f7e7-4dbf-8fbe-b6e6f33cb4f8\"",\""filing_type\"":\""Q4\"",\""filing_year\"":2019,\""filing_period\"":\""fourth_quarter\"",\""income\"":\""50000.00\"",\""expenses\"":null}"", ""L-0fadbfde-e655-488b-ab4f-e5ae3e09d692"": ""{\""filing_uuid\"":\""0fadbfde-e655-488b-ab4f-e5ae3e09d692\"",\""filing_type\"":\""Q2\"",\""filing_year\"":2019,\""filing_period\"":\""second_quarter\"",\""income\"":\""30000.00\"",\""expenses\"":null}"", ""L-119f7cbc-ad5c-46e9-9173-0d656e4f9f17"": ""{\""filing_uuid\"":\""119f7cbc-ad5c-46e9-9173-0d656e4f9f17\"",\""filing_type\"":\""Q1\"",\""filing_year\"":2019,\""filing_period\"":\""first_quarter\"",\""income\"":\""30000.00\"",\""expenses\"":null}"", ""L-13df85a8-105f-4a8d-9169-ac630253646f"": ""{\""filing_uuid\"":\""13df85a8-105f-4a8d-9169-ac630253646f\"",\""filing_type\"":\""Q4\"",\""filing_year\"":2019,\""filing_period\"":\""fourth_quarter\"",\""income\"":\""60000.00\"",\""expenses\"":null}"", ""L-141ab84a-7a2d-4131-9ef0-248feb123a37"": ""{\""filing_uuid\"":\""141ab84a-7a2d-4131-9ef0-248feb123a37\"",\""filing_type\"":\""Q2\"",\""filing_year\"":2019,\""filing_period\"":\""second_quarter\"",\""income\"":\""30000.00\"",\""expenses\"":null}"", ""L-189c1827-60d4-41f1-965e-c751ac3244a2"": ""{\""filing_uuid\"":\""189c1827-60d4-41f1-965e-c751ac3244a2\"",\""filing_type\"":\""Q3\"",\""filing_year\"":2019,\""filing_period\"":\""third_quarter\"",\""income\"":\""50000.00\"",\""expenses\"":null}"", ""L-1d9977e6-a5c3-447a-87b3-76bc0ec3363b"": ""{\""filing_uuid\"":\""1d9977e6-a5c3-447a-87b3-76bc0ec3363b\"",\""filing_type\"":\""Q4\"",\""filing_year\"":2019,\""filing_period\"":\""fourth_quarter\"",\""income\"":\""50000.00\"",\""expenses\"":null}"", ""L-20781541-c38b-4610-a337-1752df98ddc9"": ""{\""filing_uuid\"":\""20781541-c38b-4610-a337-1752df98ddc9\"",\""filing_type\"":\""Q1\"",\""filing_year\"":2019,\""filing_period\"":\""first_quarter\"",\""income\"":\""50000.00\"",\""expenses\"":null}"", ""L-25217b75-4b67-4d3b-9d5d-29d1c335d232"": ""{\""filing_uuid\"":\""25217b75-4b67-4d3b-9d5d-29d1c335d232\"",\""filing_type\"":\""Q1\"",\""filing_year\"":2019,\""filing_period\"":\""first_quarter\"",\""income\"":\""45000.00\"",\""expenses\"":null}"", ""L-27394109-d892-4a2b-8a40-2b9bdde63b90"": ""{\""filing_uuid\"":\""27394109-d892-4a2b-8a40-2b9bdde63b90\"",\""filing_type\"":\""Q4\"",\""filing_year\"":2019,\""filing_period\"":\""fourth_quarter\"",\""income\"":\""40000.00\"",\""expenses\"":null}"", ""L-29ad10de-0d6f-45c3-845a-0ae29e06d4a1"": ""{\""filing_uuid\"":\""29ad10de-0d6f-45c3-845a-0ae29e06d4a1\"",\""filing_type\"":\""Q1\"",\""filing_year\"":2019,\""filing_period\"":\""first_quarter\"",\""income\"":\""20000.00\"",\""expenses\"":null}"", ""L-29b2f4fd-4c90-4356-809c-433dcbc28b15"": ""{\""filing_uuid\"":\""29b2f4fd-4c90-4356-809c-433dcbc28b15\"",\""filing_type\"":\""Q2\"",\""filing_year\"":2019,\""filing_period\"":\""second_quarter\"",\""income\"":\""30000.00\"",\""expenses\"":null}"", ""L-2efa739d-ae93-4cad-a444-bdad2ffeeac9"": ""{\""filing_uuid\"":\""2efa739d-ae93-4cad-a444-bdad2ffeeac9\"",\""filing_type\"":\""Q4\"",\""filing_year\"":2019,\""filing_period\"":\""fourth_quarter\"",\""income\"":\""30000.00\"",\""expenses\"":null}"", ""L-34e24fce-ebf9-49ff-939b-311236ecaa2a"": ""{\""filing_uuid\"":\""34e24fce-ebf9-49ff-939b-311236ecaa2a\"",\""filing_type\"":\""Q1\"",\""filing_year\"":2019,\""filing_period\"":\""first_quarter\"",\""income\"":\""60000.00\"",\""expenses\"":null}"", ""L-35202221-5369-4358-a552-cc3ec9f0756a"": ""{\""filing_uuid\"":\""35202221-5369-4358-a552-cc3ec9f0756a\"",\""filing_type\"":\""Q3\"",\""filing_year\"":2019,\""filing_period\"":\""third_quarter\"",\""income\"":\""80000.00\"",\""expenses\"":null}"", ""L-37f70d09-3e04-4431-9f66-6c2abe0c8d87"": ""{\""filing_uuid\"":\""37f70d09-3e04-4431-9f66-6c2abe0c8d87\"",\""filing_type\"":\""Q4\"",\""filing_year\"":2019,\""filing_period\"":\""fourth_quarter\"",\""income\"":\""30000.00\"",\""expenses\"":null}"", ""L-37f9f121-bb4d-46a1-9f81-2d0fc726e400"": ""{\""filing_uuid\"":\""37f9f121-bb4d-46a1-9f81-2d0fc726e400\"",\""filing_type\"":\""Q1\"",\""filing_year\"":2019,\""filing_period\"":\""first_quarter\"",\""income\"":\""90000.00\"",\""expenses\"":null}"", ""L-3be64607-d926-4908-960b-cd69824ddb15"": ""{\""filing_uuid\"":\""3be64607-d926-4908-960b-cd69824ddb15\"",\""filing_type\"":\""Q2\"",\""filing_year\"":2019,\""filing_period\"":\""second_quarter\"",\""income\"":\""90000.00\"",\""expenses\"":null}"", ""L-3c2fc4f7-6e4d-41a2-b03f-821a1ea21e8f"": ""{\""filing_uuid\"":\""3c2fc4f7-6e4d-41a2-b03f-821a1ea21e8f\"",\""filing_type\"":\""3T\"",\""filing_year\"":2019,\""filing_period\"":\""third_quarter\"",\""income\"":\""50000.00\"",\""expenses\"":null}"", ""L-401d9855-d9bb-4db7-99e3-d1170c22d3dd"": ""{\""filing_uuid\"":\""401d9855-d9bb-4db7-99e3-d1170c22d3dd\"",\""filing_type\"":\""Q3\"",\""filing_year\"":2019,\""filing_period\"":\""third_quarter\"",\""income\"":\""20000.00\"",\""expenses\"":null}"", ""L-434a04ad-7c50-46ab-bffa-b473a8e2e82e"": ""{\""filing_uuid\"":\""434a04ad-7c50-46ab-bffa-b473a8e2e82e\"",\""filing_type\"":\""Q2\"",\""filing_year\"":2019,\""filing_period\"":\""second_quarter\"",\""income\"":\""20000.00\"",\""expenses\"":null}"", ""L-43f48afd-f338-42b4-84dd-5c73afb5df8c"": ""{\""filing_uuid\"":\""43f48afd-f338-42b4-84dd-5c73afb5df8c\"",\""filing_type\"":\""Q1\"",\""filing_year\"":2019,\""filing_period\"":\""first_quarter\"",\""income\"":\""50000.00\"",\""expenses\"":null}"", ""L-473fbf6e-75c6-466b-aec4-1915891ce8c2"": ""{\""filing_uuid\"":\""473fbf6e-75c6-466b-aec4-1915891ce8c2\"",\""filing_type\"":\""Q1\"",\""filing_year\"":2019,\""filing_period\"":\""first_quarter\"",\""income\"":\""20000.00\"",\""expenses\"":null}"", ""L-47f66d8f-87e0-4c95-a36c-c1ca5a25e430"": ""{\""filing_uuid\"":\""47f66d8f-87e0-4c95-a36c-c1ca5a25e430\"",\""filing_type\"":\""Q2\"",\""filing_year\"":2019,\""filing_period\"":\""second_quarter\"",\""income\"":\""30000.00\"",\""expenses\"":null}"", ""L-49d71e3b-031b-4d3a-8557-3af1d9f032d3"": ""{\""filing_uuid\"":\""49d71e3b-031b-4d3a-8557-3af1d9f032d3\"",\""filing_type\"":\""Q2\"",\""filing_year\"":2019,\""filing_period\"":\""second_quarter\"",\""income\"":\""45000.00\"",\""expenses\"":null}"", ""L-4b05e681-6a4e-401a-8859-86605f9ab982"": ""{\""filing_uuid\"":\""4b05e681-6a4e-401a-8859-86605f9ab982\"",\""filing_type\"":\""Q2\"",\""filing_year\"":2019,\""filing_period\"":\""second_quarter\"",\""income\"":\""60000.00\"",\""expenses\"":null}"", ""L-4e03b9b4-06c4-46e9-985f-2dcdcd3f1cc4"": ""{\""filing_uuid\"":\""4e03b9b4-06c4-46e9-985f-2dcdcd3f1cc4\"",\""filing_type\"":\""1A\"",\""filing_year\"":2019,\""filing_period\"":\""first_quarter\"",\""income\"":\""50000.00\"",\""expenses\"":null}"", ""L-5616b866-a8c6-4581-a98a-ec029e635bae"": ""{\""filing_uuid\"":\""5616b866-a8c6-4581-a98a-ec029e635bae\"",\""filing_type\"":\""Q4\"",\""filing_year\"":2019,\""filing_period\"":\""fourth_quarter\"",\""income\"":\""60000.00\"",\""expenses\"":null}"", ""L-56ca35f9-24b9-4ba7-b529-fe7eba87a41e"": ""{\""filing_uuid\"":\""56ca35f9-24b9-4ba7-b529-fe7eba87a41e\"",\""filing_type\"":\""Q3\"",\""filing_year\"":2019,\""filing_period\"":\""third_quarter\"",\""income\"":\""30000.00\"",\""expenses\"":null}"", ""L-58212879-b7af-46fb-a634-a738217d1980"": ""{\""filing_uuid\"":\""58212879-b7af-46fb-a634-a738217d1980\"",\""filing_type\"":\""Q3Y\"",\""filing_year\"":2019,\""filing_period\"":\""third_quarter\"",\""income\"":\""30000.00\"",\""expenses\"":null}"", ""L-5bba3b6a-7235-4c60-a8ac-69bd05cdf71a"": ""{\""filing_uuid\"":\""5bba3b6a-7235-4c60-a8ac-69bd05cdf71a\"",\""filing_type\"":\""Q2\"",\""filing_year\"":2019,\""filing_period\"":\""second_quarter\"",\""income\"":\""60000.00\"",\""expenses\"":null}"", ""L-5cf2ccf2-f6ae-430b-ac01-ff9b8b4575bc"": ""{\""filing_uuid\"":\""5cf2ccf2-f6ae-430b-ac01-ff9b8b4575bc\"",\""filing_type\"":\""Q1\"",\""filing_year\"":2019,\""filing_period\"":\""first_quarter\"",\""income\"":\""80000.00\"",\""expenses\"":null}"", ""L-63c6d8b6-3134-45a6-9c1b-73aff05bc8ee"": ""{\""filing_uuid\"":\""63c6d8b6-3134-45a6-9c1b-73aff05bc8ee\"",\""filing_type\"":\""Q3\"",\""filing_year\"":2019,\""filing_period\"":\""third_quarter\"",\""income\"":\""90000.00\"",\""expenses\"":null}"", ""L-6d029b2e-180a-4378-beb7-10517785b8fd"": ""{\""filing_uuid\"":\""6d029b2e-180a-4378-beb7-10517785b8fd\"",\""filing_type\"":\""1TY\"",\""filing_year\"":2019,\""filing_period\"":\""first_quarter\"",\""income\"":\""20000.00\"",\""expenses\"":null}"", ""L-71440a30-38c6-42ae-bd76-8a8eb93a03c7"": ""{\""filing_uuid\"":\""71440a30-38c6-42ae-bd76-8a8eb93a03c7\"",\""filing_type\"":\""Q2\"",\""filing_year\"":2019,\""filing_period\"":\""second_quarter\"",\""income\"":\""50000.00\"",\""expenses\"":null}"", ""L-7218be44-1d75-4e3a-930a-0076a16b5e8f"": ""{\""filing_uuid\"":\""7218be44-1d75-4e3a-930a-0076a16b5e8f\"",\""filing_type\"":\""Q2\"",\""filing_year\"":2019,\""filing_period\"":\""second_quarter\"",\""income\"":\""50000.00\"",\""expenses\"":null}"", ""L-72bfadf5-7ee3-4180-85ce-c78075458842"": ""{\""filing_uuid\"":\""72bfadf5-7ee3-4180-85ce-c78075458842\"",\""filing_type\"":\""Q4\"",\""filing_year\"":2019,\""filing_period\"":\""fourth_quarter\"",\""income\"":\""50000.00\"",\""expenses\"":null}"", ""L-73582752-62bb-4d01-a152-02296f0c61f2"": ""{\""filing_uuid\"":\""73582752-62bb-4d01-a152-02296f0c61f2\"",\""filing_type\"":\""Q3\"",\""filing_year\"":2019,\""filing_period\"":\""third_quarter\"",\""income\"":\""30000.00\"",\""expenses\"":null}"", ""L-73ba7226-8898-4c66-b962-cedfcd4e80ad"": ""{\""filing_uuid\"":\""73ba7226-8898-4c66-b962-cedfcd4e80ad\"",\""filing_type\"":\""Q3\"",\""filing_year\"":2019,\""filing_period\"":\""third_quarter\"",\""income\"":\""40000.00\"",\""expenses\"":null}"", ""L-790e1bc5-ab0c-4583-9eb5-0f97b68875cb"": ""{\""filing_uuid\"":\""790e1bc5-ab0c-4583-9eb5-0f97b68875cb\"",\""filing_type\"":\""Q3\"",\""filing_year\"":2019,\""filing_period\"":\""third_quarter\"",\""income\"":\""110000.00\"",\""expenses\"":null}"", ""L-7c83dc1f-83b5-467d-b2a3-570e9c8cdfb2"": ""{\""filing_uuid\"":\""7c83dc1f-83b5-467d-b2a3-570e9c8cdfb2\"",\""filing_type\"":\""Q2\"",\""filing_year\"":2019,\""filing_period\"":\""second_quarter\"",\""income\"":\""10000.00\"",\""expenses\"":null}"", ""L-810a6de3-a223-4aa8-b574-20da346fc7ab"": ""{\""filing_uuid\"":\""810a6de3-a223-4aa8-b574-20da346fc7ab\"",\""filing_type\"":\""Q1\"",\""filing_year\"":2019,\""filing_period\"":\""first_quarter\"",\""income\"":\""60000.00\"",\""expenses\"":null}"", ""L-8134bb39-07a0-4618-a9b4-b33ae01f1476"": ""{\""filing_uuid\"":\""8134bb39-07a0-4618-a9b4-b33ae01f1476\"",\""filing_type\"":\""Q2\"",\""filing_year\"":2019,\""filing_period\"":\""second_quarter\"",\""income\"":\""80000.00\"",\""expenses\"":null}"", ""L-85291697-9c2a-4307-9db1-7d2d156e85fb"": ""{\""filing_uuid\"":\""85291697-9c2a-4307-9db1-7d2d156e85fb\"",\""filing_type\"":\""Q2\"",\""filing_year\"":2019,\""filing_period\"":\""second_quarter\"",\""income\"":\""50000.00\"",\""expenses\"":null}"", ""L-8af68e95-4de8-421d-ad5e-2035f94dc133"": ""{\""filing_uuid\"":\""8af68e95-4de8-421d-ad5e-2035f94dc133\"",\""filing_type\"":\""Q4\"",\""filing_year\"":2019,\""filing_period\"":\""fourth_quarter\"",\""income\"":\""30000.00\"",\""expenses\"":null}"", ""L-8d2b86d6-54b5-4c18-9164-c0f474136e3a"": ""{\""filing_uuid\"":\""8d2b86d6-54b5-4c18-9164-c0f474136e3a\"",\""filing_type\"":\""Q1\"",\""filing_year\"":2019,\""filing_period\"":\""first_quarter\"",\""income\"":\""60000.00\"",\""expenses\"":null}"", ""L-8df23984-1594-4aa3-a0a0-f03f4f27b4c7"": ""{\""filing_uuid\"":\""8df23984-1594-4aa3-a0a0-f03f4f27b4c7\"",\""filing_type\"":\""Q4Y\"",\""filing_year\"":2019,\""filing_period\"":\""fourth_quarter\"",\""income\"":\""30000.00\"",\""expenses\"":null}"", ""L-94ad0da4-66c0-4714-b322-38848749e4b8"": ""{\""filing_uuid\"":\""94ad0da4-66c0-4714-b322-38848749e4b8\"",\""filing_type\"":\""Q3\"",\""filing_year\"":2019,\""filing_period\"":\""third_quarter\"",\""income\"":\""60000.00\"",\""expenses\"":null}"", ""L-9a7932ea-25c4-4cf9-97bf-95ee64c67605"": ""{\""filing_uuid\"":\""9a7932ea-25c4-4cf9-97bf-95ee64c67605\"",\""filing_type\"":\""Q1\"",\""filing_year\"":2019,\""filing_period\"":\""first_quarter\"",\""income\"":\""50000.00\"",\""expenses\"":null}"", ""L-9d1f3984-7dc4-4a15-a3eb-0c86814e6672"": ""{\""filing_uuid\"":\""9d1f3984-7dc4-4a15-a3eb-0c86814e6672\"",\""filing_type\"":\""Q3\"",\""filing_year\"":2019,\""filing_period\"":\""third_quarter\"",\""income\"":\""30000.00\"",\""expenses\"":null}"", ""L-a0855de5-4a6f-47be-be5a-fef633f9437c"": ""{\""filing_uuid\"":\""a0855de5-4a6f-47be-be5a-fef633f9437c\"",\""filing_type\"":\""Q4\"",\""filing_year\"":2019,\""filing_period\"":\""fourth_quarter\"",\""income\"":\""60000.00\"",\""expenses\"":null}"", ""L-a174d037-c464-44b3-b263-d7afed8041e2"": ""{\""filing_uuid\"":\""a174d037-c464-44b3-b263-d7afed8041e2\"",\""filing_type\"":\""Q2\"",\""filing_year\"":2019,\""filing_period\"":\""second_quarter\"",\""income\"":\""40000.00\"",\""expenses\"":null}"", ""L-a3daea00-2553-4cdb-a551-3703d28c7385"": ""{\""filing_uuid\"":\""a3daea00-2553-4cdb-a551-3703d28c7385\"",\""filing_type\"":\""Q3\"",\""filing_year\"":2019,\""filing_period\"":\""third_quarter\"",\""income\"":\""60000.00\"",\""expenses\"":null}"", ""L-aeefa6da-7590-4424-afd8-30643e0f6781"": ""{\""filing_uuid\"":\""aeefa6da-7590-4424-afd8-30643e0f6781\"",\""filing_type\"":\""Q1\"",\""filing_year\"":2019,\""filing_period\"":\""first_quarter\"",\""income\"":\""50000.00\"",\""expenses\"":null}"", ""L-b2ddcaf3-d065-40ea-adfd-d4ad56b2f563"": ""{\""filing_uuid\"":\""b2ddcaf3-d065-40ea-adfd-d4ad56b2f563\"",\""filing_type\"":\""Q3\"",\""filing_year\"":2019,\""filing_period\"":\""third_quarter\"",\""income\"":\""50000.00\"",\""expenses\"":null}"", ""L-b3439a55-5aff-481a-bb54-210874bb93f7"": ""{\""filing_uuid\"":\""b3439a55-5aff-481a-bb54-210874bb93f7\"",\""filing_type\"":\""Q4\"",\""filing_year\"":2019,\""filing_period\"":\""fourth_quarter\"",\""income\"":\""90000.00\"",\""expenses\"":null}"", ""L-b7b64654-972c-47c4-b540-e554ed4476d5"": ""{\""filing_uuid\"":\""b7b64654-972c-47c4-b540-e554ed4476d5\"",\""filing_type\"":\""Q3\"",\""filing_year\"":2019,\""filing_period\"":\""third_quarter\"",\""income\"":\""30000.00\"",\""expenses\"":null}"", ""L-bceb2ece-35b1-41d0-ae1c-396b29877e45"": ""{\""filing_uuid\"":\""bceb2ece-35b1-41d0-ae1c-396b29877e45\"",\""filing_type\"":\""Q4\"",\""filing_year\"":2019,\""filing_period\"":\""fourth_quarter\"",\""income\"":\""60000.00\"",\""expenses\"":null}"", ""L-bfd2f36d-9ee1-4bb5-9d34-4baa03980344"": ""{\""filing_uuid\"":\""bfd2f36d-9ee1-4bb5-9d34-4baa03980344\"",\""filing_type\"":\""Q4\"",\""filing_year\"":2019,\""filing_period\"":\""fourth_quarter\"",\""income\"":\""20000.00\"",\""expenses\"":null}"", ""L-bfea8620-97c5-4f0c-9adf-6cee38e75397"": ""{\""filing_uuid\"":\""bfea8620-97c5-4f0c-9adf-6cee38e75397\"",\""filing_type\"":\""Q4\"",\""filing_year\"":2019,\""filing_period\"":\""fourth_quarter\"",\""income\"":\""60000.00\"",\""expenses\"":null}"", ""L-c182dede-9ca5-4f64-8583-9d222890061e"": ""{\""filing_uuid\"":\""c182dede-9ca5-4f64-8583-9d222890061e\"",\""filing_type\"":\""Q2\"",\""filing_year\"":2019,\""filing_period\"":\""second_quarter\"",\""income\"":\""40000.00\"",\""expenses\"":null}"", ""L-cb66e176-55e6-453d-8d9a-24ae4c1a38cc"": ""{\""filing_uuid\"":\""cb66e176-55e6-453d-8d9a-24ae4c1a38cc\"",\""filing_type\"":\""Q1\"",\""filing_year\"":2019,\""filing_period\"":\""first_quarter\"",\""income\"":\""60000.00\"",\""expenses\"":null}"", ""L-ce65a2c9-40ba-495c-b7b8-b4489eff5428"": ""{\""filing_uuid\"":\""ce65a2c9-40ba-495c-b7b8-b4489eff5428\"",\""filing_type\"":\""Q3\"",\""filing_year\"":2019,\""filing_period\"":\""third_quarter\"",\""income\"":\""60000.00\"",\""expenses\"":null}"", ""L-d10de550-d5c0-4606-b63f-15ba3a75a83d"": ""{\""filing_uuid\"":\""d10de550-d5c0-4606-b63f-15ba3a75a83d\"",\""filing_type\"":\""Q4\"",\""filing_year\"":2019,\""filing_period\"":\""fourth_quarter\"",\""income\"":\""40000.00\"",\""expenses\"":null}"", ""L-d1b5474b-d183-47ba-9a9c-6c5ad22f4395"": ""{\""filing_uuid\"":\""d1b5474b-d183-47ba-9a9c-6c5ad22f4395\"",\""filing_type\"":\""Q4\"",\""filing_year\"":2019,\""filing_period\"":\""fourth_quarter\"",\""income\"":\""30000.00\"",\""expenses\"":null}"", ""L-d1f10418-96c6-4dc7-bfab-027409235c6b"": ""{\""filing_uuid\"":\""d1f10418-96c6-4dc7-bfab-027409235c6b\"",\""filing_type\"":\""Q4\"",\""filing_year\"":2019,\""filing_period\"":\""fourth_quarter\"",\""income\"":\""60000.00\"",\""expenses\"":null}"", ""L-d2d5b6c5-76f7-4ce2-96c9-ac6c351b02a8"": ""{\""filing_uuid\"":\""d2d5b6c5-76f7-4ce2-96c9-ac6c351b02a8\"",\""filing_type\"":\""Q2\"",\""filing_year\"":2019,\""filing_period\"":\""second_quarter\"",\""income\"":\""60000.00\"",\""expenses\"":null}"", ""L-d404b8cf-fb5c-433b-843c-1ab13e0e3135"": ""{\""filing_uuid\"":\""d404b8cf-fb5c-433b-843c-1ab13e0e3135\"",\""filing_type\"":\""Q1\"",\""filing_year\"":2019,\""filing_period\"":\""first_quarter\"",\""income\"":\""30000.00\"",\""expenses\"":null}"", ""L-d6fe3965-f687-4b6c-ac04-ec1bbd6645bb"": ""{\""filing_uuid\"":\""d6fe3965-f687-4b6c-ac04-ec1bbd6645bb\"",\""filing_type\"":\""Q3\"",\""filing_year\"":2019,\""filing_period\"":\""third_quarter\"",\""income\"":\""50000.00\"",\""expenses\"":null}"", ""L-db5e2701-195a-4cf2-b242-58c1a168b547"": ""{\""filing_uuid\"":\""db5e2701-195a-4cf2-b242-58c1a168b547\"",\""filing_type\"":\""Q2Y\"",\""filing_year\"":2019,\""filing_period\"":\""second_quarter\"",\""income\"":\""30000.00\"",\""expenses\"":null}"", ""L-dedc88bb-6c4e-4458-b6db-721a5c6432bf"": ""{\""filing_uuid\"":\""dedc88bb-6c4e-4458-b6db-721a5c6432bf\"",\""filing_type\"":\""Q1\"",\""filing_year\"":2019,\""filing_period\"":\""first_quarter\"",\""income\"":\""30000.00\"",\""expenses\"":null}"", ""L-e668ce06-1d4c-465e-af89-a983089768e3"": ""{\""filing_uuid\"":\""e668ce06-1d4c-465e-af89-a983089768e3\"",\""filing_type\"":\""Q2\"",\""filing_year\"":2019,\""filing_period\"":\""second_quarter\"",\""income\"":\""60000.00\"",\""expenses\"":null}"", ""L-f18ad922-b70b-4254-9b70-556beb756276"": ""{\""filing_uuid\"":\""f18ad922-b70b-4254-9b70-556beb756276\"",\""filing_type\"":\""Q3\"",\""filing_year\"":2019,\""filing_period\"":\""third_quarter\"",\""income\"":\""30000.00\"",\""expenses\"":null}"", ""L-f24810cf-5f9a-426b-9b2e-e524fad8cc8d"": ""{\""filing_uuid\"":\""f24810cf-5f9a-426b-9b2e-e524fad8cc8d\"",\""filing_type\"":\""Q4\"",\""filing_year\"":2019,\""filing_period\"":\""fourth_quarter\"",\""income\"":\""30000.00\"",\""expenses\"":null}"", ""L-f25c2ec2-7380-488f-959b-768eb4acda94"": ""{\""filing_uuid\"":\""f25c2ec2-7380-488f-959b-768eb4acda94\"",\""filing_type\"":\""Q3\"",\""filing_year\"":2019,\""filing_period\"":\""third_quarter\"",\""income\"":\""60000.00\"",\""expenses\"":null}"", ""L-f4033fd6-121a-4e40-905f-7fd9950946b7"": ""{\""filing_uuid\"":\""f4033fd6-121a-4e40-905f-7fd9950946b7\"",\""filing_type\"":\""Q2\"",\""filing_year\"":2019,\""filing_period\"":\""second_quarter\"",\""income\"":\""60000.00\"",\""expenses\"":null}"", ""L-f4ad1951-af18-4cc5-b08b-7d1dec82c825"": ""{\""filing_uuid\"":\""f4ad1951-af18-4cc5-b08b-7d1dec82c825\"",\""filing_type\"":\""1A\"",\""filing_year\"":2019,\""filing_period\"":\""first_quarter\"",\""income\"":\""60000.00\"",\""expenses\"":null}"", ""L-f7615553-9b3b-4ee4-90c9-a10271fcf87d"": ""{\""filing_uuid\"":\""f7615553-9b3b-4ee4-90c9-a10271fcf87d\"",\""filing_type\"":\""1T\"",\""filing_year\"":2019,\""filing_period\"":\""first_quarter\"",\""income\"":\""60000.00\"",\""expenses\"":null}"", ""L-f79d945e-21a8-4a23-9e70-269baa1d9f36"": ""{\""filing_uuid\"":\""f79d945e-21a8-4a23-9e70-269baa1d9f36\"",\""filing_type\"":\""Q3\"",\""filing_year\"":2019,\""filing_period\"":\""third_quarter\"",\""income\"":\""60000.00\"",\""expenses\"":null}"", ""L-fcf81578-2ebe-43de-9066-300d7398f972"": ""{\""filing_uuid\"":\""fcf81578-2ebe-43de-9066-300d7398f972\"",\""filing_type\"":\""Q4\"",\""filing_year\"":2019,\""filing_period\"":\""fourth_quarter\"",\""income\"":\""80000.00\"",\""expenses\"":null}"", ""L-fd726d1d-1ab1-4606-a57e-803bad288f47"": ""{\""filing_uuid\"":\""fd726d1d-1ab1-4606-a57e-803bad288f47\"",\""filing_type\"":\""Q3\"",\""filing_year\"":2019,\""filing_period\"":\""third_quarter\"",\""income\"":\""20000.00\"",\""expenses\"":null}""}","Sum of numeric amounts on latest eligible quarterly reports, all issues combined. Blank reports are not zero and are not added. Separately named intermediaries excluded from direct fees. Outside fees and company expenses overlap and must never be added. Latest year uses completed quarters only; no annualization. No numeric reports means OPEN, not zero spending.",USD,,,L-07395e9c-143c-4142-85de-767d89ce1dd5;L-0962da0c-5746-4ef7-b5ad-750f80fb230c;L-0a4eed16-f7e7-4dbf-8fbe-b6e6f33cb4f8;L-0fadbfde-e655-488b-ab4f-e5ae3e09d692;L-119f7cbc-ad5c-46e9-9173-0d656e4f9f17;L-13df85a8-105f-4a8d-9169-ac630253646f;L-141ab84a-7a2d-4131-9ef0-248feb123a37;L-189c1827-60d4-41f1-965e-c751ac3244a2;L-1d9977e6-a5c3-447a-87b3-76bc0ec3363b;L-20781541-c38b-4610-a337-1752df98ddc9;L-25217b75-4b67-4d3b-9d5d-29d1c335d232;L-27394109-d892-4a2b-8a40-2b9bdde63b90;L-29ad10de-0d6f-45c3-845a-0ae29e06d4a1;L-29b2f4fd-4c90-4356-809c-433dcbc28b15;L-2efa739d-ae93-4cad-a444-bdad2ffeeac9;L-34e24fce-ebf9-49ff-939b-311236ecaa2a;L-35202221-5369-4358-a552-cc3ec9f0756a;L-37f70d09-3e04-4431-9f66-6c2abe0c8d87;L-37f9f121-bb4d-46a1-9f81-2d0fc726e400;L-3be64607-d926-4908-960b-cd69824ddb15;L-3c2fc4f7-6e4d-41a2-b03f-821a1ea21e8f;L-401d9855-d9bb-4db7-99e3-d1170c22d3dd;L-434a04ad-7c50-46ab-bffa-b473a8e2e82e;L-43f48afd-f338-42b4-84dd-5c73afb5df8c;L-473fbf6e-75c6-466b-aec4-1915891ce8c2;L-47f66d8f-87e0-4c95-a36c-c1ca5a25e430;L-49d71e3b-031b-4d3a-8557-3af1d9f032d3;L-4b05e681-6a4e-401a-8859-86605f9ab982;L-4e03b9b4-06c4-46e9-985f-2dcdcd3f1cc4;L-5616b866-a8c6-4581-a98a-ec029e635bae;L-56ca35f9-24b9-4ba7-b529-fe7eba87a41e;L-58212879-b7af-46fb-a634-a738217d1980;L-5bba3b6a-7235-4c60-a8ac-69bd05cdf71a;L-5cf2ccf2-f6ae-430b-ac01-ff9b8b4575bc;L-63c6d8b6-3134-45a6-9c1b-73aff05bc8ee;L-6d029b2e-180a-4378-beb7-10517785b8fd;L-71440a30-38c6-42ae-bd76-8a8eb93a03c7;L-7218be44-1d75-4e3a-930a-0076a16b5e8f;L-72bfadf5-7ee3-4180-85ce-c78075458842;L-73582752-62bb-4d01-a152-02296f0c61f2;L-73ba7226-8898-4c66-b962-cedfcd4e80ad;L-790e1bc5-ab0c-4583-9eb5-0f97b68875cb;L-7c83dc1f-83b5-467d-b2a3-570e9c8cdfb2;L-810a6de3-a223-4aa8-b574-20da346fc7ab;L-8134bb39-07a0-4618-a9b4-b33ae01f1476;L-85291697-9c2a-4307-9db1-7d2d156e85fb;L-8af68e95-4de8-421d-ad5e-2035f94dc133;L-8d2b86d6-54b5-4c18-9164-c0f474136e3a;L-8df23984-1594-4aa3-a0a0-f03f4f27b4c7;L-94ad0da4-66c0-4714-b322-38848749e4b8;L-9a7932ea-25c4-4cf9-97bf-95ee64c67605;L-9d1f3984-7dc4-4a15-a3eb-0c86814e6672;L-a0855de5-4a6f-47be-be5a-fef633f9437c;L-a174d037-c464-44b3-b263-d7afed8041e2;L-a3daea00-2553-4cdb-a551-3703d28c7385;L-aeefa6da-7590-4424-afd8-30643e0f6781;L-b2ddcaf3-d065-40ea-adfd-d4ad56b2f563;L-b3439a55-5aff-481a-bb54-210874bb93f7;L-b7b64654-972c-47c4-b540-e554ed4476d5;L-bceb2ece-35b1-41d0-ae1c-396b29877e45;L-bfd2f36d-9ee1-4bb5-9d34-4baa03980344;L-bfea8620-97c5-4f0c-9adf-6cee38e75397;L-c182dede-9ca5-4f64-8583-9d222890061e;L-cb66e176-55e6-453d-8d9a-24ae4c1a38cc;L-ce65a2c9-40ba-495c-b7b8-b4489eff5428;L-d10de550-d5c0-4606-b63f-15ba3a75a83d;L-d1b5474b-d183-47ba-9a9c-6c5ad22f4395;L-d1f10418-96c6-4dc7-bfab-027409235c6b;L-d2d5b6c5-76f7-4ce2-96c9-ac6c351b02a8;L-d404b8cf-fb5c-433b-843c-1ab13e0e3135;L-d6fe3965-f687-4b6c-ac04-ec1bbd6645bb;L-db5e2701-195a-4cf2-b242-58c1a168b547;L-dedc88bb-6c4e-4458-b6db-721a5c6432bf;L-e668ce06-1d4c-465e-af89-a983089768e3;L-f18ad922-b70b-4254-9b70-556beb756276;L-f24810cf-5f9a-426b-9b2e-e524fad8cc8d;L-f25c2ec2-7380-488f-959b-768eb4acda94;L-f4033fd6-121a-4e40-905f-7fd9950946b7;L-f4ad1951-af18-4cc5-b08b-7d1dec82c825;L-f7615553-9b3b-4ee4-90c9-a10271fcf87d;L-f79d945e-21a8-4a23-9e70-269baa1d9f36;L-fcf81578-2ebe-43de-9066-300d7398f972;L-fd726d1d-1ab1-4606-a57e-803bad288f47,lobbying_external_fees,sum,Microsoft,2019,,,1;2;3;4,,,KEEP
FE-Microsoft-2020,4080000.00,https://lda.gov/filings/public/filing/0421faf7-2b4e-41fc-b74f-d546dc657c1b/print/,2026-09-14,"{""L-0421faf7-2b4e-41fc-b74f-d546dc657c1b"": ""{\""filing_uuid\"":\""0421faf7-2b4e-41fc-b74f-d546dc657c1b\"",\""filing_type\"":\""Q2\"",\""filing_year\"":2020,\""filing_period\"":\""second_quarter\"",\""income\"":\""60000.00\"",\""expenses\"":null}"", ""L-04f93d89-147e-40e0-9d45-1628d8b78979"": ""{\""filing_uuid\"":\""04f93d89-147e-40e0-9d45-1628d8b78979\"",\""filing_type\"":\""Q4\"",\""filing_year\"":2020,\""filing_period\"":\""fourth_quarter\"",\""income\"":\""90000.00\"",\""expenses\"":null}"", ""L-0699f433-e41b-4e39-9771-55373f43da85"": ""{\""filing_uuid\"":\""0699f433-e41b-4e39-9771-55373f43da85\"",\""filing_type\"":\""Q1\"",\""filing_year\"":2020,\""filing_period\"":\""first_quarter\"",\""income\"":\""60000.00\"",\""expenses\"":null}"", ""L-0978f1cb-8757-4f51-b7ca-7cf2d55f27fb"": ""{\""filing_uuid\"":\""0978f1cb-8757-4f51-b7ca-7cf2d55f27fb\"",\""filing_type\"":\""Q3\"",\""filing_year\"":2020,\""filing_period\"":\""third_quarter\"",\""income\"":\""60000.00\"",\""expenses\"":null}"", ""L-0ca241b3-098b-435a-9943-df0e45a3854b"": ""{\""filing_uuid\"":\""0ca241b3-098b-435a-9943-df0e45a3854b\"",\""filing_type\"":\""Q2\"",\""filing_year\"":2020,\""filing_period\"":\""second_quarter\"",\""income\"":\""30000.00\"",\""expenses\"":null}"", ""L-0db814e7-e51d-4225-a5ff-543e21f751ec"": ""{\""filing_uuid\"":\""0db814e7-e51d-4225-a5ff-543e21f751ec\"",\""filing_type\"":\""Q3\"",\""filing_year\"":2020,\""filing_period\"":\""third_quarter\"",\""income\"":\""50000.00\"",\""expenses\"":null}"", ""L-0e446c41-bb44-4948-917b-97aef3e5bb13"": ""{\""filing_uuid\"":\""0e446c41-bb44-4948-917b-97aef3e5bb13\"",\""filing_type\"":\""Q3\"",\""filing_year\"":2020,\""filing_period\"":\""third_quarter\"",\""income\"":\""80000.00\"",\""expenses\"":null}"", ""L-0edfdd4f-5267-4a3e-8b16-e8583c36e0c1"": ""{\""filing_uuid\"":\""0edfdd4f-5267-4a3e-8b16-e8583c36e0c1\"",\""filing_type\"":\""Q4\"",\""filing_year\"":2020,\""filing_period\"":\""fourth_quarter\"",\""income\"":\""80000.00\"",\""expenses\"":null}"", ""L-10edd480-8b30-4756-8cf9-8df95476096d"": ""{\""filing_uuid\"":\""10edd480-8b30-4756-8cf9-8df95476096d\"",\""filing_type\"":\""Q3\"",\""filing_year\"":2020,\""filing_period\"":\""third_quarter\"",\""income\"":\""40000.00\"",\""expenses\"":null}"", ""L-139285c9-d686-44f3-aafb-bc213e99df0d"": ""{\""filing_uuid\"":\""139285c9-d686-44f3-aafb-bc213e99df0d\"",\""filing_type\"":\""2A\"",\""filing_year\"":2020,\""filing_period\"":\""second_quarter\"",\""income\"":\""20000.00\"",\""expenses\"":null}"", ""L-17b837bb-8956-4b07-9247-8e39d4e163a2"": ""{\""filing_uuid\"":\""17b837bb-8956-4b07-9247-8e39d4e163a2\"",\""filing_type\"":\""Q1\"",\""filing_year\"":2020,\""filing_period\"":\""first_quarter\"",\""income\"":\""60000.00\"",\""expenses\"":null}"", ""L-17d23551-7252-4790-8379-cc6e5c6b60dd"": ""{\""filing_uuid\"":\""17d23551-7252-4790-8379-cc6e5c6b60dd\"",\""filing_type\"":\""Q1\"",\""filing_year\"":2020,\""filing_period\"":\""first_quarter\"",\""income\"":\""50000.00\"",\""expenses\"":null}"", ""L-1bb27932-323d-4f5e-bf01-54ca2d591719"": ""{\""filing_uuid\"":\""1bb27932-323d-4f5e-bf01-54ca2d591719\"",\""filing_type\"":\""Q1Y\"",\""filing_year\"":2020,\""filing_period\"":\""first_quarter\"",\""income\"":\""30000.00\"",\""expenses\"":null}"", ""L-22dd5dbc-c3cb-44ba-823e-7c1555ee4a69"": ""{\""filing_uuid\"":\""22dd5dbc-c3cb-44ba-823e-7c1555ee4a69\"",\""filing_type\"":\""Q2\"",\""filing_year\"":2020,\""filing_period\"":\""second_quarter\"",\""income\"":\""60000.00\"",\""expenses\"":null}"", ""L-2390496a-2e9b-4962-a5d5-e5ab00625c62"": ""{\""filing_uuid\"":\""2390496a-2e9b-4962-a5d5-e5ab00625c62\"",\""filing_type\"":\""Q3\"",\""filing_year\"":2020,\""filing_period\"":\""third_quarter\"",\""income\"":\""60000.00\"",\""expenses\"":null}"", ""L-23c11689-5008-4847-bbb3-620577118f31"": ""{\""filing_uuid\"":\""23c11689-5008-4847-bbb3-620577118f31\"",\""filing_type\"":\""Q3Y\"",\""filing_year\"":2020,\""filing_period\"":\""third_quarter\"",\""income\"":\""20000.00\"",\""expenses\"":null}"", ""L-2815fb63-dd10-4a8c-b36e-5fd8cee56e80"": ""{\""filing_uuid\"":\""2815fb63-dd10-4a8c-b36e-5fd8cee56e80\"",\""filing_type\"":\""Q3\"",\""filing_year\"":2020,\""filing_period\"":\""third_quarter\"",\""income\"":\""50000.00\"",\""expenses\"":null}"", ""L-29d6f17e-d767-41b8-9918-e3b019fcebf0"": ""{\""filing_uuid\"":\""29d6f17e-d767-41b8-9918-e3b019fcebf0\"",\""filing_type\"":\""Q3Y\"",\""filing_year\"":2020,\""filing_period\"":\""third_quarter\"",\""income\"":\""10000.00\"",\""expenses\"":null}"", ""L-314372ca-3e11-43b2-8a83-c78efcbc1d8e"": ""{\""filing_uuid\"":\""314372ca-3e11-43b2-8a83-c78efcbc1d8e\"",\""filing_type\"":\""Q2\"",\""filing_year\"":2020,\""filing_period\"":\""second_quarter\"",\""income\"":\""40000.00\"",\""expenses\"":null}"", ""L-3248630a-4bde-4a44-85a0-eb25f5e9237a"": ""{\""filing_uuid\"":\""3248630a-4bde-4a44-85a0-eb25f5e9237a\"",\""filing_type\"":\""Q1\"",\""filing_year\"":2020,\""filing_period\"":\""first_quarter\"",\""income\"":\""30000.00\"",\""expenses\"":null}"", ""L-3670f715-cbca-41dc-a469-c348c9935fb2"": ""{\""filing_uuid\"":\""3670f715-cbca-41dc-a469-c348c9935fb2\"",\""filing_type\"":\""Q2Y\"",\""filing_year\"":2020,\""filing_period\"":\""second_quarter\"",\""income\"":\""30000.00\"",\""expenses\"":null}"", ""L-39ce4eb9-897f-4d58-bdef-638e3db1bb1d"": ""{\""filing_uuid\"":\""39ce4eb9-897f-4d58-bdef-638e3db1bb1d\"",\""filing_type\"":\""Q2\"",\""filing_year\"":2020,\""filing_period\"":\""second_quarter\"",\""income\"":\""30000.00\"",\""expenses\"":null}"", ""L-3c974b1c-3cf5-4dbd-bedf-6d1b1578c432"": ""{\""filing_uuid\"":\""3c974b1c-3cf5-4dbd-bedf-6d1b1578c432\"",\""filing_type\"":\""Q2\"",\""filing_year\"":2020,\""filing_period\"":\""second_quarter\"",\""income\"":\""60000.00\"",\""expenses\"":null}"", ""L-41c2b7b7-1b0e-46f8-b3ab-64c00708ae92"": ""{\""filing_uuid\"":\""41c2b7b7-1b0e-46f8-b3ab-64c00708ae92\"",\""filing_type\"":\""Q4\"",\""filing_year\"":2020,\""filing_period\"":\""fourth_quarter\"",\""income\"":\""60000.00\"",\""expenses\"":null}"", ""L-438844be-dd58-4639-9abc-7c7e7a060115"": ""{\""filing_uuid\"":\""438844be-dd58-4639-9abc-7c7e7a060115\"",\""filing_type\"":\""Q1\"",\""filing_year\"":2020,\""filing_period\"":\""first_quarter\"",\""income\"":\""30000.00\"",\""expenses\"":null}"", ""L-459c9312-c766-4eb9-ae11-b90625766765"": ""{\""filing_uuid\"":\""459c9312-c766-4eb9-ae11-b90625766765\"",\""filing_type\"":\""Q4\"",\""filing_year\"":2020,\""filing_period\"":\""fourth_quarter\"",\""income\"":\""30000.00\"",\""expenses\"":null}"", ""L-462975a4-da6e-4705-96fd-062dd0e8b2ce"": ""{\""filing_uuid\"":\""462975a4-da6e-4705-96fd-062dd0e8b2ce\"",\""filing_type\"":\""Q3\"",\""filing_year\"":2020,\""filing_period\"":\""third_quarter\"",\""income\"":\""50000.00\"",\""expenses\"":null}"", ""L-48c93f05-e36b-4a08-9108-41bcc8cd1087"": ""{\""filing_uuid\"":\""48c93f05-e36b-4a08-9108-41bcc8cd1087\"",\""filing_type\"":\""Q4\"",\""filing_year\"":2020,\""filing_period\"":\""fourth_quarter\"",\""income\"":\""60000.00\"",\""expenses\"":null}"", ""L-4c4e3611-db52-4b7b-a119-33547a5f402d"": ""{\""filing_uuid\"":\""4c4e3611-db52-4b7b-a119-33547a5f402d\"",\""filing_type\"":\""Q3\"",\""filing_year\"":2020,\""filing_period\"":\""third_quarter\"",\""income\"":\""90000.00\"",\""expenses\"":null}"", ""L-4de3dfff-4806-41de-a8d0-49b02131ed94"": ""{\""filing_uuid\"":\""4de3dfff-4806-41de-a8d0-49b02131ed94\"",\""filing_type\"":\""Q2\"",\""filing_year\"":2020,\""filing_period\"":\""second_quarter\"",\""income\"":\""40000.00\"",\""expenses\"":null}"", ""L-4f1935de-0596-432b-94fd-6d0d3f6bb53a"": ""{\""filing_uuid\"":\""4f1935de-0596-432b-94fd-6d0d3f6bb53a\"",\""filing_type\"":\""Q4\"",\""filing_year\"":2020,\""filing_period\"":\""fourth_quarter\"",\""income\"":\""30000.00\"",\""expenses\"":null}"", ""L-4f577605-5254-4952-b2cd-5a5b0291a552"": ""{\""filing_uuid\"":\""4f577605-5254-4952-b2cd-5a5b0291a552\"",\""filing_type\"":\""Q1\"",\""filing_year\"":2020,\""filing_period\"":\""first_quarter\"",\""income\"":\""30000.00\"",\""expenses\"":null}"", ""L-4f71cf9d-5669-490a-9926-1873ed2b245e"": ""{\""filing_uuid\"":\""4f71cf9d-5669-490a-9926-1873ed2b245e\"",\""filing_type\"":\""Q3\"",\""filing_year\"":2020,\""filing_period\"":\""third_quarter\"",\""income\"":\""30000.00\"",\""expenses\"":null}"", ""L-539c9ddf-8fe0-4a62-8087-a15a50d7e136"": ""{\""filing_uuid\"":\""539c9ddf-8fe0-4a62-8087-a15a50d7e136\"",\""filing_type\"":\""Q4\"",\""filing_year\"":2020,\""filing_period\"":\""fourth_quarter\"",\""income\"":\""60000.00\"",\""expenses\"":null}"", ""L-54a6a3bb-d83f-4f37-aac1-46014c6f0f44"": ""{\""filing_uuid\"":\""54a6a3bb-d83f-4f37-aac1-46014c6f0f44\"",\""filing_type\"":\""Q4\"",\""filing_year\"":2020,\""filing_period\"":\""fourth_quarter\"",\""income\"":\""40000.00\"",\""expenses\"":null}"", ""L-5534bcf2-5deb-4b02-8724-00cfb3aef66f"": ""{\""filing_uuid\"":\""5534bcf2-5deb-4b02-8724-00cfb3aef66f\"",\""filing_type\"":\""Q2\"",\""filing_year\"":2020,\""filing_period\"":\""second_quarter\"",\""income\"":\""30000.00\"",\""expenses\"":null}"", ""L-5a8717f3-138c-4a3b-afcb-368341cfa90f"": ""{\""filing_uuid\"":\""5a8717f3-138c-4a3b-afcb-368341cfa90f\"",\""filing_type\"":\""Q4Y\"",\""filing_year\"":2020,\""filing_period\"":\""fourth_quarter\"",\""income\"":\""30000.00\"",\""expenses\"":null}"", ""L-6b34f0ef-c1cf-4cb0-bb4a-3db9291c1e98"": ""{\""filing_uuid\"":\""6b34f0ef-c1cf-4cb0-bb4a-3db9291c1e98\"",\""filing_type\"":\""Q3\"",\""filing_year\"":2020,\""filing_period\"":\""third_quarter\"",\""income\"":\""50000.00\"",\""expenses\"":null}"", ""L-6ca0b738-ba1b-41c3-8867-9947d247b7ee"": ""{\""filing_uuid\"":\""6ca0b738-ba1b-41c3-8867-9947d247b7ee\"",\""filing_type\"":\""Q1\"",\""filing_year\"":2020,\""filing_period\"":\""first_quarter\"",\""income\"":\""50000.00\"",\""expenses\"":null}"", ""L-6ca9e043-a3de-4cf7-aea8-7a695488b9cf"": ""{\""filing_uuid\"":\""6ca9e043-a3de-4cf7-aea8-7a695488b9cf\"",\""filing_type\"":\""Q3Y\"",\""filing_year\"":2020,\""filing_period\"":\""third_quarter\"",\""income\"":\""30000.00\"",\""expenses\"":null}"", ""L-6cf51fa8-2492-47bf-abff-9958636c2692"": ""{\""filing_uuid\"":\""6cf51fa8-2492-47bf-abff-9958636c2692\"",\""filing_type\"":\""Q2\"",\""filing_year\"":2020,\""filing_period\"":\""second_quarter\"",\""income\"":\""60000.00\"",\""expenses\"":null}"", ""L-8132d045-4560-47cb-9a3b-52f14229f7e3"": ""{\""filing_uuid\"":\""8132d045-4560-47cb-9a3b-52f14229f7e3\"",\""filing_type\"":\""Q3\"",\""filing_year\"":2020,\""filing_period\"":\""third_quarter\"",\""income\"":\""60000.00\"",\""expenses\"":null}"", ""L-8196e110-6bd4-4f81-b088-c72fd57ead42"": ""{\""filing_uuid\"":\""8196e110-6bd4-4f81-b088-c72fd57ead42\"",\""filing_type\"":\""Q1\"",\""filing_year\"":2020,\""filing_period\"":\""first_quarter\"",\""income\"":\""50000.00\"",\""expenses\"":null}"", ""L-82f50938-9f69-424b-8e0f-9664838e36a6"": ""{\""filing_uuid\"":\""82f50938-9f69-424b-8e0f-9664838e36a6\"",\""filing_type\"":\""Q1\"",\""filing_year\"":2020,\""filing_period\"":\""first_quarter\"",\""income\"":\""20000.00\"",\""expenses\"":null}"", ""L-8a20a861-4a9d-47b4-b937-d62a1ceed946"": ""{\""filing_uuid\"":\""8a20a861-4a9d-47b4-b937-d62a1ceed946\"",\""filing_type\"":\""Q1\"",\""filing_year\"":2020,\""filing_period\"":\""first_quarter\"",\""income\"":\""60000.00\"",\""expenses\"":null}"", ""L-8b084870-bd45-4520-bbe1-91447895b3b8"": ""{\""filing_uuid\"":\""8b084870-bd45-4520-bbe1-91447895b3b8\"",\""filing_type\"":\""Q1\"",\""filing_year\"":2020,\""filing_period\"":\""first_quarter\"",\""income\"":\""30000.00\"",\""expenses\"":null}"", ""L-938c5934-873e-4729-a67c-4c4b63a1b89b"": ""{\""filing_uuid\"":\""938c5934-873e-4729-a67c-4c4b63a1b89b\"",\""filing_type\"":\""Q3\"",\""filing_year\"":2020,\""filing_period\"":\""third_quarter\"",\""income\"":\""30000.00\"",\""expenses\"":null}"", ""L-944b489b-a5ec-4081-a261-e0c23b850c9f"": ""{\""filing_uuid\"":\""944b489b-a5ec-4081-a261-e0c23b850c9f\"",\""filing_type\"":\""Q1\"",\""filing_year\"":2020,\""filing_period\"":\""first_quarter\"",\""income\"":\""90000.00\"",\""expenses\"":null}"", ""L-989090eb-3f6d-4356-ba0c-380ea56d5437"": ""{\""filing_uuid\"":\""989090eb-3f6d-4356-ba0c-380ea56d5437\"",\""filing_type\"":\""Q4\"",\""filing_year\"":2020,\""filing_period\"":\""fourth_quarter\"",\""income\"":\""50000.00\"",\""expenses\"":null}"", ""L-99d6725f-9b7d-4b72-abcd-996a46be2e90"": ""{\""filing_uuid\"":\""99d6725f-9b7d-4b72-abcd-996a46be2e90\"",\""filing_type\"":\""Q2\"",\""filing_year\"":2020,\""filing_period\"":\""second_quarter\"",\""income\"":\""60000.00\"",\""expenses\"":null}"", ""L-9ba52304-6322-45a2-a97c-d2320345b5e9"": ""{\""filing_uuid\"":\""9ba52304-6322-45a2-a97c-d2320345b5e9\"",\""filing_type\"":\""Q4\"",\""filing_year\"":2020,\""filing_period\"":\""fourth_quarter\"",\""income\"":\""60000.00\"",\""expenses\"":null}"", ""L-9c3be690-52dc-4428-bec5-8370e3637866"": ""{\""filing_uuid\"":\""9c3be690-52dc-4428-bec5-8370e3637866\"",\""filing_type\"":\""Q1\"",\""filing_year\"":2020,\""filing_period\"":\""first_quarter\"",\""income\"":\""40000.00\"",\""expenses\"":null}"", ""L-9d5929aa-62ab-4cb8-a7d8-67112928e300"": ""{\""filing_uuid\"":\""9d5929aa-62ab-4cb8-a7d8-67112928e300\"",\""filing_type\"":\""Q1\"",\""filing_year\"":2020,\""filing_period\"":\""first_quarter\"",\""income\"":\""60000.00\"",\""expenses\"":null}"", ""L-9d59fb59-1250-4f79-b87e-8359239e227c"": ""{\""filing_uuid\"":\""9d59fb59-1250-4f79-b87e-8359239e227c\"",\""filing_type\"":\""Q4\"",\""filing_year\"":2020,\""filing_period\"":\""fourth_quarter\"",\""income\"":\""60000.00\"",\""expenses\"":null}"", ""L-a201a3f7-7d80-487d-b2b6-399eddf6bbf7"": ""{\""filing_uuid\"":\""a201a3f7-7d80-487d-b2b6-399eddf6bbf7\"",\""filing_type\"":\""Q2\"",\""filing_year\"":2020,\""filing_period\"":\""second_quarter\"",\""income\"":\""50000.00\"",\""expenses\"":null}"", ""L-a24eb456-be3b-403a-a7b7-9ec0ec1bc45c"": ""{\""filing_uuid\"":\""a24eb456-be3b-403a-a7b7-9ec0ec1bc45c\"",\""filing_type\"":\""Q4\"",\""filing_year\"":2020,\""filing_period\"":\""fourth_quarter\"",\""income\"":\""50000.00\"",\""expenses\"":null}"", ""L-a468ce29-3d6a-4871-bca8-8cd6d16e3908"": ""{\""filing_uuid\"":\""a468ce29-3d6a-4871-bca8-8cd6d16e3908\"",\""filing_type\"":\""Q1\"",\""filing_year\"":2020,\""filing_period\"":\""first_quarter\"",\""income\"":\""50000.00\"",\""expenses\"":null}"", ""L-a8d077a8-5993-431f-aade-9ae0b46aa4b5"": ""{\""filing_uuid\"":\""a8d077a8-5993-431f-aade-9ae0b46aa4b5\"",\""filing_type\"":\""Q4\"",\""filing_year\"":2020,\""filing_period\"":\""fourth_quarter\"",\""income\"":\""60000.00\"",\""expenses\"":null}"", ""L-ab6a9281-d401-4b93-a062-9d4ec39e18e2"": ""{\""filing_uuid\"":\""ab6a9281-d401-4b93-a062-9d4ec39e18e2\"",\""filing_type\"":\""Q3\"",\""filing_year\"":2020,\""filing_period\"":\""third_quarter\"",\""income\"":\""60000.00\"",\""expenses\"":null}"", ""L-ab93c00f-a6b0-43be-8490-d39c592260e4"": ""{\""filing_uuid\"":\""ab93c00f-a6b0-43be-8490-d39c592260e4\"",\""filing_type\"":\""Q2\"",\""filing_year\"":2020,\""filing_period\"":\""second_quarter\"",\""income\"":\""20000.00\"",\""expenses\"":null}"", ""L-b30db21c-e0e4-4226-9032-92a4cb1bda30"": ""{\""filing_uuid\"":\""b30db21c-e0e4-4226-9032-92a4cb1bda30\"",\""filing_type\"":\""3A\"",\""filing_year\"":2020,\""filing_period\"":\""third_quarter\"",\""income\"":\""15000.00\"",\""expenses\"":null}"", ""L-b4042434-0f2b-4bcb-abb1-06c822f157f0"": ""{\""filing_uuid\"":\""b4042434-0f2b-4bcb-abb1-06c822f157f0\"",\""filing_type\"":\""Q3\"",\""filing_year\"":2020,\""filing_period\"":\""third_quarter\"",\""income\"":\""50000.00\"",\""expenses\"":null}"", ""L-b4ba6ec4-7f47-4020-b8c2-01b6f4c348c3"": ""{\""filing_uuid\"":\""b4ba6ec4-7f47-4020-b8c2-01b6f4c348c3\"",\""filing_type\"":\""Q1\"",\""filing_year\"":2020,\""filing_period\"":\""first_quarter\"",\""income\"":\""20000.00\"",\""expenses\"":null}"", ""L-b5c10ac5-1a2b-4dbd-875d-9182dc052574"": ""{\""filing_uuid\"":\""b5c10ac5-1a2b-4dbd-875d-9182dc052574\"",\""filing_type\"":\""Q2\"",\""filing_year\"":2020,\""filing_period\"":\""second_quarter\"",\""income\"":\""30000.00\"",\""expenses\"":null}"", ""L-b7b7d2ee-c247-4fa3-93ec-9dba4f896fa7"": ""{\""filing_uuid\"":\""b7b7d2ee-c247-4fa3-93ec-9dba4f896fa7\"",\""filing_type\"":\""Q2\"",\""filing_year\"":2020,\""filing_period\"":\""second_quarter\"",\""income\"":\""50000.00\"",\""expenses\"":null}"", ""L-b7f41b19-9045-4024-93cb-c65d96032535"": ""{\""filing_uuid\"":\""b7f41b19-9045-4024-93cb-c65d96032535\"",\""filing_type\"":\""2A\"",\""filing_year\"":2020,\""filing_period\"":\""second_quarter\"",\""income\"":\""50000.00\"",\""expenses\"":null}"", ""L-bceda980-42f5-4ac7-a726-29ee3d1dbd71"": ""{\""filing_uuid\"":\""bceda980-42f5-4ac7-a726-29ee3d1dbd71\"",\""filing_type\"":\""Q1\"",\""filing_year\"":2020,\""filing_period\"":\""first_quarter\"",\""income\"":\""60000.00\"",\""expenses\"":null}"", ""L-c691dfef-8924-4111-aa07-14770359e748"": ""{\""filing_uuid\"":\""c691dfef-8924-4111-aa07-14770359e748\"",\""filing_type\"":\""Q4\"",\""filing_year\"":2020,\""filing_period\"":\""fourth_quarter\"",\""income\"":\""15000.00\"",\""expenses\"":null}"", ""L-c79ecb5b-6162-4b45-889e-dc2999bd57d3"": ""{\""filing_uuid\"":\""c79ecb5b-6162-4b45-889e-dc2999bd57d3\"",\""filing_type\"":\""Q4\"",\""filing_year\"":2020,\""filing_period\"":\""fourth_quarter\"",\""income\"":\""50000.00\"",\""expenses\"":null}"", ""L-c98482e6-8323-434f-9322-8853db64dcf0"": ""{\""filing_uuid\"":\""c98482e6-8323-434f-9322-8853db64dcf0\"",\""filing_type\"":\""Q4\"",\""filing_year\"":2020,\""filing_period\"":\""fourth_quarter\"",\""income\"":\""20000.00\"",\""expenses\"":null}"", ""L-d37b7971-98bb-4f60-ab58-08511d87a692"": ""{\""filing_uuid\"":\""d37b7971-98bb-4f60-ab58-08511d87a692\"",\""filing_type\"":\""Q2\"",\""filing_year\"":2020,\""filing_period\"":\""second_quarter\"",\""income\"":\""30000.00\"",\""expenses\"":null}"", ""L-db42e8e1-e393-42e7-b568-d371cca43986"": ""{\""filing_uuid\"":\""db42e8e1-e393-42e7-b568-d371cca43986\"",\""filing_type\"":\""4T\"",\""filing_year\"":2020,\""filing_period\"":\""fourth_quarter\"",\""income\"":\""30000.00\"",\""expenses\"":null}"", ""L-dc9e9078-a09c-4597-ad91-aa2244289307"": ""{\""filing_uuid\"":\""dc9e9078-a09c-4597-ad91-aa2244289307\"",\""filing_type\"":\""Q1\"",\""filing_year\"":2020,\""filing_period\"":\""first_quarter\"",\""income\"":\""50000.00\"",\""expenses\"":null}"", ""L-dd28cd0c-2646-4f37-a2f8-b1f277eea364"": ""{\""filing_uuid\"":\""dd28cd0c-2646-4f37-a2f8-b1f277eea364\"",\""filing_type\"":\""Q1\"",\""filing_year\"":2020,\""filing_period\"":\""first_quarter\"",\""income\"":\""60000.00\"",\""expenses\"":null}"", ""L-e1dc5486-b7d6-42f2-9f15-60c37080dc4c"": ""{\""filing_uuid\"":\""e1dc5486-b7d6-42f2-9f15-60c37080dc4c\"",\""filing_type\"":\""Q3\"",\""filing_year\"":2020,\""filing_period\"":\""third_quarter\"",\""income\"":\""60000.00\"",\""expenses\"":null}"", ""L-e3222b71-9237-4d35-a3ee-120f3a3d9103"": ""{\""filing_uuid\"":\""e3222b71-9237-4d35-a3ee-120f3a3d9103\"",\""filing_type\"":\""Q3\"",\""filing_year\"":2020,\""filing_period\"":\""third_quarter\"",\""income\"":\""30000.00\"",\""expenses\"":null}"", ""L-e3b15121-9877-4884-9da2-c60992cc0f23"": ""{\""filing_uuid\"":\""e3b15121-9877-4884-9da2-c60992cc0f23\"",\""filing_type\"":\""Q4\"",\""filing_year\"":2020,\""filing_period\"":\""fourth_quarter\"",\""income\"":\""40000.00\"",\""expenses\"":null}"", ""L-e4b4657a-0b63-41c6-ace9-d7e2e4dbf5d5"": ""{\""filing_uuid\"":\""e4b4657a-0b63-41c6-ace9-d7e2e4dbf5d5\"",\""filing_type\"":\""Q4\"",\""filing_year\"":2020,\""filing_period\"":\""fourth_quarter\"",\""income\"":\""50000.00\"",\""expenses\"":null}"", ""L-e9b2f916-7f2b-49eb-9d5b-aa8e013df268"": ""{\""filing_uuid\"":\""e9b2f916-7f2b-49eb-9d5b-aa8e013df268\"",\""filing_type\"":\""Q2\"",\""filing_year\"":2020,\""filing_period\"":\""second_quarter\"",\""income\"":\""50000.00\"",\""expenses\"":null}"", ""L-ea4c4df4-163c-4665-91bb-d91bf896966a"": ""{\""filing_uuid\"":\""ea4c4df4-163c-4665-91bb-d91bf896966a\"",\""filing_type\"":\""Q2\"",\""filing_year\"":2020,\""filing_period\"":\""second_quarter\"",\""income\"":\""80000.00\"",\""expenses\"":null}"", ""L-eb010689-b434-4084-9e9c-b2df2aa21071"": ""{\""filing_uuid\"":\""eb010689-b434-4084-9e9c-b2df2aa21071\"",\""filing_type\"":\""Q2\"",\""filing_year\"":2020,\""filing_period\"":\""second_quarter\"",\""income\"":\""60000.00\"",\""expenses\"":null}"", ""L-ef35485c-55c2-4bbf-ae25-0b618a67f868"": ""{\""filing_uuid\"":\""ef35485c-55c2-4bbf-ae25-0b618a67f868\"",\""filing_type\"":\""Q2\"",\""filing_year\"":2020,\""filing_period\"":\""second_quarter\"",\""income\"":\""90000.00\"",\""expenses\"":null}"", ""L-efc38145-f0da-4519-be9c-59b3533d7e36"": ""{\""filing_uuid\"":\""efc38145-f0da-4519-be9c-59b3533d7e36\"",\""filing_type\"":\""Q4\"",\""filing_year\"":2020,\""filing_period\"":\""fourth_quarter\"",\""income\"":\""50000.00\"",\""expenses\"":null}"", ""L-f53fc193-29d4-49f8-a87c-97f2af3f5919"": ""{\""filing_uuid\"":\""f53fc193-29d4-49f8-a87c-97f2af3f5919\"",\""filing_type\"":\""Q1\"",\""filing_year\"":2020,\""filing_period\"":\""first_quarter\"",\""income\"":\""80000.00\"",\""expenses\"":null}"", ""L-f6a6e306-4409-4d13-8026-d88cc442d6b5"": ""{\""filing_uuid\"":\""f6a6e306-4409-4d13-8026-d88cc442d6b5\"",\""filing_type\"":\""Q3\"",\""filing_year\"":2020,\""filing_period\"":\""third_quarter\"",\""income\"":\""20000.00\"",\""expenses\"":null}"", ""L-fb3ee6bb-25a5-4e6b-b97a-123e5eac44b4"": ""{\""filing_uuid\"":\""fb3ee6bb-25a5-4e6b-b97a-123e5eac44b4\"",\""filing_type\"":\""Q3\"",\""filing_year\"":2020,\""filing_period\"":\""third_quarter\"",\""income\"":\""60000.00\"",\""expenses\"":null}"", ""L-fd22d80e-5a63-48fe-b5bd-5c3f81aa9ab4"": ""{\""filing_uuid\"":\""fd22d80e-5a63-48fe-b5bd-5c3f81aa9ab4\"",\""filing_type\"":\""4TY\"",\""filing_year\"":2020,\""filing_period\"":\""fourth_quarter\"",\""income\"":\""20000.00\"",\""expenses\"":null}""}","Sum of numeric amounts on latest eligible quarterly reports, all issues combined. Blank reports are not zero and are not added. Separately named intermediaries excluded from direct fees. Outside fees and company expenses overlap and must never be added. Latest year uses completed quarters only; no annualization. No numeric reports means OPEN, not zero spending.",USD,,,L-0421faf7-2b4e-41fc-b74f-d546dc657c1b;L-04f93d89-147e-40e0-9d45-1628d8b78979;L-0699f433-e41b-4e39-9771-55373f43da85;L-0978f1cb-8757-4f51-b7ca-7cf2d55f27fb;L-0ca241b3-098b-435a-9943-df0e45a3854b;L-0db814e7-e51d-4225-a5ff-543e21f751ec;L-0e446c41-bb44-4948-917b-97aef3e5bb13;L-0edfdd4f-5267-4a3e-8b16-e8583c36e0c1;L-10edd480-8b30-4756-8cf9-8df95476096d;L-139285c9-d686-44f3-aafb-bc213e99df0d;L-17b837bb-8956-4b07-9247-8e39d4e163a2;L-17d23551-7252-4790-8379-cc6e5c6b60dd;L-1bb27932-323d-4f5e-bf01-54ca2d591719;L-22dd5dbc-c3cb-44ba-823e-7c1555ee4a69;L-2390496a-2e9b-4962-a5d5-e5ab00625c62;L-23c11689-5008-4847-bbb3-620577118f31;L-2815fb63-dd10-4a8c-b36e-5fd8cee56e80;L-29d6f17e-d767-41b8-9918-e3b019fcebf0;L-314372ca-3e11-43b2-8a83-c78efcbc1d8e;L-3248630a-4bde-4a44-85a0-eb25f5e9237a;L-3670f715-cbca-41dc-a469-c348c9935fb2;L-39ce4eb9-897f-4d58-bdef-638e3db1bb1d;L-3c974b1c-3cf5-4dbd-bedf-6d1b1578c432;L-41c2b7b7-1b0e-46f8-b3ab-64c00708ae92;L-438844be-dd58-4639-9abc-7c7e7a060115;L-459c9312-c766-4eb9-ae11-b90625766765;L-462975a4-da6e-4705-96fd-062dd0e8b2ce;L-48c93f05-e36b-4a08-9108-41bcc8cd1087;L-4c4e3611-db52-4b7b-a119-33547a5f402d;L-4de3dfff-4806-41de-a8d0-49b02131ed94;L-4f1935de-0596-432b-94fd-6d0d3f6bb53a;L-4f577605-5254-4952-b2cd-5a5b0291a552;L-4f71cf9d-5669-490a-9926-1873ed2b245e;L-539c9ddf-8fe0-4a62-8087-a15a50d7e136;L-54a6a3bb-d83f-4f37-aac1-46014c6f0f44;L-5534bcf2-5deb-4b02-8724-00cfb3aef66f;L-5a8717f3-138c-4a3b-afcb-368341cfa90f;L-6b34f0ef-c1cf-4cb0-bb4a-3db9291c1e98;L-6ca0b738-ba1b-41c3-8867-9947d247b7ee;L-6ca9e043-a3de-4cf7-aea8-7a695488b9cf;L-6cf51fa8-2492-47bf-abff-9958636c2692;L-8132d045-4560-47cb-9a3b-52f14229f7e3;L-8196e110-6bd4-4f81-b088-c72fd57ead42;L-82f50938-9f69-424b-8e0f-9664838e36a6;L-8a20a861-4a9d-47b4-b937-d62a1ceed946;L-8b084870-bd45-4520-bbe1-91447895b3b8;L-938c5934-873e-4729-a67c-4c4b63a1b89b;L-944b489b-a5ec-4081-a261-e0c23b850c9f;L-989090eb-3f6d-4356-ba0c-380ea56d5437;L-99d6725f-9b7d-4b72-abcd-996a46be2e90;L-9ba52304-6322-45a2-a97c-d2320345b5e9;L-9c3be690-52dc-4428-bec5-8370e3637866;L-9d5929aa-62ab-4cb8-a7d8-67112928e300;L-9d59fb59-1250-4f79-b87e-8359239e227c;L-a201a3f7-7d80-487d-b2b6-399eddf6bbf7;L-a24eb456-be3b-403a-a7b7-9ec0ec1bc45c;L-a468ce29-3d6a-4871-bca8-8cd6d16e3908;L-a8d077a8-5993-431f-aade-9ae0b46aa4b5;L-ab6a9281-d401-4b93-a062-9d4ec39e18e2;L-ab93c00f-a6b0-43be-8490-d39c592260e4;L-b30db21c-e0e4-4226-9032-92a4cb1bda30;L-b4042434-0f2b-4bcb-abb1-06c822f157f0;L-b4ba6ec4-7f47-4020-b8c2-01b6f4c348c3;L-b5c10ac5-1a2b-4dbd-875d-9182dc052574;L-b7b7d2ee-c247-4fa3-93ec-9dba4f896fa7;L-b7f41b19-9045-4024-93cb-c65d96032535;L-bceda980-42f5-4ac7-a726-29ee3d1dbd71;L-c691dfef-8924-4111-aa07-14770359e748;L-c79ecb5b-6162-4b45-889e-dc2999bd57d3;L-c98482e6-8323-434f-9322-8853db64dcf0;L-d37b7971-98bb-4f60-ab58-08511d87a692;L-db42e8e1-e393-42e7-b568-d371cca43986;L-dc9e9078-a09c-4597-ad91-aa2244289307;L-dd28cd0c-2646-4f37-a2f8-b1f277eea364;L-e1dc5486-b7d6-42f2-9f15-60c37080dc4c;L-e3222b71-9237-4d35-a3ee-120f3a3d9103;L-e3b15121-9877-4884-9da2-c60992cc0f23;L-e4b4657a-0b63-41c6-ace9-d7e2e4dbf5d5;L-e9b2f916-7f2b-49eb-9d5b-aa8e013df268;L-ea4c4df4-163c-4665-91bb-d91bf896966a;L-eb010689-b434-4084-9e9c-b2df2aa21071;L-ef35485c-55c2-4bbf-ae25-0b618a67f868;L-efc38145-f0da-4519-be9c-59b3533d7e36;L-f53fc193-29d4-49f8-a87c-97f2af3f5919;L-f6a6e306-4409-4d13-8026-d88cc442d6b5;L-fb3ee6bb-25a5-4e6b-b97a-123e5eac44b4;L-fd22d80e-5a63-48fe-b5bd-5c3f81aa9ab4,lobbying_external_fees,sum,Microsoft,2020,,,1;2;3;4,,,KEEP
FE-Microsoft-2021,4280000.00,https://lda.gov/filings/public/filing/00f5795d-7f8c-4b43-bef4-caf1e1445db7/print/,2026-09-14,"{""L-00f5795d-7f8c-4b43-bef4-caf1e1445db7"": ""{\""filing_uuid\"":\""00f5795d-7f8c-4b43-bef4-caf1e1445db7\"",\""filing_type\"":\""Q4\"",\""filing_year\"":2021,\""filing_period\"":\""fourth_quarter\"",\""income\"":\""90000.00\"",\""expenses\"":null}"", ""L-05d82c2f-be79-4c52-a482-c10277b6ba43"": ""{\""filing_uuid\"":\""05d82c2f-be79-4c52-a482-c10277b6ba43\"",\""filing_type\"":\""Q2\"",\""filing_year\"":2021,\""filing_period\"":\""second_quarter\"",\""income\"":\""60000.00\"",\""expenses\"":null}"", ""L-06d98649-c19b-465c-8b9d-d0d69f6fa743"": ""{\""filing_uuid\"":\""06d98649-c19b-465c-8b9d-d0d69f6fa743\"",\""filing_type\"":\""Q1\"",\""filing_year\"":2021,\""filing_period\"":\""first_quarter\"",\""income\"":\""50000.00\"",\""expenses\"":null}"", ""L-1282a72d-e715-49bf-bdb1-19b08e76a838"": ""{\""filing_uuid\"":\""1282a72d-e715-49bf-bdb1-19b08e76a838\"",\""filing_type\"":\""Q1\"",\""filing_year\"":2021,\""filing_period\"":\""first_quarter\"",\""income\"":\""50000.00\"",\""expenses\"":null}"", ""L-190a4b36-e561-49ec-aa32-578978b7c306"": ""{\""filing_uuid\"":\""190a4b36-e561-49ec-aa32-578978b7c306\"",\""filing_type\"":\""Q4\"",\""filing_year\"":2021,\""filing_period\"":\""fourth_quarter\"",\""income\"":\""50000.00\"",\""expenses\"":null}"", ""L-1913e71c-4927-4c04-8641-d11ce3f45257"": ""{\""filing_uuid\"":\""1913e71c-4927-4c04-8641-d11ce3f45257\"",\""filing_type\"":\""Q4\"",\""filing_year\"":2021,\""filing_period\"":\""fourth_quarter\"",\""income\"":\""20000.00\"",\""expenses\"":null}"", ""L-19df3dbc-9ac0-484c-8774-81c417381af3"": ""{\""filing_uuid\"":\""19df3dbc-9ac0-484c-8774-81c417381af3\"",\""filing_type\"":\""Q4\"",\""filing_year\"":2021,\""filing_period\"":\""fourth_quarter\"",\""income\"":\""10000.00\"",\""expenses\"":null}"", ""L-1d1b2e54-ba5d-4d30-9f5c-3b76dd55c244"": ""{\""filing_uuid\"":\""1d1b2e54-ba5d-4d30-9f5c-3b76dd55c244\"",\""filing_type\"":\""Q2\"",\""filing_year\"":2021,\""filing_period\"":\""second_quarter\"",\""income\"":\""20000.00\"",\""expenses\"":null}"", ""L-1dfdc79f-ce58-4bad-8ea4-92f1d970e800"": ""{\""filing_uuid\"":\""1dfdc79f-ce58-4bad-8ea4-92f1d970e800\"",\""filing_type\"":\""Q4\"",\""filing_year\"":2021,\""filing_period\"":\""fourth_quarter\"",\""income\"":\""60000.00\"",\""expenses\"":null}"", ""L-2004f811-53fe-44d5-9ef3-7a0908e0b49a"": ""{\""filing_uuid\"":\""2004f811-53fe-44d5-9ef3-7a0908e0b49a\"",\""filing_type\"":\""Q1\"",\""filing_year\"":2021,\""filing_period\"":\""first_quarter\"",\""income\"":\""30000.00\"",\""expenses\"":null}"", ""L-2518faa9-14f5-48ef-a0fa-8d9bfe58d873"": ""{\""filing_uuid\"":\""2518faa9-14f5-48ef-a0fa-8d9bfe58d873\"",\""filing_type\"":\""Q2\"",\""filing_year\"":2021,\""filing_period\"":\""second_quarter\"",\""income\"":\""70000.00\"",\""expenses\"":null}"", ""L-253b523c-ab11-4a63-97cb-a5d95c69d4f6"": ""{\""filing_uuid\"":\""253b523c-ab11-4a63-97cb-a5d95c69d4f6\"",\""filing_type\"":\""Q3\"",\""filing_year\"":2021,\""filing_period\"":\""third_quarter\"",\""income\"":\""60000.00\"",\""expenses\"":null}"", ""L-28738fa2-35b5-4ebe-9440-96219a0de0da"": ""{\""filing_uuid\"":\""28738fa2-35b5-4ebe-9440-96219a0de0da\"",\""filing_type\"":\""Q3\"",\""filing_year\"":2021,\""filing_period\"":\""third_quarter\"",\""income\"":\""50000.00\"",\""expenses\"":null}"", ""L-296ea25c-d695-47e8-8e19-9041e63de4f2"": ""{\""filing_uuid\"":\""296ea25c-d695-47e8-8e19-9041e63de4f2\"",\""filing_type\"":\""Q2\"",\""filing_year\"":2021,\""filing_period\"":\""second_quarter\"",\""income\"":\""30000.00\"",\""expenses\"":null}"", ""L-35b6926e-762f-4060-aa05-055723e0def8"": ""{\""filing_uuid\"":\""35b6926e-762f-4060-aa05-055723e0def8\"",\""filing_type\"":\""Q2\"",\""filing_year\"":2021,\""filing_period\"":\""second_quarter\"",\""income\"":\""60000.00\"",\""expenses\"":null}"", ""L-373a9d1f-b3f7-4f35-9ef5-91659c76a6fa"": ""{\""filing_uuid\"":\""373a9d1f-b3f7-4f35-9ef5-91659c76a6fa\"",\""filing_type\"":\""Q3\"",\""filing_year\"":2021,\""filing_period\"":\""third_quarter\"",\""income\"":\""15000.00\"",\""expenses\"":null}"", ""L-38d7605f-9530-429e-982f-1e02e495f536"": ""{\""filing_uuid\"":\""38d7605f-9530-429e-982f-1e02e495f536\"",\""filing_type\"":\""2A\"",\""filing_year\"":2021,\""filing_period\"":\""second_quarter\"",\""income\"":\""90000.00\"",\""expenses\"":null}"", ""L-3ad0ebfa-b376-4b97-a4e9-75a4ea17d487"": ""{\""filing_uuid\"":\""3ad0ebfa-b376-4b97-a4e9-75a4ea17d487\"",\""filing_type\"":\""Q4\"",\""filing_year\"":2021,\""filing_period\"":\""fourth_quarter\"",\""income\"":\""60000.00\"",\""expenses\"":null}"", ""L-3b90ad6a-5ec3-4f5e-832e-ddb14768e0ef"": ""{\""filing_uuid\"":\""3b90ad6a-5ec3-4f5e-832e-ddb14768e0ef\"",\""filing_type\"":\""Q4\"",\""filing_year\"":2021,\""filing_period\"":\""fourth_quarter\"",\""income\"":\""60000.00\"",\""expenses\"":null}"", ""L-405f72e7-e073-4f24-a649-942119ec2681"": ""{\""filing_uuid\"":\""405f72e7-e073-4f24-a649-942119ec2681\"",\""filing_type\"":\""Q3\"",\""filing_year\"":2021,\""filing_period\"":\""third_quarter\"",\""income\"":\""60000.00\"",\""expenses\"":null}"", ""L-42def25d-5b8d-4eff-be6c-1916685dbfe1"": ""{\""filing_uuid\"":\""42def25d-5b8d-4eff-be6c-1916685dbfe1\"",\""filing_type\"":\""Q1\"",\""filing_year\"":2021,\""filing_period\"":\""first_quarter\"",\""income\"":\""80000.00\"",\""expenses\"":null}"", ""L-435494a7-20cc-45b3-ae7f-6d1e342da4bb"": ""{\""filing_uuid\"":\""435494a7-20cc-45b3-ae7f-6d1e342da4bb\"",\""filing_type\"":\""Q1\"",\""filing_year\"":2021,\""filing_period\"":\""first_quarter\"",\""income\"":\""60000.00\"",\""expenses\"":null}"", ""L-449cd2ee-e1b5-4457-886b-35d82d08bdf3"": ""{\""filing_uuid\"":\""449cd2ee-e1b5-4457-886b-35d82d08bdf3\"",\""filing_type\"":\""Q4\"",\""filing_year\"":2021,\""filing_period\"":\""fourth_quarter\"",\""income\"":\""50000.00\"",\""expenses\"":null}"", ""L-44b5f35c-748d-4b53-b16f-38e890c22d1d"": ""{\""filing_uuid\"":\""44b5f35c-748d-4b53-b16f-38e890c22d1d\"",\""filing_type\"":\""Q2\"",\""filing_year\"":2021,\""filing_period\"":\""second_quarter\"",\""income\"":\""50000.00\"",\""expenses\"":null}"", ""L-44d03512-ca6d-44d8-932f-a0326dafcbc3"": ""{\""filing_uuid\"":\""44d03512-ca6d-44d8-932f-a0326dafcbc3\"",\""filing_type\"":\""Q1\"",\""filing_year\"":2021,\""filing_period\"":\""first_quarter\"",\""income\"":\""50000.00\"",\""expenses\"":null}"", ""L-463e2cd8-c7d6-4f85-a461-e1146f7df31a"": ""{\""filing_uuid\"":\""463e2cd8-c7d6-4f85-a461-e1146f7df31a\"",\""filing_type\"":\""Q1\"",\""filing_year\"":2021,\""filing_period\"":\""first_quarter\"",\""income\"":\""50000.00\"",\""expenses\"":null}"", ""L-46642431-627a-40d9-bd51-bf97d3a83207"": ""{\""filing_uuid\"":\""46642431-627a-40d9-bd51-bf97d3a83207\"",\""filing_type\"":\""Q4\"",\""filing_year\"":2021,\""filing_period\"":\""fourth_quarter\"",\""income\"":\""40000.00\"",\""expenses\"":null}"", ""L-47f10039-99b8-4765-8bd6-0ec00fbd3893"": ""{\""filing_uuid\"":\""47f10039-99b8-4765-8bd6-0ec00fbd3893\"",\""filing_type\"":\""Q4\"",\""filing_year\"":2021,\""filing_period\"":\""fourth_quarter\"",\""income\"":\""40000.00\"",\""expenses\"":null}"", ""L-4913a927-1eb6-493c-8ccb-655abbea155d"": ""{\""filing_uuid\"":\""4913a927-1eb6-493c-8ccb-655abbea155d\"",\""filing_type\"":\""Q2\"",\""filing_year\"":2021,\""filing_period\"":\""second_quarter\"",\""income\"":\""15000.00\"",\""expenses\"":null}"", ""L-49f80d6f-08df-4c9b-a2a1-5447338b2aba"": ""{\""filing_uuid\"":\""49f80d6f-08df-4c9b-a2a1-5447338b2aba\"",\""filing_type\"":\""Q4\"",\""filing_year\"":2021,\""filing_period\"":\""fourth_quarter\"",\""income\"":\""50000.00\"",\""expenses\"":null}"", ""L-4bdcd325-b8fc-4015-943e-09f369ebcf4c"": ""{\""filing_uuid\"":\""4bdcd325-b8fc-4015-943e-09f369ebcf4c\"",\""filing_type\"":\""Q2\"",\""filing_year\"":2021,\""filing_period\"":\""second_quarter\"",\""income\"":\""50000.00\"",\""expenses\"":null}"", ""L-526375e2-7152-48da-aeb2-bcf12c1a5ce9"": ""{\""filing_uuid\"":\""526375e2-7152-48da-aeb2-bcf12c1a5ce9\"",\""filing_type\"":\""Q4\"",\""filing_year\"":2021,\""filing_period\"":\""fourth_quarter\"",\""income\"":\""50000.00\"",\""expenses\"":null}"", ""L-53a77931-e5e2-4192-a775-1cf2d8878b52"": ""{\""filing_uuid\"":\""53a77931-e5e2-4192-a775-1cf2d8878b52\"",\""filing_type\"":\""Q3\"",\""filing_year\"":2021,\""filing_period\"":\""third_quarter\"",\""income\"":\""60000.00\"",\""expenses\"":null}"", ""L-5516c6a9-bc2c-4707-abcf-5a2eb1449a91"": ""{\""filing_uuid\"":\""5516c6a9-bc2c-4707-abcf-5a2eb1449a91\"",\""filing_type\"":\""Q3\"",\""filing_year\"":2021,\""filing_period\"":\""third_quarter\"",\""income\"":\""50000.00\"",\""expenses\"":null}"", ""L-55903f05-e91b-46c2-9073-1635d5d7d785"": ""{\""filing_uuid\"":\""55903f05-e91b-46c2-9073-1635d5d7d785\"",\""filing_type\"":\""Q3\"",\""filing_year\"":2021,\""filing_period\"":\""third_quarter\"",\""income\"":\""20000.00\"",\""expenses\"":null}"", ""L-57ab562b-67db-4591-83fa-ee1182052bd1"": ""{\""filing_uuid\"":\""57ab562b-67db-4591-83fa-ee1182052bd1\"",\""filing_type\"":\""Q3\"",\""filing_year\"":2021,\""filing_period\"":\""third_quarter\"",\""income\"":\""60000.00\"",\""expenses\"":null}"", ""L-58063f06-3802-477f-aeb3-286ba50e2dc9"": ""{\""filing_uuid\"":\""58063f06-3802-477f-aeb3-286ba50e2dc9\"",\""filing_type\"":\""Q3\"",\""filing_year\"":2021,\""filing_period\"":\""third_quarter\"",\""income\"":\""90000.00\"",\""expenses\"":null}"", ""L-5832e6f2-387d-44b0-9339-1768632a537d"": ""{\""filing_uuid\"":\""5832e6f2-387d-44b0-9339-1768632a537d\"",\""filing_type\"":\""Q1\"",\""filing_year\"":2021,\""filing_period\"":\""first_quarter\"",\""income\"":\""50000.00\"",\""expenses\"":null}"", ""L-5ad4e1ef-074a-4679-ac06-b0394a79fe1e"": ""{\""filing_uuid\"":\""5ad4e1ef-074a-4679-ac06-b0394a79fe1e\"",\""filing_type\"":\""Q1\"",\""filing_year\"":2021,\""filing_period\"":\""first_quarter\"",\""income\"":\""20000.00\"",\""expenses\"":null}"", ""L-64f417b9-2408-43e9-ae3e-4f62e5ca1916"": ""{\""filing_uuid\"":\""64f417b9-2408-43e9-ae3e-4f62e5ca1916\"",\""filing_type\"":\""Q4\"",\""filing_year\"":2021,\""filing_period\"":\""fourth_quarter\"",\""income\"":\""60000.00\"",\""expenses\"":null}"", ""L-66029cb6-438b-409b-97ca-def7e3b3e2c7"": ""{\""filing_uuid\"":\""66029cb6-438b-409b-97ca-def7e3b3e2c7\"",\""filing_type\"":\""Q3\"",\""filing_year\"":2021,\""filing_period\"":\""third_quarter\"",\""income\"":\""50000.00\"",\""expenses\"":null}"", ""L-68f991e1-222e-45a0-810d-2202a7e2b5d8"": ""{\""filing_uuid\"":\""68f991e1-222e-45a0-810d-2202a7e2b5d8\"",\""filing_type\"":\""Q3\"",\""filing_year\"":2021,\""filing_period\"":\""third_quarter\"",\""income\"":\""20000.00\"",\""expenses\"":null}"", ""L-71f22d88-36e1-4c67-98e5-f4cb04ce0ccd"": ""{\""filing_uuid\"":\""71f22d88-36e1-4c67-98e5-f4cb04ce0ccd\"",\""filing_type\"":\""Q3\"",\""filing_year\"":2021,\""filing_period\"":\""third_quarter\"",\""income\"":\""50000.00\"",\""expenses\"":null}"", ""L-72dc3c85-6264-43bc-9d41-cd477dcc08f5"": ""{\""filing_uuid\"":\""72dc3c85-6264-43bc-9d41-cd477dcc08f5\"",\""filing_type\"":\""1T\"",\""filing_year\"":2021,\""filing_period\"":\""first_quarter\"",\""income\"":\""20000.00\"",\""expenses\"":null}"", ""L-7bd5500c-a3fc-40f7-bde2-63ca6be814cf"": ""{\""filing_uuid\"":\""7bd5500c-a3fc-40f7-bde2-63ca6be814cf\"",\""filing_type\"":\""Q4\"",\""filing_year\"":2021,\""filing_period\"":\""fourth_quarter\"",\""income\"":\""30000.00\"",\""expenses\"":null}"", ""L-7d22664a-2cf6-47d4-924d-c7ac675cc8fc"": ""{\""filing_uuid\"":\""7d22664a-2cf6-47d4-924d-c7ac675cc8fc\"",\""filing_type\"":\""Q1\"",\""filing_year\"":2021,\""filing_period\"":\""first_quarter\"",\""income\"":\""60000.00\"",\""expenses\"":null}"", ""L-8331176d-4f98-4fc2-abd7-93da853bf69d"": ""{\""filing_uuid\"":\""8331176d-4f98-4fc2-abd7-93da853bf69d\"",\""filing_type\"":\""Q1\"",\""filing_year\"":2021,\""filing_period\"":\""first_quarter\"",\""income\"":\""15000.00\"",\""expenses\"":null}"", ""L-857e06c1-46ce-49ac-b73e-2695c2904df1"": ""{\""filing_uuid\"":\""857e06c1-46ce-49ac-b73e-2695c2904df1\"",\""filing_type\"":\""Q4\"",\""filing_year\"":2021,\""filing_period\"":\""fourth_quarter\"",\""income\"":\""30000.00\"",\""expenses\"":null}"", ""L-8cb61ed5-9d11-4d31-a496-e03f07df75c8"": ""{\""filing_uuid\"":\""8cb61ed5-9d11-4d31-a496-e03f07df75c8\"",\""filing_type\"":\""Q4\"",\""filing_year\"":2021,\""filing_period\"":\""fourth_quarter\"",\""income\"":\""15000.00\"",\""expenses\"":null}"", ""L-96b66f2c-7901-4f6b-9ffe-f0049f8783dd"": ""{\""filing_uuid\"":\""96b66f2c-7901-4f6b-9ffe-f0049f8783dd\"",\""filing_type\"":\""2TY\"",\""filing_year\"":2021,\""filing_period\"":\""second_quarter\"",\""income\"":\""15000.00\"",\""expenses\"":null}"", ""L-a0135e32-8d50-4eed-8b98-c00039d5fa85"": ""{\""filing_uuid\"":\""a0135e32-8d50-4eed-8b98-c00039d5fa85\"",\""filing_type\"":\""Q1\"",\""filing_year\"":2021,\""filing_period\"":\""first_quarter\"",\""income\"":\""75000.00\"",\""expenses\"":null}"", ""L-a208c6c6-e3d8-4ca0-9f23-3f6e18ea8338"": ""{\""filing_uuid\"":\""a208c6c6-e3d8-4ca0-9f23-3f6e18ea8338\"",\""filing_type\"":\""Q3\"",\""filing_year\"":2021,\""filing_period\"":\""third_quarter\"",\""income\"":\""30000.00\"",\""expenses\"":null}"", ""L-a2715953-bb07-445e-951b-6e6a2e091f1a"": ""{\""filing_uuid\"":\""a2715953-bb07-445e-951b-6e6a2e091f1a\"",\""filing_type\"":\""Q1\"",\""filing_year\"":2021,\""filing_period\"":\""first_quarter\"",\""income\"":\""10000.00\"",\""expenses\"":null}"", ""L-a38b95a5-c6de-45a4-8077-925a38e72efb"": ""{\""filing_uuid\"":\""a38b95a5-c6de-45a4-8077-925a38e72efb\"",\""filing_type\"":\""Q2\"",\""filing_year\"":2021,\""filing_period\"":\""second_quarter\"",\""income\"":\""60000.00\"",\""expenses\"":null}"", ""L-a8321e3f-b816-4423-969a-2ffa009398f5"": ""{\""filing_uuid\"":\""a8321e3f-b816-4423-969a-2ffa009398f5\"",\""filing_type\"":\""Q3\"",\""filing_year\"":2021,\""filing_period\"":\""third_quarter\"",\""income\"":\""30000.00\"",\""expenses\"":null}"", ""L-b4d2b23d-4d16-4a8f-9ea1-454d1c127b11"": ""{\""filing_uuid\"":\""b4d2b23d-4d16-4a8f-9ea1-454d1c127b11\"",\""filing_type\"":\""Q2\"",\""filing_year\"":2021,\""filing_period\"":\""second_quarter\"",\""income\"":\""50000.00\"",\""expenses\"":null}"", ""L-b8e5f7fd-bb1d-4b74-99a9-988dd149950b"": ""{\""filing_uuid\"":\""b8e5f7fd-bb1d-4b74-99a9-988dd149950b\"",\""filing_type\"":\""Q1\"",\""filing_year\"":2021,\""filing_period\"":\""first_quarter\"",\""income\"":\""90000.00\"",\""expenses\"":null}"", ""L-b9bdda06-d611-422c-bc59-5dacbc369fa5"": ""{\""filing_uuid\"":\""b9bdda06-d611-422c-bc59-5dacbc369fa5\"",\""filing_type\"":\""Q1\"",\""filing_year\"":2021,\""filing_period\"":\""first_quarter\"",\""income\"":\""60000.00\"",\""expenses\"":null}"", ""L-be2611f8-54c1-4111-aed9-7910bc354475"": ""{\""filing_uuid\"":\""be2611f8-54c1-4111-aed9-7910bc354475\"",\""filing_type\"":\""Q3\"",\""filing_year\"":2021,\""filing_period\"":\""third_quarter\"",\""income\"":\""50000.00\"",\""expenses\"":null}"", ""L-c00d59cf-c47c-4133-8ec5-9d93da108d9c"": ""{\""filing_uuid\"":\""c00d59cf-c47c-4133-8ec5-9d93da108d9c\"",\""filing_type\"":\""Q3\"",\""filing_year\"":2021,\""filing_period\"":\""third_quarter\"",\""income\"":\""60000.00\"",\""expenses\"":null}"", ""L-c010e8d1-3f61-4102-931e-fa881d672c19"": ""{\""filing_uuid\"":\""c010e8d1-3f61-4102-931e-fa881d672c19\"",\""filing_type\"":\""Q1\"",\""filing_year\"":2021,\""filing_period\"":\""first_quarter\"",\""income\"":\""90000.00\"",\""expenses\"":null}"", ""L-c0a3eb4e-9421-4190-9878-0cefeaf9b71a"": ""{\""filing_uuid\"":\""c0a3eb4e-9421-4190-9878-0cefeaf9b71a\"",\""filing_type\"":\""Q3\"",\""filing_year\"":2021,\""filing_period\"":\""third_quarter\"",\""income\"":\""50000.00\"",\""expenses\"":null}"", ""L-c183636a-6eca-4e86-a9f5-13f9c64fbf6e"": ""{\""filing_uuid\"":\""c183636a-6eca-4e86-a9f5-13f9c64fbf6e\"",\""filing_type\"":\""4T\"",\""filing_year\"":2021,\""filing_period\"":\""fourth_quarter\"",\""income\"":\""60000.00\"",\""expenses\"":null}"", ""L-c19b8d7d-1fa5-46b6-91ec-597e9a14be0e"": ""{\""filing_uuid\"":\""c19b8d7d-1fa5-46b6-91ec-597e9a14be0e\"",\""filing_type\"":\""Q2\"",\""filing_year\"":2021,\""filing_period\"":\""second_quarter\"",\""income\"":\""10000.00\"",\""expenses\"":null}"", ""L-c242c64c-330c-4f43-9bf6-e9dfa52e8516"": ""{\""filing_uuid\"":\""c242c64c-330c-4f43-9bf6-e9dfa52e8516\"",\""filing_type\"":\""Q2\"",\""filing_year\"":2021,\""filing_period\"":\""second_quarter\"",\""income\"":\""80000.00\"",\""expenses\"":null}"", ""L-c659f580-14fd-4a5a-a30c-fbafa32f8f08"": ""{\""filing_uuid\"":\""c659f580-14fd-4a5a-a30c-fbafa32f8f08\"",\""filing_type\"":\""Q2\"",\""filing_year\"":2021,\""filing_period\"":\""second_quarter\"",\""income\"":\""30000.00\"",\""expenses\"":null}"", ""L-c76a6e07-acfb-4b49-a368-27097377824a"": ""{\""filing_uuid\"":\""c76a6e07-acfb-4b49-a368-27097377824a\"",\""filing_type\"":\""Q2\"",\""filing_year\"":2021,\""filing_period\"":\""second_quarter\"",\""income\"":\""60000.00\"",\""expenses\"":null}"", ""L-ce4b950a-1d1f-443e-b4e7-5cfa7fc5170e"": ""{\""filing_uuid\"":\""ce4b950a-1d1f-443e-b4e7-5cfa7fc5170e\"",\""filing_type\"":\""Q3\"",\""filing_year\"":2021,\""filing_period\"":\""third_quarter\"",\""income\"":\""50000.00\"",\""expenses\"":null}"", ""L-d5a2c35f-60ed-4992-9de1-9bddfe19e7c8"": ""{\""filing_uuid\"":\""d5a2c35f-60ed-4992-9de1-9bddfe19e7c8\"",\""filing_type\"":\""Q4\"",\""filing_year\"":2021,\""filing_period\"":\""fourth_quarter\"",\""income\"":\""80000.00\"",\""expenses\"":null}"", ""L-d5e212d2-1f63-4880-ae4b-e79bba558b73"": ""{\""filing_uuid\"":\""d5e212d2-1f63-4880-ae4b-e79bba558b73\"",\""filing_type\"":\""Q1\"",\""filing_year\"":2021,\""filing_period\"":\""first_quarter\"",\""income\"":\""30000.00\"",\""expenses\"":null}"", ""L-daaa0127-64c7-494c-9d26-9132d30f93ea"": ""{\""filing_uuid\"":\""daaa0127-64c7-494c-9d26-9132d30f93ea\"",\""filing_type\"":\""Q1\"",\""filing_year\"":2021,\""filing_period\"":\""first_quarter\"",\""income\"":\""50000.00\"",\""expenses\"":null}"", ""L-db708058-58d6-4e9d-aa47-73d6f70e1547"": ""{\""filing_uuid\"":\""db708058-58d6-4e9d-aa47-73d6f70e1547\"",\""filing_type\"":\""Q2\"",\""filing_year\"":2021,\""filing_period\"":\""second_quarter\"",\""income\"":\""20000.00\"",\""expenses\"":null}"", ""L-dcf90393-583a-4836-8632-73bdad564e47"": ""{\""filing_uuid\"":\""dcf90393-583a-4836-8632-73bdad564e47\"",\""filing_type\"":\""Q2\"",\""filing_year\"":2021,\""filing_period\"":\""second_quarter\"",\""income\"":\""50000.00\"",\""expenses\"":null}"", ""L-de4520bc-7bd9-4f3d-adb6-22d83be61e47"": ""{\""filing_uuid\"":\""de4520bc-7bd9-4f3d-adb6-22d83be61e47\"",\""filing_type\"":\""Q3\"",\""filing_year\"":2021,\""filing_period\"":\""third_quarter\"",\""income\"":\""70000.00\"",\""expenses\"":null}"", ""L-e142320c-4ac3-44d9-8cc5-7a2f53e4ec08"": ""{\""filing_uuid\"":\""e142320c-4ac3-44d9-8cc5-7a2f53e4ec08\"",\""filing_type\"":\""Q3\"",\""filing_year\"":2021,\""filing_period\"":\""third_quarter\"",\""income\"":\""90000.00\"",\""expenses\"":null}"", ""L-e1f73ca6-6f82-4cbb-a669-e1040932fb0b"": ""{\""filing_uuid\"":\""e1f73ca6-6f82-4cbb-a669-e1040932fb0b\"",\""filing_type\"":\""Q4\"",\""filing_year\"":2021,\""filing_period\"":\""fourth_quarter\"",\""income\"":\""30000.00\"",\""expenses\"":null}"", ""L-e5638112-27d9-4f10-bfaf-00d0c6575a89"": ""{\""filing_uuid\"":\""e5638112-27d9-4f10-bfaf-00d0c6575a89\"",\""filing_type\"":\""4A\"",\""filing_year\"":2021,\""filing_period\"":\""fourth_quarter\"",\""income\"":\""50000.00\"",\""expenses\"":null}"", ""L-e8045a9e-2593-42b4-85f8-7436f7ac7cf4"": ""{\""filing_uuid\"":\""e8045a9e-2593-42b4-85f8-7436f7ac7cf4\"",\""filing_type\"":\""Q4\"",\""filing_year\"":2021,\""filing_period\"":\""fourth_quarter\"",\""income\"":\""90000.00\"",\""expenses\"":null}"", ""L-e8af65b3-551a-4832-9b5a-ffb26b1536b0"": ""{\""filing_uuid\"":\""e8af65b3-551a-4832-9b5a-ffb26b1536b0\"",\""filing_type\"":\""Q2\"",\""filing_year\"":2021,\""filing_period\"":\""second_quarter\"",\""income\"":\""90000.00\"",\""expenses\"":null}"", ""L-ed0418dd-64a7-4ef8-a71a-f3513086eee6"": ""{\""filing_uuid\"":\""ed0418dd-64a7-4ef8-a71a-f3513086eee6\"",\""filing_type\"":\""Q4\"",\""filing_year\"":2021,\""filing_period\"":\""fourth_quarter\"",\""income\"":\""50000.00\"",\""expenses\"":null}"", ""L-f0b08841-6612-4c38-8f3f-2645d5370ec3"": ""{\""filing_uuid\"":\""f0b08841-6612-4c38-8f3f-2645d5370ec3\"",\""filing_type\"":\""Q2\"",\""filing_year\"":2021,\""filing_period\"":\""second_quarter\"",\""income\"":\""30000.00\"",\""expenses\"":null}"", ""L-f343a18c-9d4c-4c2a-b17f-44d379f166f4"": ""{\""filing_uuid\"":\""f343a18c-9d4c-4c2a-b17f-44d379f166f4\"",\""filing_type\"":\""Q1\"",\""filing_year\"":2021,\""filing_period\"":\""first_quarter\"",\""income\"":\""60000.00\"",\""expenses\"":null}"", ""L-f83f46b9-99da-4e68-a552-af067139c6f7"": ""{\""filing_uuid\"":\""f83f46b9-99da-4e68-a552-af067139c6f7\"",\""filing_type\"":\""Q3\"",\""filing_year\"":2021,\""filing_period\"":\""third_quarter\"",\""income\"":\""20000.00\"",\""expenses\"":null}"", ""L-f8e3e123-5d33-4f04-9973-5b03c437b29e"": ""{\""filing_uuid\"":\""f8e3e123-5d33-4f04-9973-5b03c437b29e\"",\""filing_type\"":\""4T\"",\""filing_year\"":2021,\""filing_period\"":\""fourth_quarter\"",\""income\"":\""40000.00\"",\""expenses\"":null}"", ""L-f913aed1-fbfe-4460-a25a-b1b2ba40feae"": ""{\""filing_uuid\"":\""f913aed1-fbfe-4460-a25a-b1b2ba40feae\"",\""filing_type\"":\""Q2\"",\""filing_year\"":2021,\""filing_period\"":\""second_quarter\"",\""income\"":\""50000.00\"",\""expenses\"":null}"", ""L-f95ab2c3-8606-44a2-b0fc-acdb33f0a42d"": ""{\""filing_uuid\"":\""f95ab2c3-8606-44a2-b0fc-acdb33f0a42d\"",\""filing_type\"":\""Q3\"",\""filing_year\"":2021,\""filing_period\"":\""third_quarter\"",\""income\"":\""10000.00\"",\""expenses\"":null}"", ""L-f96762e4-de99-4b1e-9548-0a0534fc22c8"": ""{\""filing_uuid\"":\""f96762e4-de99-4b1e-9548-0a0534fc22c8\"",\""filing_type\"":\""Q2\"",\""filing_year\"":2021,\""filing_period\"":\""second_quarter\"",\""income\"":\""50000.00\"",\""expenses\"":null}"", ""L-f9941705-efe9-4880-8e35-941cb3ecfe09"": ""{\""filing_uuid\"":\""f9941705-efe9-4880-8e35-941cb3ecfe09\"",\""filing_type\"":\""Q1\"",\""filing_year\"":2021,\""filing_period\"":\""first_quarter\"",\""income\"":\""50000.00\"",\""expenses\"":null}"", ""L-fdeb669c-91ca-4cde-8045-167b5ec1c7a8"": ""{\""filing_uuid\"":\""fdeb669c-91ca-4cde-8045-167b5ec1c7a8\"",\""filing_type\"":\""Q1\"",\""filing_year\"":2021,\""filing_period\"":\""first_quarter\"",\""income\"":\""10000.00\"",\""expenses\"":null}"", ""L-fe152464-3dc1-473f-9b15-29bd5669a5b6"": ""{\""filing_uuid\"":\""fe152464-3dc1-473f-9b15-29bd5669a5b6\"",\""filing_type\"":\""1TY\"",\""filing_year\"":2021,\""filing_period\"":\""first_quarter\"",\""income\"":\""20000.00\"",\""expenses\"":null}""}","Sum of numeric amounts on latest eligible quarterly reports, all issues combined. Blank reports are not zero and are not added. Separately named intermediaries excluded from direct fees. Outside fees and company expenses overlap and must never be added. Latest year uses completed quarters only; no annualization. No numeric reports means OPEN, not zero spending.",USD,,,L-00f5795d-7f8c-4b43-bef4-caf1e1445db7;L-05d82c2f-be79-4c52-a482-c10277b6ba43;L-06d98649-c19b-465c-8b9d-d0d69f6fa743;L-1282a72d-e715-49bf-bdb1-19b08e76a838;L-190a4b36-e561-49ec-aa32-578978b7c306;L-1913e71c-4927-4c04-8641-d11ce3f45257;L-19df3dbc-9ac0-484c-8774-81c417381af3;L-1d1b2e54-ba5d-4d30-9f5c-3b76dd55c244;L-1dfdc79f-ce58-4bad-8ea4-92f1d970e800;L-2004f811-53fe-44d5-9ef3-7a0908e0b49a;L-2518faa9-14f5-48ef-a0fa-8d9bfe58d873;L-253b523c-ab11-4a63-97cb-a5d95c69d4f6;L-28738fa2-35b5-4ebe-9440-96219a0de0da;L-296ea25c-d695-47e8-8e19-9041e63de4f2;L-35b6926e-762f-4060-aa05-055723e0def8;L-373a9d1f-b3f7-4f35-9ef5-91659c76a6fa;L-38d7605f-9530-429e-982f-1e02e495f536;L-3ad0ebfa-b376-4b97-a4e9-75a4ea17d487;L-3b90ad6a-5ec3-4f5e-832e-ddb14768e0ef;L-405f72e7-e073-4f24-a649-942119ec2681;L-42def25d-5b8d-4eff-be6c-1916685dbfe1;L-435494a7-20cc-45b3-ae7f-6d1e342da4bb;L-449cd2ee-e1b5-4457-886b-35d82d08bdf3;L-44b5f35c-748d-4b53-b16f-38e890c22d1d;L-44d03512-ca6d-44d8-932f-a0326dafcbc3;L-463e2cd8-c7d6-4f85-a461-e1146f7df31a;L-46642431-627a-40d9-bd51-bf97d3a83207;L-47f10039-99b8-4765-8bd6-0ec00fbd3893;L-4913a927-1eb6-493c-8ccb-655abbea155d;L-49f80d6f-08df-4c9b-a2a1-5447338b2aba;L-4bdcd325-b8fc-4015-943e-09f369ebcf4c;L-526375e2-7152-48da-aeb2-bcf12c1a5ce9;L-53a77931-e5e2-4192-a775-1cf2d8878b52;L-5516c6a9-bc2c-4707-abcf-5a2eb1449a91;L-55903f05-e91b-46c2-9073-1635d5d7d785;L-57ab562b-67db-4591-83fa-ee1182052bd1;L-58063f06-3802-477f-aeb3-286ba50e2dc9;L-5832e6f2-387d-44b0-9339-1768632a537d;L-5ad4e1ef-074a-4679-ac06-b0394a79fe1e;L-64f417b9-2408-43e9-ae3e-4f62e5ca1916;L-66029cb6-438b-409b-97ca-def7e3b3e2c7;L-68f991e1-222e-45a0-810d-2202a7e2b5d8;L-71f22d88-36e1-4c67-98e5-f4cb04ce0ccd;L-72dc3c85-6264-43bc-9d41-cd477dcc08f5;L-7bd5500c-a3fc-40f7-bde2-63ca6be814cf;L-7d22664a-2cf6-47d4-924d-c7ac675cc8fc;L-8331176d-4f98-4fc2-abd7-93da853bf69d;L-857e06c1-46ce-49ac-b73e-2695c2904df1;L-8cb61ed5-9d11-4d31-a496-e03f07df75c8;L-96b66f2c-7901-4f6b-9ffe-f0049f8783dd;L-a0135e32-8d50-4eed-8b98-c00039d5fa85;L-a208c6c6-e3d8-4ca0-9f23-3f6e18ea8338;L-a2715953-bb07-445e-951b-6e6a2e091f1a;L-a38b95a5-c6de-45a4-8077-925a38e72efb;L-a8321e3f-b816-4423-969a-2ffa009398f5;L-b4d2b23d-4d16-4a8f-9ea1-454d1c127b11;L-b8e5f7fd-bb1d-4b74-99a9-988dd149950b;L-b9bdda06-d611-422c-bc59-5dacbc369fa5;L-be2611f8-54c1-4111-aed9-7910bc354475;L-c00d59cf-c47c-4133-8ec5-9d93da108d9c;L-c010e8d1-3f61-4102-931e-fa881d672c19;L-c0a3eb4e-9421-4190-9878-0cefeaf9b71a;L-c183636a-6eca-4e86-a9f5-13f9c64fbf6e;L-c19b8d7d-1fa5-46b6-91ec-597e9a14be0e;L-c242c64c-330c-4f43-9bf6-e9dfa52e8516;L-c659f580-14fd-4a5a-a30c-fbafa32f8f08;L-c76a6e07-acfb-4b49-a368-27097377824a;L-ce4b950a-1d1f-443e-b4e7-5cfa7fc5170e;L-d5a2c35f-60ed-4992-9de1-9bddfe19e7c8;L-d5e212d2-1f63-4880-ae4b-e79bba558b73;L-daaa0127-64c7-494c-9d26-9132d30f93ea;L-db708058-58d6-4e9d-aa47-73d6f70e1547;L-dcf90393-583a-4836-8632-73bdad564e47;L-de4520bc-7bd9-4f3d-adb6-22d83be61e47;L-e142320c-4ac3-44d9-8cc5-7a2f53e4ec08;L-e1f73ca6-6f82-4cbb-a669-e1040932fb0b;L-e5638112-27d9-4f10-bfaf-00d0c6575a89;L-e8045a9e-2593-42b4-85f8-7436f7ac7cf4;L-e8af65b3-551a-4832-9b5a-ffb26b1536b0;L-ed0418dd-64a7-4ef8-a71a-f3513086eee6;L-f0b08841-6612-4c38-8f3f-2645d5370ec3;L-f343a18c-9d4c-4c2a-b17f-44d379f166f4;L-f83f46b9-99da-4e68-a552-af067139c6f7;L-f8e3e123-5d33-4f04-9973-5b03c437b29e;L-f913aed1-fbfe-4460-a25a-b1b2ba40feae;L-f95ab2c3-8606-44a2-b0fc-acdb33f0a42d;L-f96762e4-de99-4b1e-9548-0a0534fc22c8;L-f9941705-efe9-4880-8e35-941cb3ecfe09;L-fdeb669c-91ca-4cde-8045-167b5ec1c7a8;L-fe152464-3dc1-473f-9b15-29bd5669a5b6,lobbying_external_fees,sum,Microsoft,2021,,,1;2;3;4,,,KEEP
FE-Microsoft-2022,3640000.00,https://lda.gov/filings/public/filing/037c2c51-6b71-498d-92fa-835970a1f69a/print/,2026-09-14,"{""L-037c2c51-6b71-498d-92fa-835970a1f69a"": ""{\""filing_uuid\"":\""037c2c51-6b71-498d-92fa-835970a1f69a\"",\""filing_type\"":\""Q1\"",\""filing_year\"":2022,\""filing_period\"":\""first_quarter\"",\""income\"":\""10000.00\"",\""expenses\"":null}"", ""L-038d1a1e-a623-4300-9aea-db0e4b8d66c5"": ""{\""filing_uuid\"":\""038d1a1e-a623-4300-9aea-db0e4b8d66c5\"",\""filing_type\"":\""Q4\"",\""filing_year\"":2022,\""filing_period\"":\""fourth_quarter\"",\""income\"":\""50000.00\"",\""expenses\"":null}"", ""L-0391206c-ea29-452d-8913-c39d49d5b091"": ""{\""filing_uuid\"":\""0391206c-ea29-452d-8913-c39d49d5b091\"",\""filing_type\"":\""Q3\"",\""filing_year\"":2022,\""filing_period\"":\""third_quarter\"",\""income\"":\""15000.00\"",\""expenses\"":null}"", ""L-046ad612-4e45-4298-8e16-3f7a22b44902"": ""{\""filing_uuid\"":\""046ad612-4e45-4298-8e16-3f7a22b44902\"",\""filing_type\"":\""Q2\"",\""filing_year\"":2022,\""filing_period\"":\""second_quarter\"",\""income\"":\""40000.00\"",\""expenses\"":null}"", ""L-09fe0d52-9ca1-4cd2-89e9-5076aacdc2ca"": ""{\""filing_uuid\"":\""09fe0d52-9ca1-4cd2-89e9-5076aacdc2ca\"",\""filing_type\"":\""Q2\"",\""filing_year\"":2022,\""filing_period\"":\""second_quarter\"",\""income\"":\""15000.00\"",\""expenses\"":null}"", ""L-0b3f0be4-5561-4d53-ae32-6e70f9129ffc"": ""{\""filing_uuid\"":\""0b3f0be4-5561-4d53-ae32-6e70f9129ffc\"",\""filing_type\"":\""Q1\"",\""filing_year\"":2022,\""filing_period\"":\""first_quarter\"",\""income\"":\""60000.00\"",\""expenses\"":null}"", ""L-0d177591-8390-41d3-bfb5-d1dc50fdd43d"": ""{\""filing_uuid\"":\""0d177591-8390-41d3-bfb5-d1dc50fdd43d\"",\""filing_type\"":\""Q1\"",\""filing_year\"":2022,\""filing_period\"":\""first_quarter\"",\""income\"":\""70000.00\"",\""expenses\"":null}"", ""L-101aa1cf-dd54-4af5-ac43-22fbac71d434"": ""{\""filing_uuid\"":\""101aa1cf-dd54-4af5-ac43-22fbac71d434\"",\""filing_type\"":\""Q2\"",\""filing_year\"":2022,\""filing_period\"":\""second_quarter\"",\""income\"":\""50000.00\"",\""expenses\"":null}"", ""L-10963259-11ca-4d9d-9b7b-23b9a21a6832"": ""{\""filing_uuid\"":\""10963259-11ca-4d9d-9b7b-23b9a21a6832\"",\""filing_type\"":\""Q4\"",\""filing_year\"":2022,\""filing_period\"":\""fourth_quarter\"",\""income\"":\""60000.00\"",\""expenses\"":null}"", ""L-1ab62ae3-7bc5-4ae8-b965-456a13abea8e"": ""{\""filing_uuid\"":\""1ab62ae3-7bc5-4ae8-b965-456a13abea8e\"",\""filing_type\"":\""Q4\"",\""filing_year\"":2022,\""filing_period\"":\""fourth_quarter\"",\""income\"":\""60000.00\"",\""expenses\"":null}"", ""L-1e248769-b2a9-455a-92c9-35afb28b4fce"": ""{\""filing_uuid\"":\""1e248769-b2a9-455a-92c9-35afb28b4fce\"",\""filing_type\"":\""Q4\"",\""filing_year\"":2022,\""filing_period\"":\""fourth_quarter\"",\""income\"":\""50000.00\"",\""expenses\"":null}"", ""L-1f908489-7ea9-49e3-9cec-b5059ae21b3d"": ""{\""filing_uuid\"":\""1f908489-7ea9-49e3-9cec-b5059ae21b3d\"",\""filing_type\"":\""Q4\"",\""filing_year\"":2022,\""filing_period\"":\""fourth_quarter\"",\""income\"":\""30000.00\"",\""expenses\"":null}"", ""L-251eed05-2b17-4c83-932a-87b3da350d14"": ""{\""filing_uuid\"":\""251eed05-2b17-4c83-932a-87b3da350d14\"",\""filing_type\"":\""1A\"",\""filing_year\"":2022,\""filing_period\"":\""first_quarter\"",\""income\"":\""50000.00\"",\""expenses\"":null}"", ""L-2d1faea0-0356-40de-a60f-e984bfd67155"": ""{\""filing_uuid\"":\""2d1faea0-0356-40de-a60f-e984bfd67155\"",\""filing_type\"":\""Q1\"",\""filing_year\"":2022,\""filing_period\"":\""first_quarter\"",\""income\"":\""50000.00\"",\""expenses\"":null}"", ""L-2fcbbd15-4baf-40d3-80c4-b11a261cd7db"": ""{\""filing_uuid\"":\""2fcbbd15-4baf-40d3-80c4-b11a261cd7db\"",\""filing_type\"":\""Q2\"",\""filing_year\"":2022,\""filing_period\"":\""second_quarter\"",\""income\"":\""60000.00\"",\""expenses\"":null}"", ""L-39fed6ab-97bf-408a-bbd3-fabd607bbe71"": ""{\""filing_uuid\"":\""39fed6ab-97bf-408a-bbd3-fabd607bbe71\"",\""filing_type\"":\""Q2\"",\""filing_year\"":2022,\""filing_period\"":\""second_quarter\"",\""income\"":\""90000.00\"",\""expenses\"":null}"", ""L-3d0817f8-e052-4893-b1bc-2b9cac4a3ee7"": ""{\""filing_uuid\"":\""3d0817f8-e052-4893-b1bc-2b9cac4a3ee7\"",\""filing_type\"":\""Q4\"",\""filing_year\"":2022,\""filing_period\"":\""fourth_quarter\"",\""income\"":\""30000.00\"",\""expenses\"":null}"", ""L-3ff8f867-5510-430f-a974-2626d19330a4"": ""{\""filing_uuid\"":\""3ff8f867-5510-430f-a974-2626d19330a4\"",\""filing_type\"":\""Q2\"",\""filing_year\"":2022,\""filing_period\"":\""second_quarter\"",\""income\"":\""60000.00\"",\""expenses\"":null}"", ""L-436bd62b-f4d9-49fc-af08-8d0aaf99eb25"": ""{\""filing_uuid\"":\""436bd62b-f4d9-49fc-af08-8d0aaf99eb25\"",\""filing_type\"":\""Q4\"",\""filing_year\"":2022,\""filing_period\"":\""fourth_quarter\"",\""income\"":\""50000.00\"",\""expenses\"":null}"", ""L-4e9c8e53-86ef-4330-9a6f-355c07f9f8d3"": ""{\""filing_uuid\"":\""4e9c8e53-86ef-4330-9a6f-355c07f9f8d3\"",\""filing_type\"":\""Q3\"",\""filing_year\"":2022,\""filing_period\"":\""third_quarter\"",\""income\"":\""50000.00\"",\""expenses\"":null}"", ""L-518c3c53-8f21-4132-8777-a7ffc862daf5"": ""{\""filing_uuid\"":\""518c3c53-8f21-4132-8777-a7ffc862daf5\"",\""filing_type\"":\""Q3\"",\""filing_year\"":2022,\""filing_period\"":\""third_quarter\"",\""income\"":\""30000.00\"",\""expenses\"":null}"", ""L-599f9d5f-7249-4b22-952c-aa4e1a4ab3d2"": ""{\""filing_uuid\"":\""599f9d5f-7249-4b22-952c-aa4e1a4ab3d2\"",\""filing_type\"":\""Q2\"",\""filing_year\"":2022,\""filing_period\"":\""second_quarter\"",\""income\"":\""50000.00\"",\""expenses\"":null}"", ""L-5fdebc48-06b8-473c-acee-912a046be279"": ""{\""filing_uuid\"":\""5fdebc48-06b8-473c-acee-912a046be279\"",\""filing_type\"":\""Q2\"",\""filing_year\"":2022,\""filing_period\"":\""second_quarter\"",\""income\"":\""10000.00\"",\""expenses\"":null}"", ""L-611b349e-274f-48f4-a5ca-1f57604029d6"": ""{\""filing_uuid\"":\""611b349e-274f-48f4-a5ca-1f57604029d6\"",\""filing_type\"":\""Q1\"",\""filing_year\"":2022,\""filing_period\"":\""first_quarter\"",\""income\"":\""40000.00\"",\""expenses\"":null}"", ""L-62088bc2-fd66-4ea7-8105-3c0b53922dd0"": ""{\""filing_uuid\"":\""62088bc2-fd66-4ea7-8105-3c0b53922dd0\"",\""filing_type\"":\""Q1\"",\""filing_year\"":2022,\""filing_period\"":\""first_quarter\"",\""income\"":\""90000.00\"",\""expenses\"":null}"", ""L-644a0092-fed1-42b8-a368-7e94df72cacd"": ""{\""filing_uuid\"":\""644a0092-fed1-42b8-a368-7e94df72cacd\"",\""filing_type\"":\""Q3\"",\""filing_year\"":2022,\""filing_period\"":\""third_quarter\"",\""income\"":\""50000.00\"",\""expenses\"":null}"", ""L-71470cf5-f4e1-4507-bcd8-ff26e08bee1c"": ""{\""filing_uuid\"":\""71470cf5-f4e1-4507-bcd8-ff26e08bee1c\"",\""filing_type\"":\""Q2\"",\""filing_year\"":2022,\""filing_period\"":\""second_quarter\"",\""income\"":\""50000.00\"",\""expenses\"":null}"", ""L-72a78200-e8fc-499e-a37e-31912257ad59"": ""{\""filing_uuid\"":\""72a78200-e8fc-499e-a37e-31912257ad59\"",\""filing_type\"":\""Q1\"",\""filing_year\"":2022,\""filing_period\"":\""first_quarter\"",\""income\"":\""30000.00\"",\""expenses\"":null}"", ""L-767b7158-df1d-416e-8ad3-56b06db6fd58"": ""{\""filing_uuid\"":\""767b7158-df1d-416e-8ad3-56b06db6fd58\"",\""filing_type\"":\""Q1\"",\""filing_year\"":2022,\""filing_period\"":\""first_quarter\"",\""income\"":\""60000.00\"",\""expenses\"":null}"", ""L-81f50b6d-731c-47b3-b022-d09376333371"": ""{\""filing_uuid\"":\""81f50b6d-731c-47b3-b022-d09376333371\"",\""filing_type\"":\""Q3\"",\""filing_year\"":2022,\""filing_period\"":\""third_quarter\"",\""income\"":\""50000.00\"",\""expenses\"":null}"", ""L-85bd7420-6e60-433e-9c3b-e992691904df"": ""{\""filing_uuid\"":\""85bd7420-6e60-433e-9c3b-e992691904df\"",\""filing_type\"":\""Q1\"",\""filing_year\"":2022,\""filing_period\"":\""first_quarter\"",\""income\"":\""50000.00\"",\""expenses\"":null}"", ""L-87046ad8-03ec-4bf0-96a8-d1bcbff94c64"": ""{\""filing_uuid\"":\""87046ad8-03ec-4bf0-96a8-d1bcbff94c64\"",\""filing_type\"":\""Q2\"",\""filing_year\"":2022,\""filing_period\"":\""second_quarter\"",\""income\"":\""50000.00\"",\""expenses\"":null}"", ""L-8708825f-004b-4d87-8b07-ceec8e06072f"": ""{\""filing_uuid\"":\""8708825f-004b-4d87-8b07-ceec8e06072f\"",\""filing_type\"":\""Q1\"",\""filing_year\"":2022,\""filing_period\"":\""first_quarter\"",\""income\"":\""50000.00\"",\""expenses\"":null}"", ""L-878d3009-ecb2-48c7-a123-d470e6771756"": ""{\""filing_uuid\"":\""878d3009-ecb2-48c7-a123-d470e6771756\"",\""filing_type\"":\""Q3\"",\""filing_year\"":2022,\""filing_period\"":\""third_quarter\"",\""income\"":\""50000.00\"",\""expenses\"":null}"", ""L-8affaa5b-70b9-451b-bb92-b3903d7cae0b"": ""{\""filing_uuid\"":\""8affaa5b-70b9-451b-bb92-b3903d7cae0b\"",\""filing_type\"":\""2T\"",\""filing_year\"":2022,\""filing_period\"":\""second_quarter\"",\""income\"":\""30000.00\"",\""expenses\"":null}"", ""L-8b69587b-ef1f-4f38-a219-f9facf834835"": ""{\""filing_uuid\"":\""8b69587b-ef1f-4f38-a219-f9facf834835\"",\""filing_type\"":\""Q1\"",\""filing_year\"":2022,\""filing_period\"":\""first_quarter\"",\""income\"":\""50000.00\"",\""expenses\"":null}"", ""L-9112496d-e187-400e-9108-7959f0cf095a"": ""{\""filing_uuid\"":\""9112496d-e187-400e-9108-7959f0cf095a\"",\""filing_type\"":\""Q3\"",\""filing_year\"":2022,\""filing_period\"":\""third_quarter\"",\""income\"":\""10000.00\"",\""expenses\"":null}"", ""L-9323ccb9-8a26-4984-ba62-cc72e7145448"": ""{\""filing_uuid\"":\""9323ccb9-8a26-4984-ba62-cc72e7145448\"",\""filing_type\"":\""Q4\"",\""filing_year\"":2022,\""filing_period\"":\""fourth_quarter\"",\""income\"":\""30000.00\"",\""expenses\"":null}"", ""L-932e06ac-4bd1-4846-b7ae-00acfd505a06"": ""{\""filing_uuid\"":\""932e06ac-4bd1-4846-b7ae-00acfd505a06\"",\""filing_type\"":\""Q1\"",\""filing_year\"":2022,\""filing_period\"":\""first_quarter\"",\""income\"":\""15000.00\"",\""expenses\"":null}"", ""L-999fa523-5e8d-4400-9f1e-07cf5c5c745b"": ""{\""filing_uuid\"":\""999fa523-5e8d-4400-9f1e-07cf5c5c745b\"",\""filing_type\"":\""Q3\"",\""filing_year\"":2022,\""filing_period\"":\""third_quarter\"",\""income\"":\""70000.00\"",\""expenses\"":null}"", ""L-9a961e29-1cce-4a41-824f-236f2ea0ad85"": ""{\""filing_uuid\"":\""9a961e29-1cce-4a41-824f-236f2ea0ad85\"",\""filing_type\"":\""Q4\"",\""filing_year\"":2022,\""filing_period\"":\""fourth_quarter\"",\""income\"":\""10000.00\"",\""expenses\"":null}"", ""L-9ed6cbcd-ca10-4e50-acb7-bfdec2bbf566"": ""{\""filing_uuid\"":\""9ed6cbcd-ca10-4e50-acb7-bfdec2bbf566\"",\""filing_type\"":\""Q1\"",\""filing_year\"":2022,\""filing_period\"":\""first_quarter\"",\""income\"":\""60000.00\"",\""expenses\"":null}"", ""L-a1104018-eb02-4363-9872-99d2531815f7"": ""{\""filing_uuid\"":\""a1104018-eb02-4363-9872-99d2531815f7\"",\""filing_type\"":\""Q4\"",\""filing_year\"":2022,\""filing_period\"":\""fourth_quarter\"",\""income\"":\""60000.00\"",\""expenses\"":null}"", ""L-a1e5af21-3f3a-435c-9ef6-695eb25b08e7"": ""{\""filing_uuid\"":\""a1e5af21-3f3a-435c-9ef6-695eb25b08e7\"",\""filing_type\"":\""Q2\"",\""filing_year\"":2022,\""filing_period\"":\""second_quarter\"",\""income\"":\""30000.00\"",\""expenses\"":null}"", ""L-a466bd17-122b-4f9c-8e16-fd1a4c2036e1"": ""{\""filing_uuid\"":\""a466bd17-122b-4f9c-8e16-fd1a4c2036e1\"",\""filing_type\"":\""Q3\"",\""filing_year\"":2022,\""filing_period\"":\""third_quarter\"",\""income\"":\""30000.00\"",\""expenses\"":null}"", ""L-a9477991-73e0-44cc-811a-85444d26bad9"": ""{\""filing_uuid\"":\""a9477991-73e0-44cc-811a-85444d26bad9\"",\""filing_type\"":\""3T\"",\""filing_year\"":2022,\""filing_period\"":\""third_quarter\"",\""income\"":\""30000.00\"",\""expenses\"":null}"", ""L-ab20d02b-5f86-4ca4-bc97-3f9242c4a703"": ""{\""filing_uuid\"":\""ab20d02b-5f86-4ca4-bc97-3f9242c4a703\"",\""filing_type\"":\""Q2\"",\""filing_year\"":2022,\""filing_period\"":\""second_quarter\"",\""income\"":\""30000.00\"",\""expenses\"":null}"", ""L-ad5e1ab4-bb0a-4d6d-b7fe-24226e02f4d4"": ""{\""filing_uuid\"":\""ad5e1ab4-bb0a-4d6d-b7fe-24226e02f4d4\"",\""filing_type\"":\""Q2\"",\""filing_year\"":2022,\""filing_period\"":\""second_quarter\"",\""income\"":\""50000.00\"",\""expenses\"":null}"", ""L-b148b66c-b66f-4791-bbf6-70c00b1bf061"": ""{\""filing_uuid\"":\""b148b66c-b66f-4791-bbf6-70c00b1bf061\"",\""filing_type\"":\""Q4\"",\""filing_year\"":2022,\""filing_period\"":\""fourth_quarter\"",\""income\"":\""30000.00\"",\""expenses\"":null}"", ""L-b3e2e6c4-4960-4d4b-a922-3a750a48f3ab"": ""{\""filing_uuid\"":\""b3e2e6c4-4960-4d4b-a922-3a750a48f3ab\"",\""filing_type\"":\""Q2\"",\""filing_year\"":2022,\""filing_period\"":\""second_quarter\"",\""income\"":\""60000.00\"",\""expenses\"":null}"", ""L-b3f5ec23-002b-416c-acb2-3d2936e3a237"": ""{\""filing_uuid\"":\""b3f5ec23-002b-416c-acb2-3d2936e3a237\"",\""filing_type\"":\""Q3\"",\""filing_year\"":2022,\""filing_period\"":\""third_quarter\"",\""income\"":\""90000.00\"",\""expenses\"":null}"", ""L-b42e2318-f006-494c-9289-ad6c0fc350e1"": ""{\""filing_uuid\"":\""b42e2318-f006-494c-9289-ad6c0fc350e1\"",\""filing_type\"":\""Q4\"",\""filing_year\"":2022,\""filing_period\"":\""fourth_quarter\"",\""income\"":\""80000.00\"",\""expenses\"":null}"", ""L-b4857dfa-bb79-495e-86f5-7211c5543c94"": ""{\""filing_uuid\"":\""b4857dfa-bb79-495e-86f5-7211c5543c94\"",\""filing_type\"":\""Q1\"",\""filing_year\"":2022,\""filing_period\"":\""first_quarter\"",\""income\"":\""60000.00\"",\""expenses\"":null}"", ""L-b5dbfb68-13f7-4564-abba-e7339d48a594"": ""{\""filing_uuid\"":\""b5dbfb68-13f7-4564-abba-e7339d48a594\"",\""filing_type\"":\""Q3\"",\""filing_year\"":2022,\""filing_period\"":\""third_quarter\"",\""income\"":\""30000.00\"",\""expenses\"":null}"", ""L-b81cd90e-873b-4f05-a1f0-18d94384ae8f"": ""{\""filing_uuid\"":\""b81cd90e-873b-4f05-a1f0-18d94384ae8f\"",\""filing_type\"":\""Q4\"",\""filing_year\"":2022,\""filing_period\"":\""fourth_quarter\"",\""income\"":\""50000.00\"",\""expenses\"":null}"", ""L-b9d8c056-d5fe-4072-8150-bcf67652f7b2"": ""{\""filing_uuid\"":\""b9d8c056-d5fe-4072-8150-bcf67652f7b2\"",\""filing_type\"":\""Q2\"",\""filing_year\"":2022,\""filing_period\"":\""second_quarter\"",\""income\"":\""50000.00\"",\""expenses\"":null}"", ""L-bacc6158-c059-4516-926b-9cdab6703e83"": ""{\""filing_uuid\"":\""bacc6158-c059-4516-926b-9cdab6703e83\"",\""filing_type\"":\""Q3\"",\""filing_year\"":2022,\""filing_period\"":\""third_quarter\"",\""income\"":\""60000.00\"",\""expenses\"":null}"", ""L-bb0bfada-c8b0-4e0e-b145-ead6452c3c16"": ""{\""filing_uuid\"":\""bb0bfada-c8b0-4e0e-b145-ead6452c3c16\"",\""filing_type\"":\""Q2\"",\""filing_year\"":2022,\""filing_period\"":\""second_quarter\"",\""income\"":\""30000.00\"",\""expenses\"":null}"", ""L-be7d859c-80e2-406a-9489-1888495c44e4"": ""{\""filing_uuid\"":\""be7d859c-80e2-406a-9489-1888495c44e4\"",\""filing_type\"":\""Q3\"",\""filing_year\"":2022,\""filing_period\"":\""third_quarter\"",\""income\"":\""50000.00\"",\""expenses\"":null}"", ""L-c119bcb9-3d5b-4fea-990a-22aa50c1f5a5"": ""{\""filing_uuid\"":\""c119bcb9-3d5b-4fea-990a-22aa50c1f5a5\"",\""filing_type\"":\""Q4\"",\""filing_year\"":2022,\""filing_period\"":\""fourth_quarter\"",\""income\"":\""60000.00\"",\""expenses\"":null}"", ""L-c1fff4a3-e60b-473c-986e-e3e8b91b38be"": ""{\""filing_uuid\"":\""c1fff4a3-e60b-473c-986e-e3e8b91b38be\"",\""filing_type\"":\""Q3\"",\""filing_year\"":2022,\""filing_period\"":\""third_quarter\"",\""income\"":\""60000.00\"",\""expenses\"":null}"", ""L-cb181c97-70d8-4190-b89c-c96a9a42068e"": ""{\""filing_uuid\"":\""cb181c97-70d8-4190-b89c-c96a9a42068e\"",\""filing_type\"":\""Q3\"",\""filing_year\"":2022,\""filing_period\"":\""third_quarter\"",\""income\"":\""60000.00\"",\""expenses\"":null}"", ""L-ccd2be80-b34c-41ca-83be-9fc72ebdf514"": ""{\""filing_uuid\"":\""ccd2be80-b34c-41ca-83be-9fc72ebdf514\"",\""filing_type\"":\""Q2\"",\""filing_year\"":2022,\""filing_period\"":\""second_quarter\"",\""income\"":\""40000.00\"",\""expenses\"":null}"", ""L-d8df7fa6-498e-40c4-a1dc-5a7fe870f32e"": ""{\""filing_uuid\"":\""d8df7fa6-498e-40c4-a1dc-5a7fe870f32e\"",\""filing_type\"":\""Q1\"",\""filing_year\"":2022,\""filing_period\"":\""first_quarter\"",\""income\"":\""30000.00\"",\""expenses\"":null}"", ""L-ddd5a431-4568-4fa6-a83f-a02b9aaa67f0"": ""{\""filing_uuid\"":\""ddd5a431-4568-4fa6-a83f-a02b9aaa67f0\"",\""filing_type\"":\""Q4\"",\""filing_year\"":2022,\""filing_period\"":\""fourth_quarter\"",\""income\"":\""15000.00\"",\""expenses\"":null}"", ""L-e197717a-6d8d-4fb1-90e5-f682bea397f1"": ""{\""filing_uuid\"":\""e197717a-6d8d-4fb1-90e5-f682bea397f1\"",\""filing_type\"":\""Q1\"",\""filing_year\"":2022,\""filing_period\"":\""first_quarter\"",\""income\"":\""50000.00\"",\""expenses\"":null}"", ""L-e3d5c3b5-a289-412c-a487-23cb675895dd"": ""{\""filing_uuid\"":\""e3d5c3b5-a289-412c-a487-23cb675895dd\"",\""filing_type\"":\""Q4\"",\""filing_year\"":2022,\""filing_period\"":\""fourth_quarter\"",\""income\"":\""40000.00\"",\""expenses\"":null}"", ""L-e51a8ac5-8d83-40e3-bad3-fa251c9ba01f"": ""{\""filing_uuid\"":\""e51a8ac5-8d83-40e3-bad3-fa251c9ba01f\"",\""filing_type\"":\""Q3\"",\""filing_year\"":2022,\""filing_period\"":\""third_quarter\"",\""income\"":\""50000.00\"",\""expenses\"":null}"", ""L-e710994c-fcb0-4d17-abb3-823f63fc59be"": ""{\""filing_uuid\"":\""e710994c-fcb0-4d17-abb3-823f63fc59be\"",\""filing_type\"":\""Q4\"",\""filing_year\"":2022,\""filing_period\"":\""fourth_quarter\"",\""income\"":\""50000.00\"",\""expenses\"":null}"", ""L-e8243d22-de25-4132-aabf-3b066dabf3ca"": ""{\""filing_uuid\"":\""e8243d22-de25-4132-aabf-3b066dabf3ca\"",\""filing_type\"":\""Q1\"",\""filing_year\"":2022,\""filing_period\"":\""first_quarter\"",\""income\"":\""30000.00\"",\""expenses\"":null}"", ""L-ee9ee89a-e6ad-4337-bb86-baf2f4372a77"": ""{\""filing_uuid\"":\""ee9ee89a-e6ad-4337-bb86-baf2f4372a77\"",\""filing_type\"":\""Q2\"",\""filing_year\"":2022,\""filing_period\"":\""second_quarter\"",\""income\"":\""60000.00\"",\""expenses\"":null}"", ""L-f0d59147-5baa-4436-bdfa-a4d52608efce"": ""{\""filing_uuid\"":\""f0d59147-5baa-4436-bdfa-a4d52608efce\"",\""filing_type\"":\""Q2\"",\""filing_year\"":2022,\""filing_period\"":\""second_quarter\"",\""income\"":\""80000.00\"",\""expenses\"":null}"", ""L-f106851b-2077-40c0-9ce2-c6ac01288006"": ""{\""filing_uuid\"":\""f106851b-2077-40c0-9ce2-c6ac01288006\"",\""filing_type\"":\""Q3\"",\""filing_year\"":2022,\""filing_period\"":\""third_quarter\"",\""income\"":\""60000.00\"",\""expenses\"":null}"", ""L-f3e59f56-6986-4637-97bb-b88fcfa9a0c2"": ""{\""filing_uuid\"":\""f3e59f56-6986-4637-97bb-b88fcfa9a0c2\"",\""filing_type\"":\""Q4\"",\""filing_year\"":2022,\""filing_period\"":\""fourth_quarter\"",\""income\"":\""90000.00\"",\""expenses\"":null}"", ""L-f3e86d73-3a34-4d8d-810a-54a19022b926"": ""{\""filing_uuid\"":\""f3e86d73-3a34-4d8d-810a-54a19022b926\"",\""filing_type\"":\""Q3\"",\""filing_year\"":2022,\""filing_period\"":\""third_quarter\"",\""income\"":\""60000.00\"",\""expenses\"":null}"", ""L-f9b38ecf-b58c-4c2b-a324-f4454f3dff22"": ""{\""filing_uuid\"":\""f9b38ecf-b58c-4c2b-a324-f4454f3dff22\"",\""filing_type\"":\""Q1\"",\""filing_year\"":2022,\""filing_period\"":\""first_quarter\"",\""income\"":\""50000.00\"",\""expenses\"":null}"", ""L-fbf4e03b-7ee8-4646-b1d2-bc10318a47ff"": ""{\""filing_uuid\"":\""fbf4e03b-7ee8-4646-b1d2-bc10318a47ff\"",\""filing_type\"":\""Q1\"",\""filing_year\"":2022,\""filing_period\"":\""first_quarter\"",\""income\"":\""50000.00\"",\""expenses\"":null}""}","Sum of numeric amounts on latest eligible quarterly reports, all issues combined. Blank reports are not zero and are not added. Separately named intermediaries excluded from direct fees. Outside fees and company expenses overlap and must never be added. Latest year uses completed quarters only; no annualization. No numeric reports means OPEN, not zero spending.",USD,,,L-037c2c51-6b71-498d-92fa-835970a1f69a;L-038d1a1e-a623-4300-9aea-db0e4b8d66c5;L-0391206c-ea29-452d-8913-c39d49d5b091;L-046ad612-4e45-4298-8e16-3f7a22b44902;L-09fe0d52-9ca1-4cd2-89e9-5076aacdc2ca;L-0b3f0be4-5561-4d53-ae32-6e70f9129ffc;L-0d177591-8390-41d3-bfb5-d1dc50fdd43d;L-101aa1cf-dd54-4af5-ac43-22fbac71d434;L-10963259-11ca-4d9d-9b7b-23b9a21a6832;L-1ab62ae3-7bc5-4ae8-b965-456a13abea8e;L-1e248769-b2a9-455a-92c9-35afb28b4fce;L-1f908489-7ea9-49e3-9cec-b5059ae21b3d;L-251eed05-2b17-4c83-932a-87b3da350d14;L-2d1faea0-0356-40de-a60f-e984bfd67155;L-2fcbbd15-4baf-40d3-80c4-b11a261cd7db;L-39fed6ab-97bf-408a-bbd3-fabd607bbe71;L-3d0817f8-e052-4893-b1bc-2b9cac4a3ee7;L-3ff8f867-5510-430f-a974-2626d19330a4;L-436bd62b-f4d9-49fc-af08-8d0aaf99eb25;L-4e9c8e53-86ef-4330-9a6f-355c07f9f8d3;L-518c3c53-8f21-4132-8777-a7ffc862daf5;L-599f9d5f-7249-4b22-952c-aa4e1a4ab3d2;L-5fdebc48-06b8-473c-acee-912a046be279;L-611b349e-274f-48f4-a5ca-1f57604029d6;L-62088bc2-fd66-4ea7-8105-3c0b53922dd0;L-644a0092-fed1-42b8-a368-7e94df72cacd;L-71470cf5-f4e1-4507-bcd8-ff26e08bee1c;L-72a78200-e8fc-499e-a37e-31912257ad59;L-767b7158-df1d-416e-8ad3-56b06db6fd58;L-81f50b6d-731c-47b3-b022-d09376333371;L-85bd7420-6e60-433e-9c3b-e992691904df;L-87046ad8-03ec-4bf0-96a8-d1bcbff94c64;L-8708825f-004b-4d87-8b07-ceec8e06072f;L-878d3009-ecb2-48c7-a123-d470e6771756;L-8affaa5b-70b9-451b-bb92-b3903d7cae0b;L-8b69587b-ef1f-4f38-a219-f9facf834835;L-9112496d-e187-400e-9108-7959f0cf095a;L-9323ccb9-8a26-4984-ba62-cc72e7145448;L-932e06ac-4bd1-4846-b7ae-00acfd505a06;L-999fa523-5e8d-4400-9f1e-07cf5c5c745b;L-9a961e29-1cce-4a41-824f-236f2ea0ad85;L-9ed6cbcd-ca10-4e50-acb7-bfdec2bbf566;L-a1104018-eb02-4363-9872-99d2531815f7;L-a1e5af21-3f3a-435c-9ef6-695eb25b08e7;L-a466bd17-122b-4f9c-8e16-fd1a4c2036e1;L-a9477991-73e0-44cc-811a-85444d26bad9;L-ab20d02b-5f86-4ca4-bc97-3f9242c4a703;L-ad5e1ab4-bb0a-4d6d-b7fe-24226e02f4d4;L-b148b66c-b66f-4791-bbf6-70c00b1bf061;L-b3e2e6c4-4960-4d4b-a922-3a750a48f3ab;L-b3f5ec23-002b-416c-acb2-3d2936e3a237;L-b42e2318-f006-494c-9289-ad6c0fc350e1;L-b4857dfa-bb79-495e-86f5-7211c5543c94;L-b5dbfb68-13f7-4564-abba-e7339d48a594;L-b81cd90e-873b-4f05-a1f0-18d94384ae8f;L-b9d8c056-d5fe-4072-8150-bcf67652f7b2;L-bacc6158-c059-4516-926b-9cdab6703e83;L-bb0bfada-c8b0-4e0e-b145-ead6452c3c16;L-be7d859c-80e2-406a-9489-1888495c44e4;L-c119bcb9-3d5b-4fea-990a-22aa50c1f5a5;L-c1fff4a3-e60b-473c-986e-e3e8b91b38be;L-cb181c97-70d8-4190-b89c-c96a9a42068e;L-ccd2be80-b34c-41ca-83be-9fc72ebdf514;L-d8df7fa6-498e-40c4-a1dc-5a7fe870f32e;L-ddd5a431-4568-4fa6-a83f-a02b9aaa67f0;L-e197717a-6d8d-4fb1-90e5-f682bea397f1;L-e3d5c3b5-a289-412c-a487-23cb675895dd;L-e51a8ac5-8d83-40e3-bad3-fa251c9ba01f;L-e710994c-fcb0-4d17-abb3-823f63fc59be;L-e8243d22-de25-4132-aabf-3b066dabf3ca;L-ee9ee89a-e6ad-4337-bb86-baf2f4372a77;L-f0d59147-5baa-4436-bdfa-a4d52608efce;L-f106851b-2077-40c0-9ce2-c6ac01288006;L-f3e59f56-6986-4637-97bb-b88fcfa9a0c2;L-f3e86d73-3a34-4d8d-810a-54a19022b926;L-f9b38ecf-b58c-4c2b-a324-f4454f3dff22;L-fbf4e03b-7ee8-4646-b1d2-bc10318a47ff,lobbying_external_fees,sum,Microsoft,2022,,,1;2;3;4,,,KEEP
FE-Microsoft-2023,3570000.00,https://lda.gov/filings/public/filing/014c0384-49fa-4940-ac81-7bf7f18d11ec/print/,2026-09-14,"{""L-014c0384-49fa-4940-ac81-7bf7f18d11ec"": ""{\""filing_uuid\"":\""014c0384-49fa-4940-ac81-7bf7f18d11ec\"",\""filing_type\"":\""Q3\"",\""filing_year\"":2023,\""filing_period\"":\""third_quarter\"",\""income\"":\""90000.00\"",\""expenses\"":null}"", ""L-03d5ec82-cc2a-43c0-846a-6e2103d14dad"": ""{\""filing_uuid\"":\""03d5ec82-cc2a-43c0-846a-6e2103d14dad\"",\""filing_type\"":\""Q4\"",\""filing_year\"":2023,\""filing_period\"":\""fourth_quarter\"",\""income\"":\""40000.00\"",\""expenses\"":null}"", ""L-03f8a20d-8c21-4531-9f2d-d29878c931b3"": ""{\""filing_uuid\"":\""03f8a20d-8c21-4531-9f2d-d29878c931b3\"",\""filing_type\"":\""Q1\"",\""filing_year\"":2023,\""filing_period\"":\""first_quarter\"",\""income\"":\""50000.00\"",\""expenses\"":null}"", ""L-091eecf4-89bc-4c05-8206-cde606b3799e"": ""{\""filing_uuid\"":\""091eecf4-89bc-4c05-8206-cde606b3799e\"",\""filing_type\"":\""Q2\"",\""filing_year\"":2023,\""filing_period\"":\""second_quarter\"",\""income\"":\""50000.00\"",\""expenses\"":null}"", ""L-096985c7-a371-449e-90c3-5a88bbf144d1"": ""{\""filing_uuid\"":\""096985c7-a371-449e-90c3-5a88bbf144d1\"",\""filing_type\"":\""Q2\"",\""filing_year\"":2023,\""filing_period\"":\""second_quarter\"",\""income\"":\""50000.00\"",\""expenses\"":null}"", ""L-0eb9abe3-d533-48dc-9397-dccde4900ade"": ""{\""filing_uuid\"":\""0eb9abe3-d533-48dc-9397-dccde4900ade\"",\""filing_type\"":\""Q2\"",\""filing_year\"":2023,\""filing_period\"":\""second_quarter\"",\""income\"":\""50000.00\"",\""expenses\"":null}"", ""L-125edfa2-0b08-48cc-bff2-9d766281b8c4"": ""{\""filing_uuid\"":\""125edfa2-0b08-48cc-bff2-9d766281b8c4\"",\""filing_type\"":\""Q1\"",\""filing_year\"":2023,\""filing_period\"":\""first_quarter\"",\""income\"":\""15000.00\"",\""expenses\"":null}"", ""L-13345ac6-7450-47a5-87cf-6d48a1ece9ad"": ""{\""filing_uuid\"":\""13345ac6-7450-47a5-87cf-6d48a1ece9ad\"",\""filing_type\"":\""Q2\"",\""filing_year\"":2023,\""filing_period\"":\""second_quarter\"",\""income\"":\""60000.00\"",\""expenses\"":null}"", ""L-15eab82f-2b14-4da1-8f92-b7ab305d865d"": ""{\""filing_uuid\"":\""15eab82f-2b14-4da1-8f92-b7ab305d865d\"",\""filing_type\"":\""Q4\"",\""filing_year\"":2023,\""filing_period\"":\""fourth_quarter\"",\""income\"":\""60000.00\"",\""expenses\"":null}"", ""L-17993e38-e82d-4cde-a663-aaaf01c0c08f"": ""{\""filing_uuid\"":\""17993e38-e82d-4cde-a663-aaaf01c0c08f\"",\""filing_type\"":\""Q2\"",\""filing_year\"":2023,\""filing_period\"":\""second_quarter\"",\""income\"":\""60000.00\"",\""expenses\"":null}"", ""L-25c4e7e1-1ee3-42b5-8472-c1bf9b9b7298"": ""{\""filing_uuid\"":\""25c4e7e1-1ee3-42b5-8472-c1bf9b9b7298\"",\""filing_type\"":\""Q4\"",\""filing_year\"":2023,\""filing_period\"":\""fourth_quarter\"",\""income\"":\""50000.00\"",\""expenses\"":null}"", ""L-2af462c6-313f-4894-b5d0-5f1cf9b734c8"": ""{\""filing_uuid\"":\""2af462c6-313f-4894-b5d0-5f1cf9b734c8\"",\""filing_type\"":\""Q2\"",\""filing_year\"":2023,\""filing_period\"":\""second_quarter\"",\""income\"":\""50000.00\"",\""expenses\"":null}"", ""L-2cb92ada-671f-429d-9e1c-13d117b29997"": ""{\""filing_uuid\"":\""2cb92ada-671f-429d-9e1c-13d117b29997\"",\""filing_type\"":\""Q4\"",\""filing_year\"":2023,\""filing_period\"":\""fourth_quarter\"",\""income\"":\""50000.00\"",\""expenses\"":null}"", ""L-2d399ab3-6a6f-4231-bdeb-6163fdcd3093"": ""{\""filing_uuid\"":\""2d399ab3-6a6f-4231-bdeb-6163fdcd3093\"",\""filing_type\"":\""Q1\"",\""filing_year\"":2023,\""filing_period\"":\""first_quarter\"",\""income\"":\""60000.00\"",\""expenses\"":null}"", ""L-2e036483-738a-4bf2-8197-b7dcad15bac5"": ""{\""filing_uuid\"":\""2e036483-738a-4bf2-8197-b7dcad15bac5\"",\""filing_type\"":\""Q1\"",\""filing_year\"":2023,\""filing_period\"":\""first_quarter\"",\""income\"":\""30000.00\"",\""expenses\"":null}"", ""L-34f4c297-ead4-433e-b3cc-0858cc07da2c"": ""{\""filing_uuid\"":\""34f4c297-ead4-433e-b3cc-0858cc07da2c\"",\""filing_type\"":\""Q1\"",\""filing_year\"":2023,\""filing_period\"":\""first_quarter\"",\""income\"":\""60000.00\"",\""expenses\"":null}"", ""L-3b42d9c8-cc87-4256-b8a8-bfcc85610146"": ""{\""filing_uuid\"":\""3b42d9c8-cc87-4256-b8a8-bfcc85610146\"",\""filing_type\"":\""Q1\"",\""filing_year\"":2023,\""filing_period\"":\""first_quarter\"",\""income\"":\""50000.00\"",\""expenses\"":null}"", ""L-3ede98a3-a3ac-49db-b927-dcaa6ebfa1fb"": ""{\""filing_uuid\"":\""3ede98a3-a3ac-49db-b927-dcaa6ebfa1fb\"",\""filing_type\"":\""Q2\"",\""filing_year\"":2023,\""filing_period\"":\""second_quarter\"",\""income\"":\""50000.00\"",\""expenses\"":null}"", ""L-3ff223c2-7ee0-4b90-9e07-d9b147cdb002"": ""{\""filing_uuid\"":\""3ff223c2-7ee0-4b90-9e07-d9b147cdb002\"",\""filing_type\"":\""Q2\"",\""filing_year\"":2023,\""filing_period\"":\""second_quarter\"",\""income\"":\""40000.00\"",\""expenses\"":null}"", ""L-45aec13c-9be6-49ef-a11a-1030170f34f7"": ""{\""filing_uuid\"":\""45aec13c-9be6-49ef-a11a-1030170f34f7\"",\""filing_type\"":\""Q4\"",\""filing_year\"":2023,\""filing_period\"":\""fourth_quarter\"",\""income\"":\""30000.00\"",\""expenses\"":null}"", ""L-46960f12-3561-4ae0-a3fd-126870c91d67"": ""{\""filing_uuid\"":\""46960f12-3561-4ae0-a3fd-126870c91d67\"",\""filing_type\"":\""Q3\"",\""filing_year\"":2023,\""filing_period\"":\""third_quarter\"",\""income\"":\""60000.00\"",\""expenses\"":null}"", ""L-48f97096-045c-45fb-adf2-10d97ea68310"": ""{\""filing_uuid\"":\""48f97096-045c-45fb-adf2-10d97ea68310\"",\""filing_type\"":\""Q3\"",\""filing_year\"":2023,\""filing_period\"":\""third_quarter\"",\""income\"":\""15000.00\"",\""expenses\"":null}"", ""L-4c85bc1c-fc9f-4121-9ae5-17da7aad5b3b"": ""{\""filing_uuid\"":\""4c85bc1c-fc9f-4121-9ae5-17da7aad5b3b\"",\""filing_type\"":\""Q3\"",\""filing_year\"":2023,\""filing_period\"":\""third_quarter\"",\""income\"":\""10000.00\"",\""expenses\"":null}"", ""L-4d4c8604-9889-4a43-bc31-31509b345fac"": ""{\""filing_uuid\"":\""4d4c8604-9889-4a43-bc31-31509b345fac\"",\""filing_type\"":\""Q3\"",\""filing_year\"":2023,\""filing_period\"":\""third_quarter\"",\""income\"":\""50000.00\"",\""expenses\"":null}"", ""L-5bdc8126-3601-4c96-9269-8bc78f959a29"": ""{\""filing_uuid\"":\""5bdc8126-3601-4c96-9269-8bc78f959a29\"",\""filing_type\"":\""Q4\"",\""filing_year\"":2023,\""filing_period\"":\""fourth_quarter\"",\""income\"":\""60000.00\"",\""expenses\"":null}"", ""L-5d82b0cf-1db7-47c9-bc68-2f572388ac67"": ""{\""filing_uuid\"":\""5d82b0cf-1db7-47c9-bc68-2f572388ac67\"",\""filing_type\"":\""Q4\"",\""filing_year\"":2023,\""filing_period\"":\""fourth_quarter\"",\""income\"":\""10000.00\"",\""expenses\"":null}"", ""L-620bd250-0213-4f37-b464-2da0ba01fb2d"": ""{\""filing_uuid\"":\""620bd250-0213-4f37-b464-2da0ba01fb2d\"",\""filing_type\"":\""Q4\"",\""filing_year\"":2023,\""filing_period\"":\""fourth_quarter\"",\""income\"":\""50000.00\"",\""expenses\"":null}"", ""L-66e1c82e-3890-4559-8061-965acc3d3ab2"": ""{\""filing_uuid\"":\""66e1c82e-3890-4559-8061-965acc3d3ab2\"",\""filing_type\"":\""Q4\"",\""filing_year\"":2023,\""filing_period\"":\""fourth_quarter\"",\""income\"":\""90000.00\"",\""expenses\"":null}"", ""L-6aeef179-4db0-4e2b-a67c-99cc623fa85f"": ""{\""filing_uuid\"":\""6aeef179-4db0-4e2b-a67c-99cc623fa85f\"",\""filing_type\"":\""Q3\"",\""filing_year\"":2023,\""filing_period\"":\""third_quarter\"",\""income\"":\""50000.00\"",\""expenses\"":null}"", ""L-6bf25e0a-3f02-4ab1-8096-0ac46625f506"": ""{\""filing_uuid\"":\""6bf25e0a-3f02-4ab1-8096-0ac46625f506\"",\""filing_type\"":\""Q4\"",\""filing_year\"":2023,\""filing_period\"":\""fourth_quarter\"",\""income\"":\""50000.00\"",\""expenses\"":null}"", ""L-72e04dc8-6fe6-46ed-8d51-bcc535a4ba46"": ""{\""filing_uuid\"":\""72e04dc8-6fe6-46ed-8d51-bcc535a4ba46\"",\""filing_type\"":\""Q1\"",\""filing_year\"":2023,\""filing_period\"":\""first_quarter\"",\""income\"":\""50000.00\"",\""expenses\"":null}"", ""L-74547b33-dae6-4a15-a765-1834d458293e"": ""{\""filing_uuid\"":\""74547b33-dae6-4a15-a765-1834d458293e\"",\""filing_type\"":\""Q1\"",\""filing_year\"":2023,\""filing_period\"":\""first_quarter\"",\""income\"":\""30000.00\"",\""expenses\"":null}"", ""L-7750ee6e-033b-4964-b856-5b20fe1c3759"": ""{\""filing_uuid\"":\""7750ee6e-033b-4964-b856-5b20fe1c3759\"",\""filing_type\"":\""Q2\"",\""filing_year\"":2023,\""filing_period\"":\""second_quarter\"",\""income\"":\""10000.00\"",\""expenses\"":null}"", ""L-77dafa96-e714-4702-b000-67e495b85aa0"": ""{\""filing_uuid\"":\""77dafa96-e714-4702-b000-67e495b85aa0\"",\""filing_type\"":\""Q4\"",\""filing_year\"":2023,\""filing_period\"":\""fourth_quarter\"",\""income\"":\""60000.00\"",\""expenses\"":null}"", ""L-79747707-cc90-49fa-afcd-022bcff3734c"": ""{\""filing_uuid\"":\""79747707-cc90-49fa-afcd-022bcff3734c\"",\""filing_type\"":\""Q1\"",\""filing_year\"":2023,\""filing_period\"":\""first_quarter\"",\""income\"":\""50000.00\"",\""expenses\"":null}"", ""L-7c854d2a-f874-4abf-8b1f-17cf2ec401f3"": ""{\""filing_uuid\"":\""7c854d2a-f874-4abf-8b1f-17cf2ec401f3\"",\""filing_type\"":\""Q1\"",\""filing_year\"":2023,\""filing_period\"":\""first_quarter\"",\""income\"":\""10000.00\"",\""expenses\"":null}"", ""L-8159cce5-35d4-4adf-9b68-aaf16127c1b2"": ""{\""filing_uuid\"":\""8159cce5-35d4-4adf-9b68-aaf16127c1b2\"",\""filing_type\"":\""Q4\"",\""filing_year\"":2023,\""filing_period\"":\""fourth_quarter\"",\""income\"":\""50000.00\"",\""expenses\"":null}"", ""L-845ac1ef-1543-4026-8619-c7ed8f201074"": ""{\""filing_uuid\"":\""845ac1ef-1543-4026-8619-c7ed8f201074\"",\""filing_type\"":\""Q4\"",\""filing_year\"":2023,\""filing_period\"":\""fourth_quarter\"",\""income\"":\""15000.00\"",\""expenses\"":null}"", ""L-8f4d2569-f235-4d55-ae58-89c23c702666"": ""{\""filing_uuid\"":\""8f4d2569-f235-4d55-ae58-89c23c702666\"",\""filing_type\"":\""Q2\"",\""filing_year\"":2023,\""filing_period\"":\""second_quarter\"",\""income\"":\""30000.00\"",\""expenses\"":null}"", ""L-901ae310-c1c9-42a5-9aa8-5b0da2f6814e"": ""{\""filing_uuid\"":\""901ae310-c1c9-42a5-9aa8-5b0da2f6814e\"",\""filing_type\"":\""Q3\"",\""filing_year\"":2023,\""filing_period\"":\""third_quarter\"",\""income\"":\""50000.00\"",\""expenses\"":null}"", ""L-92cfc1b7-d668-43de-9405-26fafe2c9c06"": ""{\""filing_uuid\"":\""92cfc1b7-d668-43de-9405-26fafe2c9c06\"",\""filing_type\"":\""Q1\"",\""filing_year\"":2023,\""filing_period\"":\""first_quarter\"",\""income\"":\""90000.00\"",\""expenses\"":null}"", ""L-93615f9a-b7a2-474a-9d02-2a83efdc7ea7"": ""{\""filing_uuid\"":\""93615f9a-b7a2-474a-9d02-2a83efdc7ea7\"",\""filing_type\"":\""Q3\"",\""filing_year\"":2023,\""filing_period\"":\""third_quarter\"",\""income\"":\""80000.00\"",\""expenses\"":null}"", ""L-9c932e42-b20f-47dc-8daf-7454badd911c"": ""{\""filing_uuid\"":\""9c932e42-b20f-47dc-8daf-7454badd911c\"",\""filing_type\"":\""Q1\"",\""filing_year\"":2023,\""filing_period\"":\""first_quarter\"",\""income\"":\""50000.00\"",\""expenses\"":null}"", ""L-9fc2eaf3-ef27-4004-9e14-8558a9bc2e8b"": ""{\""filing_uuid\"":\""9fc2eaf3-ef27-4004-9e14-8558a9bc2e8b\"",\""filing_type\"":\""Q3\"",\""filing_year\"":2023,\""filing_period\"":\""third_quarter\"",\""income\"":\""30000.00\"",\""expenses\"":null}"", ""L-a62f0660-147b-4a6b-a90c-9ea32868bf11"": ""{\""filing_uuid\"":\""a62f0660-147b-4a6b-a90c-9ea32868bf11\"",\""filing_type\"":\""Q4\"",\""filing_year\"":2023,\""filing_period\"":\""fourth_quarter\"",\""income\"":\""80000.00\"",\""expenses\"":null}"", ""L-a680207f-75f6-44bb-80bc-9a2d8e0b088d"": ""{\""filing_uuid\"":\""a680207f-75f6-44bb-80bc-9a2d8e0b088d\"",\""filing_type\"":\""Q2\"",\""filing_year\"":2023,\""filing_period\"":\""second_quarter\"",\""income\"":\""15000.00\"",\""expenses\"":null}"", ""L-a9605b7c-e4ac-4336-81a3-5c1a1147c892"": ""{\""filing_uuid\"":\""a9605b7c-e4ac-4336-81a3-5c1a1147c892\"",\""filing_type\"":\""Q4\"",\""filing_year\"":2023,\""filing_period\"":\""fourth_quarter\"",\""income\"":\""90000.00\"",\""expenses\"":null}"", ""L-b4098071-b36e-4c0a-a85b-7afe3d227b79"": ""{\""filing_uuid\"":\""b4098071-b36e-4c0a-a85b-7afe3d227b79\"",\""filing_type\"":\""Q3\"",\""filing_year\"":2023,\""filing_period\"":\""third_quarter\"",\""income\"":\""60000.00\"",\""expenses\"":null}"", ""L-b690e81d-da26-49b9-9beb-d1a01ec7f247"": ""{\""filing_uuid\"":\""b690e81d-da26-49b9-9beb-d1a01ec7f247\"",\""filing_type\"":\""Q3\"",\""filing_year\"":2023,\""filing_period\"":\""third_quarter\"",\""income\"":\""50000.00\"",\""expenses\"":null}"", ""L-b783984d-233a-4d0f-b61f-f5bc4a9ae540"": ""{\""filing_uuid\"":\""b783984d-233a-4d0f-b61f-f5bc4a9ae540\"",\""filing_type\"":\""Q3\"",\""filing_year\"":2023,\""filing_period\"":\""third_quarter\"",\""income\"":\""50000.00\"",\""expenses\"":null}"", ""L-b81e9b72-7820-4ca0-867d-97d5260afda9"": ""{\""filing_uuid\"":\""b81e9b72-7820-4ca0-867d-97d5260afda9\"",\""filing_type\"":\""Q1\"",\""filing_year\"":2023,\""filing_period\"":\""first_quarter\"",\""income\"":\""50000.00\"",\""expenses\"":null}"", ""L-b98fa280-a446-461c-bf8b-4bae2a0d2eaa"": ""{\""filing_uuid\"":\""b98fa280-a446-461c-bf8b-4bae2a0d2eaa\"",\""filing_type\"":\""Q2\"",\""filing_year\"":2023,\""filing_period\"":\""second_quarter\"",\""income\"":\""60000.00\"",\""expenses\"":null}"", ""L-ba5a5bed-fe4a-4645-89c5-b5946f8310bf"": ""{\""filing_uuid\"":\""ba5a5bed-fe4a-4645-89c5-b5946f8310bf\"",\""filing_type\"":\""Q3\"",\""filing_year\"":2023,\""filing_period\"":\""third_quarter\"",\""income\"":\""50000.00\"",\""expenses\"":null}"", ""L-bb5aff8a-c4f2-46d7-9dbc-f8f933b29fdd"": ""{\""filing_uuid\"":\""bb5aff8a-c4f2-46d7-9dbc-f8f933b29fdd\"",\""filing_type\"":\""Q4\"",\""filing_year\"":2023,\""filing_period\"":\""fourth_quarter\"",\""income\"":\""30000.00\"",\""expenses\"":null}"", ""L-bcad48d6-57a9-47bc-abcd-e339c4082652"": ""{\""filing_uuid\"":\""bcad48d6-57a9-47bc-abcd-e339c4082652\"",\""filing_type\"":\""Q2\"",\""filing_year\"":2023,\""filing_period\"":\""second_quarter\"",\""income\"":\""30000.00\"",\""expenses\"":null}"", ""L-bedc6f09-f5cb-4536-adb3-9523a07737f9"": ""{\""filing_uuid\"":\""bedc6f09-f5cb-4536-adb3-9523a07737f9\"",\""filing_type\"":\""Q1\"",\""filing_year\"":2023,\""filing_period\"":\""first_quarter\"",\""income\"":\""70000.00\"",\""expenses\"":null}"", ""L-c00639ca-fd17-43cf-b153-f912c1404523"": ""{\""filing_uuid\"":\""c00639ca-fd17-43cf-b153-f912c1404523\"",\""filing_type\"":\""Q2\"",\""filing_year\"":2023,\""filing_period\"":\""second_quarter\"",\""income\"":\""50000.00\"",\""expenses\"":null}"", ""L-c2baf673-725b-4bd4-8e9f-61e7e2faa8c5"": ""{\""filing_uuid\"":\""c2baf673-725b-4bd4-8e9f-61e7e2faa8c5\"",\""filing_type\"":\""Q2\"",\""filing_year\"":2023,\""filing_period\"":\""second_quarter\"",\""income\"":\""80000.00\"",\""expenses\"":null}"", ""L-caa6b104-d0a5-467d-af07-142af80df51f"": ""{\""filing_uuid\"":\""caa6b104-d0a5-467d-af07-142af80df51f\"",\""filing_type\"":\""Q3\"",\""filing_year\"":2023,\""filing_period\"":\""third_quarter\"",\""income\"":\""70000.00\"",\""expenses\"":null}"", ""L-ce3e0b32-30c5-42b8-9128-e50f124ecce3"": ""{\""filing_uuid\"":\""ce3e0b32-30c5-42b8-9128-e50f124ecce3\"",\""filing_type\"":\""Q3\"",\""filing_year\"":2023,\""filing_period\"":\""third_quarter\"",\""income\"":\""30000.00\"",\""expenses\"":null}"", ""L-d0fc02d9-a726-4f6f-af13-64dfabc0ad4a"": ""{\""filing_uuid\"":\""d0fc02d9-a726-4f6f-af13-64dfabc0ad4a\"",\""filing_type\"":\""Q1\"",\""filing_year\"":2023,\""filing_period\"":\""first_quarter\"",\""income\"":\""60000.00\"",\""expenses\"":null}"", ""L-d8cf4dba-656d-464d-a692-23cca0142d44"": ""{\""filing_uuid\"":\""d8cf4dba-656d-464d-a692-23cca0142d44\"",\""filing_type\"":\""Q3\"",\""filing_year\"":2023,\""filing_period\"":\""third_quarter\"",\""income\"":\""60000.00\"",\""expenses\"":null}"", ""L-d8ff3e1f-6b0d-4aff-bc42-65202972fec2"": ""{\""filing_uuid\"":\""d8ff3e1f-6b0d-4aff-bc42-65202972fec2\"",\""filing_type\"":\""Q1\"",\""filing_year\"":2023,\""filing_period\"":\""first_quarter\"",\""income\"":\""60000.00\"",\""expenses\"":null}"", ""L-da4861db-aa1d-489f-84d5-6def9c4d0327"": ""{\""filing_uuid\"":\""da4861db-aa1d-489f-84d5-6def9c4d0327\"",\""filing_type\"":\""Q4\"",\""filing_year\"":2023,\""filing_period\"":\""fourth_quarter\"",\""income\"":\""30000.00\"",\""expenses\"":null}"", ""L-db68b9f6-eb34-4b21-a8a3-3ccdc1f7bc89"": ""{\""filing_uuid\"":\""db68b9f6-eb34-4b21-a8a3-3ccdc1f7bc89\"",\""filing_type\"":\""Q1\"",\""filing_year\"":2023,\""filing_period\"":\""first_quarter\"",\""income\"":\""30000.00\"",\""expenses\"":null}"", ""L-df5f47e7-91ae-49f4-bc31-dd66e613c9df"": ""{\""filing_uuid\"":\""df5f47e7-91ae-49f4-bc31-dd66e613c9df\"",\""filing_type\"":\""Q1\"",\""filing_year\"":2023,\""filing_period\"":\""first_quarter\"",\""income\"":\""50000.00\"",\""expenses\"":null}"", ""L-dfee2c5c-f27b-4dae-993d-8a0682b375f4"": ""{\""filing_uuid\"":\""dfee2c5c-f27b-4dae-993d-8a0682b375f4\"",\""filing_type\"":\""Q2\"",\""filing_year\"":2023,\""filing_period\"":\""second_quarter\"",\""income\"":\""90000.00\"",\""expenses\"":null}"", ""L-ec403367-cc0f-4d19-9315-b691005288fd"": ""{\""filing_uuid\"":\""ec403367-cc0f-4d19-9315-b691005288fd\"",\""filing_type\"":\""Q4\"",\""filing_year\"":2023,\""filing_period\"":\""fourth_quarter\"",\""income\"":\""60000.00\"",\""expenses\"":null}"", ""L-ecbbb37f-7b19-4bd3-9b34-bb9361f704f2"": ""{\""filing_uuid\"":\""ecbbb37f-7b19-4bd3-9b34-bb9361f704f2\"",\""filing_type\"":\""Q4\"",\""filing_year\"":2023,\""filing_period\"":\""fourth_quarter\"",\""income\"":\""50000.00\"",\""expenses\"":null}"", ""L-f274bd83-b92f-4f6e-b128-cb5e7d22def7"": ""{\""filing_uuid\"":\""f274bd83-b92f-4f6e-b128-cb5e7d22def7\"",\""filing_type\"":\""Q3\"",\""filing_year\"":2023,\""filing_period\"":\""third_quarter\"",\""income\"":\""30000.00\"",\""expenses\"":null}"", ""L-f5ec0eb0-c866-4998-a161-71cd3fca3ee8"": ""{\""filing_uuid\"":\""f5ec0eb0-c866-4998-a161-71cd3fca3ee8\"",\""filing_type\"":\""Q2\"",\""filing_year\"":2023,\""filing_period\"":\""second_quarter\"",\""income\"":\""30000.00\"",\""expenses\"":null}"", ""L-fa3f6ad9-8276-47ae-a024-a3bc0562ddfc"": ""{\""filing_uuid\"":\""fa3f6ad9-8276-47ae-a024-a3bc0562ddfc\"",\""filing_type\"":\""Q3\"",\""filing_year\"":2023,\""filing_period\"":\""third_quarter\"",\""income\"":\""50000.00\"",\""expenses\"":null}"", ""L-fe0e3a1c-ad3d-407e-ab1c-8c81c7904ef2"": ""{\""filing_uuid\"":\""fe0e3a1c-ad3d-407e-ab1c-8c81c7904ef2\"",\""filing_type\"":\""Q2\"",\""filing_year\"":2023,\""filing_period\"":\""second_quarter\"",\""income\"":\""60000.00\"",\""expenses\"":null}""}","Sum of numeric amounts on latest eligible quarterly reports, all issues combined. Blank reports are not zero and are not added. Separately named intermediaries excluded from direct fees. Outside fees and company expenses overlap and must never be added. Latest year uses completed quarters only; no annualization. No numeric reports means OPEN, not zero spending.",USD,,,L-014c0384-49fa-4940-ac81-7bf7f18d11ec;L-03d5ec82-cc2a-43c0-846a-6e2103d14dad;L-03f8a20d-8c21-4531-9f2d-d29878c931b3;L-091eecf4-89bc-4c05-8206-cde606b3799e;L-096985c7-a371-449e-90c3-5a88bbf144d1;L-0eb9abe3-d533-48dc-9397-dccde4900ade;L-125edfa2-0b08-48cc-bff2-9d766281b8c4;L-13345ac6-7450-47a5-87cf-6d48a1ece9ad;L-15eab82f-2b14-4da1-8f92-b7ab305d865d;L-17993e38-e82d-4cde-a663-aaaf01c0c08f;L-25c4e7e1-1ee3-42b5-8472-c1bf9b9b7298;L-2af462c6-313f-4894-b5d0-5f1cf9b734c8;L-2cb92ada-671f-429d-9e1c-13d117b29997;L-2d399ab3-6a6f-4231-bdeb-6163fdcd3093;L-2e036483-738a-4bf2-8197-b7dcad15bac5;L-34f4c297-ead4-433e-b3cc-0858cc07da2c;L-3b42d9c8-cc87-4256-b8a8-bfcc85610146;L-3ede98a3-a3ac-49db-b927-dcaa6ebfa1fb;L-3ff223c2-7ee0-4b90-9e07-d9b147cdb002;L-45aec13c-9be6-49ef-a11a-1030170f34f7;L-46960f12-3561-4ae0-a3fd-126870c91d67;L-48f97096-045c-45fb-adf2-10d97ea68310;L-4c85bc1c-fc9f-4121-9ae5-17da7aad5b3b;L-4d4c8604-9889-4a43-bc31-31509b345fac;L-5bdc8126-3601-4c96-9269-8bc78f959a29;L-5d82b0cf-1db7-47c9-bc68-2f572388ac67;L-620bd250-0213-4f37-b464-2da0ba01fb2d;L-66e1c82e-3890-4559-8061-965acc3d3ab2;L-6aeef179-4db0-4e2b-a67c-99cc623fa85f;L-6bf25e0a-3f02-4ab1-8096-0ac46625f506;L-72e04dc8-6fe6-46ed-8d51-bcc535a4ba46;L-74547b33-dae6-4a15-a765-1834d458293e;L-7750ee6e-033b-4964-b856-5b20fe1c3759;L-77dafa96-e714-4702-b000-67e495b85aa0;L-79747707-cc90-49fa-afcd-022bcff3734c;L-7c854d2a-f874-4abf-8b1f-17cf2ec401f3;L-8159cce5-35d4-4adf-9b68-aaf16127c1b2;L-845ac1ef-1543-4026-8619-c7ed8f201074;L-8f4d2569-f235-4d55-ae58-89c23c702666;L-901ae310-c1c9-42a5-9aa8-5b0da2f6814e;L-92cfc1b7-d668-43de-9405-26fafe2c9c06;L-93615f9a-b7a2-474a-9d02-2a83efdc7ea7;L-9c932e42-b20f-47dc-8daf-7454badd911c;L-9fc2eaf3-ef27-4004-9e14-8558a9bc2e8b;L-a62f0660-147b-4a6b-a90c-9ea32868bf11;L-a680207f-75f6-44bb-80bc-9a2d8e0b088d;L-a9605b7c-e4ac-4336-81a3-5c1a1147c892;L-b4098071-b36e-4c0a-a85b-7afe3d227b79;L-b690e81d-da26-49b9-9beb-d1a01ec7f247;L-b783984d-233a-4d0f-b61f-f5bc4a9ae540;L-b81e9b72-7820-4ca0-867d-97d5260afda9;L-b98fa280-a446-461c-bf8b-4bae2a0d2eaa;L-ba5a5bed-fe4a-4645-89c5-b5946f8310bf;L-bb5aff8a-c4f2-46d7-9dbc-f8f933b29fdd;L-bcad48d6-57a9-47bc-abcd-e339c4082652;L-bedc6f09-f5cb-4536-adb3-9523a07737f9;L-c00639ca-fd17-43cf-b153-f912c1404523;L-c2baf673-725b-4bd4-8e9f-61e7e2faa8c5;L-caa6b104-d0a5-467d-af07-142af80df51f;L-ce3e0b32-30c5-42b8-9128-e50f124ecce3;L-d0fc02d9-a726-4f6f-af13-64dfabc0ad4a;L-d8cf4dba-656d-464d-a692-23cca0142d44;L-d8ff3e1f-6b0d-4aff-bc42-65202972fec2;L-da4861db-aa1d-489f-84d5-6def9c4d0327;L-db68b9f6-eb34-4b21-a8a3-3ccdc1f7bc89;L-df5f47e7-91ae-49f4-bc31-dd66e613c9df;L-dfee2c5c-f27b-4dae-993d-8a0682b375f4;L-ec403367-cc0f-4d19-9315-b691005288fd;L-ecbbb37f-7b19-4bd3-9b34-bb9361f704f2;L-f274bd83-b92f-4f6e-b128-cb5e7d22def7;L-f5ec0eb0-c866-4998-a161-71cd3fca3ee8;L-fa3f6ad9-8276-47ae-a024-a3bc0562ddfc;L-fe0e3a1c-ad3d-407e-ab1c-8c81c7904ef2,lobbying_external_fees,sum,Microsoft,2023,,,1;2;3;4,,,KEEP
FE-Microsoft-2024,3915000.00,https://lda.gov/filings/public/filing/018d920e-e55f-450b-9e14-c982c804905a/print/,2026-09-14,"{""L-018d920e-e55f-450b-9e14-c982c804905a"": ""{\""filing_uuid\"":\""018d920e-e55f-450b-9e14-c982c804905a\"",\""filing_type\"":\""Q4\"",\""filing_year\"":2024,\""filing_period\"":\""fourth_quarter\"",\""income\"":\""60000.00\"",\""expenses\"":null}"", ""L-033bad15-0481-4f0c-a45c-86209b863147"": ""{\""filing_uuid\"":\""033bad15-0481-4f0c-a45c-86209b863147\"",\""filing_type\"":\""Q4\"",\""filing_year\"":2024,\""filing_period\"":\""fourth_quarter\"",\""income\"":\""50000.00\"",\""expenses\"":null}"", ""L-05ae0d5d-715c-4e77-b32b-a98977b7d6a5"": ""{\""filing_uuid\"":\""05ae0d5d-715c-4e77-b32b-a98977b7d6a5\"",\""filing_type\"":\""Q1\"",\""filing_year\"":2024,\""filing_period\"":\""first_quarter\"",\""income\"":\""60000.00\"",\""expenses\"":null}"", ""L-06436b44-6082-439b-8d51-b8bc53526907"": ""{\""filing_uuid\"":\""06436b44-6082-439b-8d51-b8bc53526907\"",\""filing_type\"":\""Q3\"",\""filing_year\"":2024,\""filing_period\"":\""third_quarter\"",\""income\"":\""40000.00\"",\""expenses\"":null}"", ""L-06e3b29d-0735-4ac5-bac1-c3d7e6bdd130"": ""{\""filing_uuid\"":\""06e3b29d-0735-4ac5-bac1-c3d7e6bdd130\"",\""filing_type\"":\""Q3\"",\""filing_year\"":2024,\""filing_period\"":\""third_quarter\"",\""income\"":\""90000.00\"",\""expenses\"":null}"", ""L-07fac339-9446-4083-b895-1ba9deddc293"": ""{\""filing_uuid\"":\""07fac339-9446-4083-b895-1ba9deddc293\"",\""filing_type\"":\""Q4\"",\""filing_year\"":2024,\""filing_period\"":\""fourth_quarter\"",\""income\"":\""40000.00\"",\""expenses\"":null}"", ""L-09bf4b9d-6bd1-4462-ac66-e668ddd7fa80"": ""{\""filing_uuid\"":\""09bf4b9d-6bd1-4462-ac66-e668ddd7fa80\"",\""filing_type\"":\""Q2\"",\""filing_year\"":2024,\""filing_period\"":\""second_quarter\"",\""income\"":\""80000.00\"",\""expenses\"":null}"", ""L-0cb8c4ce-546b-4cf1-ba90-66895843353c"": ""{\""filing_uuid\"":\""0cb8c4ce-546b-4cf1-ba90-66895843353c\"",\""filing_type\"":\""Q1\"",\""filing_year\"":2024,\""filing_period\"":\""first_quarter\"",\""income\"":\""60000.00\"",\""expenses\"":null}"", ""L-0f6d008f-6801-4735-b7ac-1e32fefe793a"": ""{\""filing_uuid\"":\""0f6d008f-6801-4735-b7ac-1e32fefe793a\"",\""filing_type\"":\""Q1\"",\""filing_year\"":2024,\""filing_period\"":\""first_quarter\"",\""income\"":\""30000.00\"",\""expenses\"":null}"", ""L-1453c3e1-ec4a-41d7-af43-bceac8cb993f"": ""{\""filing_uuid\"":\""1453c3e1-ec4a-41d7-af43-bceac8cb993f\"",\""filing_type\"":\""Q4\"",\""filing_year\"":2024,\""filing_period\"":\""fourth_quarter\"",\""income\"":\""60000.00\"",\""expenses\"":null}"", ""L-184844c9-1ba6-486e-9854-41b86539481e"": ""{\""filing_uuid\"":\""184844c9-1ba6-486e-9854-41b86539481e\"",\""filing_type\"":\""Q3\"",\""filing_year\"":2024,\""filing_period\"":\""third_quarter\"",\""income\"":\""80000.00\"",\""expenses\"":null}"", ""L-19fac979-6d9d-47e9-8214-dc1fd23f472f"": ""{\""filing_uuid\"":\""19fac979-6d9d-47e9-8214-dc1fd23f472f\"",\""filing_type\"":\""Q4\"",\""filing_year\"":2024,\""filing_period\"":\""fourth_quarter\"",\""income\"":\""30000.00\"",\""expenses\"":null}"", ""L-1b18114a-6c70-418c-a991-10a66d8622aa"": ""{\""filing_uuid\"":\""1b18114a-6c70-418c-a991-10a66d8622aa\"",\""filing_type\"":\""Q2\"",\""filing_year\"":2024,\""filing_period\"":\""second_quarter\"",\""income\"":\""50000.00\"",\""expenses\"":null}"", ""L-1d6e7985-ad34-4d12-87aa-d5aa6310bd30"": ""{\""filing_uuid\"":\""1d6e7985-ad34-4d12-87aa-d5aa6310bd30\"",\""filing_type\"":\""Q2\"",\""filing_year\"":2024,\""filing_period\"":\""second_quarter\"",\""income\"":\""60000.00\"",\""expenses\"":null}"", ""L-2c94c525-7389-4573-bbf2-1ed655d5a8da"": ""{\""filing_uuid\"":\""2c94c525-7389-4573-bbf2-1ed655d5a8da\"",\""filing_type\"":\""4T\"",\""filing_year\"":2024,\""filing_period\"":\""fourth_quarter\"",\""income\"":\""20000.00\"",\""expenses\"":null}"", ""L-2d650f0e-e7b7-495b-a4ce-6cbd4d27e659"": ""{\""filing_uuid\"":\""2d650f0e-e7b7-495b-a4ce-6cbd4d27e659\"",\""filing_type\"":\""Q1\"",\""filing_year\"":2024,\""filing_period\"":\""first_quarter\"",\""income\"":\""50000.00\"",\""expenses\"":null}"", ""L-2ee1ab75-dabc-4fda-9de2-583a56accb2f"": ""{\""filing_uuid\"":\""2ee1ab75-dabc-4fda-9de2-583a56accb2f\"",\""filing_type\"":\""Q2\"",\""filing_year\"":2024,\""filing_period\"":\""second_quarter\"",\""income\"":\""30000.00\"",\""expenses\"":null}"", ""L-2fc540b5-84e7-47f6-a842-f89d9afd9082"": ""{\""filing_uuid\"":\""2fc540b5-84e7-47f6-a842-f89d9afd9082\"",\""filing_type\"":\""Q4\"",\""filing_year\"":2024,\""filing_period\"":\""fourth_quarter\"",\""income\"":\""40000.00\"",\""expenses\"":null}"", ""L-32fc8136-c7f2-49ef-bd27-9a50f55bcc37"": ""{\""filing_uuid\"":\""32fc8136-c7f2-49ef-bd27-9a50f55bcc37\"",\""filing_type\"":\""Q3\"",\""filing_year\"":2024,\""filing_period\"":\""third_quarter\"",\""income\"":\""40000.00\"",\""expenses\"":null}"", ""L-33fd20db-eeb1-40eb-b44e-69cbcdb8908d"": ""{\""filing_uuid\"":\""33fd20db-eeb1-40eb-b44e-69cbcdb8908d\"",\""filing_type\"":\""Q4\"",\""filing_year\"":2024,\""filing_period\"":\""fourth_quarter\"",\""income\"":\""80000.00\"",\""expenses\"":null}"", ""L-34a79ac0-dfa5-4719-9c60-83bfab56cd25"": ""{\""filing_uuid\"":\""34a79ac0-dfa5-4719-9c60-83bfab56cd25\"",\""filing_type\"":\""Q1\"",\""filing_year\"":2024,\""filing_period\"":\""first_quarter\"",\""income\"":\""90000.00\"",\""expenses\"":null}"", ""L-37ccbab6-dc06-407b-af86-2e16f5c016d9"": ""{\""filing_uuid\"":\""37ccbab6-dc06-407b-af86-2e16f5c016d9\"",\""filing_type\"":\""Q1\"",\""filing_year\"":2024,\""filing_period\"":\""first_quarter\"",\""income\"":\""70000.00\"",\""expenses\"":null}"", ""L-3d5feaf0-dede-4f0b-837e-8514662e5ab2"": ""{\""filing_uuid\"":\""3d5feaf0-dede-4f0b-837e-8514662e5ab2\"",\""filing_type\"":\""Q1\"",\""filing_year\"":2024,\""filing_period\"":\""first_quarter\"",\""income\"":\""50000.00\"",\""expenses\"":null}"", ""L-3e36de64-671e-4a5a-9b31-01bd655f58e1"": ""{\""filing_uuid\"":\""3e36de64-671e-4a5a-9b31-01bd655f58e1\"",\""filing_type\"":\""Q3\"",\""filing_year\"":2024,\""filing_period\"":\""third_quarter\"",\""income\"":\""60000.00\"",\""expenses\"":null}"", ""L-3ef14e09-473c-4bff-a271-5c3a87537779"": ""{\""filing_uuid\"":\""3ef14e09-473c-4bff-a271-5c3a87537779\"",\""filing_type\"":\""Q3\"",\""filing_year\"":2024,\""filing_period\"":\""third_quarter\"",\""income\"":\""50000.00\"",\""expenses\"":null}"", ""L-49f875cd-76f0-426c-9971-9348224dc3d4"": ""{\""filing_uuid\"":\""49f875cd-76f0-426c-9971-9348224dc3d4\"",\""filing_type\"":\""Q3\"",\""filing_year\"":2024,\""filing_period\"":\""third_quarter\"",\""income\"":\""30000.00\"",\""expenses\"":null}"", ""L-4b5a5034-2cda-4d23-a8d8-78122e048df5"": ""{\""filing_uuid\"":\""4b5a5034-2cda-4d23-a8d8-78122e048df5\"",\""filing_type\"":\""Q4\"",\""filing_year\"":2024,\""filing_period\"":\""fourth_quarter\"",\""income\"":\""30000.00\"",\""expenses\"":null}"", ""L-4d416d9b-f6b4-40e2-b6cb-e507edd5c4ad"": ""{\""filing_uuid\"":\""4d416d9b-f6b4-40e2-b6cb-e507edd5c4ad\"",\""filing_type\"":\""Q2\"",\""filing_year\"":2024,\""filing_period\"":\""second_quarter\"",\""income\"":\""50000.00\"",\""expenses\"":null}"", ""L-56db4907-8777-4201-a24f-a51b14392f0a"": ""{\""filing_uuid\"":\""56db4907-8777-4201-a24f-a51b14392f0a\"",\""filing_type\"":\""Q4\"",\""filing_year\"":2024,\""filing_period\"":\""fourth_quarter\"",\""income\"":\""50000.00\"",\""expenses\"":null}"", ""L-5a6c979e-1029-4f34-8400-3adde1f06f52"": ""{\""filing_uuid\"":\""5a6c979e-1029-4f34-8400-3adde1f06f52\"",\""filing_type\"":\""Q4\"",\""filing_year\"":2024,\""filing_period\"":\""fourth_quarter\"",\""income\"":\""40000.00\"",\""expenses\"":null}"", ""L-5d99cd32-e30d-49b5-ae82-3fc029c7fec2"": ""{\""filing_uuid\"":\""5d99cd32-e30d-49b5-ae82-3fc029c7fec2\"",\""filing_type\"":\""Q1\"",\""filing_year\"":2024,\""filing_period\"":\""first_quarter\"",\""income\"":\""90000.00\"",\""expenses\"":null}"", ""L-604c6335-2eb9-4c0b-a7ed-40a72bb8d0c7"": ""{\""filing_uuid\"":\""604c6335-2eb9-4c0b-a7ed-40a72bb8d0c7\"",\""filing_type\"":\""Q3\"",\""filing_year\"":2024,\""filing_period\"":\""third_quarter\"",\""income\"":\""50000.00\"",\""expenses\"":null}"", ""L-61196614-23dc-46ab-9072-6c15590f6b1d"": ""{\""filing_uuid\"":\""61196614-23dc-46ab-9072-6c15590f6b1d\"",\""filing_type\"":\""Q2\"",\""filing_year\"":2024,\""filing_period\"":\""second_quarter\"",\""income\"":\""40000.00\"",\""expenses\"":null}"", ""L-61ed8104-13ac-4f9e-82e5-08de17dbfa78"": ""{\""filing_uuid\"":\""61ed8104-13ac-4f9e-82e5-08de17dbfa78\"",\""filing_type\"":\""Q3\"",\""filing_year\"":2024,\""filing_period\"":\""third_quarter\"",\""income\"":\""90000.00\"",\""expenses\"":null}"", ""L-62932df8-23db-4038-86d4-71cecde38c08"": ""{\""filing_uuid\"":\""62932df8-23db-4038-86d4-71cecde38c08\"",\""filing_type\"":\""Q2\"",\""filing_year\"":2024,\""filing_period\"":\""second_quarter\"",\""income\"":\""90000.00\"",\""expenses\"":null}"", ""L-6767e253-0e3b-4762-b263-c7539fa9e36b"": ""{\""filing_uuid\"":\""6767e253-0e3b-4762-b263-c7539fa9e36b\"",\""filing_type\"":\""Q1\"",\""filing_year\"":2024,\""filing_period\"":\""first_quarter\"",\""income\"":\""50000.00\"",\""expenses\"":null}"", ""L-6a837dea-ec12-46d5-8cc7-863d11af724e"": ""{\""filing_uuid\"":\""6a837dea-ec12-46d5-8cc7-863d11af724e\"",\""filing_type\"":\""Q1\"",\""filing_year\"":2024,\""filing_period\"":\""first_quarter\"",\""income\"":\""30000.00\"",\""expenses\"":null}"", ""L-6d26231d-b8a8-431a-95e0-04e591766448"": ""{\""filing_uuid\"":\""6d26231d-b8a8-431a-95e0-04e591766448\"",\""filing_type\"":\""Q3\"",\""filing_year\"":2024,\""filing_period\"":\""third_quarter\"",\""income\"":\""60000.00\"",\""expenses\"":null}"", ""L-6de828e0-43e3-40b6-a411-838926b96d51"": ""{\""filing_uuid\"":\""6de828e0-43e3-40b6-a411-838926b96d51\"",\""filing_type\"":\""Q1\"",\""filing_year\"":2024,\""filing_period\"":\""first_quarter\"",\""income\"":\""60000.00\"",\""expenses\"":null}"", ""L-6e63add6-37c2-496b-9820-0a399a2073ed"": ""{\""filing_uuid\"":\""6e63add6-37c2-496b-9820-0a399a2073ed\"",\""filing_type\"":\""Q3\"",\""filing_year\"":2024,\""filing_period\"":\""third_quarter\"",\""income\"":\""60000.00\"",\""expenses\"":null}"", ""L-759bce28-e61b-4fa7-a272-39da09b9ce91"": ""{\""filing_uuid\"":\""759bce28-e61b-4fa7-a272-39da09b9ce91\"",\""filing_type\"":\""Q4\"",\""filing_year\"":2024,\""filing_period\"":\""fourth_quarter\"",\""income\"":\""60000.00\"",\""expenses\"":null}"", ""L-7969b531-4953-4469-ad03-e3d1eaedc10f"": ""{\""filing_uuid\"":\""7969b531-4953-4469-ad03-e3d1eaedc10f\"",\""filing_type\"":\""Q3\"",\""filing_year\"":2024,\""filing_period\"":\""third_quarter\"",\""income\"":\""70000.00\"",\""expenses\"":null}"", ""L-7e666b6e-da07-4983-b52a-07d532715de6"": ""{\""filing_uuid\"":\""7e666b6e-da07-4983-b52a-07d532715de6\"",\""filing_type\"":\""Q2\"",\""filing_year\"":2024,\""filing_period\"":\""second_quarter\"",\""income\"":\""30000.00\"",\""expenses\"":null}"", ""L-7f6eacdf-2366-4d75-b740-b209f17af7b4"": ""{\""filing_uuid\"":\""7f6eacdf-2366-4d75-b740-b209f17af7b4\"",\""filing_type\"":\""3A\"",\""filing_year\"":2024,\""filing_period\"":\""third_quarter\"",\""income\"":\""50000.00\"",\""expenses\"":null}"", ""L-8d5d1861-5d9d-4cbf-8672-63859355b978"": ""{\""filing_uuid\"":\""8d5d1861-5d9d-4cbf-8672-63859355b978\"",\""filing_type\"":\""Q1\"",\""filing_year\"":2024,\""filing_period\"":\""first_quarter\"",\""income\"":\""30000.00\"",\""expenses\"":null}"", ""L-8e03a875-878a-40cc-af8e-a2837f8c0eda"": ""{\""filing_uuid\"":\""8e03a875-878a-40cc-af8e-a2837f8c0eda\"",\""filing_type\"":\""Q2\"",\""filing_year\"":2024,\""filing_period\"":\""second_quarter\"",\""income\"":\""60000.00\"",\""expenses\"":null}"", ""L-8ff1ed8f-593b-45e7-a361-20c179f5237d"": ""{\""filing_uuid\"":\""8ff1ed8f-593b-45e7-a361-20c179f5237d\"",\""filing_type\"":\""Q2\"",\""filing_year\"":2024,\""filing_period\"":\""second_quarter\"",\""income\"":\""15000.00\"",\""expenses\"":null}"", ""L-9084c93a-f70a-4ce0-9efd-f7dc5be443fa"": ""{\""filing_uuid\"":\""9084c93a-f70a-4ce0-9efd-f7dc5be443fa\"",\""filing_type\"":\""Q1\"",\""filing_year\"":2024,\""filing_period\"":\""first_quarter\"",\""income\"":\""15000.00\"",\""expenses\"":null}"", ""L-9454d2fc-543b-44e6-b186-72a1858583be"": ""{\""filing_uuid\"":\""9454d2fc-543b-44e6-b186-72a1858583be\"",\""filing_type\"":\""Q4\"",\""filing_year\"":2024,\""filing_period\"":\""fourth_quarter\"",\""income\"":\""50000.00\"",\""expenses\"":null}"", ""L-9617e752-c2dd-4bc0-919f-3f6ab24f0a87"": ""{\""filing_uuid\"":\""9617e752-c2dd-4bc0-919f-3f6ab24f0a87\"",\""filing_type\"":\""Q2\"",\""filing_year\"":2024,\""filing_period\"":\""second_quarter\"",\""income\"":\""10000.00\"",\""expenses\"":null}"", ""L-9eeca92d-76a3-45da-a08c-794a000b0c1a"": ""{\""filing_uuid\"":\""9eeca92d-76a3-45da-a08c-794a000b0c1a\"",\""filing_type\"":\""Q2\"",\""filing_year\"":2024,\""filing_period\"":\""second_quarter\"",\""income\"":\""90000.00\"",\""expenses\"":null}"", ""L-a16e5694-83d5-4715-bd88-15178dea97ea"": ""{\""filing_uuid\"":\""a16e5694-83d5-4715-bd88-15178dea97ea\"",\""filing_type\"":\""Q1\"",\""filing_year\"":2024,\""filing_period\"":\""first_quarter\"",\""income\"":\""60000.00\"",\""expenses\"":null}"", ""L-a3e4e599-0ef9-4d05-aef8-7e1270e5f0d1"": ""{\""filing_uuid\"":\""a3e4e599-0ef9-4d05-aef8-7e1270e5f0d1\"",\""filing_type\"":\""Q2\"",\""filing_year\"":2024,\""filing_period\"":\""second_quarter\"",\""income\"":\""50000.00\"",\""expenses\"":null}"", ""L-a5545080-de78-4b24-bec7-e6a1e5c0c21a"": ""{\""filing_uuid\"":\""a5545080-de78-4b24-bec7-e6a1e5c0c21a\"",\""filing_type\"":\""Q2\"",\""filing_year\"":2024,\""filing_period\"":\""second_quarter\"",\""income\"":\""30000.00\"",\""expenses\"":null}"", ""L-a5ab9a90-bf2a-4fb6-9003-192682142d94"": ""{\""filing_uuid\"":\""a5ab9a90-bf2a-4fb6-9003-192682142d94\"",\""filing_type\"":\""Q2\"",\""filing_year\"":2024,\""filing_period\"":\""second_quarter\"",\""income\"":\""50000.00\"",\""expenses\"":null}"", ""L-abac3cba-858a-4d64-970d-46a7ba953211"": ""{\""filing_uuid\"":\""abac3cba-858a-4d64-970d-46a7ba953211\"",\""filing_type\"":\""Q1\"",\""filing_year\"":2024,\""filing_period\"":\""first_quarter\"",\""income\"":\""50000.00\"",\""expenses\"":null}"", ""L-ad89a0f4-1b10-4218-b908-3d50c515b1c2"": ""{\""filing_uuid\"":\""ad89a0f4-1b10-4218-b908-3d50c515b1c2\"",\""filing_type\"":\""Q3\"",\""filing_year\"":2024,\""filing_period\"":\""third_quarter\"",\""income\"":\""10000.00\"",\""expenses\"":null}"", ""L-ae4893b6-84bb-4d42-814d-d8f604f4f5c4"": ""{\""filing_uuid\"":\""ae4893b6-84bb-4d42-814d-d8f604f4f5c4\"",\""filing_type\"":\""1A\"",\""filing_year\"":2024,\""filing_period\"":\""first_quarter\"",\""income\"":\""50000.00\"",\""expenses\"":null}"", ""L-b09f80f4-1988-4c11-bca1-a00890819a96"": ""{\""filing_uuid\"":\""b09f80f4-1988-4c11-bca1-a00890819a96\"",\""filing_type\"":\""Q3\"",\""filing_year\"":2024,\""filing_period\"":\""third_quarter\"",\""income\"":\""50000.00\"",\""expenses\"":null}"", ""L-b7af9d8f-49bd-4d0f-a8e1-cb973242a179"": ""{\""filing_uuid\"":\""b7af9d8f-49bd-4d0f-a8e1-cb973242a179\"",\""filing_type\"":\""Q2\"",\""filing_year\"":2024,\""filing_period\"":\""second_quarter\"",\""income\"":\""50000.00\"",\""expenses\"":null}"", ""L-c4053a1a-80f0-4d95-8c7a-2898d0c37d08"": ""{\""filing_uuid\"":\""c4053a1a-80f0-4d95-8c7a-2898d0c37d08\"",\""filing_type\"":\""Q1\"",\""filing_year\"":2024,\""filing_period\"":\""first_quarter\"",\""income\"":\""50000.00\"",\""expenses\"":null}"", ""L-c4b13cc8-d2f6-408b-9e1d-a818ad1af0d0"": ""{\""filing_uuid\"":\""c4b13cc8-d2f6-408b-9e1d-a818ad1af0d0\"",\""filing_type\"":\""Q2\"",\""filing_year\"":2024,\""filing_period\"":\""second_quarter\"",\""income\"":\""50000.00\"",\""expenses\"":null}"", ""L-c6d55e3b-98cf-4664-9836-2f087b476a6b"": ""{\""filing_uuid\"":\""c6d55e3b-98cf-4664-9836-2f087b476a6b\"",\""filing_type\"":\""3T\"",\""filing_year\"":2024,\""filing_period\"":\""third_quarter\"",\""income\"":\""5000.00\"",\""expenses\"":null}"", ""L-c7ae04be-62b6-4f2e-953d-777221d6a77e"": ""{\""filing_uuid\"":\""c7ae04be-62b6-4f2e-953d-777221d6a77e\"",\""filing_type\"":\""Q4\"",\""filing_year\"":2024,\""filing_period\"":\""fourth_quarter\"",\""income\"":\""90000.00\"",\""expenses\"":null}"", ""L-cd8daa81-7b32-4d31-b330-d7cc2ce7890f"": ""{\""filing_uuid\"":\""cd8daa81-7b32-4d31-b330-d7cc2ce7890f\"",\""filing_type\"":\""Q2\"",\""filing_year\"":2024,\""filing_period\"":\""second_quarter\"",\""income\"":\""60000.00\"",\""expenses\"":null}"", ""L-ce41a448-0660-4e51-ba6c-176516049a4e"": ""{\""filing_uuid\"":\""ce41a448-0660-4e51-ba6c-176516049a4e\"",\""filing_type\"":\""Q4\"",\""filing_year\"":2024,\""filing_period\"":\""fourth_quarter\"",\""income\"":\""60000.00\"",\""expenses\"":null}"", ""L-cf3d1346-1fb0-49c0-a065-33a234334bb9"": ""{\""filing_uuid\"":\""cf3d1346-1fb0-49c0-a065-33a234334bb9\"",\""filing_type\"":\""4T\"",\""filing_year\"":2024,\""filing_period\"":\""fourth_quarter\"",\""income\"":\""60000.00\"",\""expenses\"":null}"", ""L-db6e7ebf-ae6f-4f18-b83b-585511fd67bf"": ""{\""filing_uuid\"":\""db6e7ebf-ae6f-4f18-b83b-585511fd67bf\"",\""filing_type\"":\""Q3\"",\""filing_year\"":2024,\""filing_period\"":\""third_quarter\"",\""income\"":\""50000.00\"",\""expenses\"":null}"", ""L-e56f025b-4c73-49cd-af4c-73a54e46b9c8"": ""{\""filing_uuid\"":\""e56f025b-4c73-49cd-af4c-73a54e46b9c8\"",\""filing_type\"":\""Q4\"",\""filing_year\"":2024,\""filing_period\"":\""fourth_quarter\"",\""income\"":\""90000.00\"",\""expenses\"":null}"", ""L-ed245f12-5f01-4683-b7db-8777f325b438"": ""{\""filing_uuid\"":\""ed245f12-5f01-4683-b7db-8777f325b438\"",\""filing_type\"":\""Q3\"",\""filing_year\"":2024,\""filing_period\"":\""third_quarter\"",\""income\"":\""50000.00\"",\""expenses\"":null}"", ""L-f237dc2e-0e55-4a61-9ba7-d13e3f93abf1"": ""{\""filing_uuid\"":\""f237dc2e-0e55-4a61-9ba7-d13e3f93abf1\"",\""filing_type\"":\""Q2\"",\""filing_year\"":2024,\""filing_period\"":\""second_quarter\"",\""income\"":\""60000.00\"",\""expenses\"":null}"", ""L-f3331974-0113-4b21-8c8b-1457e886914f"": ""{\""filing_uuid\"":\""f3331974-0113-4b21-8c8b-1457e886914f\"",\""filing_type\"":\""Q1\"",\""filing_year\"":2024,\""filing_period\"":\""first_quarter\"",\""income\"":\""10000.00\"",\""expenses\"":null}"", ""L-f679e46e-ed60-4181-a971-d4cc4fc15290"": ""{\""filing_uuid\"":\""f679e46e-ed60-4181-a971-d4cc4fc15290\"",\""filing_type\"":\""Q2\"",\""filing_year\"":2024,\""filing_period\"":\""second_quarter\"",\""income\"":\""60000.00\"",\""expenses\"":null}"", ""L-fac14ec9-f705-477d-98d1-39d880505c8d"": ""{\""filing_uuid\"":\""fac14ec9-f705-477d-98d1-39d880505c8d\"",\""filing_type\"":\""Q3\"",\""filing_year\"":2024,\""filing_period\"":\""third_quarter\"",\""income\"":\""30000.00\"",\""expenses\"":null}"", ""L-fbced383-0ba4-45c2-9f24-edc6cb68b738"": ""{\""filing_uuid\"":\""fbced383-0ba4-45c2-9f24-edc6cb68b738\"",\""filing_type\"":\""Q3\"",\""filing_year\"":2024,\""filing_period\"":\""third_quarter\"",\""income\"":\""60000.00\"",\""expenses\"":null}"", ""L-fc74c144-5d75-429d-ab44-7a2e08b8222d"": ""{\""filing_uuid\"":\""fc74c144-5d75-429d-ab44-7a2e08b8222d\"",\""filing_type\"":\""Q1\"",\""filing_year\"":2024,\""filing_period\"":\""first_quarter\"",\""income\"":\""60000.00\"",\""expenses\"":null}""}","Sum of numeric amounts on latest eligible quarterly reports, all issues combined. Blank reports are not zero and are not added. Separately named intermediaries excluded from direct fees. Outside fees and company expenses overlap and must never be added. Latest year uses completed quarters only; no annualization. No numeric reports means OPEN, not zero spending.",USD,,,L-018d920e-e55f-450b-9e14-c982c804905a;L-033bad15-0481-4f0c-a45c-86209b863147;L-05ae0d5d-715c-4e77-b32b-a98977b7d6a5;L-06436b44-6082-439b-8d51-b8bc53526907;L-06e3b29d-0735-4ac5-bac1-c3d7e6bdd130;L-07fac339-9446-4083-b895-1ba9deddc293;L-09bf4b9d-6bd1-4462-ac66-e668ddd7fa80;L-0cb8c4ce-546b-4cf1-ba90-66895843353c;L-0f6d008f-6801-4735-b7ac-1e32fefe793a;L-1453c3e1-ec4a-41d7-af43-bceac8cb993f;L-184844c9-1ba6-486e-9854-41b86539481e;L-19fac979-6d9d-47e9-8214-dc1fd23f472f;L-1b18114a-6c70-418c-a991-10a66d8622aa;L-1d6e7985-ad34-4d12-87aa-d5aa6310bd30;L-2c94c525-7389-4573-bbf2-1ed655d5a8da;L-2d650f0e-e7b7-495b-a4ce-6cbd4d27e659;L-2ee1ab75-dabc-4fda-9de2-583a56accb2f;L-2fc540b5-84e7-47f6-a842-f89d9afd9082;L-32fc8136-c7f2-49ef-bd27-9a50f55bcc37;L-33fd20db-eeb1-40eb-b44e-69cbcdb8908d;L-34a79ac0-dfa5-4719-9c60-83bfab56cd25;L-37ccbab6-dc06-407b-af86-2e16f5c016d9;L-3d5feaf0-dede-4f0b-837e-8514662e5ab2;L-3e36de64-671e-4a5a-9b31-01bd655f58e1;L-3ef14e09-473c-4bff-a271-5c3a87537779;L-49f875cd-76f0-426c-9971-9348224dc3d4;L-4b5a5034-2cda-4d23-a8d8-78122e048df5;L-4d416d9b-f6b4-40e2-b6cb-e507edd5c4ad;L-56db4907-8777-4201-a24f-a51b14392f0a;L-5a6c979e-1029-4f34-8400-3adde1f06f52;L-5d99cd32-e30d-49b5-ae82-3fc029c7fec2;L-604c6335-2eb9-4c0b-a7ed-40a72bb8d0c7;L-61196614-23dc-46ab-9072-6c15590f6b1d;L-61ed8104-13ac-4f9e-82e5-08de17dbfa78;L-62932df8-23db-4038-86d4-71cecde38c08;L-6767e253-0e3b-4762-b263-c7539fa9e36b;L-6a837dea-ec12-46d5-8cc7-863d11af724e;L-6d26231d-b8a8-431a-95e0-04e591766448;L-6de828e0-43e3-40b6-a411-838926b96d51;L-6e63add6-37c2-496b-9820-0a399a2073ed;L-759bce28-e61b-4fa7-a272-39da09b9ce91;L-7969b531-4953-4469-ad03-e3d1eaedc10f;L-7e666b6e-da07-4983-b52a-07d532715de6;L-7f6eacdf-2366-4d75-b740-b209f17af7b4;L-8d5d1861-5d9d-4cbf-8672-63859355b978;L-8e03a875-878a-40cc-af8e-a2837f8c0eda;L-8ff1ed8f-593b-45e7-a361-20c179f5237d;L-9084c93a-f70a-4ce0-9efd-f7dc5be443fa;L-9454d2fc-543b-44e6-b186-72a1858583be;L-9617e752-c2dd-4bc0-919f-3f6ab24f0a87;L-9eeca92d-76a3-45da-a08c-794a000b0c1a;L-a16e5694-83d5-4715-bd88-15178dea97ea;L-a3e4e599-0ef9-4d05-aef8-7e1270e5f0d1;L-a5545080-de78-4b24-bec7-e6a1e5c0c21a;L-a5ab9a90-bf2a-4fb6-9003-192682142d94;L-abac3cba-858a-4d64-970d-46a7ba953211;L-ad89a0f4-1b10-4218-b908-3d50c515b1c2;L-ae4893b6-84bb-4d42-814d-d8f604f4f5c4;L-b09f80f4-1988-4c11-bca1-a00890819a96;L-b7af9d8f-49bd-4d0f-a8e1-cb973242a179;L-c4053a1a-80f0-4d95-8c7a-2898d0c37d08;L-c4b13cc8-d2f6-408b-9e1d-a818ad1af0d0;L-c6d55e3b-98cf-4664-9836-2f087b476a6b;L-c7ae04be-62b6-4f2e-953d-777221d6a77e;L-cd8daa81-7b32-4d31-b330-d7cc2ce7890f;L-ce41a448-0660-4e51-ba6c-176516049a4e;L-cf3d1346-1fb0-49c0-a065-33a234334bb9;L-db6e7ebf-ae6f-4f18-b83b-585511fd67bf;L-e56f025b-4c73-49cd-af4c-73a54e46b9c8;L-ed245f12-5f01-4683-b7db-8777f325b438;L-f237dc2e-0e55-4a61-9ba7-d13e3f93abf1;L-f3331974-0113-4b21-8c8b-1457e886914f;L-f679e46e-ed60-4181-a971-d4cc4fc15290;L-fac14ec9-f705-477d-98d1-39d880505c8d;L-fbced383-0ba4-45c2-9f24-edc6cb68b738;L-fc74c144-5d75-429d-ab44-7a2e08b8222d,lobbying_external_fees,sum,Microsoft,2024,,,1;2;3;4,,,KEEP
FE-Microsoft-2025,3572500.00,https://lda.gov/filings/public/filing/08e6a0ff-aa73-490e-8258-9b893012a8e4/print/,2026-09-14,"{""L-08e6a0ff-aa73-490e-8258-9b893012a8e4"": ""{\""filing_uuid\"":\""08e6a0ff-aa73-490e-8258-9b893012a8e4\"",\""filing_type\"":\""Q2\"",\""filing_year\"":2025,\""filing_period\"":\""second_quarter\"",\""income\"":\""40000.00\"",\""expenses\"":null}"", ""L-0b8ceb3c-3b98-40ff-9f15-517809400f40"": ""{\""filing_uuid\"":\""0b8ceb3c-3b98-40ff-9f15-517809400f40\"",\""filing_type\"":\""Q1\"",\""filing_year\"":2025,\""filing_period\"":\""first_quarter\"",\""income\"":\""50000.00\"",\""expenses\"":null}"", ""L-0f1cfb5d-663f-4af2-b8d1-45e8d66eb2ac"": ""{\""filing_uuid\"":\""0f1cfb5d-663f-4af2-b8d1-45e8d66eb2ac\"",\""filing_type\"":\""Q4\"",\""filing_year\"":2025,\""filing_period\"":\""fourth_quarter\"",\""income\"":\""80000.00\"",\""expenses\"":null}"", ""L-161e1f1e-fc10-41ad-8635-b5a38d7394e1"": ""{\""filing_uuid\"":\""161e1f1e-fc10-41ad-8635-b5a38d7394e1\"",\""filing_type\"":\""Q3\"",\""filing_year\"":2025,\""filing_period\"":\""third_quarter\"",\""income\"":\""40000.00\"",\""expenses\"":null}"", ""L-1769c7ac-1c9d-4430-8660-8f473bd390f3"": ""{\""filing_uuid\"":\""1769c7ac-1c9d-4430-8660-8f473bd390f3\"",\""filing_type\"":\""Q4\"",\""filing_year\"":2025,\""filing_period\"":\""fourth_quarter\"",\""income\"":\""60000.00\"",\""expenses\"":null}"", ""L-2837e978-4559-4d8f-8ec6-b5960468568f"": ""{\""filing_uuid\"":\""2837e978-4559-4d8f-8ec6-b5960468568f\"",\""filing_type\"":\""Q3\"",\""filing_year\"":2025,\""filing_period\"":\""third_quarter\"",\""income\"":\""50000.00\"",\""expenses\"":null}"", ""L-2a9ea1da-25a9-4ee6-ac9d-af5b599dc335"": ""{\""filing_uuid\"":\""2a9ea1da-25a9-4ee6-ac9d-af5b599dc335\"",\""filing_type\"":\""Q3\"",\""filing_year\"":2025,\""filing_period\"":\""third_quarter\"",\""income\"":\""50000.00\"",\""expenses\"":null}"", ""L-2d20cbe2-cf1e-4e76-9b40-b63d86a378bb"": ""{\""filing_uuid\"":\""2d20cbe2-cf1e-4e76-9b40-b63d86a378bb\"",\""filing_type\"":\""1T\"",\""filing_year\"":2025,\""filing_period\"":\""first_quarter\"",\""income\"":\""40000.00\"",\""expenses\"":null}"", ""L-305f131b-97cc-4479-8e22-15647570a147"": ""{\""filing_uuid\"":\""305f131b-97cc-4479-8e22-15647570a147\"",\""filing_type\"":\""Q3\"",\""filing_year\"":2025,\""filing_period\"":\""third_quarter\"",\""income\"":\""60000.00\"",\""expenses\"":null}"", ""L-32e846b6-e26e-43b4-8fbe-7e854f18de13"": ""{\""filing_uuid\"":\""32e846b6-e26e-43b4-8fbe-7e854f18de13\"",\""filing_type\"":\""Q4\"",\""filing_year\"":2025,\""filing_period\"":\""fourth_quarter\"",\""income\"":\""22500.00\"",\""expenses\"":null}"", ""L-3eee2735-f17f-4c69-9fdd-fcc7f0215b31"": ""{\""filing_uuid\"":\""3eee2735-f17f-4c69-9fdd-fcc7f0215b31\"",\""filing_type\"":\""1A\"",\""filing_year\"":2025,\""filing_period\"":\""first_quarter\"",\""income\"":\""15000.00\"",\""expenses\"":null}"", ""L-40632f71-3a0b-4da9-830e-8f7893142189"": ""{\""filing_uuid\"":\""40632f71-3a0b-4da9-830e-8f7893142189\"",\""filing_type\"":\""Q3\"",\""filing_year\"":2025,\""filing_period\"":\""third_quarter\"",\""income\"":\""30000.00\"",\""expenses\"":null}"", ""L-4458feda-795e-415e-b30f-e4d8c5112be4"": ""{\""filing_uuid\"":\""4458feda-795e-415e-b30f-e4d8c5112be4\"",\""filing_type\"":\""Q3\"",\""filing_year\"":2025,\""filing_period\"":\""third_quarter\"",\""income\"":\""60000.00\"",\""expenses\"":null}"", ""L-450077dd-20e8-4a74-9291-b70818250409"": ""{\""filing_uuid\"":\""450077dd-20e8-4a74-9291-b70818250409\"",\""filing_type\"":\""Q3\"",\""filing_year\"":2025,\""filing_period\"":\""third_quarter\"",\""income\"":\""50000.00\"",\""expenses\"":null}"", ""L-4f11377c-8913-4514-a10b-01b034a3f80d"": ""{\""filing_uuid\"":\""4f11377c-8913-4514-a10b-01b034a3f80d\"",\""filing_type\"":\""Q2\"",\""filing_year\"":2025,\""filing_period\"":\""second_quarter\"",\""income\"":\""40000.00\"",\""expenses\"":null}"", ""L-55036595-4efb-45ac-a5b2-51bf398b9009"": ""{\""filing_uuid\"":\""55036595-4efb-45ac-a5b2-51bf398b9009\"",\""filing_type\"":\""Q3\"",\""filing_year\"":2025,\""filing_period\"":\""third_quarter\"",\""income\"":\""30000.00\"",\""expenses\"":null}"", ""L-5531510f-d27c-44c7-ad8e-c418146a057b"": ""{\""filing_uuid\"":\""5531510f-d27c-44c7-ad8e-c418146a057b\"",\""filing_type\"":\""1T\"",\""filing_year\"":2025,\""filing_period\"":\""first_quarter\"",\""income\"":\""90000.00\"",\""expenses\"":null}"", ""L-55efca8d-9847-4686-8bff-ad83712cd49c"": ""{\""filing_uuid\"":\""55efca8d-9847-4686-8bff-ad83712cd49c\"",\""filing_type\"":\""1A\"",\""filing_year\"":2025,\""filing_period\"":\""first_quarter\"",\""income\"":\""10000.00\"",\""expenses\"":null}"", ""L-57df9f0e-178a-416b-a442-6e48ab74f62f"": ""{\""filing_uuid\"":\""57df9f0e-178a-416b-a442-6e48ab74f62f\"",\""filing_type\"":\""Q1\"",\""filing_year\"":2025,\""filing_period\"":\""first_quarter\"",\""income\"":\""60000.00\"",\""expenses\"":null}"", ""L-613971ad-dc9a-4209-adaf-342b5a1f889e"": ""{\""filing_uuid\"":\""613971ad-dc9a-4209-adaf-342b5a1f889e\"",\""filing_type\"":\""1T\"",\""filing_year\"":2025,\""filing_period\"":\""first_quarter\"",\""income\"":\""50000.00\"",\""expenses\"":null}"", ""L-61427fd0-15c7-47dc-b040-d2afb8513c5b"": ""{\""filing_uuid\"":\""61427fd0-15c7-47dc-b040-d2afb8513c5b\"",\""filing_type\"":\""Q3\"",\""filing_year\"":2025,\""filing_period\"":\""third_quarter\"",\""income\"":\""22500.00\"",\""expenses\"":null}"", ""L-62bbfd9c-2498-4545-9f0f-f5bfc06732f5"": ""{\""filing_uuid\"":\""62bbfd9c-2498-4545-9f0f-f5bfc06732f5\"",\""filing_type\"":\""Q2\"",\""filing_year\"":2025,\""filing_period\"":\""second_quarter\"",\""income\"":\""80000.00\"",\""expenses\"":null}"", ""L-6a3c1189-5a9a-4df1-99fe-87dff69d022b"": ""{\""filing_uuid\"":\""6a3c1189-5a9a-4df1-99fe-87dff69d022b\"",\""filing_type\"":\""Q4\"",\""filing_year\"":2025,\""filing_period\"":\""fourth_quarter\"",\""income\"":\""50000.00\"",\""expenses\"":null}"", ""L-6fdae63a-6a19-4c9e-ace7-2eb1e307b874"": ""{\""filing_uuid\"":\""6fdae63a-6a19-4c9e-ace7-2eb1e307b874\"",\""filing_type\"":\""Q4\"",\""filing_year\"":2025,\""filing_period\"":\""fourth_quarter\"",\""income\"":\""20000.00\"",\""expenses\"":null}"", ""L-7259e597-3d0d-4edb-9886-fb7a71d01093"": ""{\""filing_uuid\"":\""7259e597-3d0d-4edb-9886-fb7a71d01093\"",\""filing_type\"":\""Q2\"",\""filing_year\"":2025,\""filing_period\"":\""second_quarter\"",\""income\"":\""50000.00\"",\""expenses\"":null}"", ""L-7303326b-b0ce-422f-9c5f-4aae472d8f2a"": ""{\""filing_uuid\"":\""7303326b-b0ce-422f-9c5f-4aae472d8f2a\"",\""filing_type\"":\""Q3\"",\""filing_year\"":2025,\""filing_period\"":\""third_quarter\"",\""income\"":\""70000.00\"",\""expenses\"":null}"", ""L-788e23b6-fda9-4c0e-8ee4-efb55111bbfd"": ""{\""filing_uuid\"":\""788e23b6-fda9-4c0e-8ee4-efb55111bbfd\"",\""filing_type\"":\""Q1\"",\""filing_year\"":2025,\""filing_period\"":\""first_quarter\"",\""income\"":\""50000.00\"",\""expenses\"":null}"", ""L-796a01a0-2f10-4cf9-b2aa-023dfc3c32e8"": ""{\""filing_uuid\"":\""796a01a0-2f10-4cf9-b2aa-023dfc3c32e8\"",\""filing_type\"":\""Q2\"",\""filing_year\"":2025,\""filing_period\"":\""second_quarter\"",\""income\"":\""22500.00\"",\""expenses\"":null}"", ""L-7ae59c3a-c80e-41ff-a147-135925fe3f55"": ""{\""filing_uuid\"":\""7ae59c3a-c80e-41ff-a147-135925fe3f55\"",\""filing_type\"":\""Q3\"",\""filing_year\"":2025,\""filing_period\"":\""third_quarter\"",\""income\"":\""90000.00\"",\""expenses\"":null}"", ""L-825f1daf-5fc2-4293-abed-2e9001765741"": ""{\""filing_uuid\"":\""825f1daf-5fc2-4293-abed-2e9001765741\"",\""filing_type\"":\""Q1\"",\""filing_year\"":2025,\""filing_period\"":\""first_quarter\"",\""income\"":\""30000.00\"",\""expenses\"":null}"", ""L-8261b275-d7c0-45f4-bd9d-f80412ae6775"": ""{\""filing_uuid\"":\""8261b275-d7c0-45f4-bd9d-f80412ae6775\"",\""filing_type\"":\""Q1\"",\""filing_year\"":2025,\""filing_period\"":\""first_quarter\"",\""income\"":\""40000.00\"",\""expenses\"":null}"", ""L-82dffc72-d655-4b79-a5d1-8ce96fc69be9"": ""{\""filing_uuid\"":\""82dffc72-d655-4b79-a5d1-8ce96fc69be9\"",\""filing_type\"":\""Q1\"",\""filing_year\"":2025,\""filing_period\"":\""first_quarter\"",\""income\"":\""40000.00\"",\""expenses\"":null}"", ""L-836b6724-174c-42e2-810c-91a3891b2d8d"": ""{\""filing_uuid\"":\""836b6724-174c-42e2-810c-91a3891b2d8d\"",\""filing_type\"":\""Q4\"",\""filing_year\"":2025,\""filing_period\"":\""fourth_quarter\"",\""income\"":\""40000.00\"",\""expenses\"":null}"", ""L-8c9edcba-dc14-4fc4-b70c-33b66a57f526"": ""{\""filing_uuid\"":\""8c9edcba-dc14-4fc4-b70c-33b66a57f526\"",\""filing_type\"":\""Q4\"",\""filing_year\"":2025,\""filing_period\"":\""fourth_quarter\"",\""income\"":\""60000.00\"",\""expenses\"":null}"", ""L-8dce73c6-f0b3-472d-bd49-1fd94e95206a"": ""{\""filing_uuid\"":\""8dce73c6-f0b3-472d-bd49-1fd94e95206a\"",\""filing_type\"":\""Q4\"",\""filing_year\"":2025,\""filing_period\"":\""fourth_quarter\"",\""income\"":\""50000.00\"",\""expenses\"":null}"", ""L-9191015e-fd19-408c-a1ae-7aa4edafbdcf"": ""{\""filing_uuid\"":\""9191015e-fd19-408c-a1ae-7aa4edafbdcf\"",\""filing_type\"":\""Q3\"",\""filing_year\"":2025,\""filing_period\"":\""third_quarter\"",\""income\"":\""20000.00\"",\""expenses\"":null}"", ""L-9688d7c4-b53c-4294-8d3e-994444b8a79f"": ""{\""filing_uuid\"":\""9688d7c4-b53c-4294-8d3e-994444b8a79f\"",\""filing_type\"":\""Q2\"",\""filing_year\"":2025,\""filing_period\"":\""second_quarter\"",\""income\"":\""70000.00\"",\""expenses\"":null}"", ""L-9825aa24-899b-4577-96b1-4c6d27bbf623"": ""{\""filing_uuid\"":\""9825aa24-899b-4577-96b1-4c6d27bbf623\"",\""filing_type\"":\""Q4\"",\""filing_year\"":2025,\""filing_period\"":\""fourth_quarter\"",\""income\"":\""80000.00\"",\""expenses\"":null}"", ""L-9f436145-9344-423d-88a9-9724cbbc086a"": ""{\""filing_uuid\"":\""9f436145-9344-423d-88a9-9724cbbc086a\"",\""filing_type\"":\""Q4\"",\""filing_year\"":2025,\""filing_period\"":\""fourth_quarter\"",\""income\"":\""90000.00\"",\""expenses\"":null}"", ""L-a223bb55-9ffb-4889-80cb-e875f6eca8a3"": ""{\""filing_uuid\"":\""a223bb55-9ffb-4889-80cb-e875f6eca8a3\"",\""filing_type\"":\""Q4\"",\""filing_year\"":2025,\""filing_period\"":\""fourth_quarter\"",\""income\"":\""30000.00\"",\""expenses\"":null}"", ""L-a2cfd92b-3cc4-4663-a674-b0c724110691"": ""{\""filing_uuid\"":\""a2cfd92b-3cc4-4663-a674-b0c724110691\"",\""filing_type\"":\""Q4\"",\""filing_year\"":2025,\""filing_period\"":\""fourth_quarter\"",\""income\"":\""60000.00\"",\""expenses\"":null}"", ""L-afde2c50-1793-4e83-b7f0-cb7e7b533952"": ""{\""filing_uuid\"":\""afde2c50-1793-4e83-b7f0-cb7e7b533952\"",\""filing_type\"":\""Q1\"",\""filing_year\"":2025,\""filing_period\"":\""first_quarter\"",\""income\"":\""70000.00\"",\""expenses\"":null}"", ""L-affd45ff-7683-4fcc-8aab-62faaa8e08b6"": ""{\""filing_uuid\"":\""affd45ff-7683-4fcc-8aab-62faaa8e08b6\"",\""filing_type\"":\""Q2\"",\""filing_year\"":2025,\""filing_period\"":\""second_quarter\"",\""income\"":\""50000.00\"",\""expenses\"":null}"", ""L-b0ebd414-166b-4537-9757-f9f8a0c2d33e"": ""{\""filing_uuid\"":\""b0ebd414-166b-4537-9757-f9f8a0c2d33e\"",\""filing_type\"":\""Q4\"",\""filing_year\"":2025,\""filing_period\"":\""fourth_quarter\"",\""income\"":\""40000.00\"",\""expenses\"":null}"", ""L-b4a7bfb1-4f3c-45d0-9330-acfa4ce83483"": ""{\""filing_uuid\"":\""b4a7bfb1-4f3c-45d0-9330-acfa4ce83483\"",\""filing_type\"":\""Q3\"",\""filing_year\"":2025,\""filing_period\"":\""third_quarter\"",\""income\"":\""80000.00\"",\""expenses\"":null}"", ""L-b9fa97ef-809a-4b42-8bf4-c3267103b3c8"": ""{\""filing_uuid\"":\""b9fa97ef-809a-4b42-8bf4-c3267103b3c8\"",\""filing_type\"":\""Q4\"",\""filing_year\"":2025,\""filing_period\"":\""fourth_quarter\"",\""income\"":\""50000.00\"",\""expenses\"":null}"", ""L-bb5ec394-c3a8-46a9-b068-b4692cc953bb"": ""{\""filing_uuid\"":\""bb5ec394-c3a8-46a9-b068-b4692cc953bb\"",\""filing_type\"":\""Q3\"",\""filing_year\"":2025,\""filing_period\"":\""third_quarter\"",\""income\"":\""60000.00\"",\""expenses\"":null}"", ""L-c40a8070-bd49-4ee0-8afe-be2c1f778f5d"": ""{\""filing_uuid\"":\""c40a8070-bd49-4ee0-8afe-be2c1f778f5d\"",\""filing_type\"":\""Q4\"",\""filing_year\"":2025,\""filing_period\"":\""fourth_quarter\"",\""income\"":\""90000.00\"",\""expenses\"":null}"", ""L-c41c4695-e69a-4bce-8722-e3e6f38afa4e"": ""{\""filing_uuid\"":\""c41c4695-e69a-4bce-8722-e3e6f38afa4e\"",\""filing_type\"":\""Q1\"",\""filing_year\"":2025,\""filing_period\"":\""first_quarter\"",\""income\"":\""90000.00\"",\""expenses\"":null}"", ""L-c49c5c2b-0cf8-4252-a2fc-f9d4b626b0e6"": ""{\""filing_uuid\"":\""c49c5c2b-0cf8-4252-a2fc-f9d4b626b0e6\"",\""filing_type\"":\""Q2\"",\""filing_year\"":2025,\""filing_period\"":\""second_quarter\"",\""income\"":\""50000.00\"",\""expenses\"":null}"", ""L-c534286e-fd2d-48d2-8822-402354003625"": ""{\""filing_uuid\"":\""c534286e-fd2d-48d2-8822-402354003625\"",\""filing_type\"":\""Q2\"",\""filing_year\"":2025,\""filing_period\"":\""second_quarter\"",\""income\"":\""80000.00\"",\""expenses\"":null}"", ""L-cfcfdc5f-ac90-42b4-a335-5a5226b2e2f9"": ""{\""filing_uuid\"":\""cfcfdc5f-ac90-42b4-a335-5a5226b2e2f9\"",\""filing_type\"":\""Q1\"",\""filing_year\"":2025,\""filing_period\"":\""first_quarter\"",\""income\"":\""50000.00\"",\""expenses\"":null}"", ""L-d2883bc9-f74c-4433-9a25-2da6e152fbd9"": ""{\""filing_uuid\"":\""d2883bc9-f74c-4433-9a25-2da6e152fbd9\"",\""filing_type\"":\""Q3\"",\""filing_year\"":2025,\""filing_period\"":\""third_quarter\"",\""income\"":\""90000.00\"",\""expenses\"":null}"", ""L-d30bd81c-b7cb-4092-a98f-b6982f316711"": ""{\""filing_uuid\"":\""d30bd81c-b7cb-4092-a98f-b6982f316711\"",\""filing_type\"":\""Q4\"",\""filing_year\"":2025,\""filing_period\"":\""fourth_quarter\"",\""income\"":\""30000.00\"",\""expenses\"":null}"", ""L-d560319f-64f7-4783-8311-7ae2a21963c5"": ""{\""filing_uuid\"":\""d560319f-64f7-4783-8311-7ae2a21963c5\"",\""filing_type\"":\""Q2\"",\""filing_year\"":2025,\""filing_period\"":\""second_quarter\"",\""income\"":\""90000.00\"",\""expenses\"":null}"", ""L-d9bef3dd-c6c6-4aec-b7bb-886fd150f0dc"": ""{\""filing_uuid\"":\""d9bef3dd-c6c6-4aec-b7bb-886fd150f0dc\"",\""filing_type\"":\""Q2\"",\""filing_year\"":2025,\""filing_period\"":\""second_quarter\"",\""income\"":\""30000.00\"",\""expenses\"":null}"", ""L-d9cfb09d-118c-4134-9aed-eb700a282ea6"": ""{\""filing_uuid\"":\""d9cfb09d-118c-4134-9aed-eb700a282ea6\"",\""filing_type\"":\""Q1\"",\""filing_year\"":2025,\""filing_period\"":\""first_quarter\"",\""income\"":\""30000.00\"",\""expenses\"":null}"", ""L-db13686e-4d63-4f8f-b35a-447a0f31fd90"": ""{\""filing_uuid\"":\""db13686e-4d63-4f8f-b35a-447a0f31fd90\"",\""filing_type\"":\""Q3\"",\""filing_year\"":2025,\""filing_period\"":\""third_quarter\"",\""income\"":\""40000.00\"",\""expenses\"":null}"", ""L-dbecd8d4-2cac-4178-81af-72b77bb60ed0"": ""{\""filing_uuid\"":\""dbecd8d4-2cac-4178-81af-72b77bb60ed0\"",\""filing_type\"":\""Q2\"",\""filing_year\"":2025,\""filing_period\"":\""second_quarter\"",\""income\"":\""60000.00\"",\""expenses\"":null}"", ""L-e31dd79b-44ce-4328-af46-34a0bb7b142b"": ""{\""filing_uuid\"":\""e31dd79b-44ce-4328-af46-34a0bb7b142b\"",\""filing_type\"":\""Q1\"",\""filing_year\"":2025,\""filing_period\"":\""first_quarter\"",\""income\"":\""30000.00\"",\""expenses\"":null}"", ""L-e4414c2c-11d4-4aa4-8e3f-2dd2ebb6c9b6"": ""{\""filing_uuid\"":\""e4414c2c-11d4-4aa4-8e3f-2dd2ebb6c9b6\"",\""filing_type\"":\""Q2\"",\""filing_year\"":2025,\""filing_period\"":\""second_quarter\"",\""income\"":\""60000.00\"",\""expenses\"":null}"", ""L-e44324c7-9249-488c-b376-9e6ea9babc68"": ""{\""filing_uuid\"":\""e44324c7-9249-488c-b376-9e6ea9babc68\"",\""filing_type\"":\""Q1\"",\""filing_year\"":2025,\""filing_period\"":\""first_quarter\"",\""income\"":\""60000.00\"",\""expenses\"":null}"", ""L-e7fbd18b-fa81-4563-afb2-df0a85c6a2f0"": ""{\""filing_uuid\"":\""e7fbd18b-fa81-4563-afb2-df0a85c6a2f0\"",\""filing_type\"":\""Q2\"",\""filing_year\"":2025,\""filing_period\"":\""second_quarter\"",\""income\"":\""50000.00\"",\""expenses\"":null}"", ""L-f27c7a79-8966-4e0f-9336-5f4a6602a669"": ""{\""filing_uuid\"":\""f27c7a79-8966-4e0f-9336-5f4a6602a669\"",\""filing_type\"":\""Q2\"",\""filing_year\"":2025,\""filing_period\"":\""second_quarter\"",\""income\"":\""60000.00\"",\""expenses\"":null}"", ""L-f3906bab-4252-47a6-9afb-7ebf378ab942"": ""{\""filing_uuid\"":\""f3906bab-4252-47a6-9afb-7ebf378ab942\"",\""filing_type\"":\""Q1\"",\""filing_year\"":2025,\""filing_period\"":\""first_quarter\"",\""income\"":\""60000.00\"",\""expenses\"":null}"", ""L-f528a5e8-19b0-4ada-9916-1e60b8b0b6ce"": ""{\""filing_uuid\"":\""f528a5e8-19b0-4ada-9916-1e60b8b0b6ce\"",\""filing_type\"":\""Q3\"",\""filing_year\"":2025,\""filing_period\"":\""third_quarter\"",\""income\"":\""60000.00\"",\""expenses\"":null}"", ""L-f7d98f35-fb5d-41e4-b56d-f30b89bf4841"": ""{\""filing_uuid\"":\""f7d98f35-fb5d-41e4-b56d-f30b89bf4841\"",\""filing_type\"":\""Q2\"",\""filing_year\"":2025,\""filing_period\"":\""second_quarter\"",\""income\"":\""30000.00\"",\""expenses\"":null}"", ""L-f976d7c4-0a93-4b4b-9e68-2a1cc1b9ba0c"": ""{\""filing_uuid\"":\""f976d7c4-0a93-4b4b-9e68-2a1cc1b9ba0c\"",\""filing_type\"":\""Q1\"",\""filing_year\"":2025,\""filing_period\"":\""first_quarter\"",\""income\"":\""30000.00\"",\""expenses\"":null}"", ""L-fc42259e-5b4f-455c-8db0-de44f7858a77"": ""{\""filing_uuid\"":\""fc42259e-5b4f-455c-8db0-de44f7858a77\"",\""filing_type\"":\""Q4\"",\""filing_year\"":2025,\""filing_period\"":\""fourth_quarter\"",\""income\"":\""60000.00\"",\""expenses\"":null}""}","Sum of numeric amounts on latest eligible quarterly reports, all issues combined. Blank reports are not zero and are not added. Separately named intermediaries excluded from direct fees. Outside fees and company expenses overlap and must never be added. Latest year uses completed quarters only; no annualization. No numeric reports means OPEN, not zero spending.",USD,,,L-08e6a0ff-aa73-490e-8258-9b893012a8e4;L-0b8ceb3c-3b98-40ff-9f15-517809400f40;L-0f1cfb5d-663f-4af2-b8d1-45e8d66eb2ac;L-161e1f1e-fc10-41ad-8635-b5a38d7394e1;L-1769c7ac-1c9d-4430-8660-8f473bd390f3;L-2837e978-4559-4d8f-8ec6-b5960468568f;L-2a9ea1da-25a9-4ee6-ac9d-af5b599dc335;L-2d20cbe2-cf1e-4e76-9b40-b63d86a378bb;L-305f131b-97cc-4479-8e22-15647570a147;L-32e846b6-e26e-43b4-8fbe-7e854f18de13;L-3eee2735-f17f-4c69-9fdd-fcc7f0215b31;L-40632f71-3a0b-4da9-830e-8f7893142189;L-4458feda-795e-415e-b30f-e4d8c5112be4;L-450077dd-20e8-4a74-9291-b70818250409;L-4f11377c-8913-4514-a10b-01b034a3f80d;L-55036595-4efb-45ac-a5b2-51bf398b9009;L-5531510f-d27c-44c7-ad8e-c418146a057b;L-55efca8d-9847-4686-8bff-ad83712cd49c;L-57df9f0e-178a-416b-a442-6e48ab74f62f;L-613971ad-dc9a-4209-adaf-342b5a1f889e;L-61427fd0-15c7-47dc-b040-d2afb8513c5b;L-62bbfd9c-2498-4545-9f0f-f5bfc06732f5;L-6a3c1189-5a9a-4df1-99fe-87dff69d022b;L-6fdae63a-6a19-4c9e-ace7-2eb1e307b874;L-7259e597-3d0d-4edb-9886-fb7a71d01093;L-7303326b-b0ce-422f-9c5f-4aae472d8f2a;L-788e23b6-fda9-4c0e-8ee4-efb55111bbfd;L-796a01a0-2f10-4cf9-b2aa-023dfc3c32e8;L-7ae59c3a-c80e-41ff-a147-135925fe3f55;L-825f1daf-5fc2-4293-abed-2e9001765741;L-8261b275-d7c0-45f4-bd9d-f80412ae6775;L-82dffc72-d655-4b79-a5d1-8ce96fc69be9;L-836b6724-174c-42e2-810c-91a3891b2d8d;L-8c9edcba-dc14-4fc4-b70c-33b66a57f526;L-8dce73c6-f0b3-472d-bd49-1fd94e95206a;L-9191015e-fd19-408c-a1ae-7aa4edafbdcf;L-9688d7c4-b53c-4294-8d3e-994444b8a79f;L-9825aa24-899b-4577-96b1-4c6d27bbf623;L-9f436145-9344-423d-88a9-9724cbbc086a;L-a223bb55-9ffb-4889-80cb-e875f6eca8a3;L-a2cfd92b-3cc4-4663-a674-b0c724110691;L-afde2c50-1793-4e83-b7f0-cb7e7b533952;L-affd45ff-7683-4fcc-8aab-62faaa8e08b6;L-b0ebd414-166b-4537-9757-f9f8a0c2d33e;L-b4a7bfb1-4f3c-45d0-9330-acfa4ce83483;L-b9fa97ef-809a-4b42-8bf4-c3267103b3c8;L-bb5ec394-c3a8-46a9-b068-b4692cc953bb;L-c40a8070-bd49-4ee0-8afe-be2c1f778f5d;L-c41c4695-e69a-4bce-8722-e3e6f38afa4e;L-c49c5c2b-0cf8-4252-a2fc-f9d4b626b0e6;L-c534286e-fd2d-48d2-8822-402354003625;L-cfcfdc5f-ac90-42b4-a335-5a5226b2e2f9;L-d2883bc9-f74c-4433-9a25-2da6e152fbd9;L-d30bd81c-b7cb-4092-a98f-b6982f316711;L-d560319f-64f7-4783-8311-7ae2a21963c5;L-d9bef3dd-c6c6-4aec-b7bb-886fd150f0dc;L-d9cfb09d-118c-4134-9aed-eb700a282ea6;L-db13686e-4d63-4f8f-b35a-447a0f31fd90;L-dbecd8d4-2cac-4178-81af-72b77bb60ed0;L-e31dd79b-44ce-4328-af46-34a0bb7b142b;L-e4414c2c-11d4-4aa4-8e3f-2dd2ebb6c9b6;L-e44324c7-9249-488c-b376-9e6ea9babc68;L-e7fbd18b-fa81-4563-afb2-df0a85c6a2f0;L-f27c7a79-8966-4e0f-9336-5f4a6602a669;L-f3906bab-4252-47a6-9afb-7ebf378ab942;L-f528a5e8-19b0-4ada-9916-1e60b8b0b6ce;L-f7d98f35-fb5d-41e4-b56d-f30b89bf4841;L-f976d7c4-0a93-4b4b-9e68-2a1cc1b9ba0c;L-fc42259e-5b4f-455c-8db0-de44f7858a77,lobbying_external_fees,sum,Microsoft,2025,,,1;2;3;4,,,KEEP
FE-Microsoft-2026,1842500.00,https://lda.gov/filings/public/filing/0be8d8b8-e686-4829-aa8a-477803c232d2/print/,2026-09-14,"{""L-0be8d8b8-e686-4829-aa8a-477803c232d2"": ""{\""filing_uuid\"":\""0be8d8b8-e686-4829-aa8a-477803c232d2\"",\""filing_type\"":\""Q1\"",\""filing_year\"":2026,\""filing_period\"":\""first_quarter\"",\""income\"":\""90000.00\"",\""expenses\"":null}"", ""L-1066dcce-34fe-4d92-87dd-839be0ceb287"": ""{\""filing_uuid\"":\""1066dcce-34fe-4d92-87dd-839be0ceb287\"",\""filing_type\"":\""Q2\"",\""filing_year\"":2026,\""filing_period\"":\""second_quarter\"",\""income\"":\""30000.00\"",\""expenses\"":null}"", ""L-10bdc3d7-fc05-403c-8969-d54cc60cf493"": ""{\""filing_uuid\"":\""10bdc3d7-fc05-403c-8969-d54cc60cf493\"",\""filing_type\"":\""Q1\"",\""filing_year\"":2026,\""filing_period\"":\""first_quarter\"",\""income\"":\""30000.00\"",\""expenses\"":null}"", ""L-15a633a6-6b49-40a3-b7f0-abb16e16d976"": ""{\""filing_uuid\"":\""15a633a6-6b49-40a3-b7f0-abb16e16d976\"",\""filing_type\"":\""Q2\"",\""filing_year\"":2026,\""filing_period\"":\""second_quarter\"",\""income\"":\""90000.00\"",\""expenses\"":null}"", ""L-174cd0fb-cca8-4d90-8a8d-bad5cf1cb46b"": ""{\""filing_uuid\"":\""174cd0fb-cca8-4d90-8a8d-bad5cf1cb46b\"",\""filing_type\"":\""Q2\"",\""filing_year\"":2026,\""filing_period\"":\""second_quarter\"",\""income\"":\""60000.00\"",\""expenses\"":null}"", ""L-17ec5286-a2e8-428c-82a8-bab409b95736"": ""{\""filing_uuid\"":\""17ec5286-a2e8-428c-82a8-bab409b95736\"",\""filing_type\"":\""Q2\"",\""filing_year\"":2026,\""filing_period\"":\""second_quarter\"",\""income\"":\""50000.00\"",\""expenses\"":null}"", ""L-1887f9ba-ce03-4264-8b81-8d9c2b1a8eb6"": ""{\""filing_uuid\"":\""1887f9ba-ce03-4264-8b81-8d9c2b1a8eb6\"",\""filing_type\"":\""Q1\"",\""filing_year\"":2026,\""filing_period\"":\""first_quarter\"",\""income\"":\""70000.00\"",\""expenses\"":null}"", ""L-1aeeeb42-9c5e-4974-8ade-3fe4fb3f531c"": ""{\""filing_uuid\"":\""1aeeeb42-9c5e-4974-8ade-3fe4fb3f531c\"",\""filing_type\"":\""Q1\"",\""filing_year\"":2026,\""filing_period\"":\""first_quarter\"",\""income\"":\""60000.00\"",\""expenses\"":null}"", ""L-1b970e17-e10c-47d4-b6ab-a92d5e51db10"": ""{\""filing_uuid\"":\""1b970e17-e10c-47d4-b6ab-a92d5e51db10\"",\""filing_type\"":\""Q2\"",\""filing_year\"":2026,\""filing_period\"":\""second_quarter\"",\""income\"":\""30000.00\"",\""expenses\"":null}"", ""L-1f0afe96-5bff-43a1-974f-0fa8fd628e9e"": ""{\""filing_uuid\"":\""1f0afe96-5bff-43a1-974f-0fa8fd628e9e\"",\""filing_type\"":\""Q2\"",\""filing_year\"":2026,\""filing_period\"":\""second_quarter\"",\""income\"":\""40000.00\"",\""expenses\"":null}"", ""L-392e24fa-3ebe-4a7d-94fb-951ea8a2fb17"": ""{\""filing_uuid\"":\""392e24fa-3ebe-4a7d-94fb-951ea8a2fb17\"",\""filing_type\"":\""Q2\"",\""filing_year\"":2026,\""filing_period\"":\""second_quarter\"",\""income\"":\""60000.00\"",\""expenses\"":null}"", ""L-3cdec2be-afff-483d-b04a-597fe681c1b3"": ""{\""filing_uuid\"":\""3cdec2be-afff-483d-b04a-597fe681c1b3\"",\""filing_type\"":\""Q2\"",\""filing_year\"":2026,\""filing_period\"":\""second_quarter\"",\""income\"":\""60000.00\"",\""expenses\"":null}"", ""L-454ab303-ec4c-4e85-b027-2c747e5c6886"": ""{\""filing_uuid\"":\""454ab303-ec4c-4e85-b027-2c747e5c6886\"",\""filing_type\"":\""Q1\"",\""filing_year\"":2026,\""filing_period\"":\""first_quarter\"",\""income\"":\""50000.00\"",\""expenses\"":null}"", ""L-509752ec-d1ed-4289-8f9d-f76c444a53f1"": ""{\""filing_uuid\"":\""509752ec-d1ed-4289-8f9d-f76c444a53f1\"",\""filing_type\"":\""Q2\"",\""filing_year\"":2026,\""filing_period\"":\""second_quarter\"",\""income\"":\""30000.00\"",\""expenses\"":null}"", ""L-578a34cb-03e6-4e96-8c52-7229f13f0016"": ""{\""filing_uuid\"":\""578a34cb-03e6-4e96-8c52-7229f13f0016\"",\""filing_type\"":\""Q2\"",\""filing_year\"":2026,\""filing_period\"":\""second_quarter\"",\""income\"":\""80000.00\"",\""expenses\"":null}"", ""L-5cfa3101-72f4-4cd0-ac47-9518efa68e66"": ""{\""filing_uuid\"":\""5cfa3101-72f4-4cd0-ac47-9518efa68e66\"",\""filing_type\"":\""Q2\"",\""filing_year\"":2026,\""filing_period\"":\""second_quarter\"",\""income\"":\""50000.00\"",\""expenses\"":null}"", ""L-605e66cd-4b5a-4417-81ce-1d648fdd54a2"": ""{\""filing_uuid\"":\""605e66cd-4b5a-4417-81ce-1d648fdd54a2\"",\""filing_type\"":\""Q2\"",\""filing_year\"":2026,\""filing_period\"":\""second_quarter\"",\""income\"":\""50000.00\"",\""expenses\"":null}"", ""L-643be163-d046-484b-8595-019f915490e8"": ""{\""filing_uuid\"":\""643be163-d046-484b-8595-019f915490e8\"",\""filing_type\"":\""Q1\"",\""filing_year\"":2026,\""filing_period\"":\""first_quarter\"",\""income\"":\""90000.00\"",\""expenses\"":null}"", ""L-68fa431b-da41-4aa9-b207-305aea396c48"": ""{\""filing_uuid\"":\""68fa431b-da41-4aa9-b207-305aea396c48\"",\""filing_type\"":\""Q1\"",\""filing_year\"":2026,\""filing_period\"":\""first_quarter\"",\""income\"":\""50000.00\"",\""expenses\"":null}"", ""L-71867c62-8bc4-497d-a0c2-2c3ee24a6c75"": ""{\""filing_uuid\"":\""71867c62-8bc4-497d-a0c2-2c3ee24a6c75\"",\""filing_type\"":\""Q1\"",\""filing_year\"":2026,\""filing_period\"":\""first_quarter\"",\""income\"":\""60000.00\"",\""expenses\"":null}"", ""L-8017a158-51ec-497d-bb0f-ff4db3ec62f4"": ""{\""filing_uuid\"":\""8017a158-51ec-497d-bb0f-ff4db3ec62f4\"",\""filing_type\"":\""Q1\"",\""filing_year\"":2026,\""filing_period\"":\""first_quarter\"",\""income\"":\""50000.00\"",\""expenses\"":null}"", ""L-810b5ac0-4637-4e8e-93b6-e106ec59512a"": ""{\""filing_uuid\"":\""810b5ac0-4637-4e8e-93b6-e106ec59512a\"",\""filing_type\"":\""Q2\"",\""filing_year\"":2026,\""filing_period\"":\""second_quarter\"",\""income\"":\""50000.00\"",\""expenses\"":null}"", ""L-88b6813e-cd7f-4942-b2db-5329561091a3"": ""{\""filing_uuid\"":\""88b6813e-cd7f-4942-b2db-5329561091a3\"",\""filing_type\"":\""1T\"",\""filing_year\"":2026,\""filing_period\"":\""first_quarter\"",\""income\"":\""20000.00\"",\""expenses\"":null}"", ""L-8a2c1cbf-3e72-4359-963e-2148871088df"": ""{\""filing_uuid\"":\""8a2c1cbf-3e72-4359-963e-2148871088df\"",\""filing_type\"":\""Q1\"",\""filing_year\"":2026,\""filing_period\"":\""first_quarter\"",\""income\"":\""30000.00\"",\""expenses\"":null}"", ""L-8bd47079-9991-44ee-b28c-aba29aa43292"": ""{\""filing_uuid\"":\""8bd47079-9991-44ee-b28c-aba29aa43292\"",\""filing_type\"":\""Q1\"",\""filing_year\"":2026,\""filing_period\"":\""first_quarter\"",\""income\"":\""22500.00\"",\""expenses\"":null}"", ""L-981bff7e-8c8e-47ca-be47-be194875c56d"": ""{\""filing_uuid\"":\""981bff7e-8c8e-47ca-be47-be194875c56d\"",\""filing_type\"":\""Q2\"",\""filing_year\"":2026,\""filing_period\"":\""second_quarter\"",\""income\"":\""60000.00\"",\""expenses\"":null}"", ""L-9b5b59eb-8140-4699-b8f8-e5658750b5de"": ""{\""filing_uuid\"":\""9b5b59eb-8140-4699-b8f8-e5658750b5de\"",\""filing_type\"":\""Q1\"",\""filing_year\"":2026,\""filing_period\"":\""first_quarter\"",\""income\"":\""60000.00\"",\""expenses\"":null}"", ""L-abb434bd-62fc-4fdf-a1ec-f1995508fd6e"": ""{\""filing_uuid\"":\""abb434bd-62fc-4fdf-a1ec-f1995508fd6e\"",\""filing_type\"":\""Q2\"",\""filing_year\"":2026,\""filing_period\"":\""second_quarter\"",\""income\"":\""50000.00\"",\""expenses\"":null}"", ""L-bb40c659-c692-46aa-8105-3b07f861337f"": ""{\""filing_uuid\"":\""bb40c659-c692-46aa-8105-3b07f861337f\"",\""filing_type\"":\""Q1\"",\""filing_year\"":2026,\""filing_period\"":\""first_quarter\"",\""income\"":\""60000.00\"",\""expenses\"":null}"", ""L-c4f9e85b-6540-486d-b785-1b2eb75794ad"": ""{\""filing_uuid\"":\""c4f9e85b-6540-486d-b785-1b2eb75794ad\"",\""filing_type\"":\""Q1\"",\""filing_year\"":2026,\""filing_period\"":\""first_quarter\"",\""income\"":\""40000.00\"",\""expenses\"":null}"", ""L-cdb416d5-ab86-480f-9694-7fc1d350878d"": ""{\""filing_uuid\"":\""cdb416d5-ab86-480f-9694-7fc1d350878d\"",\""filing_type\"":\""Q1\"",\""filing_year\"":2026,\""filing_period\"":\""first_quarter\"",\""income\"":\""30000.00\"",\""expenses\"":null}"", ""L-da72a2f0-8c0f-4c57-9fe2-143d960ee000"": ""{\""filing_uuid\"":\""da72a2f0-8c0f-4c57-9fe2-143d960ee000\"",\""filing_type\"":\""Q2\"",\""filing_year\"":2026,\""filing_period\"":\""second_quarter\"",\""income\"":\""30000.00\"",\""expenses\"":null}"", ""L-dd88e1d9-200e-4b31-a56c-7034b57672ec"": ""{\""filing_uuid\"":\""dd88e1d9-200e-4b31-a56c-7034b57672ec\"",\""filing_type\"":\""Q2\"",\""filing_year\"":2026,\""filing_period\"":\""second_quarter\"",\""income\"":\""90000.00\"",\""expenses\"":null}"", ""L-e785e604-62ef-45b0-a4b2-e6f3a83ff6e9"": ""{\""filing_uuid\"":\""e785e604-62ef-45b0-a4b2-e6f3a83ff6e9\"",\""filing_type\"":\""Q1\"",\""filing_year\"":2026,\""filing_period\"":\""first_quarter\"",\""income\"":\""70000.00\"",\""expenses\"":null}"", ""L-fd01eda1-172c-48c7-ab2c-aee722fc2676"": ""{\""filing_uuid\"":\""fd01eda1-172c-48c7-ab2c-aee722fc2676\"",\""filing_type\"":\""Q2\"",\""filing_year\"":2026,\""filing_period\"":\""second_quarter\"",\""income\"":\""50000.00\"",\""expenses\"":null}""}","Sum of numeric amounts on latest eligible quarterly reports, all issues combined. Blank reports are not zero and are not added. Separately named intermediaries excluded from direct fees. Outside fees and company expenses overlap and must never be added. Latest year uses completed quarters only; no annualization. No numeric reports means OPEN, not zero spending.",USD,,,L-0be8d8b8-e686-4829-aa8a-477803c232d2;L-1066dcce-34fe-4d92-87dd-839be0ceb287;L-10bdc3d7-fc05-403c-8969-d54cc60cf493;L-15a633a6-6b49-40a3-b7f0-abb16e16d976;L-174cd0fb-cca8-4d90-8a8d-bad5cf1cb46b;L-17ec5286-a2e8-428c-82a8-bab409b95736;L-1887f9ba-ce03-4264-8b81-8d9c2b1a8eb6;L-1aeeeb42-9c5e-4974-8ade-3fe4fb3f531c;L-1b970e17-e10c-47d4-b6ab-a92d5e51db10;L-1f0afe96-5bff-43a1-974f-0fa8fd628e9e;L-392e24fa-3ebe-4a7d-94fb-951ea8a2fb17;L-3cdec2be-afff-483d-b04a-597fe681c1b3;L-454ab303-ec4c-4e85-b027-2c747e5c6886;L-509752ec-d1ed-4289-8f9d-f76c444a53f1;L-578a34cb-03e6-4e96-8c52-7229f13f0016;L-5cfa3101-72f4-4cd0-ac47-9518efa68e66;L-605e66cd-4b5a-4417-81ce-1d648fdd54a2;L-643be163-d046-484b-8595-019f915490e8;L-68fa431b-da41-4aa9-b207-305aea396c48;L-71867c62-8bc4-497d-a0c2-2c3ee24a6c75;L-8017a158-51ec-497d-bb0f-ff4db3ec62f4;L-810b5ac0-4637-4e8e-93b6-e106ec59512a;L-88b6813e-cd7f-4942-b2db-5329561091a3;L-8a2c1cbf-3e72-4359-963e-2148871088df;L-8bd47079-9991-44ee-b28c-aba29aa43292;L-981bff7e-8c8e-47ca-be47-be194875c56d;L-9b5b59eb-8140-4699-b8f8-e5658750b5de;L-abb434bd-62fc-4fdf-a1ec-f1995508fd6e;L-bb40c659-c692-46aa-8105-3b07f861337f;L-c4f9e85b-6540-486d-b785-1b2eb75794ad;L-cdb416d5-ab86-480f-9694-7fc1d350878d;L-da72a2f0-8c0f-4c57-9fe2-143d960ee000;L-dd88e1d9-200e-4b31-a56c-7034b57672ec;L-e785e604-62ef-45b0-a4b2-e6f3a83ff6e9;L-fd01eda1-172c-48c7-ab2c-aee722fc2676,lobbying_external_fees,sum,Microsoft,2026,,,1;2,,,KEEP
FE-OpenAI-2019,,https://lda.gov/api/v1/filings/?client_name=OpenAI&filing_year=2019&page_size=100,2026-09-14,"{""LQ-openai-2019"": ""\""count\"": 0""}","Sum of numeric amounts on latest eligible quarterly reports, all issues combined. Blank reports are not zero and are not added. Separately named intermediaries excluded from direct fees. Outside fees and company expenses overlap and must never be added. Latest year uses completed quarters only; no annualization. No numeric reports means OPEN, not zero spending.",USD,,,LQ-openai-2019,lobbying_external_fees,unavailable,OpenAI,2019,,,,,,OPEN
FE-OpenAI-2020,,https://lda.gov/api/v1/filings/?client_name=OpenAI&filing_year=2020&page_size=100,2026-09-14,"{""LQ-openai-2020"": ""\""count\"": 0""}","Sum of numeric amounts on latest eligible quarterly reports, all issues combined. Blank reports are not zero and are not added. Separately named intermediaries excluded from direct fees. Outside fees and company expenses overlap and must never be added. Latest year uses completed quarters only; no annualization. No numeric reports means OPEN, not zero spending.",USD,,,LQ-openai-2020,lobbying_external_fees,unavailable,OpenAI,2020,,,,,,OPEN
FE-OpenAI-2021,,https://lda.gov/api/v1/filings/?client_name=OpenAI&filing_year=2021&page_size=100,2026-09-14,"{""LQ-openai-2021"": ""\""count\"": 0""}","Sum of numeric amounts on latest eligible quarterly reports, all issues combined. Blank reports are not zero and are not added. Separately named intermediaries excluded from direct fees. Outside fees and company expenses overlap and must never be added. Latest year uses completed quarters only; no annualization. No numeric reports means OPEN, not zero spending.",USD,,,LQ-openai-2021,lobbying_external_fees,unavailable,OpenAI,2021,,,,,,OPEN
FE-OpenAI-2022,,https://lda.gov/api/v1/filings/?client_name=OpenAI&filing_year=2022&page_size=100,2026-09-14,"{""LQ-openai-2022"": ""\""count\"": 0""}","Sum of numeric amounts on latest eligible quarterly reports, all issues combined. Blank reports are not zero and are not added. Separately named intermediaries excluded from direct fees. Outside fees and company expenses overlap and must never be added. Latest year uses completed quarters only; no annualization. No numeric reports means OPEN, not zero spending.",USD,,,LQ-openai-2022,lobbying_external_fees,unavailable,OpenAI,2022,,,,,,OPEN
FE-OpenAI-2023,120000.00,https://lda.gov/filings/public/filing/7776e176-d3d3-48c1-8921-37c0c5d35cce/print/,2026-09-14,"{""L-7776e176-d3d3-48c1-8921-37c0c5d35cce"": ""{\""filing_uuid\"":\""7776e176-d3d3-48c1-8921-37c0c5d35cce\"",\""filing_type\"":\""Q4Y\"",\""filing_year\"":2023,\""filing_period\"":\""fourth_quarter\"",\""income\"":\""30000.00\"",\""expenses\"":null}"", ""L-cbad7c81-7058-45fc-8658-2436ce676257"": ""{\""filing_uuid\"":\""cbad7c81-7058-45fc-8658-2436ce676257\"",\""filing_type\"":\""Q4\"",\""filing_year\"":2023,\""filing_period\"":\""fourth_quarter\"",\""income\"":\""90000.00\"",\""expenses\"":null}""}","Sum of numeric amounts on latest eligible quarterly reports, all issues combined. Blank reports are not zero and are not added. Separately named intermediaries excluded from direct fees. Outside fees and company expenses overlap and must never be added. Latest year uses completed quarters only; no annualization. No numeric reports means OPEN, not zero spending.",USD,,,L-7776e176-d3d3-48c1-8921-37c0c5d35cce;L-cbad7c81-7058-45fc-8658-2436ce676257,lobbying_external_fees,sum,OpenAI,2023,,,4,,,KEEP
FE-OpenAI-2024,690000.00,https://lda.gov/filings/public/filing/13daad94-e082-4ecf-8a7d-d7f73d5e8813/print/,2026-09-14,"{""L-13daad94-e082-4ecf-8a7d-d7f73d5e8813"": ""{\""filing_uuid\"":\""13daad94-e082-4ecf-8a7d-d7f73d5e8813\"",\""filing_type\"":\""Q3\"",\""filing_year\"":2024,\""filing_period\"":\""third_quarter\"",\""income\"":\""60000.00\"",\""expenses\"":null}"", ""L-15e510a4-9747-4fb6-ba29-d46bc84d792d"": ""{\""filing_uuid\"":\""15e510a4-9747-4fb6-ba29-d46bc84d792d\"",\""filing_type\"":\""Q2\"",\""filing_year\"":2024,\""filing_period\"":\""second_quarter\"",\""income\"":\""80000.00\"",\""expenses\"":null}"", ""L-1fcea990-123e-4dc5-9922-87a1f506a151"": ""{\""filing_uuid\"":\""1fcea990-123e-4dc5-9922-87a1f506a151\"",\""filing_type\"":\""Q1\"",\""filing_year\"":2024,\""filing_period\"":\""first_quarter\"",\""income\"":\""80000.00\"",\""expenses\"":null}"", ""L-3e927e61-710b-4c48-b4bc-071b99fd37c1"": ""{\""filing_uuid\"":\""3e927e61-710b-4c48-b4bc-071b99fd37c1\"",\""filing_type\"":\""Q4\"",\""filing_year\"":2024,\""filing_period\"":\""fourth_quarter\"",\""income\"":\""60000.00\"",\""expenses\"":null}"", ""L-40ab91f2-4c8b-4dd3-b8d3-fdab2ecb9b14"": ""{\""filing_uuid\"":\""40ab91f2-4c8b-4dd3-b8d3-fdab2ecb9b14\"",\""filing_type\"":\""Q4\"",\""filing_year\"":2024,\""filing_period\"":\""fourth_quarter\"",\""income\"":\""80000.00\"",\""expenses\"":null}"", ""L-5796cdfa-c060-4d51-aeab-c984fa25af87"": ""{\""filing_uuid\"":\""5796cdfa-c060-4d51-aeab-c984fa25af87\"",\""filing_type\"":\""Q2\"",\""filing_year\"":2024,\""filing_period\"":\""second_quarter\"",\""income\"":\""60000.00\"",\""expenses\"":null}"", ""L-7922977c-8f03-4094-8579-bf5265c6e2de"": ""{\""filing_uuid\"":\""7922977c-8f03-4094-8579-bf5265c6e2de\"",\""filing_type\"":\""Q3\"",\""filing_year\"":2024,\""filing_period\"":\""third_quarter\"",\""income\"":\""80000.00\"",\""expenses\"":null}"", ""L-852b11b5-898d-45a7-95c8-d30950b9440a"": ""{\""filing_uuid\"":\""852b11b5-898d-45a7-95c8-d30950b9440a\"",\""filing_type\"":\""Q4\"",\""filing_year\"":2024,\""filing_period\"":\""fourth_quarter\"",\""income\"":\""80000.00\"",\""expenses\"":null}"", ""L-b061cc3b-9df8-4aa7-b90e-7f9481b92fbf"": ""{\""filing_uuid\"":\""b061cc3b-9df8-4aa7-b90e-7f9481b92fbf\"",\""filing_type\"":\""Q1\"",\""filing_year\"":2024,\""filing_period\"":\""first_quarter\"",\""income\"":\""20000.00\"",\""expenses\"":null}"", ""L-fd729de5-c08d-41d8-9fbe-db8cc13fada7"": ""{\""filing_uuid\"":\""fd729de5-c08d-41d8-9fbe-db8cc13fada7\"",\""filing_type\"":\""Q1\"",\""filing_year\"":2024,\""filing_period\"":\""first_quarter\"",\""income\"":\""90000.00\"",\""expenses\"":null}""}","Sum of numeric amounts on latest eligible quarterly reports, all issues combined. Blank reports are not zero and are not added. Separately named intermediaries excluded from direct fees. Outside fees and company expenses overlap and must never be added. Latest year uses completed quarters only; no annualization. No numeric reports means OPEN, not zero spending.",USD,,,L-13daad94-e082-4ecf-8a7d-d7f73d5e8813;L-15e510a4-9747-4fb6-ba29-d46bc84d792d;L-1fcea990-123e-4dc5-9922-87a1f506a151;L-3e927e61-710b-4c48-b4bc-071b99fd37c1;L-40ab91f2-4c8b-4dd3-b8d3-fdab2ecb9b14;L-5796cdfa-c060-4d51-aeab-c984fa25af87;L-7922977c-8f03-4094-8579-bf5265c6e2de;L-852b11b5-898d-45a7-95c8-d30950b9440a;L-b061cc3b-9df8-4aa7-b90e-7f9481b92fbf;L-fd729de5-c08d-41d8-9fbe-db8cc13fada7,lobbying_external_fees,sum,OpenAI,2024,,,1;2;3;4,,,KEEP
FE-OpenAI-2025,1150000.00,https://lda.gov/filings/public/filing/2656b465-1173-413e-bd07-7ad8b9a9c715/print/,2026-09-14,"{""L-2656b465-1173-413e-bd07-7ad8b9a9c715"": ""{\""filing_uuid\"":\""2656b465-1173-413e-bd07-7ad8b9a9c715\"",\""filing_type\"":\""Q3\"",\""filing_year\"":2025,\""filing_period\"":\""third_quarter\"",\""income\"":\""60000.00\"",\""expenses\"":null}"", ""L-3152db0a-5a23-4445-88f5-ca18e2b525eb"": ""{\""filing_uuid\"":\""3152db0a-5a23-4445-88f5-ca18e2b525eb\"",\""filing_type\"":\""Q3\"",\""filing_year\"":2025,\""filing_period\"":\""third_quarter\"",\""income\"":\""150000.00\"",\""expenses\"":null}"", ""L-3b53980f-bada-4f50-8f05-47630767aaff"": ""{\""filing_uuid\"":\""3b53980f-bada-4f50-8f05-47630767aaff\"",\""filing_type\"":\""Q1\"",\""filing_year\"":2025,\""filing_period\"":\""first_quarter\"",\""income\"":\""80000.00\"",\""expenses\"":null}"", ""L-43151e20-3759-4ecb-9d01-9ff1102f40ac"": ""{\""filing_uuid\"":\""43151e20-3759-4ecb-9d01-9ff1102f40ac\"",\""filing_type\"":\""Q2\"",\""filing_year\"":2025,\""filing_period\"":\""second_quarter\"",\""income\"":\""150000.00\"",\""expenses\"":null}"", ""L-60470075-65fc-4e54-a5b1-dbfd9a94d2fa"": ""{\""filing_uuid\"":\""60470075-65fc-4e54-a5b1-dbfd9a94d2fa\"",\""filing_type\"":\""Q1\"",\""filing_year\"":2025,\""filing_period\"":\""first_quarter\"",\""income\"":\""60000.00\"",\""expenses\"":null}"", ""L-68344856-c86f-4b76-89a3-4990bfaea288"": ""{\""filing_uuid\"":\""68344856-c86f-4b76-89a3-4990bfaea288\"",\""filing_type\"":\""Q4\"",\""filing_year\"":2025,\""filing_period\"":\""fourth_quarter\"",\""income\"":\""80000.00\"",\""expenses\"":null}"", ""L-7211b335-adce-48a6-9fea-658cdfe3df49"": ""{\""filing_uuid\"":\""7211b335-adce-48a6-9fea-658cdfe3df49\"",\""filing_type\"":\""Q2\"",\""filing_year\"":2025,\""filing_period\"":\""second_quarter\"",\""income\"":\""80000.00\"",\""expenses\"":null}"", ""L-9e87b82e-81ab-43c2-8bf0-2d11baf802fc"": ""{\""filing_uuid\"":\""9e87b82e-81ab-43c2-8bf0-2d11baf802fc\"",\""filing_type\"":\""Q4\"",\""filing_year\"":2025,\""filing_period\"":\""fourth_quarter\"",\""income\"":\""150000.00\"",\""expenses\"":null}"", ""L-b06587b0-6ca4-40ec-9ba8-bf84a1ecd851"": ""{\""filing_uuid\"":\""b06587b0-6ca4-40ec-9ba8-bf84a1ecd851\"",\""filing_type\"":\""Q3\"",\""filing_year\"":2025,\""filing_period\"":\""third_quarter\"",\""income\"":\""80000.00\"",\""expenses\"":null}"", ""L-db33b69f-6f99-4dff-9573-bdf2ff42f116"": ""{\""filing_uuid\"":\""db33b69f-6f99-4dff-9573-bdf2ff42f116\"",\""filing_type\"":\""2A\"",\""filing_year\"":2025,\""filing_period\"":\""second_quarter\"",\""income\"":\""60000.00\"",\""expenses\"":null}"", ""L-e987548e-2248-42c0-b6b8-6c42b2de6c59"": ""{\""filing_uuid\"":\""e987548e-2248-42c0-b6b8-6c42b2de6c59\"",\""filing_type\"":\""Q4\"",\""filing_year\"":2025,\""filing_period\"":\""fourth_quarter\"",\""income\"":\""50000.00\"",\""expenses\"":null}"", ""L-f821e371-a1ce-48f8-bffb-b34a2c5d94d9"": ""{\""filing_uuid\"":\""f821e371-a1ce-48f8-bffb-b34a2c5d94d9\"",\""filing_type\"":\""Q1\"",\""filing_year\"":2025,\""filing_period\"":\""first_quarter\"",\""income\"":\""150000.00\"",\""expenses\"":null}""}","Sum of numeric amounts on latest eligible quarterly reports, all issues combined. Blank reports are not zero and are not added. Separately named intermediaries excluded from direct fees. Outside fees and company expenses overlap and must never be added. Latest year uses completed quarters only; no annualization. No numeric reports means OPEN, not zero spending.",USD,,,L-2656b465-1173-413e-bd07-7ad8b9a9c715;L-3152db0a-5a23-4445-88f5-ca18e2b525eb;L-3b53980f-bada-4f50-8f05-47630767aaff;L-43151e20-3759-4ecb-9d01-9ff1102f40ac;L-60470075-65fc-4e54-a5b1-dbfd9a94d2fa;L-68344856-c86f-4b76-89a3-4990bfaea288;L-7211b335-adce-48a6-9fea-658cdfe3df49;L-9e87b82e-81ab-43c2-8bf0-2d11baf802fc;L-b06587b0-6ca4-40ec-9ba8-bf84a1ecd851;L-db33b69f-6f99-4dff-9573-bdf2ff42f116;L-e987548e-2248-42c0-b6b8-6c42b2de6c59;L-f821e371-a1ce-48f8-bffb-b34a2c5d94d9,lobbying_external_fees,sum,OpenAI,2025,,,1;2;3;4,,,KEEP
FE-OpenAI-2026,560000.00,https://lda.gov/filings/public/filing/0a1dce63-5b6f-44d2-91fd-e638906c0d3f/print/,2026-09-14,"{""L-0a1dce63-5b6f-44d2-91fd-e638906c0d3f"": ""{\""filing_uuid\"":\""0a1dce63-5b6f-44d2-91fd-e638906c0d3f\"",\""filing_type\"":\""Q2\"",\""filing_year\"":2026,\""filing_period\"":\""second_quarter\"",\""income\"":\""80000.00\"",\""expenses\"":null}"", ""L-6a179232-9da4-49ff-8aeb-57ed308964a7"": ""{\""filing_uuid\"":\""6a179232-9da4-49ff-8aeb-57ed308964a7\"",\""filing_type\"":\""Q2\"",\""filing_year\"":2026,\""filing_period\"":\""second_quarter\"",\""income\"":\""50000.00\"",\""expenses\"":null}"", ""L-769cd6f2-89e9-42d7-ae56-a082f583fb2e"": ""{\""filing_uuid\"":\""769cd6f2-89e9-42d7-ae56-a082f583fb2e\"",\""filing_type\"":\""Q1\"",\""filing_year\"":2026,\""filing_period\"":\""first_quarter\"",\""income\"":\""150000.00\"",\""expenses\"":null}"", ""L-7cb40d72-7a0c-44b6-ac62-ca8e81ee60e1"": ""{\""filing_uuid\"":\""7cb40d72-7a0c-44b6-ac62-ca8e81ee60e1\"",\""filing_type\"":\""Q2\"",\""filing_year\"":2026,\""filing_period\"":\""second_quarter\"",\""income\"":\""150000.00\"",\""expenses\"":null}"", ""L-acaa7a72-bfde-4163-91f9-ea62d7ff47a0"": ""{\""filing_uuid\"":\""acaa7a72-bfde-4163-91f9-ea62d7ff47a0\"",\""filing_type\"":\""Q1\"",\""filing_year\"":2026,\""filing_period\"":\""first_quarter\"",\""income\"":\""50000.00\"",\""expenses\"":null}"", ""L-c2cac663-5651-4fc1-b9af-3a84162d337e"": ""{\""filing_uuid\"":\""c2cac663-5651-4fc1-b9af-3a84162d337e\"",\""filing_type\"":\""Q1\"",\""filing_year\"":2026,\""filing_period\"":\""first_quarter\"",\""income\"":\""80000.00\"",\""expenses\"":null}""}","Sum of numeric amounts on latest eligible quarterly reports, all issues combined. Blank reports are not zero and are not added. Separately named intermediaries excluded from direct fees. Outside fees and company expenses overlap and must never be added. Latest year uses completed quarters only; no annualization. No numeric reports means OPEN, not zero spending.",USD,,,L-0a1dce63-5b6f-44d2-91fd-e638906c0d3f;L-6a179232-9da4-49ff-8aeb-57ed308964a7;L-769cd6f2-89e9-42d7-ae56-a082f583fb2e;L-7cb40d72-7a0c-44b6-ac62-ca8e81ee60e1;L-acaa7a72-bfde-4163-91f9-ea62d7ff47a0;L-c2cac663-5651-4fc1-b9af-3a84162d337e,lobbying_external_fees,sum,OpenAI,2026,,,1;2,,,KEEP
FE-xAI-2019,,https://lda.gov/api/v1/filings/?client_name=xAI&filing_year=2019&page_size=100,2026-09-14,"{""LQ-xai-2019"": ""\""count\"": 0""}","Sum of numeric amounts on latest eligible quarterly reports, all issues combined. Blank reports are not zero and are not added. Separately named intermediaries excluded from direct fees. Outside fees and company expenses overlap and must never be added. Latest year uses completed quarters only; no annualization. No numeric reports means OPEN, not zero spending.",USD,,,LQ-xai-2019,lobbying_external_fees,unavailable,xAI,2019,,,,,,OPEN
FE-xAI-2020,,https://lda.gov/api/v1/filings/?client_name=xAI&filing_year=2020&page_size=100,2026-09-14,"{""LQ-xai-2020"": ""\""count\"": 0""}","Sum of numeric amounts on latest eligible quarterly reports, all issues combined. Blank reports are not zero and are not added. Separately named intermediaries excluded from direct fees. Outside fees and company expenses overlap and must never be added. Latest year uses completed quarters only; no annualization. No numeric reports means OPEN, not zero spending.",USD,,,LQ-xai-2020,lobbying_external_fees,unavailable,xAI,2020,,,,,,OPEN
FE-xAI-2021,,https://lda.gov/api/v1/filings/?client_name=xAI&filing_year=2021&page_size=100,2026-09-14,"{""LQ-xai-2021"": ""\""count\"": 0""}","Sum of numeric amounts on latest eligible quarterly reports, all issues combined. Blank reports are not zero and are not added. Separately named intermediaries excluded from direct fees. Outside fees and company expenses overlap and must never be added. Latest year uses completed quarters only; no annualization. No numeric reports means OPEN, not zero spending.",USD,,,LQ-xai-2021,lobbying_external_fees,unavailable,xAI,2021,,,,,,OPEN
FE-xAI-2022,,https://lda.gov/api/v1/filings/?client_name=xAI&filing_year=2022&page_size=100,2026-09-14,"{""LQ-xai-2022"": ""\""count\"": 0""}","Sum of numeric amounts on latest eligible quarterly reports, all issues combined. Blank reports are not zero and are not added. Separately named intermediaries excluded from direct fees. Outside fees and company expenses overlap and must never be added. Latest year uses completed quarters only; no annualization. No numeric reports means OPEN, not zero spending.",USD,,,LQ-xai-2022,lobbying_external_fees,unavailable,xAI,2022,,,,,,OPEN
FE-xAI-2023,,https://lda.gov/api/v1/filings/?client_name=xAI&filing_year=2023&page_size=100,2026-09-14,"{""LQ-xai-2023"": ""\""count\"": 0""}","Sum of numeric amounts on latest eligible quarterly reports, all issues combined. Blank reports are not zero and are not added. Separately named intermediaries excluded from direct fees. Outside fees and company expenses overlap and must never be added. Latest year uses completed quarters only; no annualization. No numeric reports means OPEN, not zero spending.",USD,,,LQ-xai-2023,lobbying_external_fees,unavailable,xAI,2023,,,,,,OPEN
FE-xAI-2024,,https://lda.gov/api/v1/filings/?client_name=xAI&filing_year=2024&page_size=100,2026-09-14,"{""LQ-xai-2024"": ""\""count\"": 0""}","Sum of numeric amounts on latest eligible quarterly reports, all issues combined. Blank reports are not zero and are not added. Separately named intermediaries excluded from direct fees. Outside fees and company expenses overlap and must never be added. Latest year uses completed quarters only; no annualization. No numeric reports means OPEN, not zero spending.",USD,,,LQ-xai-2024,lobbying_external_fees,unavailable,xAI,2024,,,,,,OPEN
FE-xAI-2025,,https://lda.gov/api/v1/filings/?client_name=xAI&filing_year=2025&page_size=100,2026-09-14,"{""LQ-xai-2025"": ""\""count\"": 0""}","Sum of numeric amounts on latest eligible quarterly reports, all issues combined. Blank reports are not zero and are not added. Separately named intermediaries excluded from direct fees. Outside fees and company expenses overlap and must never be added. Latest year uses completed quarters only; no annualization. No numeric reports means OPEN, not zero spending.",USD,,,LQ-xai-2025,lobbying_external_fees,unavailable,xAI,2025,,,,,,OPEN
FE-xAI-2026,,https://lda.gov/api/v1/filings/?client_name=xAI&filing_year=2026&page_size=100,2026-09-14,"{""LQ-xai-2026"": ""\""count\"": 0""}","Sum of numeric amounts on latest eligible quarterly reports, all issues combined. Blank reports are not zero and are not added. Separately named intermediaries excluded from direct fees. Outside fees and company expenses overlap and must never be added. Latest year uses completed quarters only; no annualization. No numeric reports means OPEN, not zero spending.",USD,,,LQ-xai-2026,lobbying_external_fees,unavailable,xAI,2026,,,,,,OPEN
MX-ARI-CA,2948728,https://projects.propublica.org/nonprofits/full_text/202513209349301211/IRS990ScheduleI,2026-09-14,"{""G-812644663-202513209349301211-3"": ""2,948,728""}","Same legal payer’s selected filed cash grants across available fiscal periods. Source-specific coverage is uneven; no recommendation, award, organization revenue, foreign schedule or unnamed subgrant is added.",USD,Coefficient Action Fund,CA,G-812644663-202513209349301211-3,filed_cash_grant,sum,ARI,,2024-12-31,2024-01-01,,direct_named_institution,,KEEP
MX-CAIS-GV,11052288,https://projects.propublica.org/nonprofits/full_text/202441369349105564/IRS990PF,2026-09-14,"{""G-461008520-202441369349105564-27"": ""5,160,000"", ""G-461008520-202441369349105564-28"": ""4,025,729"", ""G-461008520-202501349349105365-237"": ""1,866,559""}","Same legal payer’s selected filed cash grants across available fiscal periods. Source-specific coverage is uneven; no recommendation, award, organization revenue, foreign schedule or unnamed subgrant is added.",USD,Good Ventures,GV,G-461008520-202441369349105564-27;G-461008520-202441369349105564-28;G-461008520-202501349349105365-237,filed_cash_grant,sum,CAIS,,2024-06-30,2022-07-01,,direct_named_institution,,KEEP
MX-CAIS-NP,222000,https://projects.propublica.org/nonprofits/full_text/202431429349301368/IRS990ScheduleI,2026-09-14,"{""G-237825575-202431429349301368-2229"": ""222,000""}","Same legal payer’s selected filed cash grants across available fiscal periods. Source-specific coverage is uneven; no recommendation, award, organization revenue, foreign schedule or unnamed subgrant is added.",USD,NPT,NP,G-237825575-202431429349301368-2229,filed_cash_grant,sum,CAIS,,2023-06-30,2022-07-01,,DAF_sponsor_unspecified_fund,,KEEP
MX-CAIS-SV,2505740,https://projects.propublica.org/nonprofits/full_text/202413129349304911/IRS990ScheduleI,2026-09-14,"{""G-205205488-202413129349304911-518"": ""1,455,200"", ""G-205205488-202543149349305759-540"": ""1,050,540""}","Same legal payer’s selected filed cash grants across available fiscal periods. Source-specific coverage is uneven; no recommendation, award, organization revenue, foreign schedule or unnamed subgrant is added.",USD,SVCF,SV,G-205205488-202413129349304911-518;G-205205488-202543149349305759-540,filed_cash_grant,sum,CAIS,,2024-12-31,2023-01-01,,DAF_sponsor_unspecified_fund,,KEEP
MX-CAIS-VG,1298500,https://projects.propublica.org/nonprofits/full_text/202511349349313096/IRS990ScheduleI,2026-09-14,"{""G-232888152-202511349349313096-3426"": ""216,000"", ""G-232888152-202621329349306657-3987"": ""1,082,500""}","Same legal payer’s selected filed cash grants across available fiscal periods. Source-specific coverage is uneven; no recommendation, award, organization revenue, foreign schedule or unnamed subgrant is added.",USD,Vanguard,VG,G-232888152-202511349349313096-3426;G-232888152-202621329349306657-3987,filed_cash_grant,sum,CAIS,,2025-06-30,2023-07-01,,DAF_sponsor_unspecified_fund,,KEEP
MX-CRI-GV,3000000,https://projects.propublica.org/nonprofits/full_text/202641359349102829/IRS990PF,2026-09-14,"{""G-461008520-202641359349102829-46"": ""3,000,000""}","Same legal payer’s selected filed cash grants across available fiscal periods. Source-specific coverage is uneven; no recommendation, award, organization revenue, foreign schedule or unnamed subgrant is added.",USD,Good Ventures,GV,G-461008520-202641359349102829-46,filed_cash_grant,sum,CRI,,2025-06-30,2024-07-01,,direct_named_institution,,KEEP
MX-CRI-VG,700000,https://projects.propublica.org/nonprofits/full_text/202621329349306657/IRS990ScheduleI,2026-09-14,"{""G-232888152-202621329349306657-4078"": ""700,000""}","Same legal payer’s selected filed cash grants across available fiscal periods. Source-specific coverage is uneven; no recommendation, award, organization revenue, foreign schedule or unnamed subgrant is added.",USD,Vanguard,VG,G-232888152-202621329349306657-4078,filed_cash_grant,sum,CRI,,2025-06-30,2024-07-01,,DAF_sponsor_unspecified_fund,,KEEP
MX-FAS-CA,1011000,https://projects.propublica.org/nonprofits/full_text/202403209349313635/IRS990ScheduleI,2026-09-14,"{""G-812644663-202403209349313635-21"": ""611,000"", ""G-812644663-202403209349313635-22"": ""400,000""}","Same legal payer’s selected filed cash grants across available fiscal periods. Source-specific coverage is uneven; no recommendation, award, organization revenue, foreign schedule or unnamed subgrant is added.",USD,Coefficient Action Fund,CA,G-812644663-202403209349313635-21;G-812644663-202403209349313635-22,filed_cash_grant,sum,FAS,,2023-12-31,2023-01-01,,direct_named_institution,,KEEP
MX-FAS-FL,750000,https://projects.propublica.org/nonprofits/full_text/202523119349303667/IRS990ScheduleI,2026-09-14,"{""G-471052538-202523119349303667-4"": ""750,000""}","Same legal payer’s selected filed cash grants across available fiscal periods. Source-specific coverage is uneven; no recommendation, award, organization revenue, foreign schedule or unnamed subgrant is added.",USD,Future of Life Institute,FL,G-471052538-202523119349303667-4,filed_cash_grant,sum,FAS,,2024-12-31,2024-01-01,,direct_named_institution,,KEEP
MX-FAS-GV,1807003,https://projects.propublica.org/nonprofits/full_text/202341359349105939/IRS990PF,2026-09-14,"{""G-461008520-202341359349105939-42"": ""480,000"", ""G-461008520-202341359349105939-43"": ""600,000"", ""G-461008520-202341359349105939-44"": ""187,640"", ""G-461008520-202441369349105564-89"": ""123,000"", ""G-461008520-202441369349105564-90"": ""8,125"", ""G-461008520-202441369349105564-91"": ""204,119"", ""G-461008520-202441369349105564-92"": ""204,119""}","Same legal payer’s selected filed cash grants across available fiscal periods. Source-specific coverage is uneven; no recommendation, award, organization revenue, foreign schedule or unnamed subgrant is added.",USD,Good Ventures,GV,G-461008520-202341359349105939-42;G-461008520-202341359349105939-43;G-461008520-202341359349105939-44;G-461008520-202441369349105564-89;G-461008520-202441369349105564-90;G-461008520-202441369349105564-91;G-461008520-202441369349105564-92,filed_cash_grant,sum,FAS,,2023-06-30,2021-07-01,,direct_named_institution,,KEEP
MX-FAS-HORIZON,543982,https://projects.propublica.org/nonprofits/full_text/202441209349301334/IRS990ScheduleI,2026-09-14,"{""G-874657441-202441209349301334-1"": ""543,982""}","Same legal payer’s selected filed cash grants across available fiscal periods. Source-specific coverage is uneven; no recommendation, award, organization revenue, foreign schedule or unnamed subgrant is added.",USD,Horizon Institute for Public Service,HORIZON,G-874657441-202441209349301334-1,filed_cash_grant,sum,FAS,,2023-12-31,2023-01-01,,direct_named_institution,,KEEP
MX-FAS-NP,643800,https://projects.propublica.org/nonprofits/full_text/202311359349313966/IRS990ScheduleI,2026-09-14,"{""G-237825575-202311359349313966-4458"": ""310,000"", ""G-237825575-202431429349301368-4513"": ""298,800"", ""G-237825575-202511339349301311-5539"": ""25,000"", ""G-237825575-202601289349302480-6636"": ""10,000""}","Same legal payer’s selected filed cash grants across available fiscal periods. Source-specific coverage is uneven; no recommendation, award, organization revenue, foreign schedule or unnamed subgrant is added.",USD,NPT,NP,G-237825575-202311359349313966-4458;G-237825575-202431429349301368-4513;G-237825575-202511339349301311-5539;G-237825575-202601289349302480-6636,filed_cash_grant,sum,FAS,,2025-06-30,2021-07-01,,DAF_sponsor_unspecified_fund,,KEEP
MX-FAS-SV,1615500,https://projects.propublica.org/nonprofits/full_text/202103199349327615/IRS990ScheduleI,2026-09-14,"{""G-205205488-202103199349327615-597"": ""375,000"", ""G-205205488-202223199349318287-546"": ""395,000"", ""G-205205488-202333189349318948-1092"": ""312,000"", ""G-205205488-202413129349304911-1022"": ""200,500"", ""G-205205488-202543149349305759-1077"": ""333,000""}","Same legal payer’s selected filed cash grants across available fiscal periods. Source-specific coverage is uneven; no recommendation, award, organization revenue, foreign schedule or unnamed subgrant is added.",USD,SVCF,SV,G-205205488-202103199349327615-597;G-205205488-202223199349318287-546;G-205205488-202333189349318948-1092;G-205205488-202413129349304911-1022;G-205205488-202543149349305759-1077,filed_cash_grant,sum,FAS,,2024-12-31,2020-01-01,,DAF_sponsor_unspecified_fund,,KEEP
MX-FAS-VG,70000,https://projects.propublica.org/nonprofits/full_text/202621329349306657/IRS990ScheduleI,2026-09-14,"{""G-232888152-202621329349306657-8176"": ""70,000""}","Same legal payer’s selected filed cash grants across available fiscal periods. Source-specific coverage is uneven; no recommendation, award, organization revenue, foreign schedule or unnamed subgrant is added.",USD,Vanguard,VG,G-232888152-202621329349306657-8176,filed_cash_grant,sum,FAS,,2025-06-30,2024-07-01,,DAF_sponsor_unspecified_fund,,KEEP
MX-FLI-SV,556200,https://projects.propublica.org/nonprofits/full_text/202003199349301770/IRS990ScheduleI,2026-09-14,"{""G-205205488-202003199349301770-651"": ""230,000"", ""G-205205488-202103199349327615-665"": ""309,000"", ""G-205205488-202223199349318287-2610"": ""17,200""}","Same legal payer’s selected filed cash grants across available fiscal periods. Source-specific coverage is uneven; no recommendation, award, organization revenue, foreign schedule or unnamed subgrant is added.",USD,SVCF,SV,G-205205488-202003199349301770-651;G-205205488-202103199349327615-665;G-205205488-202223199349318287-2610,filed_cash_grant,sum,FLI,,2021-12-31,2019-01-01,,DAF_sponsor_unspecified_fund,,KEEP
MX-HORIZON-CA,100000,https://projects.propublica.org/nonprofits/full_text/202303199349323610/IRS990ScheduleI,2026-09-14,"{""G-812644663-202303199349323610-25"": ""100,000""}","Same legal payer’s selected filed cash grants across available fiscal periods. Source-specific coverage is uneven; no recommendation, award, organization revenue, foreign schedule or unnamed subgrant is added.",USD,Coefficient Action Fund,CA,G-812644663-202303199349323610-25,filed_cash_grant,sum,HORIZON,,2022-12-31,2022-01-01,,direct_named_institution,,KEEP
MX-HORIZON-GV,11837990,https://projects.propublica.org/nonprofits/full_text/202441369349105564/IRS990PF,2026-09-14,"{""G-461008520-202441369349105564-106"": ""11,837,990""}","Same legal payer’s selected filed cash grants across available fiscal periods. Source-specific coverage is uneven; no recommendation, award, organization revenue, foreign schedule or unnamed subgrant is added.",USD,Good Ventures,GV,G-461008520-202441369349105564-106,filed_cash_grant,sum,HORIZON,,2023-06-30,2022-07-01,,direct_named_institution,,KEEP
MX-HORIZON-NP,7527232,https://projects.propublica.org/nonprofits/full_text/202511339349301311/IRS990ScheduleI,2026-09-14,"{""G-237825575-202511339349301311-7801"": ""7,527,232""}","Same legal payer’s selected filed cash grants across available fiscal periods. Source-specific coverage is uneven; no recommendation, award, organization revenue, foreign schedule or unnamed subgrant is added.",USD,NPT,NP,G-237825575-202511339349301311-7801,filed_cash_grant,sum,HORIZON,,2024-06-30,2023-07-01,,DAF_sponsor_unspecified_fund,,KEEP
MX-HORIZON-SV,6451344,https://projects.propublica.org/nonprofits/full_text/202333189349318948/IRS990ScheduleI,2026-09-14,"{""G-205205488-202333189349318948-1516"": ""6,451,344""}","Same legal payer’s selected filed cash grants across available fiscal periods. Source-specific coverage is uneven; no recommendation, award, organization revenue, foreign schedule or unnamed subgrant is added.",USD,SVCF,SV,G-205205488-202333189349318948-1516,filed_cash_grant,sum,HORIZON,,2022-12-31,2022-01-01,,DAF_sponsor_unspecified_fund,,KEEP
MX-HORIZON-VG,7617664,https://projects.propublica.org/nonprofits/full_text/202511349349313096/IRS990ScheduleI,2026-09-14,"{""G-232888152-202511349349313096-10008"": ""3,398,603"", ""G-232888152-202621329349306657-11582"": ""4,219,061""}","Same legal payer’s selected filed cash grants across available fiscal periods. Source-specific coverage is uneven; no recommendation, award, organization revenue, foreign schedule or unnamed subgrant is added.",USD,Vanguard,VG,G-232888152-202511349349313096-10008;G-232888152-202621329349306657-11582,filed_cash_grant,sum,HORIZON,,2025-06-30,2023-07-01,,DAF_sponsor_unspecified_fund,,KEEP
MX-ITIF-NP,233300,https://projects.propublica.org/nonprofits/full_text/202011979349306246/IRS990ScheduleI,2026-09-14,"{""G-237825575-202011979349306246-3394"": ""227,550"", ""G-237825575-202311359349313966-6461"": ""5,750""}","Same legal payer’s selected filed cash grants across available fiscal periods. Source-specific coverage is uneven; no recommendation, award, organization revenue, foreign schedule or unnamed subgrant is added.",USD,NPT,NP,G-237825575-202011979349306246-3394;G-237825575-202311359349313966-6461,filed_cash_grant,sum,ITIF,,2022-06-30,2018-07-01,,DAF_sponsor_unspecified_fund,,KEEP
MX-ITIF-VG,43200,https://projects.propublica.org/nonprofits/full_text/202211339349310116/IRS990ScheduleI,2026-09-14,"{""G-232888152-202211339349310116-8530"": ""13,200"", ""G-232888152-202331359349303108-9468"": ""30,000""}","Same legal payer’s selected filed cash grants across available fiscal periods. Source-specific coverage is uneven; no recommendation, award, organization revenue, foreign schedule or unnamed subgrant is added.",USD,Vanguard,VG,G-232888152-202211339349310116-8530;G-232888152-202331359349303108-9468,filed_cash_grant,sum,ITIF,,2022-06-30,2020-07-01,,DAF_sponsor_unspecified_fund,,KEEP
MX-PC-PCF,625000,https://projects.propublica.org/nonprofits/full_text/202000429349301210/IRS990ScheduleI,2026-09-14,"{""G-521263996-202000429349301210-8"": ""150,000"", ""G-521263996-202521499349301107-2"": ""475,000""}","Same legal payer’s selected filed cash grants across available fiscal periods. Source-specific coverage is uneven; no recommendation, award, organization revenue, foreign schedule or unnamed subgrant is added.",USD,Public Citizen Foundation,PCF,G-521263996-202000429349301210-8;G-521263996-202521499349301107-2,filed_cash_grant,sum,PC,,2024-09-30,2018-10-01,,direct_named_institution,,KEEP
MX-PC-TI,1210360,https://projects.propublica.org/nonprofits/full_text/202043149349304239/IRS990ScheduleI,2026-09-14,"{""G-510198509-202043149349304239-1036"": ""200,000"", ""G-510198509-202133149349300708-1611"": ""960,360"", ""G-510198509-202412739349300401-1648"": ""50,000""}","Same legal payer’s selected filed cash grants across available fiscal periods. Source-specific coverage is uneven; no recommendation, award, organization revenue, foreign schedule or unnamed subgrant is added.",USD,Tides,TI,G-510198509-202043149349304239-1036;G-510198509-202133149349300708-1611;G-510198509-202412739349300401-1648,filed_cash_grant,sum,PC,,2023-12-31,2019-01-01,,DAF_sponsor_unspecified_fund,,KEEP
MX-PCF-NP,182750,https://projects.propublica.org/nonprofits/full_text/202011979349306246/IRS990ScheduleI,2026-09-14,"{""G-237825575-202011979349306246-5481"": ""6,500"", ""G-237825575-202121459349300307-9411"": ""7,750"", ""G-237825575-202231339349309863-8571"": ""131,000"", ""G-237825575-202311359349313966-10305"": ""5,750"", ""G-237825575-202431429349301368-10514"": ""5,250"", ""G-237825575-202601289349302480-15381"": ""26,500""}","Same legal payer’s selected filed cash grants across available fiscal periods. Source-specific coverage is uneven; no recommendation, award, organization revenue, foreign schedule or unnamed subgrant is added.",USD,NPT,NP,G-237825575-202011979349306246-5481;G-237825575-202121459349300307-9411;G-237825575-202231339349309863-8571;G-237825575-202311359349313966-10305;G-237825575-202431429349301368-10514;G-237825575-202601289349302480-15381,filed_cash_grant,sum,PCF,,2025-06-30,2018-07-01,,DAF_sponsor_unspecified_fund,,KEEP
MX-PCF-SV,21250,https://projects.propublica.org/nonprofits/full_text/202003199349301770/IRS990ScheduleI,2026-09-14,"{""G-205205488-202003199349301770-3105"": ""5,200"", ""G-205205488-202223199349318287-2888"": ""10,800"", ""G-205205488-202543149349305759-2505"": ""5,250""}","Same legal payer’s selected filed cash grants across available fiscal periods. Source-specific coverage is uneven; no recommendation, award, organization revenue, foreign schedule or unnamed subgrant is added.",USD,SVCF,SV,G-205205488-202003199349301770-3105;G-205205488-202223199349318287-2888;G-205205488-202543149349305759-2505,filed_cash_grant,sum,PCF,,2024-12-31,2019-01-01,,DAF_sponsor_unspecified_fund,,KEEP
MX-PCF-TI,3474640,https://projects.propublica.org/nonprofits/full_text/202133149349300708/IRS990ScheduleI,2026-09-14,"{""G-510198509-202133149349300708-1610"": ""1,309,640"", ""G-510198509-202233189349313898-1460"": ""1,080,000"", ""G-510198509-202400469349300305-1801"": ""170,000"", ""G-510198509-202412739349300401-1647"": ""125,000"", ""G-510198509-202523189349301347-1539"": ""790,000""}","Same legal payer’s selected filed cash grants across available fiscal periods. Source-specific coverage is uneven; no recommendation, award, organization revenue, foreign schedule or unnamed subgrant is added.",USD,Tides,TI,G-510198509-202133149349300708-1610;G-510198509-202233189349313898-1460;G-510198509-202400469349300305-1801;G-510198509-202412739349300401-1647;G-510198509-202523189349301347-1539,filed_cash_grant,sum,PCF,,2024-12-31,2020-01-01,,DAF_sponsor_unspecified_fund,,KEEP
MX-PCF-VG,519050,https://projects.propublica.org/nonprofits/full_text/202211339349310116/IRS990ScheduleI,2026-09-14,"{""G-232888152-202211339349310116-13366"": ""63,200"", ""G-232888152-202331359349303108-14880"": ""56,700"", ""G-232888152-202441359349309439-14610"": ""29,050"", ""G-232888152-202511349349313096-16381"": ""64,000"", ""G-232888152-202621329349306657-18905"": ""306,100""}","Same legal payer’s selected filed cash grants across available fiscal periods. Source-specific coverage is uneven; no recommendation, award, organization revenue, foreign schedule or unnamed subgrant is added.",USD,Vanguard,VG,G-232888152-202211339349310116-13366;G-232888152-202331359349303108-14880;G-232888152-202441359349309439-14610;G-232888152-202511349349313096-16381;G-232888152-202621329349306657-18905,filed_cash_grant,sum,PCF,,2025-06-30,2020-07-01,,DAF_sponsor_unspecified_fund,,KEEP
MX-SAIF-GV,1100000,https://projects.propublica.org/nonprofits/full_text/202641359349102829/IRS990PF,2026-09-14,"{""G-461008520-202641359349102829-248"": ""100,000"", ""G-461008520-202641359349102829-249"": ""1,000,000""}","Same legal payer’s selected filed cash grants across available fiscal periods. Source-specific coverage is uneven; no recommendation, award, organization revenue, foreign schedule or unnamed subgrant is added.",USD,Good Ventures,GV,G-461008520-202641359349102829-248;G-461008520-202641359349102829-249,filed_cash_grant,sum,SAIF,,2025-06-30,2024-07-01,,direct_named_institution,,KEEP
MX-SAIF-NP,345000,https://projects.propublica.org/nonprofits/full_text/202601289349302480/IRS990ScheduleI,2026-09-14,"{""G-237825575-202601289349302480-16234"": ""345,000""}","Same legal payer’s selected filed cash grants across available fiscal periods. Source-specific coverage is uneven; no recommendation, award, organization revenue, foreign schedule or unnamed subgrant is added.",USD,NPT,NP,G-237825575-202601289349302480-16234,filed_cash_grant,sum,SAIF,,2025-06-30,2024-07-01,,DAF_sponsor_unspecified_fund,,KEEP
MX-TECHFREEDOM-NETCHOICE,1065000,https://projects.propublica.org/nonprofits/full_text/202343009349300919/IRS990ScheduleI,2026-09-14,"{""G-271716101-202343009349300919-18"": ""450,000"", ""G-271716101-202442499349300104-26"": ""250,000"", ""G-271716101-202543119349300534-28"": ""365,000""}","Same legal payer’s selected filed cash grants across available fiscal periods. Source-specific coverage is uneven; no recommendation, award, organization revenue, foreign schedule or unnamed subgrant is added.",USD,NetChoice,NETCHOICE,G-271716101-202343009349300919-18;G-271716101-202442499349300104-26;G-271716101-202543119349300534-28,filed_cash_grant,sum,TECHFREEDOM,,2024-12-31,2022-01-01,,direct_named_institution,,KEEP
MX-TECHFREEDOM-NP,280000,https://projects.propublica.org/nonprofits/full_text/202601289349302480/IRS990ScheduleI,2026-09-14,"{""G-237825575-202601289349302480-18630"": ""280,000""}","Same legal payer’s selected filed cash grants across available fiscal periods. Source-specific coverage is uneven; no recommendation, award, organization revenue, foreign schedule or unnamed subgrant is added.",USD,NPT,NP,G-237825575-202601289349302480-18630,filed_cash_grant,sum,TECHFREEDOM,,2025-06-30,2024-07-01,,DAF_sponsor_unspecified_fund,,KEEP
PJ-IAPS-2024-filed_mixed_purpose_grant,2100000,https://projects.propublica.org/nonprofits/full_text/202501349349105365/IRS990PF,2026-09-14,"{""G-461008520-202501349349105365-206"": ""2,100,000""}","Same labeled money type only. Source rows retain receiving charities, payer uncertainty and allocation limits; amounts must not be added across types.",USD,,,G-461008520-202501349349105365-206,filed_mixed_purpose_grant,sum,IAPS,2024,,,,,,KEEP
PJ-IAPS-2024-filed_project_earmarked_grant,2448234,https://projects.propublica.org/nonprofits/full_text/202501349349105365/IRS990PF,2026-09-14,"{""G-461008520-202501349349105365-204"": ""1,620,185"", ""G-461008520-202501349349105365-207"": ""828,049""}","Same labeled money type only. Source rows retain receiving charities, payer uncertainty and allocation limits; amounts must not be added across types.",USD,,,G-461008520-202501349349105365-204;G-461008520-202501349349105365-207,filed_project_earmarked_grant,sum,IAPS,2024,,,,,,KEEP
PJ-IAPS-2025-filed_project_earmarked_grant,1391710,https://projects.propublica.org/nonprofits/full_text/202641359349102829/IRS990PF,2026-09-14,"{""G-461008520-202641359349102829-238"": ""1,391,710""}","Same labeled money type only. Source rows retain receiving charities, payer uncertainty and allocation limits; amounts must not be added across types.",USD,,,G-461008520-202641359349102829-238,filed_project_earmarked_grant,sum,IAPS,2025,,,,,,KEEP
RC-AIPI-2024-recommendation,142000,https://survivalandflourishing.fund/2024/recommendations,2026-09-14,"{""S-SFF-2024-C9-72"": ""$142,000""}","Same labeled money type only. Source rows retain receiving charities, payer uncertainty and allocation limits; amounts must not be added across types.",USD,,,S-SFF-2024-C9-72,recommendation,sum,AIPI,2024,,,,,,KEEP
RC-AIPI-2025-recommendation,1635000,https://survivalandflourishing.fund/2025/recommendations,2026-09-14,"{""S-SFF-2025-C6-6"": ""$1,635,000""}","Same labeled money type only. Source rows retain receiving charities, payer uncertainty and allocation limits; amounts must not be added across types.",USD,,,S-SFF-2025-C6-6,recommendation,sum,AIPI,2025,,,,,,KEEP
RC-CAIS-2023-recommendation,931154,https://survivalandflourishing.fund/2023/h1/recommendations,2026-09-14,"{""S-SFF-2023-H1-T0-8-C1"": ""$22,000"", ""S-SFF-2023-H2-T0-28-C1"": ""$16,154"", ""S-SFF-2023-H2-T0-28-C3"": ""$893,000""}","Same labeled money type only. Source rows retain receiving charities, payer uncertainty and allocation limits; amounts must not be added across types.",USD,,,S-SFF-2023-H1-T0-8-C1;S-SFF-2023-H2-T0-28-C1;S-SFF-2023-H2-T0-28-C3,recommendation,sum,CAIS,2023,,,,,,KEEP
RC-CAIS-2024-recommendation,1146000,https://survivalandflourishing.fund/2024/recommendations,2026-09-14,"{""S-SFF-2024-C9-21"": ""$1,146,000""}","Same labeled money type only. Source rows retain receiving charities, payer uncertainty and allocation limits; amounts must not be added across types.",USD,,,S-SFF-2024-C9-21,recommendation,sum,CAIS,2024,,,,,,KEEP
RC-CAIS-2025-recommendation,289000,https://survivalandflourishing.fund/2025/recommendations,2026-09-14,"{""S-SFF-2025-C6-17"": ""$289,000""}","Same labeled money type only. Source rows retain receiving charities, payer uncertainty and allocation limits; amounts must not be added across types.",USD,,,S-SFF-2025-C6-17,recommendation,sum,CAIS,2025,,,,,,KEEP
RC-CAISAF-2023-recommendation,420000,https://survivalandflourishing.fund/2023/h2/recommendations,2026-09-14,"{""S-SFF-2023-H2-T0-27-C1"": ""$22,125"", ""S-SFF-2023-H2-T0-27-C4"": ""$397,875""}","Same labeled money type only. Source rows retain receiving charities, payer uncertainty and allocation limits; amounts must not be added across types.",USD,,,S-SFF-2023-H2-T0-27-C1;S-SFF-2023-H2-T0-27-C4,recommendation,sum,CAISAF,2023,,,,,,KEEP
RC-CAISAF-2024-recommendation,1621000,https://survivalandflourishing.fund/2024/recommendations,2026-09-14,"{""S-SFF-2024-C9-20"": ""$1,621,000""}","Same labeled money type only. Source rows retain receiving charities, payer uncertainty and allocation limits; amounts must not be added across types.",USD,,,S-SFF-2024-C9-20,recommendation,sum,CAISAF,2024,,,,,,KEEP
RC-CAISAF-2025-recommendation,772000,https://survivalandflourishing.fund/2025/recommendations,2026-09-14,"{""S-SFF-2025-C6-18"": ""$772,000""}","Same labeled money type only. Source rows retain receiving charities, payer uncertainty and allocation limits; amounts must not be added across types.",USD,,,S-SFF-2025-C6-18,recommendation,sum,CAISAF,2025,,,,,,KEEP
RC-ENCODE-2024-recommendation,50000,https://survivalandflourishing.fund/2024/recommendations,2026-09-14,"{""S-SFF-2024-C9-29"": ""$50,000""}","Same labeled money type only. Source rows retain receiving charities, payer uncertainty and allocation limits; amounts must not be added across types.",USD,,,S-SFF-2024-C9-29,recommendation,sum,ENCODE,2024,,,,,,KEEP
RC-ENCODE-2025-recommendation,516000,https://survivalandflourishing.fund/2025/recommendations,2026-09-14,"{""S-SFF-2025-C6-32"": ""$516,000""}","Same labeled money type only. Source rows retain receiving charities, payer uncertainty and allocation limits; amounts must not be added across types.",USD,,,S-SFF-2025-C6-32,recommendation,sum,ENCODE,2025,,,,,,KEEP
RC-FLI-2020-recommendation,510000,https://survivalandflourishing.fund/2020/h1/recommendations,2026-09-14,"{""S-SFF-2020-H1-T0-11-C2"": ""$30,000"", ""S-SFF-2020-H1-T0-24-C2"": ""$10,000"", ""S-SFF-2020-H1-T0-5-C2"": ""$100,000"", ""S-SFF-2020-H2-T0-1-C2"": ""$23,000"", ""S-SFF-2020-H2-T0-16-C2"": ""$347,000""}","Same labeled money type only. Source rows retain receiving charities, payer uncertainty and allocation limits; amounts must not be added across types.",USD,,,S-SFF-2020-H1-T0-11-C2;S-SFF-2020-H1-T0-24-C2;S-SFF-2020-H1-T0-5-C2;S-SFF-2020-H2-T0-1-C2;S-SFF-2020-H2-T0-16-C2,recommendation,sum,FLI,2020,,,,,,KEEP
RC-IAPS-2024-recommendation,183000,https://survivalandflourishing.fund/2024/recommendations,2026-09-14,"{""S-SFF-2024-C9-38"": ""$183,000""}","Same labeled money type only. Source rows retain receiving charities, payer uncertainty and allocation limits; amounts must not be added across types.",USD,,,S-SFF-2024-C9-38,recommendation,sum,IAPS,2024,,,,,,KEEP
RC-IAPS-2025-matching_commitment,300000,https://survivalandflourishing.fund/2025/recommendations,2026-09-14,"{""S-SFF-2025-C5-26"": ""$300,000""}","Same labeled money type only. Source rows retain receiving charities, payer uncertainty and allocation limits; amounts must not be added across types.",USD,,,S-SFF-2025-C5-26,matching_commitment,sum,IAPS,2025,,,,,,KEEP
RC-IAPS-2025-recommendation,572000,https://survivalandflourishing.fund/2025/recommendations,2026-09-14,"{""S-SFF-2025-C6-81"": ""$572,000""}","Same labeled money type only. Source rows retain receiving charities, payer uncertainty and allocation limits; amounts must not be added across types.",USD,,,S-SFF-2025-C6-81,recommendation,sum,IAPS,2025,,,,,,KEEP
RC-SAIF-2024-recommendation,580000,https://survivalandflourishing.fund/2024/recommendations,2026-09-14,"{""S-SFF-2024-C9-62"": ""$580,000""}","Same labeled money type only. Source rows retain receiving charities, payer uncertainty and allocation limits; amounts must not be added across types.",USD,,,S-SFF-2024-C9-62,recommendation,sum,SAIF,2024,,,,,,KEEP
RM-AI-2023,1411000,https://projects.propublica.org/nonprofits/full_text/202441359349309439/IRS990ScheduleI,2026-09-14,"{""RM-VG002"": ""201,000"", ""RM-VG004"": ""10,000"", ""RM-VG010"": ""200,000"", ""RM-VG022"": ""1,000,000""}","Vanguard fiscal-year cash grants to the claim author’s selected recipient population. Category is the author’s label, not an audit attribution of all spending to AI policy. FIGURE excludes the author’s borderline tier; BORDER includes it; AI uses only the author’s AI-safety tier.",USD,Vanguard,,RM-VG002;RM-VG004;RM-VG010;RM-VG022,filed_cash_grant,sum,,2023,,,,,,KEEP
RM-AI-2024,6555488,https://projects.propublica.org/nonprofits/full_text/202511349349313096/IRS990ScheduleI,2026-09-14,"{""RM-VG030"": ""1,000,000"", ""RM-VG032"": ""762,650"", ""RM-VG034"": ""216,000"", ""RM-VG035"": ""240,250"", ""RM-VG037"": ""100,000"", ""RM-VG040"": ""222,985"", ""RM-VG047"": ""3,398,603"", ""RM-VG048"": ""245,000"", ""RM-VG053"": ""30,000"", ""RM-VG056"": ""150,000"", ""RM-VG058"": ""190,000""}","Vanguard fiscal-year cash grants to the claim author’s selected recipient population. Category is the author’s label, not an audit attribution of all spending to AI policy. FIGURE excludes the author’s borderline tier; BORDER includes it; AI uses only the author’s AI-safety tier.",USD,Vanguard,,RM-VG030;RM-VG032;RM-VG034;RM-VG035;RM-VG037;RM-VG040;RM-VG047;RM-VG048;RM-VG053;RM-VG056;RM-VG058,filed_cash_grant,sum,,2024,,,,,,KEEP
RM-AI-2025,52557061,https://projects.propublica.org/nonprofits/full_text/202621329349306657/IRS990ScheduleI,2026-09-14,"{""RM-VG063"": ""164,050"", ""RM-VG064"": ""1,500,000"", ""RM-VG067"": ""463,490"", ""RM-VG068"": ""100,000"", ""RM-VG069"": ""1,082,500"", ""RM-VG071"": ""2,000,000"", ""RM-VG072"": ""600,000"", ""RM-VG073"": ""6,585,000"", ""RM-VG075"": ""25,100,000"", ""RM-VG077"": ""400,000"", ""RM-VG085"": ""4,219,061"", ""RM-VG088"": ""2,700,000"", ""RM-VG089"": ""168,960"", ""RM-VG092"": ""44,000"", ""RM-VG094"": ""4,000,000"", ""RM-VG101"": ""3,350,000"", ""RM-VG102"": ""80,000""}","Vanguard fiscal-year cash grants to the claim author’s selected recipient population. Category is the author’s label, not an audit attribution of all spending to AI policy. FIGURE excludes the author’s borderline tier; BORDER includes it; AI uses only the author’s AI-safety tier.",USD,Vanguard,,RM-VG063;RM-VG064;RM-VG067;RM-VG068;RM-VG069;RM-VG071;RM-VG072;RM-VG073;RM-VG075;RM-VG077;RM-VG085;RM-VG088;RM-VG089;RM-VG092;RM-VG094;RM-VG101;RM-VG102,filed_cash_grant,sum,,2025,,,,,,KEEP
RM-BORDER-2023,4329812,https://projects.propublica.org/nonprofits/full_text/202441359349309439/IRS990ScheduleI,2026-09-14,"{""RM-VG001"": ""250,000"", ""RM-VG002"": ""201,000"", ""RM-VG004"": ""10,000"", ""RM-VG005"": ""106,000"", ""RM-VG007"": ""7,000"", ""RM-VG008"": ""2,203,812"", ""RM-VG010"": ""200,000"", ""RM-VG013"": ""161,000"", ""RM-VG020"": ""14,000"", ""RM-VG022"": ""1,000,000"", ""RM-VG023"": ""177,000""}","Vanguard fiscal-year cash grants to the claim author’s selected recipient population. Category is the author’s label, not an audit attribution of all spending to AI policy. FIGURE excludes the author’s borderline tier; BORDER includes it; AI uses only the author’s AI-safety tier.",USD,Vanguard,,RM-VG001;RM-VG002;RM-VG004;RM-VG005;RM-VG007;RM-VG008;RM-VG010;RM-VG013;RM-VG020;RM-VG022;RM-VG023,filed_cash_grant,sum,,2023,,,,,,KEEP
RM-BORDER-2024,8384254,https://projects.propublica.org/nonprofits/full_text/202511349349313096/IRS990ScheduleI,2026-09-14,"{""RM-VG028"": ""125,000"", ""RM-VG030"": ""1,000,000"", ""RM-VG032"": ""762,650"", ""RM-VG033"": ""182,500"", ""RM-VG034"": ""216,000"", ""RM-VG035"": ""240,250"", ""RM-VG037"": ""100,000"", ""RM-VG038"": ""270,103"", ""RM-VG040"": ""222,985"", ""RM-VG042"": ""53,161"", ""RM-VG045"": ""150,500"", ""RM-VG047"": ""3,398,603"", ""RM-VG048"": ""245,000"", ""RM-VG049"": ""100,000"", ""RM-VG053"": ""30,000"", ""RM-VG054"": ""44,500"", ""RM-VG056"": ""150,000"", ""RM-VG057"": ""903,002"", ""RM-VG058"": ""190,000""}","Vanguard fiscal-year cash grants to the claim author’s selected recipient population. Category is the author’s label, not an audit attribution of all spending to AI policy. FIGURE excludes the author’s borderline tier; BORDER includes it; AI uses only the author’s AI-safety tier.",USD,Vanguard,,RM-VG028;RM-VG030;RM-VG032;RM-VG033;RM-VG034;RM-VG035;RM-VG037;RM-VG038;RM-VG040;RM-VG042;RM-VG045;RM-VG047;RM-VG048;RM-VG049;RM-VG053;RM-VG054;RM-VG056;RM-VG057;RM-VG058,filed_cash_grant,sum,,2024,,,,,,KEEP
RM-BORDER-2025,65698900,https://projects.propublica.org/nonprofits/full_text/202621329349306657/IRS990ScheduleI,2026-09-14,"{""RM-VG062"": ""46,011"", ""RM-VG063"": ""164,050"", ""RM-VG064"": ""1,500,000"", ""RM-VG067"": ""463,490"", ""RM-VG068"": ""100,000"", ""RM-VG069"": ""1,082,500"", ""RM-VG070"": ""252,000"", ""RM-VG071"": ""2,000,000"", ""RM-VG072"": ""600,000"", ""RM-VG073"": ""6,585,000"", ""RM-VG075"": ""25,100,000"", ""RM-VG076"": ""143,000"", ""RM-VG077"": ""400,000"", ""RM-VG080"": ""1,210,500"", ""RM-VG082"": ""5,248,902"", ""RM-VG085"": ""4,219,061"", ""RM-VG087"": ""28,200"", ""RM-VG088"": ""2,700,000"", ""RM-VG089"": ""168,960"", ""RM-VG090"": ""2,500,000"", ""RM-VG092"": ""44,000"", ""RM-VG094"": ""4,000,000"", ""RM-VG095"": ""1,075,000"", ""RM-VG097"": ""43,000"", ""RM-VG099"": ""1,000,000"", ""RM-VG100"": ""1,595,226"", ""RM-VG101"": ""3,350,000"", ""RM-VG102"": ""80,000""}","Vanguard fiscal-year cash grants to the claim author’s selected recipient population. Category is the author’s label, not an audit attribution of all spending to AI policy. FIGURE excludes the author’s borderline tier; BORDER includes it; AI uses only the author’s AI-safety tier.",USD,Vanguard,,RM-VG062;RM-VG063;RM-VG064;RM-VG067;RM-VG068;RM-VG069;RM-VG070;RM-VG071;RM-VG072;RM-VG073;RM-VG075;RM-VG076;RM-VG077;RM-VG080;RM-VG082;RM-VG085;RM-VG087;RM-VG088;RM-VG089;RM-VG090;RM-VG092;RM-VG094;RM-VG095;RM-VG097;RM-VG099;RM-VG100;RM-VG101;RM-VG102,filed_cash_grant,sum,,2025,,,,,,KEEP
RM-FIGURE-2023,4315812,https://projects.propublica.org/nonprofits/full_text/202441359349309439/IRS990ScheduleI,2026-09-14,"{""RM-VG001"": ""250,000"", ""RM-VG002"": ""201,000"", ""RM-VG004"": ""10,000"", ""RM-VG005"": ""106,000"", ""RM-VG007"": ""7,000"", ""RM-VG008"": ""2,203,812"", ""RM-VG010"": ""200,000"", ""RM-VG013"": ""161,000"", ""RM-VG022"": ""1,000,000"", ""RM-VG023"": ""177,000""}","Vanguard fiscal-year cash grants to the claim author’s selected recipient population. Category is the author’s label, not an audit attribution of all spending to AI policy. FIGURE excludes the author’s borderline tier; BORDER includes it; AI uses only the author’s AI-safety tier.",USD,Vanguard,,RM-VG001;RM-VG002;RM-VG004;RM-VG005;RM-VG007;RM-VG008;RM-VG010;RM-VG013;RM-VG022;RM-VG023,filed_cash_grant,sum,,2023,,,,,,KEEP
RM-FIGURE-2024,8157254,https://projects.propublica.org/nonprofits/full_text/202511349349313096/IRS990ScheduleI,2026-09-14,"{""RM-VG028"": ""125,000"", ""RM-VG030"": ""1,000,000"", ""RM-VG032"": ""762,650"", ""RM-VG034"": ""216,000"", ""RM-VG035"": ""240,250"", ""RM-VG037"": ""100,000"", ""RM-VG038"": ""270,103"", ""RM-VG040"": ""222,985"", ""RM-VG042"": ""53,161"", ""RM-VG045"": ""150,500"", ""RM-VG047"": ""3,398,603"", ""RM-VG048"": ""245,000"", ""RM-VG049"": ""100,000"", ""RM-VG053"": ""30,000"", ""RM-VG056"": ""150,000"", ""RM-VG057"": ""903,002"", ""RM-VG058"": ""190,000""}","Vanguard fiscal-year cash grants to the claim author’s selected recipient population. Category is the author’s label, not an audit attribution of all spending to AI policy. FIGURE excludes the author’s borderline tier; BORDER includes it; AI uses only the author’s AI-safety tier.",USD,Vanguard,,RM-VG028;RM-VG030;RM-VG032;RM-VG034;RM-VG035;RM-VG037;RM-VG038;RM-VG040;RM-VG042;RM-VG045;RM-VG047;RM-VG048;RM-VG049;RM-VG053;RM-VG056;RM-VG057;RM-VG058,filed_cash_grant,sum,,2024,,,,,,KEEP
RM-FIGURE-2025,65627700,https://projects.propublica.org/nonprofits/full_text/202621329349306657/IRS990ScheduleI,2026-09-14,"{""RM-VG062"": ""46,011"", ""RM-VG063"": ""164,050"", ""RM-VG064"": ""1,500,000"", ""RM-VG067"": ""463,490"", ""RM-VG068"": ""100,000"", ""RM-VG069"": ""1,082,500"", ""RM-VG070"": ""252,000"", ""RM-VG071"": ""2,000,000"", ""RM-VG072"": ""600,000"", ""RM-VG073"": ""6,585,000"", ""RM-VG075"": ""25,100,000"", ""RM-VG076"": ""143,000"", ""RM-VG077"": ""400,000"", ""RM-VG080"": ""1,210,500"", ""RM-VG082"": ""5,248,902"", ""RM-VG085"": ""4,219,061"", ""RM-VG088"": ""2,700,000"", ""RM-VG089"": ""168,960"", ""RM-VG090"": ""2,500,000"", ""RM-VG092"": ""44,000"", ""RM-VG094"": ""4,000,000"", ""RM-VG095"": ""1,075,000"", ""RM-VG099"": ""1,000,000"", ""RM-VG100"": ""1,595,226"", ""RM-VG101"": ""3,350,000"", ""RM-VG102"": ""80,000""}","Vanguard fiscal-year cash grants to the claim author’s selected recipient population. Category is the author’s label, not an audit attribution of all spending to AI policy. FIGURE excludes the author’s borderline tier; BORDER includes it; AI uses only the author’s AI-safety tier.",USD,Vanguard,,RM-VG062;RM-VG063;RM-VG064;RM-VG067;RM-VG068;RM-VG069;RM-VG070;RM-VG071;RM-VG072;RM-VG073;RM-VG075;RM-VG076;RM-VG077;RM-VG080;RM-VG082;RM-VG085;RM-VG088;RM-VG089;RM-VG090;RM-VG092;RM-VG094;RM-VG095;RM-VG099;RM-VG100;RM-VG101;RM-VG102,filed_cash_grant,sum,,2025,,,,,,KEEP
RV-ARI-2023,501673,https://projects.propublica.org/nonprofits/full_text/202541059349301504/IRS990,2026-09-14,"{""R-ARI-2023-REV-1504"": ""501,673""}",Organization-wide filed total revenue; fiscal year ends in the plotted year. Not spending or a measure of AI-policy activity.,USD,,,R-ARI-2023-REV-1504,organization_revenue,identity,ARI,2023,2023-12-31,,,,,KEEP
RV-ARI-2024,5244469,https://projects.propublica.org/nonprofits/full_text/202503209349302380/IRS990,2026-09-14,"{""R-ARI-2024-REV-2380"": ""5,244,469""}",Organization-wide filed total revenue; fiscal year ends in the plotted year. Not spending or a measure of AI-policy activity.,USD,,,R-ARI-2024-REV-2380,organization_revenue,identity,ARI,2024,2024-12-31,,,,,KEEP
RV-CAIS-2022,6660060,https://projects.propublica.org/nonprofits/full_text/202313199349329581/IRS990,2026-09-14,"{""R-CAIS-2022-REV-9581"": ""6,660,060""}",Organization-wide filed total revenue; fiscal year ends in the plotted year. Not spending or a measure of AI-policy activity.,USD,,,R-CAIS-2022-REV-9581,organization_revenue,identity,CAIS,2022,2022-12-31,,,,,KEEP
RV-CAIS-2023,16089191,https://projects.propublica.org/nonprofits/full_text/202511609349300741/IRS990,2026-09-14,"{""R-CAIS-2023-REV-0741"": ""16,089,191""}",Organization-wide filed total revenue; fiscal year ends in the plotted year. Not spending or a measure of AI-policy activity.,USD,,,R-CAIS-2023-REV-0741,organization_revenue,identity,CAIS,2023,2023-12-31,,,,,KEEP
RV-CAIS-2024,10235085,https://projects.propublica.org/nonprofits/full_text/202503219349323615/IRS990,2026-09-14,"{""R-CAIS-2024-REV-3615"": ""10,235,085""}",Organization-wide filed total revenue; fiscal year ends in the plotted year. Not spending or a measure of AI-policy activity.,USD,,,R-CAIS-2024-REV-3615,organization_revenue,identity,CAIS,2024,2024-12-31,,,,,KEEP
RV-CAISAF-2023,718870,https://projects.propublica.org/nonprofits/full_text/202443209349315214/IRS990,2026-09-14,"{""R-CAISAF-2023-REV-5214"": ""718,870""}",Organization-wide filed total revenue; fiscal year ends in the plotted year. Not spending or a measure of AI-policy activity.,USD,,,R-CAISAF-2023-REV-5214,organization_revenue,identity,CAISAF,2023,2023-12-31,,,,,KEEP
RV-CAISAF-2024,3577153,https://projects.propublica.org/nonprofits/full_text/202523219349323287/IRS990,2026-09-14,"{""R-CAISAF-2024-REV-3287"": ""3,577,153""}",Organization-wide filed total revenue; fiscal year ends in the plotted year. Not spending or a measure of AI-policy activity.,USD,,,R-CAISAF-2024-REV-3287,organization_revenue,identity,CAISAF,2024,2024-12-31,,,,,KEEP
RV-CRI-2024,4631047,https://projects.propublica.org/nonprofits/full_text/202503209349302505/IRS990,2026-09-14,"{""R-CRI-2024-REV-2505"": ""4,631,047""}",Organization-wide filed total revenue; fiscal year ends in the plotted year. Not spending or a measure of AI-policy activity.,USD,,,R-CRI-2024-REV-2505,organization_revenue,identity,CRI,2024,2024-12-31,,,,,KEEP
RV-FAS-2019,2190213,https://projects.propublica.org/nonprofits/full_text/202011899349301636/IRS990,2026-09-14,"{""R-FAS-2019-REV-1636"": ""2,190,213""}",Organization-wide filed total revenue; fiscal year ends in the plotted year. Not spending or a measure of AI-policy activity.,USD,,,R-FAS-2019-REV-1636,organization_revenue,identity,FAS,2019,2019-06-30,,,,,KEEP
RV-FAS-2020,6756159,https://projects.propublica.org/nonprofits/full_text/202121329349302667/IRS990,2026-09-14,"{""R-FAS-2020-REV-2667"": ""6,756,159""}",Organization-wide filed total revenue; fiscal year ends in the plotted year. Not spending or a measure of AI-policy activity.,USD,,,R-FAS-2020-REV-2667,organization_revenue,identity,FAS,2020,2020-06-30,,,,,KEEP
RV-FAS-2021,3626877,https://projects.propublica.org/nonprofits/full_text/202220689349301237/IRS990,2026-09-14,"{""R-FAS-2021-REV-1237"": ""3,626,877""}",Organization-wide filed total revenue; fiscal year ends in the plotted year. Not spending or a measure of AI-policy activity.,USD,,,R-FAS-2021-REV-1237,organization_revenue,identity,FAS,2021,2021-06-30,,,,,KEEP
RV-FAS-2022,28862818,https://projects.propublica.org/nonprofits/full_text/202311289349301686/IRS990,2026-09-14,"{""R-FAS-2022-REV-1686"": ""28,862,818""}",Organization-wide filed total revenue; fiscal year ends in the plotted year. Not spending or a measure of AI-policy activity.,USD,,,R-FAS-2022-REV-1686,organization_revenue,identity,FAS,2022,2022-06-30,,,,,KEEP
RV-FAS-2023,11455084,https://projects.propublica.org/nonprofits/full_text/202431369349308123/IRS990,2026-09-14,"{""R-FAS-2023-REV-8123"": ""11,455,084""}",Organization-wide filed total revenue; fiscal year ends in the plotted year. Not spending or a measure of AI-policy activity.,USD,,,R-FAS-2023-REV-8123,organization_revenue,identity,FAS,2023,2023-06-30,,,,,KEEP
RV-FAS-2024,29395631,https://projects.propublica.org/nonprofits/full_text/202501349349313450/IRS990,2026-09-14,"{""R-FAS-2024-REV-3450"": ""29,395,631""}",Organization-wide filed total revenue; fiscal year ends in the plotted year. Not spending or a measure of AI-policy activity.,USD,,,R-FAS-2024-REV-3450,organization_revenue,identity,FAS,2024,2024-06-30,,,,,KEEP
RV-FLI-2019,2383219,https://projects.propublica.org/nonprofits/full_text/202043219349312049/IRS990,2026-09-14,"{""R-FLI-2019-REV-2049"": ""2,383,219""}",Organization-wide filed total revenue; fiscal year ends in the plotted year. Not spending or a measure of AI-policy activity.,USD,,,R-FLI-2019-REV-2049,organization_revenue,identity,FLI,2019,2019-12-31,,,,,KEEP
RV-FLI-2020,482479,https://projects.propublica.org/nonprofits/full_text/202123199349312107/IRS990,2026-09-14,"{""R-FLI-2020-REV-2107"": ""482,479""}",Organization-wide filed total revenue; fiscal year ends in the plotted year. Not spending or a measure of AI-policy activity.,USD,,,R-FLI-2020-REV-2107,organization_revenue,identity,FLI,2020,2020-12-31,,,,,KEEP
RV-FLI-2021,549531672,https://projects.propublica.org/nonprofits/full_text/202400669349300240/IRS990,2026-09-14,"{""R-FLI-2021-REV-0240"": ""549,531,672""}",Organization-wide filed total revenue; fiscal year ends in the plotted year. Not spending or a measure of AI-policy activity.,USD,,,R-FLI-2021-REV-0240,organization_revenue,identity,FLI,2021,2021-12-31,,,,,KEEP
RV-FLI-2022,-85626657,https://projects.propublica.org/nonprofits/full_text/202510309349301606/IRS990,2026-09-14,"{""R-FLI-2022-REV-1606"": ""-85,626,657""}",Organization-wide filed total revenue; fiscal year ends in the plotted year. Not spending or a measure of AI-policy activity.,USD,,,R-FLI-2022-REV-1606,organization_revenue,identity,FLI,2022,2022-12-31,,,,,KEEP
RV-FLI-2023,4717340,https://projects.propublica.org/nonprofits/full_text/202521139349301937/IRS990,2026-09-14,"{""R-FLI-2023-REV-1937"": ""4,717,340""}",Organization-wide filed total revenue; fiscal year ends in the plotted year. Not spending or a measure of AI-policy activity.,USD,,,R-FLI-2023-REV-1937,organization_revenue,identity,FLI,2023,2023-12-31,,,,,KEEP
RV-FLI-2024,21273381,https://projects.propublica.org/nonprofits/full_text/202523119349303667/IRS990,2026-09-14,"{""R-FLI-2024-REV-3667"": ""21,273,381""}",Organization-wide filed total revenue; fiscal year ends in the plotted year. Not spending or a measure of AI-policy activity.,USD,,,R-FLI-2024-REV-3667,organization_revenue,identity,FLI,2024,2024-12-31,,,,,KEEP
RV-HORIZON-2022,11937990,https://projects.propublica.org/nonprofits/full_text/202312559349302006/IRS990,2026-09-14,"{""R-HORIZON-2022-REV-2006"": ""11,937,990""}",Organization-wide filed total revenue; fiscal year ends in the plotted year. Not spending or a measure of AI-policy activity.,USD,,,R-HORIZON-2022-REV-2006,organization_revenue,identity,HORIZON,2022,2022-12-31,,,,,KEEP
RV-HORIZON-2023,4351283,https://projects.propublica.org/nonprofits/full_text/202441209349301334/IRS990,2026-09-14,"{""R-HORIZON-2023-REV-1334"": ""4,351,283""}",Organization-wide filed total revenue; fiscal year ends in the plotted year. Not spending or a measure of AI-policy activity.,USD,,,R-HORIZON-2023-REV-1334,organization_revenue,identity,HORIZON,2023,2023-12-31,,,,,KEEP
RV-HORIZON-2024,13091933,https://projects.propublica.org/nonprofits/full_text/202523109349304082/IRS990,2026-09-14,"{""R-HORIZON-2024-REV-4082"": ""13,091,933""}",Organization-wide filed total revenue; fiscal year ends in the plotted year. Not spending or a measure of AI-policy activity.,USD,,,R-HORIZON-2024-REV-4082,organization_revenue,identity,HORIZON,2024,2024-12-31,,,,,KEEP
RV-ITIF-2019,4062217,https://projects.propublica.org/nonprofits/full_text/201901929349301440/IRS990,2026-09-14,"{""R-ITIF-2019-REV-1440"": ""4,062,217""}",Organization-wide filed total revenue; fiscal year ends in the plotted year. Not spending or a measure of AI-policy activity.,USD,,,R-ITIF-2019-REV-1440,organization_revenue,identity,ITIF,2019,2019-02-28,,,,,KEEP
RV-ITIF-2020,4937375,https://projects.propublica.org/nonprofits/full_text/202001959349303775/IRS990,2026-09-14,"{""R-ITIF-2020-REV-3775"": ""4,937,375""}",Organization-wide filed total revenue; fiscal year ends in the plotted year. Not spending or a measure of AI-policy activity.,USD,,,R-ITIF-2020-REV-3775,organization_revenue,identity,ITIF,2020,2020-02-29,,,,,KEEP
RV-ITIF-2021,6395989,https://projects.propublica.org/nonprofits/full_text/202240149349300339/IRS990,2026-09-14,"{""R-ITIF-2021-REV-0339"": ""6,395,989""}",Organization-wide filed total revenue; fiscal year ends in the plotted year. Not spending or a measure of AI-policy activity.,USD,,,R-ITIF-2021-REV-0339,organization_revenue,identity,ITIF,2021,2021-02-28,,,,,KEEP
RV-ITIF-2022,8254891,https://projects.propublica.org/nonprofits/full_text/202400169349300620/IRS990,2026-09-14,"{""R-ITIF-2022-REV-0620"": ""8,254,891""}",Organization-wide filed total revenue; fiscal year ends in the plotted year. Not spending or a measure of AI-policy activity.,USD,,,R-ITIF-2022-REV-0620,organization_revenue,identity,ITIF,2022,2022-02-28,,,,,KEEP
RV-ITIF-2023,7572049,https://projects.propublica.org/nonprofits/full_text/202440169349300619/IRS990,2026-09-14,"{""R-ITIF-2023-REV-0619"": ""7,572,049""}",Organization-wide filed total revenue; fiscal year ends in the plotted year. Not spending or a measure of AI-policy activity.,USD,,,R-ITIF-2023-REV-0619,organization_revenue,identity,ITIF,2023,2023-02-28,,,,,KEEP
RV-ITIF-2024,6645853,https://projects.propublica.org/nonprofits/full_text/202530159349301018/IRS990,2026-09-14,"{""R-ITIF-2024-REV-1018"": ""6,645,853""}",Organization-wide filed total revenue; fiscal year ends in the plotted year. Not spending or a measure of AI-policy activity.,USD,,,R-ITIF-2024-REV-1018,organization_revenue,identity,ITIF,2024,2024-02-29,,,,,KEEP
RV-NETCHOICE-2019,2167319,https://projects.propublica.org/nonprofits/full_text/202133169349311818/IRS990,2026-09-14,"{""R-NETCHOICE-2019-REV-COMP"": ""2,167,319""}",Organization-wide filed total revenue; fiscal year ends in the plotted year. Not spending or a measure of AI-policy activity.,USD,,,R-NETCHOICE-2019-REV-COMP,organization_revenue,identity,NETCHOICE,2019,2019-12-31,,,,,KEEP
RV-NETCHOICE-2020,3164880,https://projects.propublica.org/nonprofits/full_text/202133169349311818/IRS990,2026-09-14,"{""R-NETCHOICE-2020-REV-1818"": ""3,164,880""}",Organization-wide filed total revenue; fiscal year ends in the plotted year. Not spending or a measure of AI-policy activity.,USD,,,R-NETCHOICE-2020-REV-1818,organization_revenue,identity,NETCHOICE,2020,2020-12-31,,,,,KEEP
RV-NETCHOICE-2021,14622263,https://projects.propublica.org/nonprofits/full_text/202202769349300805/IRS990,2026-09-14,"{""R-NETCHOICE-2021-REV-0805"": ""14,622,263""}",Organization-wide filed total revenue; fiscal year ends in the plotted year. Not spending or a measure of AI-policy activity.,USD,,,R-NETCHOICE-2021-REV-0805,organization_revenue,identity,NETCHOICE,2021,2021-12-31,,,,,KEEP
RV-NETCHOICE-2022,34105685,https://projects.propublica.org/nonprofits/full_text/202343009349300919/IRS990,2026-09-14,"{""R-NETCHOICE-2022-REV-0919"": ""34,105,685""}",Organization-wide filed total revenue; fiscal year ends in the plotted year. Not spending or a measure of AI-policy activity.,USD,,,R-NETCHOICE-2022-REV-0919,organization_revenue,identity,NETCHOICE,2022,2022-12-31,,,,,KEEP
RV-NETCHOICE-2023,15278276,https://projects.propublica.org/nonprofits/full_text/202442499349300104/IRS990,2026-09-14,"{""R-NETCHOICE-2023-REV-0104"": ""15,278,276""}",Organization-wide filed total revenue; fiscal year ends in the plotted year. Not spending or a measure of AI-policy activity.,USD,,,R-NETCHOICE-2023-REV-0104,organization_revenue,identity,NETCHOICE,2023,2023-12-31,,,,,KEEP
RV-NETCHOICE-2024,22621094,https://projects.propublica.org/nonprofits/full_text/202543119349300534/IRS990,2026-09-14,"{""R-NETCHOICE-2024-REV-0534"": ""22,621,094""}",Organization-wide filed total revenue; fiscal year ends in the plotted year. Not spending or a measure of AI-policy activity.,USD,,,R-NETCHOICE-2024-REV-0534,organization_revenue,identity,NETCHOICE,2024,2024-12-31,,,,,KEEP
RV-PC-2019,4912243,https://projects.propublica.org/nonprofits/full_text/202030429349300848/IRS990,2026-09-14,"{""R-PC-2019-REV-0848"": ""4,912,243""}",Organization-wide filed total revenue; fiscal year ends in the plotted year. Not spending or a measure of AI-policy activity.,USD,,,R-PC-2019-REV-0848,organization_revenue,identity,PC,2019,2019-09-30,,,,,KEEP
RV-PC-2020,8342410,https://projects.propublica.org/nonprofits/full_text/202110359349300641/IRS990,2026-09-14,"{""R-PC-2020-REV-0641"": ""8,342,410""}",Organization-wide filed total revenue; fiscal year ends in the plotted year. Not spending or a measure of AI-policy activity.,USD,,,R-PC-2020-REV-0641,organization_revenue,identity,PC,2020,2020-09-30,,,,,KEEP
RV-PC-2021,7788700,https://projects.propublica.org/nonprofits/full_text/202230479349301103/IRS990,2026-09-14,"{""R-PC-2021-REV-1103"": ""7,788,700""}",Organization-wide filed total revenue; fiscal year ends in the plotted year. Not spending or a measure of AI-policy activity.,USD,,,R-PC-2021-REV-1103,organization_revenue,identity,PC,2021,2021-09-30,,,,,KEEP
RV-PC-2022,7987999,https://projects.propublica.org/nonprofits/full_text/202310729349300121/IRS990,2026-09-14,"{""R-PC-2022-REV-0121"": ""7,987,999""}",Organization-wide filed total revenue; fiscal year ends in the plotted year. Not spending or a measure of AI-policy activity.,USD,,,R-PC-2022-REV-0121,organization_revenue,identity,PC,2022,2022-09-30,,,,,KEEP
RV-PC-2023,5728329,https://projects.propublica.org/nonprofits/full_text/202421509349300817/IRS990,2026-09-14,"{""R-PC-2023-REV-0817"": ""5,728,329""}",Organization-wide filed total revenue; fiscal year ends in the plotted year. Not spending or a measure of AI-policy activity.,USD,,,R-PC-2023-REV-0817,organization_revenue,identity,PC,2023,2023-09-30,,,,,KEEP
RV-PC-2024,8390404,https://projects.propublica.org/nonprofits/full_text/202521499349300917/IRS990,2026-09-14,"{""R-PC-2024-REV-0917"": ""8,390,404""}",Organization-wide filed total revenue; fiscal year ends in the plotted year. Not spending or a measure of AI-policy activity.,USD,,,R-PC-2024-REV-0917,organization_revenue,identity,PC,2024,2024-09-30,,,,,KEEP
RV-PCF-2019,12939405,https://projects.propublica.org/nonprofits/full_text/202000429349301210/IRS990,2026-09-14,"{""R-PCF-2019-REV-1210"": ""12,939,405""}",Organization-wide filed total revenue; fiscal year ends in the plotted year. Not spending or a measure of AI-policy activity.,USD,,,R-PCF-2019-REV-1210,organization_revenue,identity,PCF,2019,2019-09-30,,,,,KEEP
RV-PCF-2020,15939832,https://projects.propublica.org/nonprofits/full_text/202110359349300226/IRS990,2026-09-14,"{""R-PCF-2020-REV-0226"": ""15,939,832""}",Organization-wide filed total revenue; fiscal year ends in the plotted year. Not spending or a measure of AI-policy activity.,USD,,,R-PCF-2020-REV-0226,organization_revenue,identity,PCF,2020,2020-09-30,,,,,KEEP
RV-PCF-2021,18706342,https://projects.propublica.org/nonprofits/full_text/202200479349301300/IRS990,2026-09-14,"{""R-PCF-2021-REV-1300"": ""18,706,342""}",Organization-wide filed total revenue; fiscal year ends in the plotted year. Not spending or a measure of AI-policy activity.,USD,,,R-PCF-2021-REV-1300,organization_revenue,identity,PCF,2021,2021-09-30,,,,,KEEP
RV-PCF-2022,18677601,https://projects.propublica.org/nonprofits/full_text/202340729349300124/IRS990,2026-09-14,"{""R-PCF-2022-REV-0124"": ""18,677,601""}",Organization-wide filed total revenue; fiscal year ends in the plotted year. Not spending or a measure of AI-policy activity.,USD,,,R-PCF-2022-REV-0124,organization_revenue,identity,PCF,2022,2022-09-30,,,,,KEEP
RV-PCF-2023,13389271,https://projects.propublica.org/nonprofits/full_text/202401509349301550/IRS990,2026-09-14,"{""R-PCF-2023-REV-1550"": ""13,389,271""}",Organization-wide filed total revenue; fiscal year ends in the plotted year. Not spending or a measure of AI-policy activity.,USD,,,R-PCF-2023-REV-1550,organization_revenue,identity,PCF,2023,2023-09-30,,,,,KEEP
RV-PCF-2024,14844863,https://projects.propublica.org/nonprofits/full_text/202521499349301107/IRS990,2026-09-14,"{""R-PCF-2024-REV-1107"": ""14,844,863""}",Organization-wide filed total revenue; fiscal year ends in the plotted year. Not spending or a measure of AI-policy activity.,USD,,,R-PCF-2024-REV-1107,organization_revenue,identity,PCF,2024,2024-09-30,,,,,KEEP
RV-PROGRESS-2021,10610320,https://projects.propublica.org/nonprofits/full_text/202211299349302626/IRS990,2026-09-14,"{""R-PROGRESS-2021-REV-2626"": ""10,610,320""}",Organization-wide filed total revenue; fiscal year ends in the plotted year. Not spending or a measure of AI-policy activity.,USD,,,R-PROGRESS-2021-REV-2626,organization_revenue,identity,PROGRESS,2021,2021-12-31,,,,,KEEP
RV-PROGRESS-2022,29920121,https://projects.propublica.org/nonprofits/full_text/202313189349302976/IRS990,2026-09-14,"{""R-PROGRESS-2022-REV-2976"": ""29,920,121""}",Organization-wide filed total revenue; fiscal year ends in the plotted year. Not spending or a measure of AI-policy activity.,USD,,,R-PROGRESS-2022-REV-2976,organization_revenue,identity,PROGRESS,2022,2022-12-31,,,,,KEEP
RV-PROGRESS-2023,8681678,https://projects.propublica.org/nonprofits/full_text/202403169349302270/IRS990,2026-09-14,"{""R-PROGRESS-2023-REV-2270"": ""8,681,678""}",Organization-wide filed total revenue; fiscal year ends in the plotted year. Not spending or a measure of AI-policy activity.,USD,,,R-PROGRESS-2023-REV-2270,organization_revenue,identity,PROGRESS,2023,2023-12-31,,,,,KEEP
RV-PROGRESS-2024,9683024,https://projects.propublica.org/nonprofits/full_text/202533119349300333/IRS990,2026-09-14,"{""R-PROGRESS-2024-REV-0333"": ""9,683,024""}",Organization-wide filed total revenue; fiscal year ends in the plotted year. Not spending or a measure of AI-policy activity.,USD,,,R-PROGRESS-2024-REV-0333,organization_revenue,identity,PROGRESS,2024,2024-12-31,,,,,KEEP
RV-SAIF-2024,2182205,https://projects.propublica.org/nonprofits/full_text/202502259349300600/IRS990,2026-09-14,"{""R-SAIF-2024-REV-0600"": ""2,182,205""}",Organization-wide filed total revenue; fiscal year ends in the plotted year. Not spending or a measure of AI-policy activity.,USD,,,R-SAIF-2024-REV-0600,organization_revenue,identity,SAIF,2024,2024-12-31,,,,,KEEP
RV-TECHFREEDOM-2019,988378,https://projects.propublica.org/nonprofits/full_text/202012249349301866/IRS990,2026-09-14,"{""R-TECHFREEDOM-2019-REV-1866"": ""988,378""}",Organization-wide filed total revenue; fiscal year ends in the plotted year. Not spending or a measure of AI-policy activity.,USD,,,R-TECHFREEDOM-2019-REV-1866,organization_revenue,identity,TECHFREEDOM,2019,2019-12-31,,,,,KEEP
RV-TECHFREEDOM-2020,1262215,https://projects.propublica.org/nonprofits/full_text/202103189349300470/IRS990,2026-09-14,"{""R-TECHFREEDOM-2020-REV-0470"": ""1,262,215""}",Organization-wide filed total revenue; fiscal year ends in the plotted year. Not spending or a measure of AI-policy activity.,USD,,,R-TECHFREEDOM-2020-REV-0470,organization_revenue,identity,TECHFREEDOM,2020,2020-12-31,,,,,KEEP
RV-TECHFREEDOM-2021,1262524,https://projects.propublica.org/nonprofits/full_text/202233189349316118/IRS990,2026-09-14,"{""R-TECHFREEDOM-2021-REV-6118"": ""1,262,524""}",Organization-wide filed total revenue; fiscal year ends in the plotted year. Not spending or a measure of AI-policy activity.,USD,,,R-TECHFREEDOM-2021-REV-6118,organization_revenue,identity,TECHFREEDOM,2021,2021-12-31,,,,,KEEP
RV-TECHFREEDOM-2022,1579008,https://projects.propublica.org/nonprofits/full_text/202343119349300449/IRS990,2026-09-14,"{""R-TECHFREEDOM-2022-REV-0449"": ""1,579,008""}",Organization-wide filed total revenue; fiscal year ends in the plotted year. Not spending or a measure of AI-policy activity.,USD,,,R-TECHFREEDOM-2022-REV-0449,organization_revenue,identity,TECHFREEDOM,2022,2022-12-31,,,,,KEEP
RV-TECHFREEDOM-2023,1651644,https://projects.propublica.org/nonprofits/full_text/202433209349317043/IRS990,2026-09-14,"{""R-TECHFREEDOM-2023-REV-7043"": ""1,651,644""}",Organization-wide filed total revenue; fiscal year ends in the plotted year. Not spending or a measure of AI-policy activity.,USD,,,R-TECHFREEDOM-2023-REV-7043,organization_revenue,identity,TECHFREEDOM,2023,2023-12-31,,,,,KEEP
RV-TECHFREEDOM-2024,1459546,https://projects.propublica.org/nonprofits/full_text/202513189349309381/IRS990,2026-09-14,"{""R-TECHFREEDOM-2024-REV-9381"": ""1,459,546""}",Organization-wide filed total revenue; fiscal year ends in the plotted year. Not spending or a measure of AI-policy activity.,USD,,,R-TECHFREEDOM-2024-REV-9381,organization_revenue,identity,TECHFREEDOM,2024,2024-12-31,,,,,KEEP
SF-Amazon-2019,85000.00,https://lda.gov/filings/public/filing/733068e7-d40d-412f-a3ff-2073216b0192/print/,2026-09-14,"{""L-733068e7-d40d-412f-a3ff-2073216b0192"": ""{\""filing_uuid\"":\""733068e7-d40d-412f-a3ff-2073216b0192\"",\""filing_type\"":\""Q4\"",\""filing_year\"":2019,\""filing_period\"":\""fourth_quarter\"",\""income\"":\""20000.00\"",\""expenses\"":null}"", ""L-a0e8890f-0415-428e-ac78-0300b7a8e21d"": ""{\""filing_uuid\"":\""a0e8890f-0415-428e-ac78-0300b7a8e21d\"",\""filing_type\"":\""Q4\"",\""filing_year\"":2019,\""filing_period\"":\""fourth_quarter\"",\""income\"":\""20000.00\"",\""expenses\"":null}"", ""L-c3cbac52-5520-4e48-bd3e-3c34d846e1a9"": ""{\""filing_uuid\"":\""c3cbac52-5520-4e48-bd3e-3c34d846e1a9\"",\""filing_type\"":\""Q2\"",\""filing_year\"":2019,\""filing_period\"":\""second_quarter\"",\""income\"":\""5000.00\"",\""expenses\"":null}"", ""L-dbf1a819-8691-4f81-95fb-81c06fc4ddec"": ""{\""filing_uuid\"":\""dbf1a819-8691-4f81-95fb-81c06fc4ddec\"",\""filing_type\"":\""Q3\"",\""filing_year\"":2019,\""filing_period\"":\""third_quarter\"",\""income\"":\""20000.00\"",\""expenses\"":null}"", ""L-f64ddf34-90fc-4a34-bd9c-6dc81fa63e7e"": ""{\""filing_uuid\"":\""f64ddf34-90fc-4a34-bd9c-6dc81fa63e7e\"",\""filing_type\"":\""Q3\"",\""filing_year\"":2019,\""filing_period\"":\""third_quarter\"",\""income\"":\""20000.00\"",\""expenses\"":null}""}","Sum of numeric amounts on latest eligible quarterly reports, all issues combined. Blank reports are not zero and are not added. Separately named intermediaries excluded from direct fees. Outside fees and company expenses overlap and must never be added. Latest year uses completed quarters only; no annualization. No numeric reports means OPEN, not zero spending.",USD,,,L-733068e7-d40d-412f-a3ff-2073216b0192;L-a0e8890f-0415-428e-ac78-0300b7a8e21d;L-c3cbac52-5520-4e48-bd3e-3c34d846e1a9;L-dbf1a819-8691-4f81-95fb-81c06fc4ddec;L-f64ddf34-90fc-4a34-bd9c-6dc81fa63e7e,lobbying_subcontractor_fees,sum,Amazon,2019,,,2;3;4,,,KEEP
SF-Amazon-2020,160000.00,https://lda.gov/filings/public/filing/0beb8516-9670-4870-96e6-43bf3402d9e1/print/,2026-09-14,"{""L-0beb8516-9670-4870-96e6-43bf3402d9e1"": ""{\""filing_uuid\"":\""0beb8516-9670-4870-96e6-43bf3402d9e1\"",\""filing_type\"":\""Q3\"",\""filing_year\"":2020,\""filing_period\"":\""third_quarter\"",\""income\"":\""20000.00\"",\""expenses\"":null}"", ""L-2dc7eea3-2e74-4b02-994c-14496a4c3929"": ""{\""filing_uuid\"":\""2dc7eea3-2e74-4b02-994c-14496a4c3929\"",\""filing_type\"":\""Q3\"",\""filing_year\"":2020,\""filing_period\"":\""third_quarter\"",\""income\"":\""20000.00\"",\""expenses\"":null}"", ""L-3d76136e-4d0f-4c1e-bb4c-21e98f0a0d8d"": ""{\""filing_uuid\"":\""3d76136e-4d0f-4c1e-bb4c-21e98f0a0d8d\"",\""filing_type\"":\""Q2\"",\""filing_year\"":2020,\""filing_period\"":\""second_quarter\"",\""income\"":\""20000.00\"",\""expenses\"":null}"", ""L-57d0b376-76dd-42b6-b068-69d79a1d6cd3"": ""{\""filing_uuid\"":\""57d0b376-76dd-42b6-b068-69d79a1d6cd3\"",\""filing_type\"":\""Q4\"",\""filing_year\"":2020,\""filing_period\"":\""fourth_quarter\"",\""income\"":\""20000.00\"",\""expenses\"":null}"", ""L-a32c70c8-4ef7-4c83-82c4-c99b43c2d17c"": ""{\""filing_uuid\"":\""a32c70c8-4ef7-4c83-82c4-c99b43c2d17c\"",\""filing_type\"":\""Q2\"",\""filing_year\"":2020,\""filing_period\"":\""second_quarter\"",\""income\"":\""20000.00\"",\""expenses\"":null}"", ""L-b9c55580-95ad-4b4a-8ca4-4610a1b12b29"": ""{\""filing_uuid\"":\""b9c55580-95ad-4b4a-8ca4-4610a1b12b29\"",\""filing_type\"":\""Q1\"",\""filing_year\"":2020,\""filing_period\"":\""first_quarter\"",\""income\"":\""20000.00\"",\""expenses\"":null}"", ""L-c4972ca8-f6b5-49ef-8f20-804dc075d446"": ""{\""filing_uuid\"":\""c4972ca8-f6b5-49ef-8f20-804dc075d446\"",\""filing_type\"":\""Q1\"",\""filing_year\"":2020,\""filing_period\"":\""first_quarter\"",\""income\"":\""20000.00\"",\""expenses\"":null}"", ""L-fce89347-41ec-45e5-85c6-632f831cfe2d"": ""{\""filing_uuid\"":\""fce89347-41ec-45e5-85c6-632f831cfe2d\"",\""filing_type\"":\""Q4\"",\""filing_year\"":2020,\""filing_period\"":\""fourth_quarter\"",\""income\"":\""20000.00\"",\""expenses\"":null}""}","Sum of numeric amounts on latest eligible quarterly reports, all issues combined. Blank reports are not zero and are not added. Separately named intermediaries excluded from direct fees. Outside fees and company expenses overlap and must never be added. Latest year uses completed quarters only; no annualization. No numeric reports means OPEN, not zero spending.",USD,,,L-0beb8516-9670-4870-96e6-43bf3402d9e1;L-2dc7eea3-2e74-4b02-994c-14496a4c3929;L-3d76136e-4d0f-4c1e-bb4c-21e98f0a0d8d;L-57d0b376-76dd-42b6-b068-69d79a1d6cd3;L-a32c70c8-4ef7-4c83-82c4-c99b43c2d17c;L-b9c55580-95ad-4b4a-8ca4-4610a1b12b29;L-c4972ca8-f6b5-49ef-8f20-804dc075d446;L-fce89347-41ec-45e5-85c6-632f831cfe2d,lobbying_subcontractor_fees,sum,Amazon,2020,,,1;2;3;4,,,KEEP
SF-Amazon-2021,270000.00,https://lda.gov/filings/public/filing/071806d0-79c6-4d7b-8a8a-1cdb0c9550e4/print/,2026-09-14,"{""L-071806d0-79c6-4d7b-8a8a-1cdb0c9550e4"": ""{\""filing_uuid\"":\""071806d0-79c6-4d7b-8a8a-1cdb0c9550e4\"",\""filing_type\"":\""Q2\"",\""filing_year\"":2021,\""filing_period\"":\""second_quarter\"",\""income\"":\""20000.00\"",\""expenses\"":null}"", ""L-0a8d1e77-f625-41da-9163-12879480ddb9"": ""{\""filing_uuid\"":\""0a8d1e77-f625-41da-9163-12879480ddb9\"",\""filing_type\"":\""Q3\"",\""filing_year\"":2021,\""filing_period\"":\""third_quarter\"",\""income\"":\""30000.00\"",\""expenses\"":null}"", ""L-1b52df7b-b68f-4f5c-af0d-ddd95f2a350e"": ""{\""filing_uuid\"":\""1b52df7b-b68f-4f5c-af0d-ddd95f2a350e\"",\""filing_type\"":\""Q4\"",\""filing_year\"":2021,\""filing_period\"":\""fourth_quarter\"",\""income\"":\""20000.00\"",\""expenses\"":null}"", ""L-37c02da4-ba3e-4374-ba34-86138a139e58"": ""{\""filing_uuid\"":\""37c02da4-ba3e-4374-ba34-86138a139e58\"",\""filing_type\"":\""Q1\"",\""filing_year\"":2021,\""filing_period\"":\""first_quarter\"",\""income\"":\""20000.00\"",\""expenses\"":null}"", ""L-3f92dd24-daac-432a-a4c3-090341c8bf13"": ""{\""filing_uuid\"":\""3f92dd24-daac-432a-a4c3-090341c8bf13\"",\""filing_type\"":\""Q2\"",\""filing_year\"":2021,\""filing_period\"":\""second_quarter\"",\""income\"":\""20000.00\"",\""expenses\"":null}"", ""L-4f159ce1-8ba6-4957-8a0f-561e862eb62d"": ""{\""filing_uuid\"":\""4f159ce1-8ba6-4957-8a0f-561e862eb62d\"",\""filing_type\"":\""Q1\"",\""filing_year\"":2021,\""filing_period\"":\""first_quarter\"",\""income\"":\""20000.00\"",\""expenses\"":null}"", ""L-4f6e2e6f-f7cb-4624-9001-66e516a57f78"": ""{\""filing_uuid\"":\""4f6e2e6f-f7cb-4624-9001-66e516a57f78\"",\""filing_type\"":\""Q4\"",\""filing_year\"":2021,\""filing_period\"":\""fourth_quarter\"",\""income\"":\""30000.00\"",\""expenses\"":null}"", ""L-b2ea28e5-2bc1-43a3-b31f-cdab38d84a73"": ""{\""filing_uuid\"":\""b2ea28e5-2bc1-43a3-b31f-cdab38d84a73\"",\""filing_type\"":\""Q2\"",\""filing_year\"":2021,\""filing_period\"":\""second_quarter\"",\""income\"":\""30000.00\"",\""expenses\"":null}"", ""L-b8bb5abb-6c77-4620-a742-b52903b16257"": ""{\""filing_uuid\"":\""b8bb5abb-6c77-4620-a742-b52903b16257\"",\""filing_type\"":\""Q3\"",\""filing_year\"":2021,\""filing_period\"":\""third_quarter\"",\""income\"":\""20000.00\"",\""expenses\"":null}"", ""L-bb15e1f6-6509-455f-be50-37d2c03b6d60"": ""{\""filing_uuid\"":\""bb15e1f6-6509-455f-be50-37d2c03b6d60\"",\""filing_type\"":\""Q1\"",\""filing_year\"":2021,\""filing_period\"":\""first_quarter\"",\""income\"":\""20000.00\"",\""expenses\"":null}"", ""L-c618b5ee-5c9e-4ea7-ab48-49dac7109167"": ""{\""filing_uuid\"":\""c618b5ee-5c9e-4ea7-ab48-49dac7109167\"",\""filing_type\"":\""Q3\"",\""filing_year\"":2021,\""filing_period\"":\""third_quarter\"",\""income\"":\""20000.00\"",\""expenses\"":null}"", ""L-cc5db5f3-cafe-4e01-bca3-95a9534fb03b"": ""{\""filing_uuid\"":\""cc5db5f3-cafe-4e01-bca3-95a9534fb03b\"",\""filing_type\"":\""Q4\"",\""filing_year\"":2021,\""filing_period\"":\""fourth_quarter\"",\""income\"":\""20000.00\"",\""expenses\"":null}""}","Sum of numeric amounts on latest eligible quarterly reports, all issues combined. Blank reports are not zero and are not added. Separately named intermediaries excluded from direct fees. Outside fees and company expenses overlap and must never be added. Latest year uses completed quarters only; no annualization. No numeric reports means OPEN, not zero spending.",USD,,,L-071806d0-79c6-4d7b-8a8a-1cdb0c9550e4;L-0a8d1e77-f625-41da-9163-12879480ddb9;L-1b52df7b-b68f-4f5c-af0d-ddd95f2a350e;L-37c02da4-ba3e-4374-ba34-86138a139e58;L-3f92dd24-daac-432a-a4c3-090341c8bf13;L-4f159ce1-8ba6-4957-8a0f-561e862eb62d;L-4f6e2e6f-f7cb-4624-9001-66e516a57f78;L-b2ea28e5-2bc1-43a3-b31f-cdab38d84a73;L-b8bb5abb-6c77-4620-a742-b52903b16257;L-bb15e1f6-6509-455f-be50-37d2c03b6d60;L-c618b5ee-5c9e-4ea7-ab48-49dac7109167;L-cc5db5f3-cafe-4e01-bca3-95a9534fb03b,lobbying_subcontractor_fees,sum,Amazon,2021,,,1;2;3;4,,,KEEP
SF-Amazon-2022,170000.00,https://lda.gov/filings/public/filing/11702930-c20d-4f93-b5cc-775caff42e04/print/,2026-09-14,"{""L-11702930-c20d-4f93-b5cc-775caff42e04"": ""{\""filing_uuid\"":\""11702930-c20d-4f93-b5cc-775caff42e04\"",\""filing_type\"":\""Q2\"",\""filing_year\"":2022,\""filing_period\"":\""second_quarter\"",\""income\"":\""20000.00\"",\""expenses\"":null}"", ""L-13085c3e-3afa-4a55-aa27-29c0503cc45e"": ""{\""filing_uuid\"":\""13085c3e-3afa-4a55-aa27-29c0503cc45e\"",\""filing_type\"":\""Q4\"",\""filing_year\"":2022,\""filing_period\"":\""fourth_quarter\"",\""income\"":\""20000.00\"",\""expenses\"":null}"", ""L-16a67e71-0500-4045-8295-d3b7c2745ae7"": ""{\""filing_uuid\"":\""16a67e71-0500-4045-8295-d3b7c2745ae7\"",\""filing_type\"":\""Q1\"",\""filing_year\"":2022,\""filing_period\"":\""first_quarter\"",\""income\"":\""20000.00\"",\""expenses\"":null}"", ""L-1e885e0a-04ff-4e51-b452-68d38c1da4aa"": ""{\""filing_uuid\"":\""1e885e0a-04ff-4e51-b452-68d38c1da4aa\"",\""filing_type\"":\""Q4\"",\""filing_year\"":2022,\""filing_period\"":\""fourth_quarter\"",\""income\"":\""20000.00\"",\""expenses\"":null}"", ""L-30b0554c-7b95-4254-9847-819e60c9c661"": ""{\""filing_uuid\"":\""30b0554c-7b95-4254-9847-819e60c9c661\"",\""filing_type\"":\""1T\"",\""filing_year\"":2022,\""filing_period\"":\""first_quarter\"",\""income\"":\""10000.00\"",\""expenses\"":null}"", ""L-5e95d9e4-dea1-4405-bdb0-b987170cef09"": ""{\""filing_uuid\"":\""5e95d9e4-dea1-4405-bdb0-b987170cef09\"",\""filing_type\"":\""Q1\"",\""filing_year\"":2022,\""filing_period\"":\""first_quarter\"",\""income\"":\""20000.00\"",\""expenses\"":null}"", ""L-63819470-8cec-4c3e-a36d-76a3f94b958b"": ""{\""filing_uuid\"":\""63819470-8cec-4c3e-a36d-76a3f94b958b\"",\""filing_type\"":\""Q3\"",\""filing_year\"":2022,\""filing_period\"":\""third_quarter\"",\""income\"":\""20000.00\"",\""expenses\"":null}"", ""L-7bf9cc41-854d-40cd-8a2d-d001a2047f31"": ""{\""filing_uuid\"":\""7bf9cc41-854d-40cd-8a2d-d001a2047f31\"",\""filing_type\"":\""Q2\"",\""filing_year\"":2022,\""filing_period\"":\""second_quarter\"",\""income\"":\""20000.00\"",\""expenses\"":null}"", ""L-aaa62017-6385-4bd3-ac0c-b9c505b33bad"": ""{\""filing_uuid\"":\""aaa62017-6385-4bd3-ac0c-b9c505b33bad\"",\""filing_type\"":\""Q3\"",\""filing_year\"":2022,\""filing_period\"":\""third_quarter\"",\""income\"":\""20000.00\"",\""expenses\"":null}""}","Sum of numeric amounts on latest eligible quarterly reports, all issues combined. Blank reports are not zero and are not added. Separately named intermediaries excluded from direct fees. Outside fees and company expenses overlap and must never be added. Latest year uses completed quarters only; no annualization. No numeric reports means OPEN, not zero spending.",USD,,,L-11702930-c20d-4f93-b5cc-775caff42e04;L-13085c3e-3afa-4a55-aa27-29c0503cc45e;L-16a67e71-0500-4045-8295-d3b7c2745ae7;L-1e885e0a-04ff-4e51-b452-68d38c1da4aa;L-30b0554c-7b95-4254-9847-819e60c9c661;L-5e95d9e4-dea1-4405-bdb0-b987170cef09;L-63819470-8cec-4c3e-a36d-76a3f94b958b;L-7bf9cc41-854d-40cd-8a2d-d001a2047f31;L-aaa62017-6385-4bd3-ac0c-b9c505b33bad,lobbying_subcontractor_fees,sum,Amazon,2022,,,1;2;3;4,,,KEEP
SF-Amazon-2023,160000.00,https://lda.gov/filings/public/filing/1eaadc5b-b166-425b-a8d3-afb9397fee95/print/,2026-09-14,"{""L-1eaadc5b-b166-425b-a8d3-afb9397fee95"": ""{\""filing_uuid\"":\""1eaadc5b-b166-425b-a8d3-afb9397fee95\"",\""filing_type\"":\""Q3\"",\""filing_year\"":2023,\""filing_period\"":\""third_quarter\"",\""income\"":\""20000.00\"",\""expenses\"":null}"", ""L-30fd678b-e1bf-479c-b0ec-8119377ac773"": ""{\""filing_uuid\"":\""30fd678b-e1bf-479c-b0ec-8119377ac773\"",\""filing_type\"":\""Q2\"",\""filing_year\"":2023,\""filing_period\"":\""second_quarter\"",\""income\"":\""20000.00\"",\""expenses\"":null}"", ""L-5ba7cb14-8a7d-4231-8c9e-36b722278782"": ""{\""filing_uuid\"":\""5ba7cb14-8a7d-4231-8c9e-36b722278782\"",\""filing_type\"":\""Q4\"",\""filing_year\"":2023,\""filing_period\"":\""fourth_quarter\"",\""income\"":\""20000.00\"",\""expenses\"":null}"", ""L-b063b546-6fbb-485e-9285-beea7c99d679"": ""{\""filing_uuid\"":\""b063b546-6fbb-485e-9285-beea7c99d679\"",\""filing_type\"":\""Q2\"",\""filing_year\"":2023,\""filing_period\"":\""second_quarter\"",\""income\"":\""20000.00\"",\""expenses\"":null}"", ""L-b0992466-ce35-4b51-bea0-492475930878"": ""{\""filing_uuid\"":\""b0992466-ce35-4b51-bea0-492475930878\"",\""filing_type\"":\""Q4\"",\""filing_year\"":2023,\""filing_period\"":\""fourth_quarter\"",\""income\"":\""20000.00\"",\""expenses\"":null}"", ""L-b5f8cee6-70cf-4563-93cf-34b90621bb9f"": ""{\""filing_uuid\"":\""b5f8cee6-70cf-4563-93cf-34b90621bb9f\"",\""filing_type\"":\""Q1\"",\""filing_year\"":2023,\""filing_period\"":\""first_quarter\"",\""income\"":\""20000.00\"",\""expenses\"":null}"", ""L-d86638ea-4d67-4812-8a53-72e0a74d13ca"": ""{\""filing_uuid\"":\""d86638ea-4d67-4812-8a53-72e0a74d13ca\"",\""filing_type\"":\""Q3\"",\""filing_year\"":2023,\""filing_period\"":\""third_quarter\"",\""income\"":\""20000.00\"",\""expenses\"":null}"", ""L-ec6459aa-81ca-4055-ae4c-57bfedf1ec43"": ""{\""filing_uuid\"":\""ec6459aa-81ca-4055-ae4c-57bfedf1ec43\"",\""filing_type\"":\""Q1\"",\""filing_year\"":2023,\""filing_period\"":\""first_quarter\"",\""income\"":\""20000.00\"",\""expenses\"":null}""}","Sum of numeric amounts on latest eligible quarterly reports, all issues combined. Blank reports are not zero and are not added. Separately named intermediaries excluded from direct fees. Outside fees and company expenses overlap and must never be added. Latest year uses completed quarters only; no annualization. No numeric reports means OPEN, not zero spending.",USD,,,L-1eaadc5b-b166-425b-a8d3-afb9397fee95;L-30fd678b-e1bf-479c-b0ec-8119377ac773;L-5ba7cb14-8a7d-4231-8c9e-36b722278782;L-b063b546-6fbb-485e-9285-beea7c99d679;L-b0992466-ce35-4b51-bea0-492475930878;L-b5f8cee6-70cf-4563-93cf-34b90621bb9f;L-d86638ea-4d67-4812-8a53-72e0a74d13ca;L-ec6459aa-81ca-4055-ae4c-57bfedf1ec43,lobbying_subcontractor_fees,sum,Amazon,2023,,,1;2;3;4,,,KEEP
SF-Amazon-2024,120000.00,https://lda.gov/filings/public/filing/01d83d0a-501a-4e9e-921a-15b9e40c0459/print/,2026-09-14,"{""L-01d83d0a-501a-4e9e-921a-15b9e40c0459"": ""{\""filing_uuid\"":\""01d83d0a-501a-4e9e-921a-15b9e40c0459\"",\""filing_type\"":\""Q2\"",\""filing_year\"":2024,\""filing_period\"":\""second_quarter\"",\""income\"":\""20000.00\"",\""expenses\"":null}"", ""L-1653867f-b56d-445d-8a69-c7a61ef7e100"": ""{\""filing_uuid\"":\""1653867f-b56d-445d-8a69-c7a61ef7e100\"",\""filing_type\"":\""Q2\"",\""filing_year\"":2024,\""filing_period\"":\""second_quarter\"",\""income\"":\""20000.00\"",\""expenses\"":null}"", ""L-1fc50de7-d351-432a-a866-6898ebecf0ff"": ""{\""filing_uuid\"":\""1fc50de7-d351-432a-a866-6898ebecf0ff\"",\""filing_type\"":\""3T\"",\""filing_year\"":2024,\""filing_period\"":\""third_quarter\"",\""income\"":\""20000.00\"",\""expenses\"":null}"", ""L-88d55f6e-50ca-4d66-ad3d-90532c6a0d6b"": ""{\""filing_uuid\"":\""88d55f6e-50ca-4d66-ad3d-90532c6a0d6b\"",\""filing_type\"":\""Q1\"",\""filing_year\"":2024,\""filing_period\"":\""first_quarter\"",\""income\"":\""20000.00\"",\""expenses\"":null}"", ""L-b887ffc4-771f-4f90-9e18-2e7a9d3e3516"": ""{\""filing_uuid\"":\""b887ffc4-771f-4f90-9e18-2e7a9d3e3516\"",\""filing_type\"":\""3T\"",\""filing_year\"":2024,\""filing_period\"":\""third_quarter\"",\""income\"":\""20000.00\"",\""expenses\"":null}"", ""L-f033b283-d429-4a2c-a4f5-979e476f353f"": ""{\""filing_uuid\"":\""f033b283-d429-4a2c-a4f5-979e476f353f\"",\""filing_type\"":\""Q1\"",\""filing_year\"":2024,\""filing_period\"":\""first_quarter\"",\""income\"":\""20000.00\"",\""expenses\"":null}""}","Sum of numeric amounts on latest eligible quarterly reports, all issues combined. Blank reports are not zero and are not added. Separately named intermediaries excluded from direct fees. Outside fees and company expenses overlap and must never be added. Latest year uses completed quarters only; no annualization. No numeric reports means OPEN, not zero spending.",USD,,,L-01d83d0a-501a-4e9e-921a-15b9e40c0459;L-1653867f-b56d-445d-8a69-c7a61ef7e100;L-1fc50de7-d351-432a-a866-6898ebecf0ff;L-88d55f6e-50ca-4d66-ad3d-90532c6a0d6b;L-b887ffc4-771f-4f90-9e18-2e7a9d3e3516;L-f033b283-d429-4a2c-a4f5-979e476f353f,lobbying_subcontractor_fees,sum,Amazon,2024,,,1;2;3,,,KEEP
SF-Amazon-2025,,https://lda.gov/api/v1/filings/?client_name=Amazon&filing_year=2025&page_size=100,2026-09-14,"{""LQ-amazon-2025"": ""\""count\"": 104""}","Sum of numeric amounts on latest eligible quarterly reports, all issues combined. Blank reports are not zero and are not added. Separately named intermediaries excluded from direct fees. Outside fees and company expenses overlap and must never be added. Latest year uses completed quarters only; no annualization. No numeric reports means OPEN, not zero spending.",USD,,,LQ-amazon-2025,lobbying_subcontractor_fees,unavailable,Amazon,2025,,,,,,OPEN
SF-Amazon-2026,,https://lda.gov/api/v1/filings/?client_name=Amazon&filing_year=2026&page_size=100,2026-09-14,"{""LQ-amazon-2026"": ""\""count\"": 54""}","Sum of numeric amounts on latest eligible quarterly reports, all issues combined. Blank reports are not zero and are not added. Separately named intermediaries excluded from direct fees. Outside fees and company expenses overlap and must never be added. Latest year uses completed quarters only; no annualization. No numeric reports means OPEN, not zero spending.",USD,,,LQ-amazon-2026,lobbying_subcontractor_fees,unavailable,Amazon,2026,,,,,,OPEN
SF-Anthropic-2019,,https://lda.gov/api/v1/filings/?client_name=Anthropic&filing_year=2019&page_size=100,2026-09-14,"{""LQ-anthropic-2019"": ""\""count\"": 0""}","Sum of numeric amounts on latest eligible quarterly reports, all issues combined. Blank reports are not zero and are not added. Separately named intermediaries excluded from direct fees. Outside fees and company expenses overlap and must never be added. Latest year uses completed quarters only; no annualization. No numeric reports means OPEN, not zero spending.",USD,,,LQ-anthropic-2019,lobbying_subcontractor_fees,unavailable,Anthropic,2019,,,,,,OPEN
SF-Anthropic-2020,,https://lda.gov/api/v1/filings/?client_name=Anthropic&filing_year=2020&page_size=100,2026-09-14,"{""LQ-anthropic-2020"": ""\""count\"": 0""}","Sum of numeric amounts on latest eligible quarterly reports, all issues combined. Blank reports are not zero and are not added. Separately named intermediaries excluded from direct fees. Outside fees and company expenses overlap and must never be added. Latest year uses completed quarters only; no annualization. No numeric reports means OPEN, not zero spending.",USD,,,LQ-anthropic-2020,lobbying_subcontractor_fees,unavailable,Anthropic,2020,,,,,,OPEN
SF-Anthropic-2021,,https://lda.gov/api/v1/filings/?client_name=Anthropic&filing_year=2021&page_size=100,2026-09-14,"{""LQ-anthropic-2021"": ""\""count\"": 0""}","Sum of numeric amounts on latest eligible quarterly reports, all issues combined. Blank reports are not zero and are not added. Separately named intermediaries excluded from direct fees. Outside fees and company expenses overlap and must never be added. Latest year uses completed quarters only; no annualization. No numeric reports means OPEN, not zero spending.",USD,,,LQ-anthropic-2021,lobbying_subcontractor_fees,unavailable,Anthropic,2021,,,,,,OPEN
SF-Anthropic-2022,,https://lda.gov/api/v1/filings/?client_name=Anthropic&filing_year=2022&page_size=100,2026-09-14,"{""LQ-anthropic-2022"": ""\""count\"": 0""}","Sum of numeric amounts on latest eligible quarterly reports, all issues combined. Blank reports are not zero and are not added. Separately named intermediaries excluded from direct fees. Outside fees and company expenses overlap and must never be added. Latest year uses completed quarters only; no annualization. No numeric reports means OPEN, not zero spending.",USD,,,LQ-anthropic-2022,lobbying_subcontractor_fees,unavailable,Anthropic,2022,,,,,,OPEN
SF-Anthropic-2023,80000.00,https://lda.gov/filings/public/filing/005a6c86-a73c-4b92-9b5a-1d4591ea4960/print/,2026-09-14,"{""L-005a6c86-a73c-4b92-9b5a-1d4591ea4960"": ""{\""filing_uuid\"":\""005a6c86-a73c-4b92-9b5a-1d4591ea4960\"",\""filing_type\"":\""Q3\"",\""filing_year\"":2023,\""filing_period\"":\""third_quarter\"",\""income\"":\""20000.00\"",\""expenses\"":null}"", ""L-5db34ca2-7ffb-415d-8052-f58363d4dc50"": ""{\""filing_uuid\"":\""5db34ca2-7ffb-415d-8052-f58363d4dc50\"",\""filing_type\"":\""Q1\"",\""filing_year\"":2023,\""filing_period\"":\""first_quarter\"",\""income\"":\""20000.00\"",\""expenses\"":null}"", ""L-b660ab90-acc4-43df-8c79-b37f1906a92a"": ""{\""filing_uuid\"":\""b660ab90-acc4-43df-8c79-b37f1906a92a\"",\""filing_type\"":\""Q2\"",\""filing_year\"":2023,\""filing_period\"":\""second_quarter\"",\""income\"":\""20000.00\"",\""expenses\"":null}"", ""L-c397a154-4413-4d66-bb8d-0ba5ef49e59a"": ""{\""filing_uuid\"":\""c397a154-4413-4d66-bb8d-0ba5ef49e59a\"",\""filing_type\"":\""Q4\"",\""filing_year\"":2023,\""filing_period\"":\""fourth_quarter\"",\""income\"":\""20000.00\"",\""expenses\"":null}""}","Sum of numeric amounts on latest eligible quarterly reports, all issues combined. Blank reports are not zero and are not added. Separately named intermediaries excluded from direct fees. Outside fees and company expenses overlap and must never be added. Latest year uses completed quarters only; no annualization. No numeric reports means OPEN, not zero spending.",USD,,,L-005a6c86-a73c-4b92-9b5a-1d4591ea4960;L-5db34ca2-7ffb-415d-8052-f58363d4dc50;L-b660ab90-acc4-43df-8c79-b37f1906a92a;L-c397a154-4413-4d66-bb8d-0ba5ef49e59a,lobbying_subcontractor_fees,sum,Anthropic,2023,,,1;2;3;4,,,KEEP
SF-Anthropic-2024,80000.00,https://lda.gov/filings/public/filing/1729d5ce-e176-4e23-a7e9-22c497278342/print/,2026-09-14,"{""L-1729d5ce-e176-4e23-a7e9-22c497278342"": ""{\""filing_uuid\"":\""1729d5ce-e176-4e23-a7e9-22c497278342\"",\""filing_type\"":\""Q2\"",\""filing_year\"":2024,\""filing_period\"":\""second_quarter\"",\""income\"":\""20000.00\"",\""expenses\"":null}"", ""L-24706f2c-6477-4c12-b61c-344abc140c4f"": ""{\""filing_uuid\"":\""24706f2c-6477-4c12-b61c-344abc140c4f\"",\""filing_type\"":\""Q1\"",\""filing_year\"":2024,\""filing_period\"":\""first_quarter\"",\""income\"":\""20000.00\"",\""expenses\"":null}"", ""L-35798b6e-a853-45e4-8c5e-e344c91e45ca"": ""{\""filing_uuid\"":\""35798b6e-a853-45e4-8c5e-e344c91e45ca\"",\""filing_type\"":\""Q3\"",\""filing_year\"":2024,\""filing_period\"":\""third_quarter\"",\""income\"":\""20000.00\"",\""expenses\"":null}"", ""L-f1ed972c-83de-47aa-b1d1-a72f9dfae7c0"": ""{\""filing_uuid\"":\""f1ed972c-83de-47aa-b1d1-a72f9dfae7c0\"",\""filing_type\"":\""Q4\"",\""filing_year\"":2024,\""filing_period\"":\""fourth_quarter\"",\""income\"":\""20000.00\"",\""expenses\"":null}""}","Sum of numeric amounts on latest eligible quarterly reports, all issues combined. Blank reports are not zero and are not added. Separately named intermediaries excluded from direct fees. Outside fees and company expenses overlap and must never be added. Latest year uses completed quarters only; no annualization. No numeric reports means OPEN, not zero spending.",USD,,,L-1729d5ce-e176-4e23-a7e9-22c497278342;L-24706f2c-6477-4c12-b61c-344abc140c4f;L-35798b6e-a853-45e4-8c5e-e344c91e45ca;L-f1ed972c-83de-47aa-b1d1-a72f9dfae7c0,lobbying_subcontractor_fees,sum,Anthropic,2024,,,1;2;3;4,,,KEEP
SF-Anthropic-2025,80000.00,https://lda.gov/filings/public/filing/2c39e2b1-bf1a-4eee-9b27-d2d5ecae7471/print/,2026-09-14,"{""L-2c39e2b1-bf1a-4eee-9b27-d2d5ecae7471"": ""{\""filing_uuid\"":\""2c39e2b1-bf1a-4eee-9b27-d2d5ecae7471\"",\""filing_type\"":\""Q3\"",\""filing_year\"":2025,\""filing_period\"":\""third_quarter\"",\""income\"":\""20000.00\"",\""expenses\"":null}"", ""L-3118d87f-23fc-4d7a-a0ea-4d5eca218088"": ""{\""filing_uuid\"":\""3118d87f-23fc-4d7a-a0ea-4d5eca218088\"",\""filing_type\"":\""Q2\"",\""filing_year\"":2025,\""filing_period\"":\""second_quarter\"",\""income\"":\""20000.00\"",\""expenses\"":null}"", ""L-436e12a5-c3b8-4499-a0b8-8e00d8d1c31e"": ""{\""filing_uuid\"":\""436e12a5-c3b8-4499-a0b8-8e00d8d1c31e\"",\""filing_type\"":\""Q4\"",\""filing_year\"":2025,\""filing_period\"":\""fourth_quarter\"",\""income\"":\""20000.00\"",\""expenses\"":null}"", ""L-6b66df89-98f9-4c32-9547-c833a1246308"": ""{\""filing_uuid\"":\""6b66df89-98f9-4c32-9547-c833a1246308\"",\""filing_type\"":\""Q1\"",\""filing_year\"":2025,\""filing_period\"":\""first_quarter\"",\""income\"":\""20000.00\"",\""expenses\"":null}""}","Sum of numeric amounts on latest eligible quarterly reports, all issues combined. Blank reports are not zero and are not added. Separately named intermediaries excluded from direct fees. Outside fees and company expenses overlap and must never be added. Latest year uses completed quarters only; no annualization. No numeric reports means OPEN, not zero spending.",USD,,,L-2c39e2b1-bf1a-4eee-9b27-d2d5ecae7471;L-3118d87f-23fc-4d7a-a0ea-4d5eca218088;L-436e12a5-c3b8-4499-a0b8-8e00d8d1c31e;L-6b66df89-98f9-4c32-9547-c833a1246308,lobbying_subcontractor_fees,sum,Anthropic,2025,,,1;2;3;4,,,KEEP
SF-Anthropic-2026,40000.00,https://lda.gov/filings/public/filing/398ea05d-8027-49d7-910d-a7d2ae768250/print/,2026-09-14,"{""L-398ea05d-8027-49d7-910d-a7d2ae768250"": ""{\""filing_uuid\"":\""398ea05d-8027-49d7-910d-a7d2ae768250\"",\""filing_type\"":\""Q2\"",\""filing_year\"":2026,\""filing_period\"":\""second_quarter\"",\""income\"":\""20000.00\"",\""expenses\"":null}"", ""L-5bff38a9-0656-42de-a27e-7958ec1f5005"": ""{\""filing_uuid\"":\""5bff38a9-0656-42de-a27e-7958ec1f5005\"",\""filing_type\"":\""Q1\"",\""filing_year\"":2026,\""filing_period\"":\""first_quarter\"",\""income\"":\""20000.00\"",\""expenses\"":null}""}","Sum of numeric amounts on latest eligible quarterly reports, all issues combined. Blank reports are not zero and are not added. Separately named intermediaries excluded from direct fees. Outside fees and company expenses overlap and must never be added. Latest year uses completed quarters only; no annualization. No numeric reports means OPEN, not zero spending.",USD,,,L-398ea05d-8027-49d7-910d-a7d2ae768250;L-5bff38a9-0656-42de-a27e-7958ec1f5005,lobbying_subcontractor_fees,sum,Anthropic,2026,,,1;2,,,KEEP
SF-Google-2019,,https://lda.gov/api/v1/filings/?client_name=Google&filing_year=2019&page_size=100,2026-09-14,"{""LQ-google-2019"": ""\""count\"": 101""}","Sum of numeric amounts on latest eligible quarterly reports, all issues combined. Blank reports are not zero and are not added. Separately named intermediaries excluded from direct fees. Outside fees and company expenses overlap and must never be added. Latest year uses completed quarters only; no annualization. No numeric reports means OPEN, not zero spending.",USD,,,LQ-google-2019,lobbying_subcontractor_fees,unavailable,Google,2019,,,,,,OPEN
SF-Google-2020,,https://lda.gov/api/v1/filings/?client_name=Google&filing_year=2020&page_size=100,2026-09-14,"{""LQ-google-2020"": ""\""count\"": 89""}","Sum of numeric amounts on latest eligible quarterly reports, all issues combined. Blank reports are not zero and are not added. Separately named intermediaries excluded from direct fees. Outside fees and company expenses overlap and must never be added. Latest year uses completed quarters only; no annualization. No numeric reports means OPEN, not zero spending.",USD,,,LQ-google-2020,lobbying_subcontractor_fees,unavailable,Google,2020,,,,,,OPEN
SF-Google-2021,,https://lda.gov/api/v1/filings/?client_name=Google&filing_year=2021&page_size=100,2026-09-14,"{""LQ-google-2021"": ""\""count\"": 91""}","Sum of numeric amounts on latest eligible quarterly reports, all issues combined. Blank reports are not zero and are not added. Separately named intermediaries excluded from direct fees. Outside fees and company expenses overlap and must never be added. Latest year uses completed quarters only; no annualization. No numeric reports means OPEN, not zero spending.",USD,,,LQ-google-2021,lobbying_subcontractor_fees,unavailable,Google,2021,,,,,,OPEN
SF-Google-2022,,https://lda.gov/api/v1/filings/?client_name=Google&filing_year=2022&page_size=100,2026-09-14,"{""LQ-google-2022"": ""\""count\"": 83""}","Sum of numeric amounts on latest eligible quarterly reports, all issues combined. Blank reports are not zero and are not added. Separately named intermediaries excluded from direct fees. Outside fees and company expenses overlap and must never be added. Latest year uses completed quarters only; no annualization. No numeric reports means OPEN, not zero spending.",USD,,,LQ-google-2022,lobbying_subcontractor_fees,unavailable,Google,2022,,,,,,OPEN
SF-Google-2023,,https://lda.gov/api/v1/filings/?client_name=Google&filing_year=2023&page_size=100,2026-09-14,"{""LQ-google-2023"": ""\""count\"": 87""}","Sum of numeric amounts on latest eligible quarterly reports, all issues combined. Blank reports are not zero and are not added. Separately named intermediaries excluded from direct fees. Outside fees and company expenses overlap and must never be added. Latest year uses completed quarters only; no annualization. No numeric reports means OPEN, not zero spending.",USD,,,LQ-google-2023,lobbying_subcontractor_fees,unavailable,Google,2023,,,,,,OPEN
SF-Google-2024,60000.00,https://lda.gov/filings/public/filing/1993f97f-9a16-476a-95ab-b95f3d6f4755/print/,2026-09-14,"{""L-1993f97f-9a16-476a-95ab-b95f3d6f4755"": ""{\""filing_uuid\"":\""1993f97f-9a16-476a-95ab-b95f3d6f4755\"",\""filing_type\"":\""Q4\"",\""filing_year\"":2024,\""filing_period\"":\""fourth_quarter\"",\""income\"":\""30000.00\"",\""expenses\"":null}"", ""L-476b3832-4528-4a2b-a196-9e99b0d09bb7"": ""{\""filing_uuid\"":\""476b3832-4528-4a2b-a196-9e99b0d09bb7\"",\""filing_type\"":\""Q3\"",\""filing_year\"":2024,\""filing_period\"":\""third_quarter\"",\""income\"":\""30000.00\"",\""expenses\"":null}""}","Sum of numeric amounts on latest eligible quarterly reports, all issues combined. Blank reports are not zero and are not added. Separately named intermediaries excluded from direct fees. Outside fees and company expenses overlap and must never be added. Latest year uses completed quarters only; no annualization. No numeric reports means OPEN, not zero spending.",USD,,,L-1993f97f-9a16-476a-95ab-b95f3d6f4755;L-476b3832-4528-4a2b-a196-9e99b0d09bb7,lobbying_subcontractor_fees,sum,Google,2024,,,3;4,,,KEEP
SF-Google-2025,120000.00,https://lda.gov/filings/public/filing/4cba537b-241e-40f9-b3a4-fb472d345779/print/,2026-09-14,"{""L-4cba537b-241e-40f9-b3a4-fb472d345779"": ""{\""filing_uuid\"":\""4cba537b-241e-40f9-b3a4-fb472d345779\"",\""filing_type\"":\""Q3\"",\""filing_year\"":2025,\""filing_period\"":\""third_quarter\"",\""income\"":\""30000.00\"",\""expenses\"":null}"", ""L-523faab9-42e2-4709-9a6f-49fc65164ec8"": ""{\""filing_uuid\"":\""523faab9-42e2-4709-9a6f-49fc65164ec8\"",\""filing_type\"":\""Q4\"",\""filing_year\"":2025,\""filing_period\"":\""fourth_quarter\"",\""income\"":\""30000.00\"",\""expenses\"":null}"", ""L-a1bc2bec-7f58-4c35-87fd-d37efa44d10a"": ""{\""filing_uuid\"":\""a1bc2bec-7f58-4c35-87fd-d37efa44d10a\"",\""filing_type\"":\""Q1\"",\""filing_year\"":2025,\""filing_period\"":\""first_quarter\"",\""income\"":\""30000.00\"",\""expenses\"":null}"", ""L-aaaa933d-0986-4acc-91ce-f65c78326ab6"": ""{\""filing_uuid\"":\""aaaa933d-0986-4acc-91ce-f65c78326ab6\"",\""filing_type\"":\""Q2\"",\""filing_year\"":2025,\""filing_period\"":\""second_quarter\"",\""income\"":\""30000.00\"",\""expenses\"":null}""}","Sum of numeric amounts on latest eligible quarterly reports, all issues combined. Blank reports are not zero and are not added. Separately named intermediaries excluded from direct fees. Outside fees and company expenses overlap and must never be added. Latest year uses completed quarters only; no annualization. No numeric reports means OPEN, not zero spending.",USD,,,L-4cba537b-241e-40f9-b3a4-fb472d345779;L-523faab9-42e2-4709-9a6f-49fc65164ec8;L-a1bc2bec-7f58-4c35-87fd-d37efa44d10a;L-aaaa933d-0986-4acc-91ce-f65c78326ab6,lobbying_subcontractor_fees,sum,Google,2025,,,1;2;3;4,,,KEEP
SF-Google-2026,60000.00,https://lda.gov/filings/public/filing/1743222d-786e-4970-a4a5-aabb85853cc3/print/,2026-09-14,"{""L-1743222d-786e-4970-a4a5-aabb85853cc3"": ""{\""filing_uuid\"":\""1743222d-786e-4970-a4a5-aabb85853cc3\"",\""filing_type\"":\""Q2\"",\""filing_year\"":2026,\""filing_period\"":\""second_quarter\"",\""income\"":\""30000.00\"",\""expenses\"":null}"", ""L-1e8368c7-b06c-4d93-843e-2f2be8211914"": ""{\""filing_uuid\"":\""1e8368c7-b06c-4d93-843e-2f2be8211914\"",\""filing_type\"":\""Q1\"",\""filing_year\"":2026,\""filing_period\"":\""first_quarter\"",\""income\"":\""30000.00\"",\""expenses\"":null}""}","Sum of numeric amounts on latest eligible quarterly reports, all issues combined. Blank reports are not zero and are not added. Separately named intermediaries excluded from direct fees. Outside fees and company expenses overlap and must never be added. Latest year uses completed quarters only; no annualization. No numeric reports means OPEN, not zero spending.",USD,,,L-1743222d-786e-4970-a4a5-aabb85853cc3;L-1e8368c7-b06c-4d93-843e-2f2be8211914,lobbying_subcontractor_fees,sum,Google,2026,,,1;2,,,KEEP
SF-Meta-2019,,https://lda.gov/api/v1/filings/?client_name=Meta+Platforms&filing_year=2019&page_size=100,2026-09-14,"{""LQ-meta-platforms-2019"": ""\""count\"": 64""}","Sum of numeric amounts on latest eligible quarterly reports, all issues combined. Blank reports are not zero and are not added. Separately named intermediaries excluded from direct fees. Outside fees and company expenses overlap and must never be added. Latest year uses completed quarters only; no annualization. No numeric reports means OPEN, not zero spending.",USD,,,LQ-meta-platforms-2019,lobbying_subcontractor_fees,unavailable,Meta,2019,,,,,,OPEN
SF-Meta-2020,,https://lda.gov/api/v1/filings/?client_name=Meta+Platforms&filing_year=2020&page_size=100,2026-09-14,"{""LQ-meta-platforms-2020"": ""\""count\"": 79""}","Sum of numeric amounts on latest eligible quarterly reports, all issues combined. Blank reports are not zero and are not added. Separately named intermediaries excluded from direct fees. Outside fees and company expenses overlap and must never be added. Latest year uses completed quarters only; no annualization. No numeric reports means OPEN, not zero spending.",USD,,,LQ-meta-platforms-2020,lobbying_subcontractor_fees,unavailable,Meta,2020,,,,,,OPEN
SF-Meta-2021,,https://lda.gov/api/v1/filings/?client_name=Meta+Platforms&filing_year=2021&page_size=100,2026-09-14,"{""LQ-meta-platforms-2021"": ""\""count\"": 100""}","Sum of numeric amounts on latest eligible quarterly reports, all issues combined. Blank reports are not zero and are not added. Separately named intermediaries excluded from direct fees. Outside fees and company expenses overlap and must never be added. Latest year uses completed quarters only; no annualization. No numeric reports means OPEN, not zero spending.",USD,,,LQ-meta-platforms-2021,lobbying_subcontractor_fees,unavailable,Meta,2021,,,,,,OPEN
SF-Meta-2022,,https://lda.gov/api/v1/filings/?client_name=Meta+Platforms&filing_year=2022&page_size=100,2026-09-14,"{""LQ-meta-platforms-2022"": ""\""count\"": 104""}","Sum of numeric amounts on latest eligible quarterly reports, all issues combined. Blank reports are not zero and are not added. Separately named intermediaries excluded from direct fees. Outside fees and company expenses overlap and must never be added. Latest year uses completed quarters only; no annualization. No numeric reports means OPEN, not zero spending.",USD,,,LQ-meta-platforms-2022,lobbying_subcontractor_fees,unavailable,Meta,2022,,,,,,OPEN
SF-Meta-2023,,https://lda.gov/api/v1/filings/?client_name=Meta+Platforms&filing_year=2023&page_size=100,2026-09-14,"{""LQ-meta-platforms-2023"": ""\""count\"": 97""}","Sum of numeric amounts on latest eligible quarterly reports, all issues combined. Blank reports are not zero and are not added. Separately named intermediaries excluded from direct fees. Outside fees and company expenses overlap and must never be added. Latest year uses completed quarters only; no annualization. No numeric reports means OPEN, not zero spending.",USD,,,LQ-meta-platforms-2023,lobbying_subcontractor_fees,unavailable,Meta,2023,,,,,,OPEN
SF-Meta-2024,,https://lda.gov/api/v1/filings/?client_name=Meta+Platforms&filing_year=2024&page_size=100,2026-09-14,"{""LQ-meta-platforms-2024"": ""\""count\"": 84""}","Sum of numeric amounts on latest eligible quarterly reports, all issues combined. Blank reports are not zero and are not added. Separately named intermediaries excluded from direct fees. Outside fees and company expenses overlap and must never be added. Latest year uses completed quarters only; no annualization. No numeric reports means OPEN, not zero spending.",USD,,,LQ-meta-platforms-2024,lobbying_subcontractor_fees,unavailable,Meta,2024,,,,,,OPEN
SF-Meta-2025,,https://lda.gov/api/v1/filings/?client_name=Meta+Platforms&filing_year=2025&page_size=100,2026-09-14,"{""LQ-meta-platforms-2025"": ""\""count\"": 93""}","Sum of numeric amounts on latest eligible quarterly reports, all issues combined. Blank reports are not zero and are not added. Separately named intermediaries excluded from direct fees. Outside fees and company expenses overlap and must never be added. Latest year uses completed quarters only; no annualization. No numeric reports means OPEN, not zero spending.",USD,,,LQ-meta-platforms-2025,lobbying_subcontractor_fees,unavailable,Meta,2025,,,,,,OPEN
SF-Meta-2026,,https://lda.gov/api/v1/filings/?client_name=Meta+Platforms&filing_year=2026&page_size=100,2026-09-14,"{""LQ-meta-platforms-2026"": ""\""count\"": 47""}","Sum of numeric amounts on latest eligible quarterly reports, all issues combined. Blank reports are not zero and are not added. Separately named intermediaries excluded from direct fees. Outside fees and company expenses overlap and must never be added. Latest year uses completed quarters only; no annualization. No numeric reports means OPEN, not zero spending.",USD,,,LQ-meta-platforms-2026,lobbying_subcontractor_fees,unavailable,Meta,2026,,,,,,OPEN
SF-Microsoft-2019,70000.00,https://lda.gov/filings/public/filing/4f721b44-6b98-45e5-be65-33c38bb4a15e/print/,2026-09-14,"{""L-4f721b44-6b98-45e5-be65-33c38bb4a15e"": ""{\""filing_uuid\"":\""4f721b44-6b98-45e5-be65-33c38bb4a15e\"",\""filing_type\"":\""Q3\"",\""filing_year\"":2019,\""filing_period\"":\""third_quarter\"",\""income\"":\""10000.00\"",\""expenses\"":null}"", ""L-65505fed-c6b7-4989-bfcb-187f5dfd64ae"": ""{\""filing_uuid\"":\""65505fed-c6b7-4989-bfcb-187f5dfd64ae\"",\""filing_type\"":\""Q1\"",\""filing_year\"":2019,\""filing_period\"":\""first_quarter\"",\""income\"":\""30000.00\"",\""expenses\"":null}"", ""L-96ec26fc-fbb4-4efd-919e-327042178f03"": ""{\""filing_uuid\"":\""96ec26fc-fbb4-4efd-919e-327042178f03\"",\""filing_type\"":\""Q2\"",\""filing_year\"":2019,\""filing_period\"":\""second_quarter\"",\""income\"":\""10000.00\"",\""expenses\"":null}"", ""L-c91de5b0-9afb-4ffb-8851-b00343cb4eb9"": ""{\""filing_uuid\"":\""c91de5b0-9afb-4ffb-8851-b00343cb4eb9\"",\""filing_type\"":\""Q1\"",\""filing_year\"":2019,\""filing_period\"":\""first_quarter\"",\""income\"":\""10000.00\"",\""expenses\"":null}"", ""L-ce455231-ca99-4a95-8ea7-1a31a4030084"": ""{\""filing_uuid\"":\""ce455231-ca99-4a95-8ea7-1a31a4030084\"",\""filing_type\"":\""Q4\"",\""filing_year\"":2019,\""filing_period\"":\""fourth_quarter\"",\""income\"":\""10000.00\"",\""expenses\"":null}""}","Sum of numeric amounts on latest eligible quarterly reports, all issues combined. Blank reports are not zero and are not added. Separately named intermediaries excluded from direct fees. Outside fees and company expenses overlap and must never be added. Latest year uses completed quarters only; no annualization. No numeric reports means OPEN, not zero spending.",USD,,,L-4f721b44-6b98-45e5-be65-33c38bb4a15e;L-65505fed-c6b7-4989-bfcb-187f5dfd64ae;L-96ec26fc-fbb4-4efd-919e-327042178f03;L-c91de5b0-9afb-4ffb-8851-b00343cb4eb9;L-ce455231-ca99-4a95-8ea7-1a31a4030084,lobbying_subcontractor_fees,sum,Microsoft,2019,,,1;2;3;4,,,KEEP
SF-Microsoft-2020,40000.00,https://lda.gov/filings/public/filing/15e83b6a-9e54-48f1-875d-df3172a42b9e/print/,2026-09-14,"{""L-15e83b6a-9e54-48f1-875d-df3172a42b9e"": ""{\""filing_uuid\"":\""15e83b6a-9e54-48f1-875d-df3172a42b9e\"",\""filing_type\"":\""Q2\"",\""filing_year\"":2020,\""filing_period\"":\""second_quarter\"",\""income\"":\""10000.00\"",\""expenses\"":null}"", ""L-6318a408-5ddf-4771-a931-7412ea0ff1e8"": ""{\""filing_uuid\"":\""6318a408-5ddf-4771-a931-7412ea0ff1e8\"",\""filing_type\"":\""Q4\"",\""filing_year\"":2020,\""filing_period\"":\""fourth_quarter\"",\""income\"":\""10000.00\"",\""expenses\"":null}"", ""L-7c7f81c6-10b4-4cb8-a890-9f45f0c41326"": ""{\""filing_uuid\"":\""7c7f81c6-10b4-4cb8-a890-9f45f0c41326\"",\""filing_type\"":\""Q1\"",\""filing_year\"":2020,\""filing_period\"":\""first_quarter\"",\""income\"":\""10000.00\"",\""expenses\"":null}"", ""L-9aa0e40a-e8f5-4016-9b4d-3806e88bdc6b"": ""{\""filing_uuid\"":\""9aa0e40a-e8f5-4016-9b4d-3806e88bdc6b\"",\""filing_type\"":\""Q3\"",\""filing_year\"":2020,\""filing_period\"":\""third_quarter\"",\""income\"":\""10000.00\"",\""expenses\"":null}""}","Sum of numeric amounts on latest eligible quarterly reports, all issues combined. Blank reports are not zero and are not added. Separately named intermediaries excluded from direct fees. Outside fees and company expenses overlap and must never be added. Latest year uses completed quarters only; no annualization. No numeric reports means OPEN, not zero spending.",USD,,,L-15e83b6a-9e54-48f1-875d-df3172a42b9e;L-6318a408-5ddf-4771-a931-7412ea0ff1e8;L-7c7f81c6-10b4-4cb8-a890-9f45f0c41326;L-9aa0e40a-e8f5-4016-9b4d-3806e88bdc6b,lobbying_subcontractor_fees,sum,Microsoft,2020,,,1;2;3;4,,,KEEP
SF-Microsoft-2021,40000.00,https://lda.gov/filings/public/filing/084709b2-7ab7-4246-8afb-3d1626103dbf/print/,2026-09-14,"{""L-084709b2-7ab7-4246-8afb-3d1626103dbf"": ""{\""filing_uuid\"":\""084709b2-7ab7-4246-8afb-3d1626103dbf\"",\""filing_type\"":\""Q4\"",\""filing_year\"":2021,\""filing_period\"":\""fourth_quarter\"",\""income\"":\""10000.00\"",\""expenses\"":null}"", ""L-856083b7-62b2-46c0-8af8-c7756c756c05"": ""{\""filing_uuid\"":\""856083b7-62b2-46c0-8af8-c7756c756c05\"",\""filing_type\"":\""Q2\"",\""filing_year\"":2021,\""filing_period\"":\""second_quarter\"",\""income\"":\""10000.00\"",\""expenses\"":null}"", ""L-b941febe-3c91-40ca-b0b1-f6bd5c7447ed"": ""{\""filing_uuid\"":\""b941febe-3c91-40ca-b0b1-f6bd5c7447ed\"",\""filing_type\"":\""Q3\"",\""filing_year\"":2021,\""filing_period\"":\""third_quarter\"",\""income\"":\""10000.00\"",\""expenses\"":null}"", ""L-be4b7739-c99c-4a4d-9127-694989a03e4f"": ""{\""filing_uuid\"":\""be4b7739-c99c-4a4d-9127-694989a03e4f\"",\""filing_type\"":\""Q1\"",\""filing_year\"":2021,\""filing_period\"":\""first_quarter\"",\""income\"":\""10000.00\"",\""expenses\"":null}""}","Sum of numeric amounts on latest eligible quarterly reports, all issues combined. Blank reports are not zero and are not added. Separately named intermediaries excluded from direct fees. Outside fees and company expenses overlap and must never be added. Latest year uses completed quarters only; no annualization. No numeric reports means OPEN, not zero spending.",USD,,,L-084709b2-7ab7-4246-8afb-3d1626103dbf;L-856083b7-62b2-46c0-8af8-c7756c756c05;L-b941febe-3c91-40ca-b0b1-f6bd5c7447ed;L-be4b7739-c99c-4a4d-9127-694989a03e4f,lobbying_subcontractor_fees,sum,Microsoft,2021,,,1;2;3;4,,,KEEP
SF-Microsoft-2022,,https://lda.gov/api/v1/filings/?client_name=Microsoft&filing_year=2022&page_size=100,2026-09-14,"{""LQ-microsoft-2022"": ""\""count\"": 96""}","Sum of numeric amounts on latest eligible quarterly reports, all issues combined. Blank reports are not zero and are not added. Separately named intermediaries excluded from direct fees. Outside fees and company expenses overlap and must never be added. Latest year uses completed quarters only; no annualization. No numeric reports means OPEN, not zero spending.",USD,,,LQ-microsoft-2022,lobbying_subcontractor_fees,unavailable,Microsoft,2022,,,,,,OPEN
SF-Microsoft-2023,,https://lda.gov/api/v1/filings/?client_name=Microsoft&filing_year=2023&page_size=100,2026-09-14,"{""LQ-microsoft-2023"": ""\""count\"": 87""}","Sum of numeric amounts on latest eligible quarterly reports, all issues combined. Blank reports are not zero and are not added. Separately named intermediaries excluded from direct fees. Outside fees and company expenses overlap and must never be added. Latest year uses completed quarters only; no annualization. No numeric reports means OPEN, not zero spending.",USD,,,LQ-microsoft-2023,lobbying_subcontractor_fees,unavailable,Microsoft,2023,,,,,,OPEN
SF-Microsoft-2024,,https://lda.gov/api/v1/filings/?client_name=Microsoft&filing_year=2024&page_size=100,2026-09-14,"{""LQ-microsoft-2024"": ""\""count\"": 89""}","Sum of numeric amounts on latest eligible quarterly reports, all issues combined. Blank reports are not zero and are not added. Separately named intermediaries excluded from direct fees. Outside fees and company expenses overlap and must never be added. Latest year uses completed quarters only; no annualization. No numeric reports means OPEN, not zero spending.",USD,,,LQ-microsoft-2024,lobbying_subcontractor_fees,unavailable,Microsoft,2024,,,,,,OPEN
SF-Microsoft-2025,,https://lda.gov/api/v1/filings/?client_name=Microsoft&filing_year=2025&page_size=100,2026-09-14,"{""LQ-microsoft-2025"": ""\""count\"": 88""}","Sum of numeric amounts on latest eligible quarterly reports, all issues combined. Blank reports are not zero and are not added. Separately named intermediaries excluded from direct fees. Outside fees and company expenses overlap and must never be added. Latest year uses completed quarters only; no annualization. No numeric reports means OPEN, not zero spending.",USD,,,LQ-microsoft-2025,lobbying_subcontractor_fees,unavailable,Microsoft,2025,,,,,,OPEN
SF-Microsoft-2026,,https://lda.gov/api/v1/filings/?client_name=Microsoft&filing_year=2026&page_size=100,2026-09-14,"{""LQ-microsoft-2026"": ""\""count\"": 40""}","Sum of numeric amounts on latest eligible quarterly reports, all issues combined. Blank reports are not zero and are not added. Separately named intermediaries excluded from direct fees. Outside fees and company expenses overlap and must never be added. Latest year uses completed quarters only; no annualization. No numeric reports means OPEN, not zero spending.",USD,,,LQ-microsoft-2026,lobbying_subcontractor_fees,unavailable,Microsoft,2026,,,,,,OPEN
SF-OpenAI-2019,,https://lda.gov/api/v1/filings/?client_name=OpenAI&filing_year=2019&page_size=100,2026-09-14,"{""LQ-openai-2019"": ""\""count\"": 0""}","Sum of numeric amounts on latest eligible quarterly reports, all issues combined. Blank reports are not zero and are not added. Separately named intermediaries excluded from direct fees. Outside fees and company expenses overlap and must never be added. Latest year uses completed quarters only; no annualization. No numeric reports means OPEN, not zero spending.",USD,,,LQ-openai-2019,lobbying_subcontractor_fees,unavailable,OpenAI,2019,,,,,,OPEN
SF-OpenAI-2020,,https://lda.gov/api/v1/filings/?client_name=OpenAI&filing_year=2020&page_size=100,2026-09-14,"{""LQ-openai-2020"": ""\""count\"": 0""}","Sum of numeric amounts on latest eligible quarterly reports, all issues combined. Blank reports are not zero and are not added. Separately named intermediaries excluded from direct fees. Outside fees and company expenses overlap and must never be added. Latest year uses completed quarters only; no annualization. No numeric reports means OPEN, not zero spending.",USD,,,LQ-openai-2020,lobbying_subcontractor_fees,unavailable,OpenAI,2020,,,,,,OPEN
SF-OpenAI-2021,,https://lda.gov/api/v1/filings/?client_name=OpenAI&filing_year=2021&page_size=100,2026-09-14,"{""LQ-openai-2021"": ""\""count\"": 0""}","Sum of numeric amounts on latest eligible quarterly reports, all issues combined. Blank reports are not zero and are not added. Separately named intermediaries excluded from direct fees. Outside fees and company expenses overlap and must never be added. Latest year uses completed quarters only; no annualization. No numeric reports means OPEN, not zero spending.",USD,,,LQ-openai-2021,lobbying_subcontractor_fees,unavailable,OpenAI,2021,,,,,,OPEN
SF-OpenAI-2022,,https://lda.gov/api/v1/filings/?client_name=OpenAI&filing_year=2022&page_size=100,2026-09-14,"{""LQ-openai-2022"": ""\""count\"": 0""}","Sum of numeric amounts on latest eligible quarterly reports, all issues combined. Blank reports are not zero and are not added. Separately named intermediaries excluded from direct fees. Outside fees and company expenses overlap and must never be added. Latest year uses completed quarters only; no annualization. No numeric reports means OPEN, not zero spending.",USD,,,LQ-openai-2022,lobbying_subcontractor_fees,unavailable,OpenAI,2022,,,,,,OPEN
SF-OpenAI-2023,,https://lda.gov/api/v1/filings/?client_name=OpenAI&filing_year=2023&page_size=100,2026-09-14,"{""LQ-openai-2023"": ""\""count\"": 6""}","Sum of numeric amounts on latest eligible quarterly reports, all issues combined. Blank reports are not zero and are not added. Separately named intermediaries excluded from direct fees. Outside fees and company expenses overlap and must never be added. Latest year uses completed quarters only; no annualization. No numeric reports means OPEN, not zero spending.",USD,,,LQ-openai-2023,lobbying_subcontractor_fees,unavailable,OpenAI,2023,,,,,,OPEN
SF-OpenAI-2024,,https://lda.gov/api/v1/filings/?client_name=OpenAI&filing_year=2024&page_size=100,2026-09-14,"{""LQ-openai-2024"": ""\""count\"": 20""}","Sum of numeric amounts on latest eligible quarterly reports, all issues combined. Blank reports are not zero and are not added. Separately named intermediaries excluded from direct fees. Outside fees and company expenses overlap and must never be added. Latest year uses completed quarters only; no annualization. No numeric reports means OPEN, not zero spending.",USD,,,LQ-openai-2024,lobbying_subcontractor_fees,unavailable,OpenAI,2024,,,,,,OPEN
SF-OpenAI-2025,,https://lda.gov/api/v1/filings/?client_name=OpenAI&filing_year=2025&page_size=100,2026-09-14,"{""LQ-openai-2025"": ""\""count\"": 18""}","Sum of numeric amounts on latest eligible quarterly reports, all issues combined. Blank reports are not zero and are not added. Separately named intermediaries excluded from direct fees. Outside fees and company expenses overlap and must never be added. Latest year uses completed quarters only; no annualization. No numeric reports means OPEN, not zero spending.",USD,,,LQ-openai-2025,lobbying_subcontractor_fees,unavailable,OpenAI,2025,,,,,,OPEN
SF-OpenAI-2026,,https://lda.gov/api/v1/filings/?client_name=OpenAI&filing_year=2026&page_size=100,2026-09-14,"{""LQ-openai-2026"": ""\""count\"": 9""}","Sum of numeric amounts on latest eligible quarterly reports, all issues combined. Blank reports are not zero and are not added. Separately named intermediaries excluded from direct fees. Outside fees and company expenses overlap and must never be added. Latest year uses completed quarters only; no annualization. No numeric reports means OPEN, not zero spending.",USD,,,LQ-openai-2026,lobbying_subcontractor_fees,unavailable,OpenAI,2026,,,,,,OPEN
SF-xAI-2019,,https://lda.gov/api/v1/filings/?client_name=xAI&filing_year=2019&page_size=100,2026-09-14,"{""LQ-xai-2019"": ""\""count\"": 0""}","Sum of numeric amounts on latest eligible quarterly reports, all issues combined. Blank reports are not zero and are not added. Separately named intermediaries excluded from direct fees. Outside fees and company expenses overlap and must never be added. Latest year uses completed quarters only; no annualization. No numeric reports means OPEN, not zero spending.",USD,,,LQ-xai-2019,lobbying_subcontractor_fees,unavailable,xAI,2019,,,,,,OPEN
SF-xAI-2020,,https://lda.gov/api/v1/filings/?client_name=xAI&filing_year=2020&page_size=100,2026-09-14,"{""LQ-xai-2020"": ""\""count\"": 0""}","Sum of numeric amounts on latest eligible quarterly reports, all issues combined. Blank reports are not zero and are not added. Separately named intermediaries excluded from direct fees. Outside fees and company expenses overlap and must never be added. Latest year uses completed quarters only; no annualization. No numeric reports means OPEN, not zero spending.",USD,,,LQ-xai-2020,lobbying_subcontractor_fees,unavailable,xAI,2020,,,,,,OPEN
SF-xAI-2021,,https://lda.gov/api/v1/filings/?client_name=xAI&filing_year=2021&page_size=100,2026-09-14,"{""LQ-xai-2021"": ""\""count\"": 0""}","Sum of numeric amounts on latest eligible quarterly reports, all issues combined. Blank reports are not zero and are not added. Separately named intermediaries excluded from direct fees. Outside fees and company expenses overlap and must never be added. Latest year uses completed quarters only; no annualization. No numeric reports means OPEN, not zero spending.",USD,,,LQ-xai-2021,lobbying_subcontractor_fees,unavailable,xAI,2021,,,,,,OPEN
SF-xAI-2022,,https://lda.gov/api/v1/filings/?client_name=xAI&filing_year=2022&page_size=100,2026-09-14,"{""LQ-xai-2022"": ""\""count\"": 0""}","Sum of numeric amounts on latest eligible quarterly reports, all issues combined. Blank reports are not zero and are not added. Separately named intermediaries excluded from direct fees. Outside fees and company expenses overlap and must never be added. Latest year uses completed quarters only; no annualization. No numeric reports means OPEN, not zero spending.",USD,,,LQ-xai-2022,lobbying_subcontractor_fees,unavailable,xAI,2022,,,,,,OPEN
SF-xAI-2023,,https://lda.gov/api/v1/filings/?client_name=xAI&filing_year=2023&page_size=100,2026-09-14,"{""LQ-xai-2023"": ""\""count\"": 0""}","Sum of numeric amounts on latest eligible quarterly reports, all issues combined. Blank reports are not zero and are not added. Separately named intermediaries excluded from direct fees. Outside fees and company expenses overlap and must never be added. Latest year uses completed quarters only; no annualization. No numeric reports means OPEN, not zero spending.",USD,,,LQ-xai-2023,lobbying_subcontractor_fees,unavailable,xAI,2023,,,,,,OPEN
SF-xAI-2024,,https://lda.gov/api/v1/filings/?client_name=xAI&filing_year=2024&page_size=100,2026-09-14,"{""LQ-xai-2024"": ""\""count\"": 0""}","Sum of numeric amounts on latest eligible quarterly reports, all issues combined. Blank reports are not zero and are not added. Separately named intermediaries excluded from direct fees. Outside fees and company expenses overlap and must never be added. Latest year uses completed quarters only; no annualization. No numeric reports means OPEN, not zero spending.",USD,,,LQ-xai-2024,lobbying_subcontractor_fees,unavailable,xAI,2024,,,,,,OPEN
SF-xAI-2025,,https://lda.gov/api/v1/filings/?client_name=xAI&filing_year=2025&page_size=100,2026-09-14,"{""LQ-xai-2025"": ""\""count\"": 0""}","Sum of numeric amounts on latest eligible quarterly reports, all issues combined. Blank reports are not zero and are not added. Separately named intermediaries excluded from direct fees. Outside fees and company expenses overlap and must never be added. Latest year uses completed quarters only; no annualization. No numeric reports means OPEN, not zero spending.",USD,,,LQ-xai-2025,lobbying_subcontractor_fees,unavailable,xAI,2025,,,,,,OPEN
SF-xAI-2026,,https://lda.gov/api/v1/filings/?client_name=xAI&filing_year=2026&page_size=100,2026-09-14,"{""LQ-xai-2026"": ""\""count\"": 0""}","Sum of numeric amounts on latest eligible quarterly reports, all issues combined. Blank reports are not zero and are not added. Separately named intermediaries excluded from direct fees. Outside fees and company expenses overlap and must never be added. Latest year uses completed quarters only; no annualization. No numeric reports means OPEN, not zero spending.",USD,,,LQ-xai-2026,lobbying_subcontractor_fees,unavailable,xAI,2026,,,,,,OPEN
UKA-CONTROL-2024,5506577,https://find-and-update.company-information.service.gov.uk/company/15088415/filing-history/MzQ2NzM5NjgxOWFkaXF6a2N4/document?format=xhtml&download=1,2026-09-14,"{""UK-2024-181"": ""29,786"", ""UK-2024-187"": ""5,455,883"", ""UK-2024-193"": ""20,908""}","Total assets calculated from fixed assets, current assets and the explicitly excluded prepayments subtotal. GBP retained; no revenue or funding amount inferred.",GBP,,,UK-2024-181;UK-2024-187;UK-2024-193,UK_balance_sheet_assets,sum,CONTROL,2024,2024-12-31,,,,,KEEP
UKA-CONTROL-2025,7702529,https://find-and-update.company-information.service.gov.uk/company/15088415/filing-history/MzU0MDI5NDI2MmFkaXF6a2N4/document?format=xhtml&download=1,2026-09-14,"{""UK-2025-220"": ""20,219"", ""UK-2025-230"": ""7,587,477"", ""UK-2025-240"": ""94,833""}","Total assets calculated from fixed assets, current assets and the explicitly excluded prepayments subtotal. GBP retained; no revenue or funding amount inferred.",GBP,,,UK-2025-220;UK-2025-230;UK-2025-240,UK_balance_sheet_assets,sum,CONTROL,2025,2025-12-31,,,,,KEEP
