row_id,amount,source_url,snapshot_date,verbatim_quote_from_source,note,currency,ein,family,field_path,metric,money_type,object_id,org_id,org_name,period_end,period_start,selected,side,source_file
R-ITIF-2024-REV-1018,6645853,https://projects.propublica.org/nonprofits/full_text/202530159349301018/IRS990,2026-09-14,"6,645,853",Exact filed field; fiscal period dates taken from return header. Organization-wide amount; no AI allocation.,USD,204403497,ITIF,/AppData/SubmissionHeaderAndDocument/SubmissionDocument/IRS990[1]/CYTotalRevenueAmt[1],REV,organization_rev,202530159349301018,ITIF,Information Technology and Innovation Foundation,2024-02-29,2023-03-01,yes,industry,sources/return-202530159349301018.html
R-ITIF-2024-ASSETS-1018,11213072,https://projects.propublica.org/nonprofits/full_text/202530159349301018/IRS990,2026-09-14,"11,213,072",Exact filed field; fiscal period dates taken from return header. Organization-wide amount; no AI allocation.,USD,204403497,ITIF,/AppData/SubmissionHeaderAndDocument/SubmissionDocument/IRS990[1]/TotalAssetsEOYAmt[1],ASSETS,organization_assets,202530159349301018,ITIF,Information Technology and Innovation Foundation,2024-02-29,2023-03-01,yes,industry,sources/return-202530159349301018.html
R-ITIF-2024-PROGRAM-1018,4474367,https://projects.propublica.org/nonprofits/full_text/202530159349301018/IRS990,2026-09-14,"4,474,367",Exact filed field; fiscal period dates taken from return header. Organization-wide amount; no AI allocation.,USD,204403497,ITIF,/AppData/SubmissionHeaderAndDocument/SubmissionDocument/IRS990[1]/TotalProgramServiceExpensesAmt[1],PROGRAM,organization_program,202530159349301018,ITIF,Information Technology and Innovation Foundation,2024-02-29,2023-03-01,yes,industry,sources/return-202530159349301018.html
R-ITIF-2024-EXPENSE-1018,6758692,https://projects.propublica.org/nonprofits/full_text/202530159349301018/IRS990,2026-09-14,"6,758,692",Exact filed field; fiscal period dates taken from return header. Organization-wide amount; no AI allocation.,USD,204403497,ITIF,/AppData/SubmissionHeaderAndDocument/SubmissionDocument/IRS990[1]/CYTotalExpensesAmt[1],EXPENSE,organization_expense,202530159349301018,ITIF,Information Technology and Innovation Foundation,2024-02-29,2023-03-01,yes,industry,sources/return-202530159349301018.html
R-ITIF-2024-CONTRIB-1018,6351275,https://projects.propublica.org/nonprofits/full_text/202530159349301018/IRS990,2026-09-14,"6,351,275",Exact filed field; fiscal period dates taken from return header. Organization-wide amount; no AI allocation.,USD,204403497,ITIF,/AppData/SubmissionHeaderAndDocument/SubmissionDocument/IRS990[1]/CYContributionsGrantsAmt[1],CONTRIB,organization_contrib,202530159349301018,ITIF,Information Technology and Innovation Foundation,2024-02-29,2023-03-01,yes,industry,sources/return-202530159349301018.html
R-ITIF-2024-INVEST-1018,244555,https://projects.propublica.org/nonprofits/full_text/202530159349301018/IRS990,2026-09-14,"244,555",Exact filed field; fiscal period dates taken from return header. Organization-wide amount; no AI allocation.,USD,204403497,ITIF,/AppData/SubmissionHeaderAndDocument/SubmissionDocument/IRS990[1]/CYInvestmentIncomeAmt[1],INVEST,organization_invest,202530159349301018,ITIF,Information Technology and Innovation Foundation,2024-02-29,2023-03-01,yes,industry,sources/return-202530159349301018.html
R-ITIF-2023-REV-0619,7572049,https://projects.propublica.org/nonprofits/full_text/202440169349300619/IRS990,2026-09-14,"7,572,049",Exact filed field; fiscal period dates taken from return header. Organization-wide amount; no AI allocation.,USD,204403497,ITIF,/AppData/SubmissionHeaderAndDocument/SubmissionDocument/IRS990[1]/CYTotalRevenueAmt[1],REV,organization_rev,202440169349300619,ITIF,Information Technology and Innovation Foundation,2023-02-28,2022-03-01,yes,industry,sources/return-202440169349300619.html
R-ITIF-2023-ASSETS-0619,11637943,https://projects.propublica.org/nonprofits/full_text/202440169349300619/IRS990,2026-09-14,"11,637,943",Exact filed field; fiscal period dates taken from return header. Organization-wide amount; no AI allocation.,USD,204403497,ITIF,/AppData/SubmissionHeaderAndDocument/SubmissionDocument/IRS990[1]/TotalAssetsEOYAmt[1],ASSETS,organization_assets,202440169349300619,ITIF,Information Technology and Innovation Foundation,2023-02-28,2022-03-01,yes,industry,sources/return-202440169349300619.html
R-ITIF-2023-PROGRAM-0619,5187772,https://projects.propublica.org/nonprofits/full_text/202440169349300619/IRS990,2026-09-14,"5,187,772",Exact filed field; fiscal period dates taken from return header. Organization-wide amount; no AI allocation.,USD,204403497,ITIF,/AppData/SubmissionHeaderAndDocument/SubmissionDocument/IRS990[1]/TotalProgramServiceExpensesAmt[1],PROGRAM,organization_program,202440169349300619,ITIF,Information Technology and Innovation Foundation,2023-02-28,2022-03-01,yes,industry,sources/return-202440169349300619.html
R-ITIF-2023-EXPENSE-0619,7492668,https://projects.propublica.org/nonprofits/full_text/202440169349300619/IRS990,2026-09-14,"7,492,668",Exact filed field; fiscal period dates taken from return header. Organization-wide amount; no AI allocation.,USD,204403497,ITIF,/AppData/SubmissionHeaderAndDocument/SubmissionDocument/IRS990[1]/CYTotalExpensesAmt[1],EXPENSE,organization_expense,202440169349300619,ITIF,Information Technology and Innovation Foundation,2023-02-28,2022-03-01,yes,industry,sources/return-202440169349300619.html
R-ITIF-2023-CONTRIB-0619,7276878,https://projects.propublica.org/nonprofits/full_text/202440169349300619/IRS990,2026-09-14,"7,276,878",Exact filed field; fiscal period dates taken from return header. Organization-wide amount; no AI allocation.,USD,204403497,ITIF,/AppData/SubmissionHeaderAndDocument/SubmissionDocument/IRS990[1]/CYContributionsGrantsAmt[1],CONTRIB,organization_contrib,202440169349300619,ITIF,Information Technology and Innovation Foundation,2023-02-28,2022-03-01,yes,industry,sources/return-202440169349300619.html
R-ITIF-2023-INVEST-0619,162270,https://projects.propublica.org/nonprofits/full_text/202440169349300619/IRS990,2026-09-14,"162,270",Exact filed field; fiscal period dates taken from return header. Organization-wide amount; no AI allocation.,USD,204403497,ITIF,/AppData/SubmissionHeaderAndDocument/SubmissionDocument/IRS990[1]/CYInvestmentIncomeAmt[1],INVEST,organization_invest,202440169349300619,ITIF,Information Technology and Innovation Foundation,2023-02-28,2022-03-01,yes,industry,sources/return-202440169349300619.html
R-ITIF-2022-REV-0620,8254891,https://projects.propublica.org/nonprofits/full_text/202400169349300620/IRS990,2026-09-14,"8,254,891",Exact filed field; fiscal period dates taken from return header. Organization-wide amount; no AI allocation.,USD,204403497,ITIF,/AppData/SubmissionHeaderAndDocument/SubmissionDocument/IRS990[1]/CYTotalRevenueAmt[1],REV,organization_rev,202400169349300620,ITIF,Information Technology and Innovation Foundation,2022-02-28,2021-03-01,yes,industry,sources/return-202400169349300620.html
R-ITIF-2022-ASSETS-0620,12432343,https://projects.propublica.org/nonprofits/full_text/202400169349300620/IRS990,2026-09-14,"12,432,343",Exact filed field; fiscal period dates taken from return header. Organization-wide amount; no AI allocation.,USD,204403497,ITIF,/AppData/SubmissionHeaderAndDocument/SubmissionDocument/IRS990[1]/TotalAssetsEOYAmt[1],ASSETS,organization_assets,202400169349300620,ITIF,Information Technology and Innovation Foundation,2022-02-28,2021-03-01,yes,industry,sources/return-202400169349300620.html
R-ITIF-2022-PROGRAM-0620,4103476,https://projects.propublica.org/nonprofits/full_text/202400169349300620/IRS990,2026-09-14,"4,103,476",Exact filed field; fiscal period dates taken from return header. Organization-wide amount; no AI allocation.,USD,204403497,ITIF,/AppData/SubmissionHeaderAndDocument/SubmissionDocument/IRS990[1]/TotalProgramServiceExpensesAmt[1],PROGRAM,organization_program,202400169349300620,ITIF,Information Technology and Innovation Foundation,2022-02-28,2021-03-01,yes,industry,sources/return-202400169349300620.html
R-ITIF-2022-EXPENSE-0620,5261125,https://projects.propublica.org/nonprofits/full_text/202400169349300620/IRS990,2026-09-14,"5,261,125",Exact filed field; fiscal period dates taken from return header. Organization-wide amount; no AI allocation.,USD,204403497,ITIF,/AppData/SubmissionHeaderAndDocument/SubmissionDocument/IRS990[1]/CYTotalExpensesAmt[1],EXPENSE,organization_expense,202400169349300620,ITIF,Information Technology and Innovation Foundation,2022-02-28,2021-03-01,yes,industry,sources/return-202400169349300620.html
R-ITIF-2022-CONTRIB-0620,8113433,https://projects.propublica.org/nonprofits/full_text/202400169349300620/IRS990,2026-09-14,"8,113,433",Exact filed field; fiscal period dates taken from return header. Organization-wide amount; no AI allocation.,USD,204403497,ITIF,/AppData/SubmissionHeaderAndDocument/SubmissionDocument/IRS990[1]/CYContributionsGrantsAmt[1],CONTRIB,organization_contrib,202400169349300620,ITIF,Information Technology and Innovation Foundation,2022-02-28,2021-03-01,yes,industry,sources/return-202400169349300620.html
R-ITIF-2022-INVEST-0620,136335,https://projects.propublica.org/nonprofits/full_text/202400169349300620/IRS990,2026-09-14,"136,335",Exact filed field; fiscal period dates taken from return header. Organization-wide amount; no AI allocation.,USD,204403497,ITIF,/AppData/SubmissionHeaderAndDocument/SubmissionDocument/IRS990[1]/CYInvestmentIncomeAmt[1],INVEST,organization_invest,202400169349300620,ITIF,Information Technology and Innovation Foundation,2022-02-28,2021-03-01,yes,industry,sources/return-202400169349300620.html
R-ITIF-2022-REV-2490,7013255,https://projects.propublica.org/nonprofits/full_text/202300129349302490/IRS990,2026-09-14,"7,013,255",Exact filed field; fiscal period dates taken from return header. Organization-wide amount; no AI allocation.,USD,204403497,ITIF,/AppData/SubmissionHeaderAndDocument/SubmissionDocument/IRS990[1]/CYTotalRevenueAmt[1],REV,organization_rev,202300129349302490,ITIF,Information Technology and Innovation Foundation,2022-02-28,2021-03-01,superseded,industry,sources/return-202300129349302490.html
R-ITIF-2022-ASSETS-2490,12416644,https://projects.propublica.org/nonprofits/full_text/202300129349302490/IRS990,2026-09-14,"12,416,644",Exact filed field; fiscal period dates taken from return header. Organization-wide amount; no AI allocation.,USD,204403497,ITIF,/AppData/SubmissionHeaderAndDocument/SubmissionDocument/IRS990[1]/TotalAssetsEOYAmt[1],ASSETS,organization_assets,202300129349302490,ITIF,Information Technology and Innovation Foundation,2022-02-28,2021-03-01,superseded,industry,sources/return-202300129349302490.html
R-ITIF-2022-PROGRAM-2490,4290256,https://projects.propublica.org/nonprofits/full_text/202300129349302490/IRS990,2026-09-14,"4,290,256",Exact filed field; fiscal period dates taken from return header. Organization-wide amount; no AI allocation.,USD,204403497,ITIF,/AppData/SubmissionHeaderAndDocument/SubmissionDocument/IRS990[1]/TotalProgramServiceExpensesAmt[1],PROGRAM,organization_program,202300129349302490,ITIF,Information Technology and Innovation Foundation,2022-02-28,2021-03-01,superseded,industry,sources/return-202300129349302490.html
R-ITIF-2022-EXPENSE-2490,5506867,https://projects.propublica.org/nonprofits/full_text/202300129349302490/IRS990,2026-09-14,"5,506,867",Exact filed field; fiscal period dates taken from return header. Organization-wide amount; no AI allocation.,USD,204403497,ITIF,/AppData/SubmissionHeaderAndDocument/SubmissionDocument/IRS990[1]/CYTotalExpensesAmt[1],EXPENSE,organization_expense,202300129349302490,ITIF,Information Technology and Innovation Foundation,2022-02-28,2021-03-01,superseded,industry,sources/return-202300129349302490.html
R-ITIF-2022-CONTRIB-2490,6821779,https://projects.propublica.org/nonprofits/full_text/202300129349302490/IRS990,2026-09-14,"6,821,779",Exact filed field; fiscal period dates taken from return header. Organization-wide amount; no AI allocation.,USD,204403497,ITIF,/AppData/SubmissionHeaderAndDocument/SubmissionDocument/IRS990[1]/CYContributionsGrantsAmt[1],CONTRIB,organization_contrib,202300129349302490,ITIF,Information Technology and Innovation Foundation,2022-02-28,2021-03-01,superseded,industry,sources/return-202300129349302490.html
R-ITIF-2022-INVEST-2490,136335,https://projects.propublica.org/nonprofits/full_text/202300129349302490/IRS990,2026-09-14,"136,335",Exact filed field; fiscal period dates taken from return header. Organization-wide amount; no AI allocation.,USD,204403497,ITIF,/AppData/SubmissionHeaderAndDocument/SubmissionDocument/IRS990[1]/CYInvestmentIncomeAmt[1],INVEST,organization_invest,202300129349302490,ITIF,Information Technology and Innovation Foundation,2022-02-28,2021-03-01,superseded,industry,sources/return-202300129349302490.html
R-ITIF-2021-REV-0339,6395989,https://projects.propublica.org/nonprofits/full_text/202240149349300339/IRS990,2026-09-14,"6,395,989",Exact filed field; fiscal period dates taken from return header. Organization-wide amount; no AI allocation.,USD,204403497,ITIF,/AppData/SubmissionHeaderAndDocument/SubmissionDocument/IRS990[1]/CYTotalRevenueAmt[1],REV,organization_rev,202240149349300339,ITIF,Information Technology and Innovation Foundation,2021-02-28,2020-03-01,yes,industry,sources/return-202240149349300339.html
R-ITIF-2021-ASSETS-0339,9915279,https://projects.propublica.org/nonprofits/full_text/202240149349300339/IRS990,2026-09-14,"9,915,279",Exact filed field; fiscal period dates taken from return header. Organization-wide amount; no AI allocation.,USD,204403497,ITIF,/AppData/SubmissionHeaderAndDocument/SubmissionDocument/IRS990[1]/TotalAssetsEOYAmt[1],ASSETS,organization_assets,202240149349300339,ITIF,Information Technology and Innovation Foundation,2021-02-28,2020-03-01,yes,industry,sources/return-202240149349300339.html
R-ITIF-2021-PROGRAM-0339,3642968,https://projects.propublica.org/nonprofits/full_text/202240149349300339/IRS990,2026-09-14,"3,642,968",Exact filed field; fiscal period dates taken from return header. Organization-wide amount; no AI allocation.,USD,204403497,ITIF,/AppData/SubmissionHeaderAndDocument/SubmissionDocument/IRS990[1]/TotalProgramServiceExpensesAmt[1],PROGRAM,organization_program,202240149349300339,ITIF,Information Technology and Innovation Foundation,2021-02-28,2020-03-01,yes,industry,sources/return-202240149349300339.html
R-ITIF-2021-EXPENSE-0339,4576356,https://projects.propublica.org/nonprofits/full_text/202240149349300339/IRS990,2026-09-14,"4,576,356",Exact filed field; fiscal period dates taken from return header. Organization-wide amount; no AI allocation.,USD,204403497,ITIF,/AppData/SubmissionHeaderAndDocument/SubmissionDocument/IRS990[1]/CYTotalExpensesAmt[1],EXPENSE,organization_expense,202240149349300339,ITIF,Information Technology and Innovation Foundation,2021-02-28,2020-03-01,yes,industry,sources/return-202240149349300339.html
R-ITIF-2021-CONTRIB-0339,5826163,https://projects.propublica.org/nonprofits/full_text/202240149349300339/IRS990,2026-09-14,"5,826,163",Exact filed field; fiscal period dates taken from return header. Organization-wide amount; no AI allocation.,USD,204403497,ITIF,/AppData/SubmissionHeaderAndDocument/SubmissionDocument/IRS990[1]/CYContributionsGrantsAmt[1],CONTRIB,organization_contrib,202240149349300339,ITIF,Information Technology and Innovation Foundation,2021-02-28,2020-03-01,yes,industry,sources/return-202240149349300339.html
R-ITIF-2021-INVEST-0339,569350,https://projects.propublica.org/nonprofits/full_text/202240149349300339/IRS990,2026-09-14,"569,350",Exact filed field; fiscal period dates taken from return header. Organization-wide amount; no AI allocation.,USD,204403497,ITIF,/AppData/SubmissionHeaderAndDocument/SubmissionDocument/IRS990[1]/CYInvestmentIncomeAmt[1],INVEST,organization_invest,202240149349300339,ITIF,Information Technology and Innovation Foundation,2021-02-28,2020-03-01,yes,industry,sources/return-202240149349300339.html
R-ITIF-2020-REV-3775,4937375,https://projects.propublica.org/nonprofits/full_text/202001959349303775/IRS990,2026-09-14,"4,937,375",Exact filed field; fiscal period dates taken from return header. Organization-wide amount; no AI allocation.,USD,204403497,ITIF,/AppData/SubmissionHeaderAndDocument/SubmissionDocument/IRS990[1]/CYTotalRevenueAmt[1],REV,organization_rev,202001959349303775,ITIF,Information Technology and Innovation Foundation,2020-02-29,2019-03-01,yes,industry,sources/return-202001959349303775.html
R-ITIF-2020-ASSETS-3775,6770057,https://projects.propublica.org/nonprofits/full_text/202001959349303775/IRS990,2026-09-14,"6,770,057",Exact filed field; fiscal period dates taken from return header. Organization-wide amount; no AI allocation.,USD,204403497,ITIF,/AppData/SubmissionHeaderAndDocument/SubmissionDocument/IRS990[1]/TotalAssetsEOYAmt[1],ASSETS,organization_assets,202001959349303775,ITIF,Information Technology and Innovation Foundation,2020-02-29,2019-03-01,yes,industry,sources/return-202001959349303775.html
R-ITIF-2020-PROGRAM-3775,3626153,https://projects.propublica.org/nonprofits/full_text/202001959349303775/IRS990,2026-09-14,"3,626,153",Exact filed field; fiscal period dates taken from return header. Organization-wide amount; no AI allocation.,USD,204403497,ITIF,/AppData/SubmissionHeaderAndDocument/SubmissionDocument/IRS990[1]/TotalProgramServiceExpensesAmt[1],PROGRAM,organization_program,202001959349303775,ITIF,Information Technology and Innovation Foundation,2020-02-29,2019-03-01,yes,industry,sources/return-202001959349303775.html
R-ITIF-2020-EXPENSE-3775,4581031,https://projects.propublica.org/nonprofits/full_text/202001959349303775/IRS990,2026-09-14,"4,581,031",Exact filed field; fiscal period dates taken from return header. Organization-wide amount; no AI allocation.,USD,204403497,ITIF,/AppData/SubmissionHeaderAndDocument/SubmissionDocument/IRS990[1]/CYTotalExpensesAmt[1],EXPENSE,organization_expense,202001959349303775,ITIF,Information Technology and Innovation Foundation,2020-02-29,2019-03-01,yes,industry,sources/return-202001959349303775.html
R-ITIF-2020-CONTRIB-3775,4647903,https://projects.propublica.org/nonprofits/full_text/202001959349303775/IRS990,2026-09-14,"4,647,903",Exact filed field; fiscal period dates taken from return header. Organization-wide amount; no AI allocation.,USD,204403497,ITIF,/AppData/SubmissionHeaderAndDocument/SubmissionDocument/IRS990[1]/CYContributionsGrantsAmt[1],CONTRIB,organization_contrib,202001959349303775,ITIF,Information Technology and Innovation Foundation,2020-02-29,2019-03-01,yes,industry,sources/return-202001959349303775.html
R-ITIF-2020-INVEST-3775,288856,https://projects.propublica.org/nonprofits/full_text/202001959349303775/IRS990,2026-09-14,"288,856",Exact filed field; fiscal period dates taken from return header. Organization-wide amount; no AI allocation.,USD,204403497,ITIF,/AppData/SubmissionHeaderAndDocument/SubmissionDocument/IRS990[1]/CYInvestmentIncomeAmt[1],INVEST,organization_invest,202001959349303775,ITIF,Information Technology and Innovation Foundation,2020-02-29,2019-03-01,yes,industry,sources/return-202001959349303775.html
R-ITIF-2019-REV-1440,4062217,https://projects.propublica.org/nonprofits/full_text/201901929349301440/IRS990,2026-09-14,"4,062,217",Exact filed field; fiscal period dates taken from return header. Organization-wide amount; no AI allocation.,USD,204403497,ITIF,/AppData/SubmissionHeaderAndDocument/SubmissionDocument/IRS990[1]/CYTotalRevenueAmt[1],REV,organization_rev,201901929349301440,ITIF,Information Technology and Innovation Foundation,2019-02-28,2018-03-01,yes,industry,sources/return-201901929349301440.html
R-ITIF-2019-ASSETS-1440,5233584,https://projects.propublica.org/nonprofits/full_text/201901929349301440/IRS990,2026-09-14,"5,233,584",Exact filed field; fiscal period dates taken from return header. Organization-wide amount; no AI allocation.,USD,204403497,ITIF,/AppData/SubmissionHeaderAndDocument/SubmissionDocument/IRS990[1]/TotalAssetsEOYAmt[1],ASSETS,organization_assets,201901929349301440,ITIF,Information Technology and Innovation Foundation,2019-02-28,2018-03-01,yes,industry,sources/return-201901929349301440.html
R-ITIF-2019-PROGRAM-1440,3153600,https://projects.propublica.org/nonprofits/full_text/201901929349301440/IRS990,2026-09-14,"3,153,600",Exact filed field; fiscal period dates taken from return header. Organization-wide amount; no AI allocation.,USD,204403497,ITIF,/AppData/SubmissionHeaderAndDocument/SubmissionDocument/IRS990[1]/TotalProgramServiceExpensesAmt[1],PROGRAM,organization_program,201901929349301440,ITIF,Information Technology and Innovation Foundation,2019-02-28,2018-03-01,yes,industry,sources/return-201901929349301440.html
R-ITIF-2019-EXPENSE-1440,4125621,https://projects.propublica.org/nonprofits/full_text/201901929349301440/IRS990,2026-09-14,"4,125,621",Exact filed field; fiscal period dates taken from return header. Organization-wide amount; no AI allocation.,USD,204403497,ITIF,/AppData/SubmissionHeaderAndDocument/SubmissionDocument/IRS990[1]/CYTotalExpensesAmt[1],EXPENSE,organization_expense,201901929349301440,ITIF,Information Technology and Innovation Foundation,2019-02-28,2018-03-01,yes,industry,sources/return-201901929349301440.html
R-ITIF-2019-CONTRIB-1440,3946514,https://projects.propublica.org/nonprofits/full_text/201901929349301440/IRS990,2026-09-14,"3,946,514",Exact filed field; fiscal period dates taken from return header. Organization-wide amount; no AI allocation.,USD,204403497,ITIF,/AppData/SubmissionHeaderAndDocument/SubmissionDocument/IRS990[1]/CYContributionsGrantsAmt[1],CONTRIB,organization_contrib,201901929349301440,ITIF,Information Technology and Innovation Foundation,2019-02-28,2018-03-01,yes,industry,sources/return-201901929349301440.html
R-ITIF-2019-INVEST-1440,113690,https://projects.propublica.org/nonprofits/full_text/201901929349301440/IRS990,2026-09-14,"113,690",Exact filed field; fiscal period dates taken from return header. Organization-wide amount; no AI allocation.,USD,204403497,ITIF,/AppData/SubmissionHeaderAndDocument/SubmissionDocument/IRS990[1]/CYInvestmentIncomeAmt[1],INVEST,organization_invest,201901929349301440,ITIF,Information Technology and Innovation Foundation,2019-02-28,2018-03-01,yes,industry,sources/return-201901929349301440.html
R-PC-2024-REV-0917,8390404,https://projects.propublica.org/nonprofits/full_text/202521499349300917/IRS990,2026-09-14,"8,390,404",Exact filed field; fiscal period dates taken from return header. Organization-wide amount; no AI allocation.,USD,237104508,PC,/AppData/SubmissionHeaderAndDocument/SubmissionDocument/IRS990[1]/CYTotalRevenueAmt[1],REV,organization_rev,202521499349300917,PC,Public Citizen,2024-09-30,2023-10-01,yes,comparator,sources/return-202521499349300917.html
R-PC-2024-ASSETS-0917,3281426,https://projects.propublica.org/nonprofits/full_text/202521499349300917/IRS990,2026-09-14,"3,281,426",Exact filed field; fiscal period dates taken from return header. Organization-wide amount; no AI allocation.,USD,237104508,PC,/AppData/SubmissionHeaderAndDocument/SubmissionDocument/IRS990[1]/TotalAssetsEOYAmt[1],ASSETS,organization_assets,202521499349300917,PC,Public Citizen,2024-09-30,2023-10-01,yes,comparator,sources/return-202521499349300917.html
R-PC-2024-PROGRAM-0917,5931037,https://projects.propublica.org/nonprofits/full_text/202521499349300917/IRS990,2026-09-14,"5,931,037",Exact filed field; fiscal period dates taken from return header. Organization-wide amount; no AI allocation.,USD,237104508,PC,/AppData/SubmissionHeaderAndDocument/SubmissionDocument/IRS990[1]/TotalProgramServiceExpensesAmt[1],PROGRAM,organization_program,202521499349300917,PC,Public Citizen,2024-09-30,2023-10-01,yes,comparator,sources/return-202521499349300917.html
R-PC-2024-EXPENSE-0917,8347501,https://projects.propublica.org/nonprofits/full_text/202521499349300917/IRS990,2026-09-14,"8,347,501",Exact filed field; fiscal period dates taken from return header. Organization-wide amount; no AI allocation.,USD,237104508,PC,/AppData/SubmissionHeaderAndDocument/SubmissionDocument/IRS990[1]/CYTotalExpensesAmt[1],EXPENSE,organization_expense,202521499349300917,PC,Public Citizen,2024-09-30,2023-10-01,yes,comparator,sources/return-202521499349300917.html
R-PC-2024-CONTRIB-0917,7818007,https://projects.propublica.org/nonprofits/full_text/202521499349300917/IRS990,2026-09-14,"7,818,007",Exact filed field; fiscal period dates taken from return header. Organization-wide amount; no AI allocation.,USD,237104508,PC,/AppData/SubmissionHeaderAndDocument/SubmissionDocument/IRS990[1]/CYContributionsGrantsAmt[1],CONTRIB,organization_contrib,202521499349300917,PC,Public Citizen,2024-09-30,2023-10-01,yes,comparator,sources/return-202521499349300917.html
R-PC-2024-INVEST-0917,21831,https://projects.propublica.org/nonprofits/full_text/202521499349300917/IRS990,2026-09-14,"21,831",Exact filed field; fiscal period dates taken from return header. Organization-wide amount; no AI allocation.,USD,237104508,PC,/AppData/SubmissionHeaderAndDocument/SubmissionDocument/IRS990[1]/CYInvestmentIncomeAmt[1],INVEST,organization_invest,202521499349300917,PC,Public Citizen,2024-09-30,2023-10-01,yes,comparator,sources/return-202521499349300917.html
R-PC-2024-NETSALES-0917,-13674,https://projects.propublica.org/nonprofits/full_text/202521499349300917/IRS990,2026-09-14,"-13,674",Exact filed field; fiscal period dates taken from return header. Organization-wide amount; no AI allocation.,USD,237104508,PC,/AppData/SubmissionHeaderAndDocument/SubmissionDocument/IRS990[1]/NetGainOrLossInvestmentsGrp[1]/TotalRevenueColumnAmt[1],NETSALES,organization_netsales,202521499349300917,PC,Public Citizen,2024-09-30,2023-10-01,yes,comparator,sources/return-202521499349300917.html
R-PC-2023-REV-0817,5728329,https://projects.propublica.org/nonprofits/full_text/202421509349300817/IRS990,2026-09-14,"5,728,329",Exact filed field; fiscal period dates taken from return header. Organization-wide amount; no AI allocation.,USD,237104508,PC,/AppData/SubmissionHeaderAndDocument/SubmissionDocument/IRS990[1]/CYTotalRevenueAmt[1],REV,organization_rev,202421509349300817,PC,Public Citizen,2023-09-30,2022-10-01,yes,comparator,sources/return-202421509349300817.html
R-PC-2023-ASSETS-0817,3095019,https://projects.propublica.org/nonprofits/full_text/202421509349300817/IRS990,2026-09-14,"3,095,019",Exact filed field; fiscal period dates taken from return header. Organization-wide amount; no AI allocation.,USD,237104508,PC,/AppData/SubmissionHeaderAndDocument/SubmissionDocument/IRS990[1]/TotalAssetsEOYAmt[1],ASSETS,organization_assets,202421509349300817,PC,Public Citizen,2023-09-30,2022-10-01,yes,comparator,sources/return-202421509349300817.html
R-PC-2023-PROGRAM-0817,4790257,https://projects.propublica.org/nonprofits/full_text/202421509349300817/IRS990,2026-09-14,"4,790,257",Exact filed field; fiscal period dates taken from return header. Organization-wide amount; no AI allocation.,USD,237104508,PC,/AppData/SubmissionHeaderAndDocument/SubmissionDocument/IRS990[1]/TotalProgramServiceExpensesAmt[1],PROGRAM,organization_program,202421509349300817,PC,Public Citizen,2023-09-30,2022-10-01,yes,comparator,sources/return-202421509349300817.html
R-PC-2023-EXPENSE-0817,7135504,https://projects.propublica.org/nonprofits/full_text/202421509349300817/IRS990,2026-09-14,"7,135,504",Exact filed field; fiscal period dates taken from return header. Organization-wide amount; no AI allocation.,USD,237104508,PC,/AppData/SubmissionHeaderAndDocument/SubmissionDocument/IRS990[1]/CYTotalExpensesAmt[1],EXPENSE,organization_expense,202421509349300817,PC,Public Citizen,2023-09-30,2022-10-01,yes,comparator,sources/return-202421509349300817.html
R-PC-2023-CONTRIB-0817,5359088,https://projects.propublica.org/nonprofits/full_text/202421509349300817/IRS990,2026-09-14,"5,359,088",Exact filed field; fiscal period dates taken from return header. Organization-wide amount; no AI allocation.,USD,237104508,PC,/AppData/SubmissionHeaderAndDocument/SubmissionDocument/IRS990[1]/CYContributionsGrantsAmt[1],CONTRIB,organization_contrib,202421509349300817,PC,Public Citizen,2023-09-30,2022-10-01,yes,comparator,sources/return-202421509349300817.html
R-PC-2023-INVEST-0817,84250,https://projects.propublica.org/nonprofits/full_text/202421509349300817/IRS990,2026-09-14,"84,250",Exact filed field; fiscal period dates taken from return header. Organization-wide amount; no AI allocation.,USD,237104508,PC,/AppData/SubmissionHeaderAndDocument/SubmissionDocument/IRS990[1]/CYInvestmentIncomeAmt[1],INVEST,organization_invest,202421509349300817,PC,Public Citizen,2023-09-30,2022-10-01,yes,comparator,sources/return-202421509349300817.html
R-PC-2023-NETSALES-0817,36341,https://projects.propublica.org/nonprofits/full_text/202421509349300817/IRS990,2026-09-14,"36,341",Exact filed field; fiscal period dates taken from return header. Organization-wide amount; no AI allocation.,USD,237104508,PC,/AppData/SubmissionHeaderAndDocument/SubmissionDocument/IRS990[1]/NetGainOrLossInvestmentsGrp[1]/TotalRevenueColumnAmt[1],NETSALES,organization_netsales,202421509349300817,PC,Public Citizen,2023-09-30,2022-10-01,yes,comparator,sources/return-202421509349300817.html
R-PC-2022-REV-0121,7987999,https://projects.propublica.org/nonprofits/full_text/202310729349300121/IRS990,2026-09-14,"7,987,999",Exact filed field; fiscal period dates taken from return header. Organization-wide amount; no AI allocation.,USD,237104508,PC,/AppData/SubmissionHeaderAndDocument/SubmissionDocument/IRS990[1]/CYTotalRevenueAmt[1],REV,organization_rev,202310729349300121,PC,Public Citizen,2022-09-30,2021-10-01,yes,comparator,sources/return-202310729349300121.html
R-PC-2022-ASSETS-0121,4340834,https://projects.propublica.org/nonprofits/full_text/202310729349300121/IRS990,2026-09-14,"4,340,834",Exact filed field; fiscal period dates taken from return header. Organization-wide amount; no AI allocation.,USD,237104508,PC,/AppData/SubmissionHeaderAndDocument/SubmissionDocument/IRS990[1]/TotalAssetsEOYAmt[1],ASSETS,organization_assets,202310729349300121,PC,Public Citizen,2022-09-30,2021-10-01,yes,comparator,sources/return-202310729349300121.html
R-PC-2022-PROGRAM-0121,6061301,https://projects.propublica.org/nonprofits/full_text/202310729349300121/IRS990,2026-09-14,"6,061,301",Exact filed field; fiscal period dates taken from return header. Organization-wide amount; no AI allocation.,USD,237104508,PC,/AppData/SubmissionHeaderAndDocument/SubmissionDocument/IRS990[1]/TotalProgramServiceExpensesAmt[1],PROGRAM,organization_program,202310729349300121,PC,Public Citizen,2022-09-30,2021-10-01,yes,comparator,sources/return-202310729349300121.html
R-PC-2022-EXPENSE-0121,8970076,https://projects.propublica.org/nonprofits/full_text/202310729349300121/IRS990,2026-09-14,"8,970,076",Exact filed field; fiscal period dates taken from return header. Organization-wide amount; no AI allocation.,USD,237104508,PC,/AppData/SubmissionHeaderAndDocument/SubmissionDocument/IRS990[1]/CYTotalExpensesAmt[1],EXPENSE,organization_expense,202310729349300121,PC,Public Citizen,2022-09-30,2021-10-01,yes,comparator,sources/return-202310729349300121.html
R-PC-2022-CONTRIB-0121,7549730,https://projects.propublica.org/nonprofits/full_text/202310729349300121/IRS990,2026-09-14,"7,549,730",Exact filed field; fiscal period dates taken from return header. Organization-wide amount; no AI allocation.,USD,237104508,PC,/AppData/SubmissionHeaderAndDocument/SubmissionDocument/IRS990[1]/CYContributionsGrantsAmt[1],CONTRIB,organization_contrib,202310729349300121,PC,Public Citizen,2022-09-30,2021-10-01,yes,comparator,sources/return-202310729349300121.html
R-PC-2022-INVEST-0121,144029,https://projects.propublica.org/nonprofits/full_text/202310729349300121/IRS990,2026-09-14,"144,029",Exact filed field; fiscal period dates taken from return header. Organization-wide amount; no AI allocation.,USD,237104508,PC,/AppData/SubmissionHeaderAndDocument/SubmissionDocument/IRS990[1]/CYInvestmentIncomeAmt[1],INVEST,organization_invest,202310729349300121,PC,Public Citizen,2022-09-30,2021-10-01,yes,comparator,sources/return-202310729349300121.html
R-PC-2022-NETSALES-0121,63764,https://projects.propublica.org/nonprofits/full_text/202310729349300121/IRS990,2026-09-14,"63,764",Exact filed field; fiscal period dates taken from return header. Organization-wide amount; no AI allocation.,USD,237104508,PC,/AppData/SubmissionHeaderAndDocument/SubmissionDocument/IRS990[1]/NetGainOrLossInvestmentsGrp[1]/TotalRevenueColumnAmt[1],NETSALES,organization_netsales,202310729349300121,PC,Public Citizen,2022-09-30,2021-10-01,yes,comparator,sources/return-202310729349300121.html
R-PC-2021-REV-1103,7788700,https://projects.propublica.org/nonprofits/full_text/202230479349301103/IRS990,2026-09-14,"7,788,700",Exact filed field; fiscal period dates taken from return header. Organization-wide amount; no AI allocation.,USD,237104508,PC,/AppData/SubmissionHeaderAndDocument/SubmissionDocument/IRS990[1]/CYTotalRevenueAmt[1],REV,organization_rev,202230479349301103,PC,Public Citizen,2021-09-30,2020-10-01,yes,comparator,sources/return-202230479349301103.html
R-PC-2021-ASSETS-1103,5934949,https://projects.propublica.org/nonprofits/full_text/202230479349301103/IRS990,2026-09-14,"5,934,949",Exact filed field; fiscal period dates taken from return header. Organization-wide amount; no AI allocation.,USD,237104508,PC,/AppData/SubmissionHeaderAndDocument/SubmissionDocument/IRS990[1]/TotalAssetsEOYAmt[1],ASSETS,organization_assets,202230479349301103,PC,Public Citizen,2021-09-30,2020-10-01,yes,comparator,sources/return-202230479349301103.html
R-PC-2021-PROGRAM-1103,6199546,https://projects.propublica.org/nonprofits/full_text/202230479349301103/IRS990,2026-09-14,"6,199,546",Exact filed field; fiscal period dates taken from return header. Organization-wide amount; no AI allocation.,USD,237104508,PC,/AppData/SubmissionHeaderAndDocument/SubmissionDocument/IRS990[1]/TotalProgramServiceExpensesAmt[1],PROGRAM,organization_program,202230479349301103,PC,Public Citizen,2021-09-30,2020-10-01,yes,comparator,sources/return-202230479349301103.html
R-PC-2021-EXPENSE-1103,8347092,https://projects.propublica.org/nonprofits/full_text/202230479349301103/IRS990,2026-09-14,"8,347,092",Exact filed field; fiscal period dates taken from return header. Organization-wide amount; no AI allocation.,USD,237104508,PC,/AppData/SubmissionHeaderAndDocument/SubmissionDocument/IRS990[1]/CYTotalExpensesAmt[1],EXPENSE,organization_expense,202230479349301103,PC,Public Citizen,2021-09-30,2020-10-01,yes,comparator,sources/return-202230479349301103.html
R-PC-2021-CONTRIB-1103,7425431,https://projects.propublica.org/nonprofits/full_text/202230479349301103/IRS990,2026-09-14,"7,425,431",Exact filed field; fiscal period dates taken from return header. Organization-wide amount; no AI allocation.,USD,237104508,PC,/AppData/SubmissionHeaderAndDocument/SubmissionDocument/IRS990[1]/CYContributionsGrantsAmt[1],CONTRIB,organization_contrib,202230479349301103,PC,Public Citizen,2021-09-30,2020-10-01,yes,comparator,sources/return-202230479349301103.html
R-PC-2021-INVEST-1103,110296,https://projects.propublica.org/nonprofits/full_text/202230479349301103/IRS990,2026-09-14,"110,296",Exact filed field; fiscal period dates taken from return header. Organization-wide amount; no AI allocation.,USD,237104508,PC,/AppData/SubmissionHeaderAndDocument/SubmissionDocument/IRS990[1]/CYInvestmentIncomeAmt[1],INVEST,organization_invest,202230479349301103,PC,Public Citizen,2021-09-30,2020-10-01,yes,comparator,sources/return-202230479349301103.html
R-PC-2021-NETSALES-1103,67393,https://projects.propublica.org/nonprofits/full_text/202230479349301103/IRS990,2026-09-14,"67,393",Exact filed field; fiscal period dates taken from return header. Organization-wide amount; no AI allocation.,USD,237104508,PC,/AppData/SubmissionHeaderAndDocument/SubmissionDocument/IRS990[1]/NetGainOrLossInvestmentsGrp[1]/TotalRevenueColumnAmt[1],NETSALES,organization_netsales,202230479349301103,PC,Public Citizen,2021-09-30,2020-10-01,yes,comparator,sources/return-202230479349301103.html
R-PC-2020-REV-0641,8342410,https://projects.propublica.org/nonprofits/full_text/202110359349300641/IRS990,2026-09-14,"8,342,410",Exact filed field; fiscal period dates taken from return header. Organization-wide amount; no AI allocation.,USD,237104508,PC,/AppData/SubmissionHeaderAndDocument/SubmissionDocument/IRS990[1]/CYTotalRevenueAmt[1],REV,organization_rev,202110359349300641,PC,Public Citizen,2020-09-30,2019-10-01,yes,comparator,sources/return-202110359349300641.html
R-PC-2020-ASSETS-0641,6092396,https://projects.propublica.org/nonprofits/full_text/202110359349300641/IRS990,2026-09-14,"6,092,396",Exact filed field; fiscal period dates taken from return header. Organization-wide amount; no AI allocation.,USD,237104508,PC,/AppData/SubmissionHeaderAndDocument/SubmissionDocument/IRS990[1]/TotalAssetsEOYAmt[1],ASSETS,organization_assets,202110359349300641,PC,Public Citizen,2020-09-30,2019-10-01,yes,comparator,sources/return-202110359349300641.html
R-PC-2020-PROGRAM-0641,4617214,https://projects.propublica.org/nonprofits/full_text/202110359349300641/IRS990,2026-09-14,"4,617,214",Exact filed field; fiscal period dates taken from return header. Organization-wide amount; no AI allocation.,USD,237104508,PC,/AppData/SubmissionHeaderAndDocument/SubmissionDocument/IRS990[1]/TotalProgramServiceExpensesAmt[1],PROGRAM,organization_program,202110359349300641,PC,Public Citizen,2020-09-30,2019-10-01,yes,comparator,sources/return-202110359349300641.html
R-PC-2020-EXPENSE-0641,6490204,https://projects.propublica.org/nonprofits/full_text/202110359349300641/IRS990,2026-09-14,"6,490,204",Exact filed field; fiscal period dates taken from return header. Organization-wide amount; no AI allocation.,USD,237104508,PC,/AppData/SubmissionHeaderAndDocument/SubmissionDocument/IRS990[1]/CYTotalExpensesAmt[1],EXPENSE,organization_expense,202110359349300641,PC,Public Citizen,2020-09-30,2019-10-01,yes,comparator,sources/return-202110359349300641.html
R-PC-2020-CONTRIB-0641,7793812,https://projects.propublica.org/nonprofits/full_text/202110359349300641/IRS990,2026-09-14,"7,793,812",Exact filed field; fiscal period dates taken from return header. Organization-wide amount; no AI allocation.,USD,237104508,PC,/AppData/SubmissionHeaderAndDocument/SubmissionDocument/IRS990[1]/CYContributionsGrantsAmt[1],CONTRIB,organization_contrib,202110359349300641,PC,Public Citizen,2020-09-30,2019-10-01,yes,comparator,sources/return-202110359349300641.html
R-PC-2020-INVEST-0641,76694,https://projects.propublica.org/nonprofits/full_text/202110359349300641/IRS990,2026-09-14,"76,694",Exact filed field; fiscal period dates taken from return header. Organization-wide amount; no AI allocation.,USD,237104508,PC,/AppData/SubmissionHeaderAndDocument/SubmissionDocument/IRS990[1]/CYInvestmentIncomeAmt[1],INVEST,organization_invest,202110359349300641,PC,Public Citizen,2020-09-30,2019-10-01,yes,comparator,sources/return-202110359349300641.html
R-PC-2020-NETSALES-0641,45123,https://projects.propublica.org/nonprofits/full_text/202110359349300641/IRS990,2026-09-14,"45,123",Exact filed field; fiscal period dates taken from return header. Organization-wide amount; no AI allocation.,USD,237104508,PC,/AppData/SubmissionHeaderAndDocument/SubmissionDocument/IRS990[1]/NetGainOrLossInvestmentsGrp[1]/TotalRevenueColumnAmt[1],NETSALES,organization_netsales,202110359349300641,PC,Public Citizen,2020-09-30,2019-10-01,yes,comparator,sources/return-202110359349300641.html
R-PC-2019-REV-0848,4912243,https://projects.propublica.org/nonprofits/full_text/202030429349300848/IRS990,2026-09-14,"4,912,243",Exact filed field; fiscal period dates taken from return header. Organization-wide amount; no AI allocation.,USD,237104508,PC,/AppData/SubmissionHeaderAndDocument/SubmissionDocument/IRS990[1]/CYTotalRevenueAmt[1],REV,organization_rev,202030429349300848,PC,Public Citizen,2019-09-30,2018-10-01,yes,comparator,sources/return-202030429349300848.html
R-PC-2019-ASSETS-0848,3886796,https://projects.propublica.org/nonprofits/full_text/202030429349300848/IRS990,2026-09-14,"3,886,796",Exact filed field; fiscal period dates taken from return header. Organization-wide amount; no AI allocation.,USD,237104508,PC,/AppData/SubmissionHeaderAndDocument/SubmissionDocument/IRS990[1]/TotalAssetsEOYAmt[1],ASSETS,organization_assets,202030429349300848,PC,Public Citizen,2019-09-30,2018-10-01,yes,comparator,sources/return-202030429349300848.html
R-PC-2019-PROGRAM-0848,4036330,https://projects.propublica.org/nonprofits/full_text/202030429349300848/IRS990,2026-09-14,"4,036,330",Exact filed field; fiscal period dates taken from return header. Organization-wide amount; no AI allocation.,USD,237104508,PC,/AppData/SubmissionHeaderAndDocument/SubmissionDocument/IRS990[1]/TotalProgramServiceExpensesAmt[1],PROGRAM,organization_program,202030429349300848,PC,Public Citizen,2019-09-30,2018-10-01,yes,comparator,sources/return-202030429349300848.html
R-PC-2019-EXPENSE-0848,5770446,https://projects.propublica.org/nonprofits/full_text/202030429349300848/IRS990,2026-09-14,"5,770,446",Exact filed field; fiscal period dates taken from return header. Organization-wide amount; no AI allocation.,USD,237104508,PC,/AppData/SubmissionHeaderAndDocument/SubmissionDocument/IRS990[1]/CYTotalExpensesAmt[1],EXPENSE,organization_expense,202030429349300848,PC,Public Citizen,2019-09-30,2018-10-01,yes,comparator,sources/return-202030429349300848.html
R-PC-2019-CONTRIB-0848,4292709,https://projects.propublica.org/nonprofits/full_text/202030429349300848/IRS990,2026-09-14,"4,292,709",Exact filed field; fiscal period dates taken from return header. Organization-wide amount; no AI allocation.,USD,237104508,PC,/AppData/SubmissionHeaderAndDocument/SubmissionDocument/IRS990[1]/CYContributionsGrantsAmt[1],CONTRIB,organization_contrib,202030429349300848,PC,Public Citizen,2019-09-30,2018-10-01,yes,comparator,sources/return-202030429349300848.html
R-PC-2019-INVEST-0848,97994,https://projects.propublica.org/nonprofits/full_text/202030429349300848/IRS990,2026-09-14,"97,994",Exact filed field; fiscal period dates taken from return header. Organization-wide amount; no AI allocation.,USD,237104508,PC,/AppData/SubmissionHeaderAndDocument/SubmissionDocument/IRS990[1]/CYInvestmentIncomeAmt[1],INVEST,organization_invest,202030429349300848,PC,Public Citizen,2019-09-30,2018-10-01,yes,comparator,sources/return-202030429349300848.html
R-PC-2019-NETSALES-0848,37655,https://projects.propublica.org/nonprofits/full_text/202030429349300848/IRS990,2026-09-14,"37,655",Exact filed field; fiscal period dates taken from return header. Organization-wide amount; no AI allocation.,USD,237104508,PC,/AppData/SubmissionHeaderAndDocument/SubmissionDocument/IRS990[1]/NetGainOrLossInvestmentsGrp[1]/TotalRevenueColumnAmt[1],NETSALES,organization_netsales,202030429349300848,PC,Public Citizen,2019-09-30,2018-10-01,yes,comparator,sources/return-202030429349300848.html
R-FAS-2024-REV-3450,29395631,https://projects.propublica.org/nonprofits/full_text/202501349349313450/IRS990,2026-09-14,"29,395,631",Exact filed field; fiscal period dates taken from return header. Organization-wide amount; no AI allocation.,USD,237185827,FAS,/AppData/SubmissionHeaderAndDocument/SubmissionDocument/IRS990[1]/CYTotalRevenueAmt[1],REV,organization_rev,202501349349313450,FAS,Federation of American Scientists,2024-06-30,2023-07-01,yes,comparator,sources/return-202501349349313450.html
R-FAS-2024-ASSETS-3450,32515997,https://projects.propublica.org/nonprofits/full_text/202501349349313450/IRS990,2026-09-14,"32,515,997",Exact filed field; fiscal period dates taken from return header. Organization-wide amount; no AI allocation.,USD,237185827,FAS,/AppData/SubmissionHeaderAndDocument/SubmissionDocument/IRS990[1]/TotalAssetsEOYAmt[1],ASSETS,organization_assets,202501349349313450,FAS,Federation of American Scientists,2024-06-30,2023-07-01,yes,comparator,sources/return-202501349349313450.html
R-FAS-2024-PROGRAM-3450,23692039,https://projects.propublica.org/nonprofits/full_text/202501349349313450/IRS990,2026-09-14,"23,692,039",Exact filed field; fiscal period dates taken from return header. Organization-wide amount; no AI allocation.,USD,237185827,FAS,/AppData/SubmissionHeaderAndDocument/SubmissionDocument/IRS990[1]/TotalProgramServiceExpensesAmt[1],PROGRAM,organization_program,202501349349313450,FAS,Federation of American Scientists,2024-06-30,2023-07-01,yes,comparator,sources/return-202501349349313450.html
R-FAS-2024-EXPENSE-3450,27219867,https://projects.propublica.org/nonprofits/full_text/202501349349313450/IRS990,2026-09-14,"27,219,867",Exact filed field; fiscal period dates taken from return header. Organization-wide amount; no AI allocation.,USD,237185827,FAS,/AppData/SubmissionHeaderAndDocument/SubmissionDocument/IRS990[1]/CYTotalExpensesAmt[1],EXPENSE,organization_expense,202501349349313450,FAS,Federation of American Scientists,2024-06-30,2023-07-01,yes,comparator,sources/return-202501349349313450.html
R-FAS-2024-CONTRIB-3450,28635513,https://projects.propublica.org/nonprofits/full_text/202501349349313450/IRS990,2026-09-14,"28,635,513",Exact filed field; fiscal period dates taken from return header. Organization-wide amount; no AI allocation.,USD,237185827,FAS,/AppData/SubmissionHeaderAndDocument/SubmissionDocument/IRS990[1]/CYContributionsGrantsAmt[1],CONTRIB,organization_contrib,202501349349313450,FAS,Federation of American Scientists,2024-06-30,2023-07-01,yes,comparator,sources/return-202501349349313450.html
R-FAS-2024-INVEST-3450,748716,https://projects.propublica.org/nonprofits/full_text/202501349349313450/IRS990,2026-09-14,"748,716",Exact filed field; fiscal period dates taken from return header. Organization-wide amount; no AI allocation.,USD,237185827,FAS,/AppData/SubmissionHeaderAndDocument/SubmissionDocument/IRS990[1]/CYInvestmentIncomeAmt[1],INVEST,organization_invest,202501349349313450,FAS,Federation of American Scientists,2024-06-30,2023-07-01,yes,comparator,sources/return-202501349349313450.html
R-FAS-2023-REV-8123,11455084,https://projects.propublica.org/nonprofits/full_text/202431369349308123/IRS990,2026-09-14,"11,455,084",Exact filed field; fiscal period dates taken from return header. Organization-wide amount; no AI allocation.,USD,237185827,FAS,/AppData/SubmissionHeaderAndDocument/SubmissionDocument/IRS990[1]/CYTotalRevenueAmt[1],REV,organization_rev,202431369349308123,FAS,Federation of American Scientists,2023-06-30,2022-07-01,yes,comparator,sources/return-202431369349308123.html
R-FAS-2023-ASSETS-8123,28887502,https://projects.propublica.org/nonprofits/full_text/202431369349308123/IRS990,2026-09-14,"28,887,502",Exact filed field; fiscal period dates taken from return header. Organization-wide amount; no AI allocation.,USD,237185827,FAS,/AppData/SubmissionHeaderAndDocument/SubmissionDocument/IRS990[1]/TotalAssetsEOYAmt[1],ASSETS,organization_assets,202431369349308123,FAS,Federation of American Scientists,2023-06-30,2022-07-01,yes,comparator,sources/return-202431369349308123.html
R-FAS-2023-PROGRAM-8123,15957423,https://projects.propublica.org/nonprofits/full_text/202431369349308123/IRS990,2026-09-14,"15,957,423",Exact filed field; fiscal period dates taken from return header. Organization-wide amount; no AI allocation.,USD,237185827,FAS,/AppData/SubmissionHeaderAndDocument/SubmissionDocument/IRS990[1]/TotalProgramServiceExpensesAmt[1],PROGRAM,organization_program,202431369349308123,FAS,Federation of American Scientists,2023-06-30,2022-07-01,yes,comparator,sources/return-202431369349308123.html
R-FAS-2023-EXPENSE-8123,18307032,https://projects.propublica.org/nonprofits/full_text/202431369349308123/IRS990,2026-09-14,"18,307,032",Exact filed field; fiscal period dates taken from return header. Organization-wide amount; no AI allocation.,USD,237185827,FAS,/AppData/SubmissionHeaderAndDocument/SubmissionDocument/IRS990[1]/CYTotalExpensesAmt[1],EXPENSE,organization_expense,202431369349308123,FAS,Federation of American Scientists,2023-06-30,2022-07-01,yes,comparator,sources/return-202431369349308123.html
R-FAS-2023-CONTRIB-8123,11271212,https://projects.propublica.org/nonprofits/full_text/202431369349308123/IRS990,2026-09-14,"11,271,212",Exact filed field; fiscal period dates taken from return header. Organization-wide amount; no AI allocation.,USD,237185827,FAS,/AppData/SubmissionHeaderAndDocument/SubmissionDocument/IRS990[1]/CYContributionsGrantsAmt[1],CONTRIB,organization_contrib,202431369349308123,FAS,Federation of American Scientists,2023-06-30,2022-07-01,yes,comparator,sources/return-202431369349308123.html
R-FAS-2023-INVEST-8123,177857,https://projects.propublica.org/nonprofits/full_text/202431369349308123/IRS990,2026-09-14,"177,857",Exact filed field; fiscal period dates taken from return header. Organization-wide amount; no AI allocation.,USD,237185827,FAS,/AppData/SubmissionHeaderAndDocument/SubmissionDocument/IRS990[1]/CYInvestmentIncomeAmt[1],INVEST,organization_invest,202431369349308123,FAS,Federation of American Scientists,2023-06-30,2022-07-01,yes,comparator,sources/return-202431369349308123.html
R-FAS-2022-REV-1686,28862818,https://projects.propublica.org/nonprofits/full_text/202311289349301686/IRS990,2026-09-14,"28,862,818",Exact filed field; fiscal period dates taken from return header. Organization-wide amount; no AI allocation.,USD,237185827,FAS,/AppData/SubmissionHeaderAndDocument/SubmissionDocument/IRS990[1]/CYTotalRevenueAmt[1],REV,organization_rev,202311289349301686,FAS,Federation of American Scientists,2022-06-30,2021-07-01,yes,comparator,sources/return-202311289349301686.html
R-FAS-2022-ASSETS-1686,35241179,https://projects.propublica.org/nonprofits/full_text/202311289349301686/IRS990,2026-09-14,"35,241,179",Exact filed field; fiscal period dates taken from return header. Organization-wide amount; no AI allocation.,USD,237185827,FAS,/AppData/SubmissionHeaderAndDocument/SubmissionDocument/IRS990[1]/TotalAssetsEOYAmt[1],ASSETS,organization_assets,202311289349301686,FAS,Federation of American Scientists,2022-06-30,2021-07-01,yes,comparator,sources/return-202311289349301686.html
R-FAS-2022-PROGRAM-1686,7689902,https://projects.propublica.org/nonprofits/full_text/202311289349301686/IRS990,2026-09-14,"7,689,902",Exact filed field; fiscal period dates taken from return header. Organization-wide amount; no AI allocation.,USD,237185827,FAS,/AppData/SubmissionHeaderAndDocument/SubmissionDocument/IRS990[1]/TotalProgramServiceExpensesAmt[1],PROGRAM,organization_program,202311289349301686,FAS,Federation of American Scientists,2022-06-30,2021-07-01,yes,comparator,sources/return-202311289349301686.html
R-FAS-2022-EXPENSE-1686,8407200,https://projects.propublica.org/nonprofits/full_text/202311289349301686/IRS990,2026-09-14,"8,407,200",Exact filed field; fiscal period dates taken from return header. Organization-wide amount; no AI allocation.,USD,237185827,FAS,/AppData/SubmissionHeaderAndDocument/SubmissionDocument/IRS990[1]/CYTotalExpensesAmt[1],EXPENSE,organization_expense,202311289349301686,FAS,Federation of American Scientists,2022-06-30,2021-07-01,yes,comparator,sources/return-202311289349301686.html
R-FAS-2022-CONTRIB-1686,28835955,https://projects.propublica.org/nonprofits/full_text/202311289349301686/IRS990,2026-09-14,"28,835,955",Exact filed field; fiscal period dates taken from return header. Organization-wide amount; no AI allocation.,USD,237185827,FAS,/AppData/SubmissionHeaderAndDocument/SubmissionDocument/IRS990[1]/CYContributionsGrantsAmt[1],CONTRIB,organization_contrib,202311289349301686,FAS,Federation of American Scientists,2022-06-30,2021-07-01,yes,comparator,sources/return-202311289349301686.html
R-FAS-2022-INVEST-1686,10119,https://projects.propublica.org/nonprofits/full_text/202311289349301686/IRS990,2026-09-14,"10,119",Exact filed field; fiscal period dates taken from return header. Organization-wide amount; no AI allocation.,USD,237185827,FAS,/AppData/SubmissionHeaderAndDocument/SubmissionDocument/IRS990[1]/CYInvestmentIncomeAmt[1],INVEST,organization_invest,202311289349301686,FAS,Federation of American Scientists,2022-06-30,2021-07-01,yes,comparator,sources/return-202311289349301686.html
R-FAS-2021-REV-1237,3626877,https://projects.propublica.org/nonprofits/full_text/202220689349301237/IRS990,2026-09-14,"3,626,877",Exact filed field; fiscal period dates taken from return header. Organization-wide amount; no AI allocation.,USD,237185827,FAS,/AppData/SubmissionHeaderAndDocument/SubmissionDocument/IRS990[1]/CYTotalRevenueAmt[1],REV,organization_rev,202220689349301237,FAS,Federation of American Scientists,2021-06-30,2020-07-01,yes,comparator,sources/return-202220689349301237.html
R-FAS-2021-ASSETS-1237,8204575,https://projects.propublica.org/nonprofits/full_text/202220689349301237/IRS990,2026-09-14,"8,204,575",Exact filed field; fiscal period dates taken from return header. Organization-wide amount; no AI allocation.,USD,237185827,FAS,/AppData/SubmissionHeaderAndDocument/SubmissionDocument/IRS990[1]/TotalAssetsEOYAmt[1],ASSETS,organization_assets,202220689349301237,FAS,Federation of American Scientists,2021-06-30,2020-07-01,yes,comparator,sources/return-202220689349301237.html
R-FAS-2021-PROGRAM-1237,4660786,https://projects.propublica.org/nonprofits/full_text/202220689349301237/IRS990,2026-09-14,"4,660,786",Exact filed field; fiscal period dates taken from return header. Organization-wide amount; no AI allocation.,USD,237185827,FAS,/AppData/SubmissionHeaderAndDocument/SubmissionDocument/IRS990[1]/TotalProgramServiceExpensesAmt[1],PROGRAM,organization_program,202220689349301237,FAS,Federation of American Scientists,2021-06-30,2020-07-01,yes,comparator,sources/return-202220689349301237.html
R-FAS-2021-EXPENSE-1237,4910525,https://projects.propublica.org/nonprofits/full_text/202220689349301237/IRS990,2026-09-14,"4,910,525",Exact filed field; fiscal period dates taken from return header. Organization-wide amount; no AI allocation.,USD,237185827,FAS,/AppData/SubmissionHeaderAndDocument/SubmissionDocument/IRS990[1]/CYTotalExpensesAmt[1],EXPENSE,organization_expense,202220689349301237,FAS,Federation of American Scientists,2021-06-30,2020-07-01,yes,comparator,sources/return-202220689349301237.html
R-FAS-2021-CONTRIB-1237,3405342,https://projects.propublica.org/nonprofits/full_text/202220689349301237/IRS990,2026-09-14,"3,405,342",Exact filed field; fiscal period dates taken from return header. Organization-wide amount; no AI allocation.,USD,237185827,FAS,/AppData/SubmissionHeaderAndDocument/SubmissionDocument/IRS990[1]/CYContributionsGrantsAmt[1],CONTRIB,organization_contrib,202220689349301237,FAS,Federation of American Scientists,2021-06-30,2020-07-01,yes,comparator,sources/return-202220689349301237.html
R-FAS-2021-INVEST-1237,2620,https://projects.propublica.org/nonprofits/full_text/202220689349301237/IRS990,2026-09-14,"2,620",Exact filed field; fiscal period dates taken from return header. Organization-wide amount; no AI allocation.,USD,237185827,FAS,/AppData/SubmissionHeaderAndDocument/SubmissionDocument/IRS990[1]/CYInvestmentIncomeAmt[1],INVEST,organization_invest,202220689349301237,FAS,Federation of American Scientists,2021-06-30,2020-07-01,yes,comparator,sources/return-202220689349301237.html
R-FAS-2021-REV-1433,3626877,https://projects.propublica.org/nonprofits/full_text/202230419349301433/IRS990,2026-09-14,"3,626,877",Exact filed field; fiscal period dates taken from return header. Organization-wide amount; no AI allocation.,USD,237185827,FAS,/AppData/SubmissionHeaderAndDocument/SubmissionDocument/IRS990[1]/CYTotalRevenueAmt[1],REV,organization_rev,202230419349301433,FAS,Federation of American Scientists,2021-06-30,2020-07-01,superseded,comparator,sources/return-202230419349301433.html
R-FAS-2021-ASSETS-1433,8204575,https://projects.propublica.org/nonprofits/full_text/202230419349301433/IRS990,2026-09-14,"8,204,575",Exact filed field; fiscal period dates taken from return header. Organization-wide amount; no AI allocation.,USD,237185827,FAS,/AppData/SubmissionHeaderAndDocument/SubmissionDocument/IRS990[1]/TotalAssetsEOYAmt[1],ASSETS,organization_assets,202230419349301433,FAS,Federation of American Scientists,2021-06-30,2020-07-01,superseded,comparator,sources/return-202230419349301433.html
R-FAS-2021-PROGRAM-1433,4660786,https://projects.propublica.org/nonprofits/full_text/202230419349301433/IRS990,2026-09-14,"4,660,786",Exact filed field; fiscal period dates taken from return header. Organization-wide amount; no AI allocation.,USD,237185827,FAS,/AppData/SubmissionHeaderAndDocument/SubmissionDocument/IRS990[1]/TotalProgramServiceExpensesAmt[1],PROGRAM,organization_program,202230419349301433,FAS,Federation of American Scientists,2021-06-30,2020-07-01,superseded,comparator,sources/return-202230419349301433.html
R-FAS-2021-EXPENSE-1433,4910525,https://projects.propublica.org/nonprofits/full_text/202230419349301433/IRS990,2026-09-14,"4,910,525",Exact filed field; fiscal period dates taken from return header. Organization-wide amount; no AI allocation.,USD,237185827,FAS,/AppData/SubmissionHeaderAndDocument/SubmissionDocument/IRS990[1]/CYTotalExpensesAmt[1],EXPENSE,organization_expense,202230419349301433,FAS,Federation of American Scientists,2021-06-30,2020-07-01,superseded,comparator,sources/return-202230419349301433.html
R-FAS-2021-CONTRIB-1433,3405342,https://projects.propublica.org/nonprofits/full_text/202230419349301433/IRS990,2026-09-14,"3,405,342",Exact filed field; fiscal period dates taken from return header. Organization-wide amount; no AI allocation.,USD,237185827,FAS,/AppData/SubmissionHeaderAndDocument/SubmissionDocument/IRS990[1]/CYContributionsGrantsAmt[1],CONTRIB,organization_contrib,202230419349301433,FAS,Federation of American Scientists,2021-06-30,2020-07-01,superseded,comparator,sources/return-202230419349301433.html
R-FAS-2021-INVEST-1433,2620,https://projects.propublica.org/nonprofits/full_text/202230419349301433/IRS990,2026-09-14,"2,620",Exact filed field; fiscal period dates taken from return header. Organization-wide amount; no AI allocation.,USD,237185827,FAS,/AppData/SubmissionHeaderAndDocument/SubmissionDocument/IRS990[1]/CYInvestmentIncomeAmt[1],INVEST,organization_invest,202230419349301433,FAS,Federation of American Scientists,2021-06-30,2020-07-01,superseded,comparator,sources/return-202230419349301433.html
R-FAS-2020-REV-2667,6756159,https://projects.propublica.org/nonprofits/full_text/202121329349302667/IRS990,2026-09-14,"6,756,159",Exact filed field; fiscal period dates taken from return header. Organization-wide amount; no AI allocation.,USD,237185827,FAS,/AppData/SubmissionHeaderAndDocument/SubmissionDocument/IRS990[1]/CYTotalRevenueAmt[1],REV,organization_rev,202121329349302667,FAS,Federation of American Scientists,2020-06-30,2019-07-01,yes,comparator,sources/return-202121329349302667.html
R-FAS-2020-ASSETS-2667,9565658,https://projects.propublica.org/nonprofits/full_text/202121329349302667/IRS990,2026-09-14,"9,565,658",Exact filed field; fiscal period dates taken from return header. Organization-wide amount; no AI allocation.,USD,237185827,FAS,/AppData/SubmissionHeaderAndDocument/SubmissionDocument/IRS990[1]/TotalAssetsEOYAmt[1],ASSETS,organization_assets,202121329349302667,FAS,Federation of American Scientists,2020-06-30,2019-07-01,yes,comparator,sources/return-202121329349302667.html
R-FAS-2020-PROGRAM-2667,2445087,https://projects.propublica.org/nonprofits/full_text/202121329349302667/IRS990,2026-09-14,"2,445,087",Exact filed field; fiscal period dates taken from return header. Organization-wide amount; no AI allocation.,USD,237185827,FAS,/AppData/SubmissionHeaderAndDocument/SubmissionDocument/IRS990[1]/TotalProgramServiceExpensesAmt[1],PROGRAM,organization_program,202121329349302667,FAS,Federation of American Scientists,2020-06-30,2019-07-01,yes,comparator,sources/return-202121329349302667.html
R-FAS-2020-EXPENSE-2667,2874949,https://projects.propublica.org/nonprofits/full_text/202121329349302667/IRS990,2026-09-14,"2,874,949",Exact filed field; fiscal period dates taken from return header. Organization-wide amount; no AI allocation.,USD,237185827,FAS,/AppData/SubmissionHeaderAndDocument/SubmissionDocument/IRS990[1]/CYTotalExpensesAmt[1],EXPENSE,organization_expense,202121329349302667,FAS,Federation of American Scientists,2020-06-30,2019-07-01,yes,comparator,sources/return-202121329349302667.html
R-FAS-2020-CONTRIB-2667,5993596,https://projects.propublica.org/nonprofits/full_text/202121329349302667/IRS990,2026-09-14,"5,993,596",Exact filed field; fiscal period dates taken from return header. Organization-wide amount; no AI allocation.,USD,237185827,FAS,/AppData/SubmissionHeaderAndDocument/SubmissionDocument/IRS990[1]/CYContributionsGrantsAmt[1],CONTRIB,organization_contrib,202121329349302667,FAS,Federation of American Scientists,2020-06-30,2019-07-01,yes,comparator,sources/return-202121329349302667.html
R-FAS-2020-INVEST-2667,729720,https://projects.propublica.org/nonprofits/full_text/202121329349302667/IRS990,2026-09-14,"729,720",Exact filed field; fiscal period dates taken from return header. Organization-wide amount; no AI allocation.,USD,237185827,FAS,/AppData/SubmissionHeaderAndDocument/SubmissionDocument/IRS990[1]/CYInvestmentIncomeAmt[1],INVEST,organization_invest,202121329349302667,FAS,Federation of American Scientists,2020-06-30,2019-07-01,yes,comparator,sources/return-202121329349302667.html
R-FAS-2020-NETSALES-2667,620151,https://projects.propublica.org/nonprofits/full_text/202121329349302667/IRS990,2026-09-14,"620,151",Exact filed field; fiscal period dates taken from return header. Organization-wide amount; no AI allocation.,USD,237185827,FAS,/AppData/SubmissionHeaderAndDocument/SubmissionDocument/IRS990[1]/NetGainOrLossInvestmentsGrp[1]/TotalRevenueColumnAmt[1],NETSALES,organization_netsales,202121329349302667,FAS,Federation of American Scientists,2020-06-30,2019-07-01,yes,comparator,sources/return-202121329349302667.html
R-FAS-2019-REV-1636,2190213,https://projects.propublica.org/nonprofits/full_text/202011899349301636/IRS990,2026-09-14,"2,190,213",Exact filed field; fiscal period dates taken from return header. Organization-wide amount; no AI allocation.,USD,237185827,FAS,/AppData/SubmissionHeaderAndDocument/SubmissionDocument/IRS990[1]/CYTotalRevenueAmt[1],REV,organization_rev,202011899349301636,FAS,Federation of American Scientists,2019-06-30,2018-07-01,yes,comparator,sources/return-202011899349301636.html
R-FAS-2019-ASSETS-1636,6083790,https://projects.propublica.org/nonprofits/full_text/202011899349301636/IRS990,2026-09-14,"6,083,790",Exact filed field; fiscal period dates taken from return header. Organization-wide amount; no AI allocation.,USD,237185827,FAS,/AppData/SubmissionHeaderAndDocument/SubmissionDocument/IRS990[1]/TotalAssetsEOYAmt[1],ASSETS,organization_assets,202011899349301636,FAS,Federation of American Scientists,2019-06-30,2018-07-01,yes,comparator,sources/return-202011899349301636.html
R-FAS-2019-PROGRAM-1636,1247155,https://projects.propublica.org/nonprofits/full_text/202011899349301636/IRS990,2026-09-14,"1,247,155",Exact filed field; fiscal period dates taken from return header. Organization-wide amount; no AI allocation.,USD,237185827,FAS,/AppData/SubmissionHeaderAndDocument/SubmissionDocument/IRS990[1]/TotalProgramServiceExpensesAmt[1],PROGRAM,organization_program,202011899349301636,FAS,Federation of American Scientists,2019-06-30,2018-07-01,yes,comparator,sources/return-202011899349301636.html
R-FAS-2019-EXPENSE-1636,1638629,https://projects.propublica.org/nonprofits/full_text/202011899349301636/IRS990,2026-09-14,"1,638,629",Exact filed field; fiscal period dates taken from return header. Organization-wide amount; no AI allocation.,USD,237185827,FAS,/AppData/SubmissionHeaderAndDocument/SubmissionDocument/IRS990[1]/CYTotalExpensesAmt[1],EXPENSE,organization_expense,202011899349301636,FAS,Federation of American Scientists,2019-06-30,2018-07-01,yes,comparator,sources/return-202011899349301636.html
R-FAS-2019-CONTRIB-1636,1855531,https://projects.propublica.org/nonprofits/full_text/202011899349301636/IRS990,2026-09-14,"1,855,531",Exact filed field; fiscal period dates taken from return header. Organization-wide amount; no AI allocation.,USD,237185827,FAS,/AppData/SubmissionHeaderAndDocument/SubmissionDocument/IRS990[1]/CYContributionsGrantsAmt[1],CONTRIB,organization_contrib,202011899349301636,FAS,Federation of American Scientists,2019-06-30,2018-07-01,yes,comparator,sources/return-202011899349301636.html
R-FAS-2019-INVEST-1636,293836,https://projects.propublica.org/nonprofits/full_text/202011899349301636/IRS990,2026-09-14,"293,836",Exact filed field; fiscal period dates taken from return header. Organization-wide amount; no AI allocation.,USD,237185827,FAS,/AppData/SubmissionHeaderAndDocument/SubmissionDocument/IRS990[1]/CYInvestmentIncomeAmt[1],INVEST,organization_invest,202011899349301636,FAS,Federation of American Scientists,2019-06-30,2018-07-01,yes,comparator,sources/return-202011899349301636.html
R-FAS-2019-NETSALES-1636,171400,https://projects.propublica.org/nonprofits/full_text/202011899349301636/IRS990,2026-09-14,"171,400",Exact filed field; fiscal period dates taken from return header. Organization-wide amount; no AI allocation.,USD,237185827,FAS,/AppData/SubmissionHeaderAndDocument/SubmissionDocument/IRS990[1]/NetGainOrLossInvestmentsGrp[1]/TotalRevenueColumnAmt[1],NETSALES,organization_netsales,202011899349301636,FAS,Federation of American Scientists,2019-06-30,2018-07-01,yes,comparator,sources/return-202011899349301636.html
R-NETCHOICE-2024-REV-0534,22621094,https://projects.propublica.org/nonprofits/full_text/202543119349300534/IRS990,2026-09-14,"22,621,094",Exact filed field; fiscal period dates taken from return header. Organization-wide amount; no AI allocation.,USD,271716101,NETCHOICE,/AppData/SubmissionHeaderAndDocument/SubmissionDocument/IRS990[1]/CYTotalRevenueAmt[1],REV,organization_rev,202543119349300534,NETCHOICE,NetChoice,2024-12-31,2024-01-01,yes,industry,sources/return-202543119349300534.html
R-NETCHOICE-2024-ASSETS-0534,13679206,https://projects.propublica.org/nonprofits/full_text/202543119349300534/IRS990,2026-09-14,"13,679,206",Exact filed field; fiscal period dates taken from return header. Organization-wide amount; no AI allocation.,USD,271716101,NETCHOICE,/AppData/SubmissionHeaderAndDocument/SubmissionDocument/IRS990[1]/TotalAssetsEOYAmt[1],ASSETS,organization_assets,202543119349300534,NETCHOICE,NetChoice,2024-12-31,2024-01-01,yes,industry,sources/return-202543119349300534.html
R-NETCHOICE-2024-EXPENSE-0534,21488246,https://projects.propublica.org/nonprofits/full_text/202543119349300534/IRS990,2026-09-14,"21,488,246",Exact filed field; fiscal period dates taken from return header. Organization-wide amount; no AI allocation.,USD,271716101,NETCHOICE,/AppData/SubmissionHeaderAndDocument/SubmissionDocument/IRS990[1]/CYTotalExpensesAmt[1],EXPENSE,organization_expense,202543119349300534,NETCHOICE,NetChoice,2024-12-31,2024-01-01,yes,industry,sources/return-202543119349300534.html
R-NETCHOICE-2024-CONTRIB-0534,22162837,https://projects.propublica.org/nonprofits/full_text/202543119349300534/IRS990,2026-09-14,"22,162,837",Exact filed field; fiscal period dates taken from return header. Organization-wide amount; no AI allocation.,USD,271716101,NETCHOICE,/AppData/SubmissionHeaderAndDocument/SubmissionDocument/IRS990[1]/CYContributionsGrantsAmt[1],CONTRIB,organization_contrib,202543119349300534,NETCHOICE,NetChoice,2024-12-31,2024-01-01,yes,industry,sources/return-202543119349300534.html
R-NETCHOICE-2024-INVEST-0534,158093,https://projects.propublica.org/nonprofits/full_text/202543119349300534/IRS990,2026-09-14,"158,093",Exact filed field; fiscal period dates taken from return header. Organization-wide amount; no AI allocation.,USD,271716101,NETCHOICE,/AppData/SubmissionHeaderAndDocument/SubmissionDocument/IRS990[1]/CYInvestmentIncomeAmt[1],INVEST,organization_invest,202543119349300534,NETCHOICE,NetChoice,2024-12-31,2024-01-01,yes,industry,sources/return-202543119349300534.html
R-NETCHOICE-2023-REV-0104,15278276,https://projects.propublica.org/nonprofits/full_text/202442499349300104/IRS990,2026-09-14,"15,278,276",Exact filed field; fiscal period dates taken from return header. Organization-wide amount; no AI allocation.,USD,271716101,NETCHOICE,/AppData/SubmissionHeaderAndDocument/SubmissionDocument/IRS990[1]/CYTotalRevenueAmt[1],REV,organization_rev,202442499349300104,NETCHOICE,NetChoice,2023-12-31,2023-01-01,yes,industry,sources/return-202442499349300104.html
R-NETCHOICE-2023-ASSETS-0104,16018510,https://projects.propublica.org/nonprofits/full_text/202442499349300104/IRS990,2026-09-14,"16,018,510",Exact filed field; fiscal period dates taken from return header. Organization-wide amount; no AI allocation.,USD,271716101,NETCHOICE,/AppData/SubmissionHeaderAndDocument/SubmissionDocument/IRS990[1]/TotalAssetsEOYAmt[1],ASSETS,organization_assets,202442499349300104,NETCHOICE,NetChoice,2023-12-31,2023-01-01,yes,industry,sources/return-202442499349300104.html
R-NETCHOICE-2023-EXPENSE-0104,13186073,https://projects.propublica.org/nonprofits/full_text/202442499349300104/IRS990,2026-09-14,"13,186,073",Exact filed field; fiscal period dates taken from return header. Organization-wide amount; no AI allocation.,USD,271716101,NETCHOICE,/AppData/SubmissionHeaderAndDocument/SubmissionDocument/IRS990[1]/CYTotalExpensesAmt[1],EXPENSE,organization_expense,202442499349300104,NETCHOICE,NetChoice,2023-12-31,2023-01-01,yes,industry,sources/return-202442499349300104.html
R-NETCHOICE-2023-CONTRIB-0104,15278114,https://projects.propublica.org/nonprofits/full_text/202442499349300104/IRS990,2026-09-14,"15,278,114",Exact filed field; fiscal period dates taken from return header. Organization-wide amount; no AI allocation.,USD,271716101,NETCHOICE,/AppData/SubmissionHeaderAndDocument/SubmissionDocument/IRS990[1]/CYContributionsGrantsAmt[1],CONTRIB,organization_contrib,202442499349300104,NETCHOICE,NetChoice,2023-12-31,2023-01-01,yes,industry,sources/return-202442499349300104.html
R-NETCHOICE-2023-INVEST-0104,162,https://projects.propublica.org/nonprofits/full_text/202442499349300104/IRS990,2026-09-14,162,Exact filed field; fiscal period dates taken from return header. Organization-wide amount; no AI allocation.,USD,271716101,NETCHOICE,/AppData/SubmissionHeaderAndDocument/SubmissionDocument/IRS990[1]/CYInvestmentIncomeAmt[1],INVEST,organization_invest,202442499349300104,NETCHOICE,NetChoice,2023-12-31,2023-01-01,yes,industry,sources/return-202442499349300104.html
R-NETCHOICE-2022-REV-0919,34105685,https://projects.propublica.org/nonprofits/full_text/202343009349300919/IRS990,2026-09-14,"34,105,685",Exact filed field; fiscal period dates taken from return header. Organization-wide amount; no AI allocation.,USD,271716101,NETCHOICE,/AppData/SubmissionHeaderAndDocument/SubmissionDocument/IRS990[1]/CYTotalRevenueAmt[1],REV,organization_rev,202343009349300919,NETCHOICE,NetChoice,2022-12-31,2022-01-01,yes,industry,sources/return-202343009349300919.html
R-NETCHOICE-2022-ASSETS-0919,11384084,https://projects.propublica.org/nonprofits/full_text/202343009349300919/IRS990,2026-09-14,"11,384,084",Exact filed field; fiscal period dates taken from return header. Organization-wide amount; no AI allocation.,USD,271716101,NETCHOICE,/AppData/SubmissionHeaderAndDocument/SubmissionDocument/IRS990[1]/TotalAssetsEOYAmt[1],ASSETS,organization_assets,202343009349300919,NETCHOICE,NetChoice,2022-12-31,2022-01-01,yes,industry,sources/return-202343009349300919.html
R-NETCHOICE-2022-EXPENSE-0919,31603810,https://projects.propublica.org/nonprofits/full_text/202343009349300919/IRS990,2026-09-14,"31,603,810",Exact filed field; fiscal period dates taken from return header. Organization-wide amount; no AI allocation.,USD,271716101,NETCHOICE,/AppData/SubmissionHeaderAndDocument/SubmissionDocument/IRS990[1]/CYTotalExpensesAmt[1],EXPENSE,organization_expense,202343009349300919,NETCHOICE,NetChoice,2022-12-31,2022-01-01,yes,industry,sources/return-202343009349300919.html
R-NETCHOICE-2022-CONTRIB-0919,34105601,https://projects.propublica.org/nonprofits/full_text/202343009349300919/IRS990,2026-09-14,"34,105,601",Exact filed field; fiscal period dates taken from return header. Organization-wide amount; no AI allocation.,USD,271716101,NETCHOICE,/AppData/SubmissionHeaderAndDocument/SubmissionDocument/IRS990[1]/CYContributionsGrantsAmt[1],CONTRIB,organization_contrib,202343009349300919,NETCHOICE,NetChoice,2022-12-31,2022-01-01,yes,industry,sources/return-202343009349300919.html
R-NETCHOICE-2022-INVEST-0919,84,https://projects.propublica.org/nonprofits/full_text/202343009349300919/IRS990,2026-09-14,84,Exact filed field; fiscal period dates taken from return header. Organization-wide amount; no AI allocation.,USD,271716101,NETCHOICE,/AppData/SubmissionHeaderAndDocument/SubmissionDocument/IRS990[1]/CYInvestmentIncomeAmt[1],INVEST,organization_invest,202343009349300919,NETCHOICE,NetChoice,2022-12-31,2022-01-01,yes,industry,sources/return-202343009349300919.html
R-NETCHOICE-2021-REV-0805,14622263,https://projects.propublica.org/nonprofits/full_text/202202769349300805/IRS990,2026-09-14,"14,622,263",Exact filed field; fiscal period dates taken from return header. Organization-wide amount; no AI allocation.,USD,271716101,NETCHOICE,/AppData/SubmissionHeaderAndDocument/SubmissionDocument/IRS990[1]/CYTotalRevenueAmt[1],REV,organization_rev,202202769349300805,NETCHOICE,NetChoice,2021-12-31,2021-01-01,yes,industry,sources/return-202202769349300805.html
R-NETCHOICE-2021-ASSETS-0805,12050582,https://projects.propublica.org/nonprofits/full_text/202202769349300805/IRS990,2026-09-14,"12,050,582",Exact filed field; fiscal period dates taken from return header. Organization-wide amount; no AI allocation.,USD,271716101,NETCHOICE,/AppData/SubmissionHeaderAndDocument/SubmissionDocument/IRS990[1]/TotalAssetsEOYAmt[1],ASSETS,organization_assets,202202769349300805,NETCHOICE,NetChoice,2021-12-31,2021-01-01,yes,industry,sources/return-202202769349300805.html
R-NETCHOICE-2021-EXPENSE-0805,12749904,https://projects.propublica.org/nonprofits/full_text/202202769349300805/IRS990,2026-09-14,"12,749,904",Exact filed field; fiscal period dates taken from return header. Organization-wide amount; no AI allocation.,USD,271716101,NETCHOICE,/AppData/SubmissionHeaderAndDocument/SubmissionDocument/IRS990[1]/CYTotalExpensesAmt[1],EXPENSE,organization_expense,202202769349300805,NETCHOICE,NetChoice,2021-12-31,2021-01-01,yes,industry,sources/return-202202769349300805.html
R-NETCHOICE-2021-CONTRIB-0805,14622138,https://projects.propublica.org/nonprofits/full_text/202202769349300805/IRS990,2026-09-14,"14,622,138",Exact filed field; fiscal period dates taken from return header. Organization-wide amount; no AI allocation.,USD,271716101,NETCHOICE,/AppData/SubmissionHeaderAndDocument/SubmissionDocument/IRS990[1]/CYContributionsGrantsAmt[1],CONTRIB,organization_contrib,202202769349300805,NETCHOICE,NetChoice,2021-12-31,2021-01-01,yes,industry,sources/return-202202769349300805.html
R-NETCHOICE-2021-INVEST-0805,125,https://projects.propublica.org/nonprofits/full_text/202202769349300805/IRS990,2026-09-14,125,Exact filed field; fiscal period dates taken from return header. Organization-wide amount; no AI allocation.,USD,271716101,NETCHOICE,/AppData/SubmissionHeaderAndDocument/SubmissionDocument/IRS990[1]/CYInvestmentIncomeAmt[1],INVEST,organization_invest,202202769349300805,NETCHOICE,NetChoice,2021-12-31,2021-01-01,yes,industry,sources/return-202202769349300805.html
R-NETCHOICE-2020-REV-1818,3164880,https://projects.propublica.org/nonprofits/full_text/202133169349311818/IRS990,2026-09-14,"3,164,880",Exact filed field; fiscal period dates taken from return header. Organization-wide amount; no AI allocation.,USD,271716101,NETCHOICE,/AppData/SubmissionHeaderAndDocument/SubmissionDocument/IRS990[1]/CYTotalRevenueAmt[1],REV,organization_rev,202133169349311818,NETCHOICE,NetChoice,2020-12-31,2020-01-01,yes,industry,sources/return-202133169349311818.html
R-NETCHOICE-2020-ASSETS-1818,4225099,https://projects.propublica.org/nonprofits/full_text/202133169349311818/IRS990,2026-09-14,"4,225,099",Exact filed field; fiscal period dates taken from return header. Organization-wide amount; no AI allocation.,USD,271716101,NETCHOICE,/AppData/SubmissionHeaderAndDocument/SubmissionDocument/IRS990[1]/TotalAssetsEOYAmt[1],ASSETS,organization_assets,202133169349311818,NETCHOICE,NetChoice,2020-12-31,2020-01-01,yes,industry,sources/return-202133169349311818.html
R-NETCHOICE-2020-EXPENSE-1818,2501627,https://projects.propublica.org/nonprofits/full_text/202133169349311818/IRS990,2026-09-14,"2,501,627",Exact filed field; fiscal period dates taken from return header. Organization-wide amount; no AI allocation.,USD,271716101,NETCHOICE,/AppData/SubmissionHeaderAndDocument/SubmissionDocument/IRS990[1]/CYTotalExpensesAmt[1],EXPENSE,organization_expense,202133169349311818,NETCHOICE,NetChoice,2020-12-31,2020-01-01,yes,industry,sources/return-202133169349311818.html
R-NETCHOICE-2020-CONTRIB-1818,3164804,https://projects.propublica.org/nonprofits/full_text/202133169349311818/IRS990,2026-09-14,"3,164,804",Exact filed field; fiscal period dates taken from return header. Organization-wide amount; no AI allocation.,USD,271716101,NETCHOICE,/AppData/SubmissionHeaderAndDocument/SubmissionDocument/IRS990[1]/CYContributionsGrantsAmt[1],CONTRIB,organization_contrib,202133169349311818,NETCHOICE,NetChoice,2020-12-31,2020-01-01,yes,industry,sources/return-202133169349311818.html
R-NETCHOICE-2020-INVEST-1818,76,https://projects.propublica.org/nonprofits/full_text/202133169349311818/IRS990,2026-09-14,76,Exact filed field; fiscal period dates taken from return header. Organization-wide amount; no AI allocation.,USD,271716101,NETCHOICE,/AppData/SubmissionHeaderAndDocument/SubmissionDocument/IRS990[1]/CYInvestmentIncomeAmt[1],INVEST,organization_invest,202133169349311818,NETCHOICE,NetChoice,2020-12-31,2020-01-01,yes,industry,sources/return-202133169349311818.html
R-NETCHOICE-2020-REV-1026,3164880,https://projects.propublica.org/nonprofits/full_text/202112729349301026/IRS990,2026-09-14,"3,164,880",Exact filed field; fiscal period dates taken from return header. Organization-wide amount; no AI allocation.,USD,271716101,NETCHOICE,/AppData/SubmissionHeaderAndDocument/SubmissionDocument/IRS990[1]/CYTotalRevenueAmt[1],REV,organization_rev,202112729349301026,NETCHOICE,NetChoice,2020-12-31,2020-01-01,superseded,industry,sources/return-202112729349301026.html
R-NETCHOICE-2020-ASSETS-1026,4225099,https://projects.propublica.org/nonprofits/full_text/202112729349301026/IRS990,2026-09-14,"4,225,099",Exact filed field; fiscal period dates taken from return header. Organization-wide amount; no AI allocation.,USD,271716101,NETCHOICE,/AppData/SubmissionHeaderAndDocument/SubmissionDocument/IRS990[1]/TotalAssetsEOYAmt[1],ASSETS,organization_assets,202112729349301026,NETCHOICE,NetChoice,2020-12-31,2020-01-01,superseded,industry,sources/return-202112729349301026.html
R-NETCHOICE-2020-EXPENSE-1026,2501627,https://projects.propublica.org/nonprofits/full_text/202112729349301026/IRS990,2026-09-14,"2,501,627",Exact filed field; fiscal period dates taken from return header. Organization-wide amount; no AI allocation.,USD,271716101,NETCHOICE,/AppData/SubmissionHeaderAndDocument/SubmissionDocument/IRS990[1]/CYTotalExpensesAmt[1],EXPENSE,organization_expense,202112729349301026,NETCHOICE,NetChoice,2020-12-31,2020-01-01,superseded,industry,sources/return-202112729349301026.html
R-NETCHOICE-2020-CONTRIB-1026,3164804,https://projects.propublica.org/nonprofits/full_text/202112729349301026/IRS990,2026-09-14,"3,164,804",Exact filed field; fiscal period dates taken from return header. Organization-wide amount; no AI allocation.,USD,271716101,NETCHOICE,/AppData/SubmissionHeaderAndDocument/SubmissionDocument/IRS990[1]/CYContributionsGrantsAmt[1],CONTRIB,organization_contrib,202112729349301026,NETCHOICE,NetChoice,2020-12-31,2020-01-01,superseded,industry,sources/return-202112729349301026.html
R-NETCHOICE-2020-INVEST-1026,76,https://projects.propublica.org/nonprofits/full_text/202112729349301026/IRS990,2026-09-14,76,Exact filed field; fiscal period dates taken from return header. Organization-wide amount; no AI allocation.,USD,271716101,NETCHOICE,/AppData/SubmissionHeaderAndDocument/SubmissionDocument/IRS990[1]/CYInvestmentIncomeAmt[1],INVEST,organization_invest,202112729349301026,NETCHOICE,NetChoice,2020-12-31,2020-01-01,superseded,industry,sources/return-202112729349301026.html
R-TECHFREEDOM-2024-REV-9381,1459546,https://projects.propublica.org/nonprofits/full_text/202513189349309381/IRS990,2026-09-14,"1,459,546",Exact filed field; fiscal period dates taken from return header. Organization-wide amount; no AI allocation.,USD,273567814,TECHFREEDOM,/AppData/SubmissionHeaderAndDocument/SubmissionDocument/IRS990[1]/CYTotalRevenueAmt[1],REV,organization_rev,202513189349309381,TECHFREEDOM,TechFreedom,2024-12-31,2024-01-01,yes,industry,sources/return-202513189349309381.html
R-TECHFREEDOM-2024-ASSETS-9381,130714,https://projects.propublica.org/nonprofits/full_text/202513189349309381/IRS990,2026-09-14,"130,714",Exact filed field; fiscal period dates taken from return header. Organization-wide amount; no AI allocation.,USD,273567814,TECHFREEDOM,/AppData/SubmissionHeaderAndDocument/SubmissionDocument/IRS990[1]/TotalAssetsEOYAmt[1],ASSETS,organization_assets,202513189349309381,TECHFREEDOM,TechFreedom,2024-12-31,2024-01-01,yes,industry,sources/return-202513189349309381.html
R-TECHFREEDOM-2024-PROGRAM-9381,1057077,https://projects.propublica.org/nonprofits/full_text/202513189349309381/IRS990,2026-09-14,"1,057,077",Exact filed field; fiscal period dates taken from return header. Organization-wide amount; no AI allocation.,USD,273567814,TECHFREEDOM,/AppData/SubmissionHeaderAndDocument/SubmissionDocument/IRS990[1]/TotalProgramServiceExpensesAmt[1],PROGRAM,organization_program,202513189349309381,TECHFREEDOM,TechFreedom,2024-12-31,2024-01-01,yes,industry,sources/return-202513189349309381.html
R-TECHFREEDOM-2024-EXPENSE-9381,1701551,https://projects.propublica.org/nonprofits/full_text/202513189349309381/IRS990,2026-09-14,"1,701,551",Exact filed field; fiscal period dates taken from return header. Organization-wide amount; no AI allocation.,USD,273567814,TECHFREEDOM,/AppData/SubmissionHeaderAndDocument/SubmissionDocument/IRS990[1]/CYTotalExpensesAmt[1],EXPENSE,organization_expense,202513189349309381,TECHFREEDOM,TechFreedom,2024-12-31,2024-01-01,yes,industry,sources/return-202513189349309381.html
R-TECHFREEDOM-2024-CONTRIB-9381,1459546,https://projects.propublica.org/nonprofits/full_text/202513189349309381/IRS990,2026-09-14,"1,459,546",Exact filed field; fiscal period dates taken from return header. Organization-wide amount; no AI allocation.,USD,273567814,TECHFREEDOM,/AppData/SubmissionHeaderAndDocument/SubmissionDocument/IRS990[1]/CYContributionsGrantsAmt[1],CONTRIB,organization_contrib,202513189349309381,TECHFREEDOM,TechFreedom,2024-12-31,2024-01-01,yes,industry,sources/return-202513189349309381.html
R-TECHFREEDOM-2024-INVEST-9381,0,https://projects.propublica.org/nonprofits/full_text/202513189349309381/IRS990,2026-09-14,0,Exact filed field; fiscal period dates taken from return header. Organization-wide amount; no AI allocation.,USD,273567814,TECHFREEDOM,/AppData/SubmissionHeaderAndDocument/SubmissionDocument/IRS990[1]/CYInvestmentIncomeAmt[1],INVEST,organization_invest,202513189349309381,TECHFREEDOM,TechFreedom,2024-12-31,2024-01-01,yes,industry,sources/return-202513189349309381.html
R-TECHFREEDOM-2023-REV-7043,1651644,https://projects.propublica.org/nonprofits/full_text/202433209349317043/IRS990,2026-09-14,"1,651,644",Exact filed field; fiscal period dates taken from return header. Organization-wide amount; no AI allocation.,USD,273567814,TECHFREEDOM,/AppData/SubmissionHeaderAndDocument/SubmissionDocument/IRS990[1]/CYTotalRevenueAmt[1],REV,organization_rev,202433209349317043,TECHFREEDOM,TechFreedom,2023-12-31,2023-01-01,yes,industry,sources/return-202433209349317043.html
R-TECHFREEDOM-2023-ASSETS-7043,409315,https://projects.propublica.org/nonprofits/full_text/202433209349317043/IRS990,2026-09-14,"409,315",Exact filed field; fiscal period dates taken from return header. Organization-wide amount; no AI allocation.,USD,273567814,TECHFREEDOM,/AppData/SubmissionHeaderAndDocument/SubmissionDocument/IRS990[1]/TotalAssetsEOYAmt[1],ASSETS,organization_assets,202433209349317043,TECHFREEDOM,TechFreedom,2023-12-31,2023-01-01,yes,industry,sources/return-202433209349317043.html
R-TECHFREEDOM-2023-PROGRAM-7043,1137865,https://projects.propublica.org/nonprofits/full_text/202433209349317043/IRS990,2026-09-14,"1,137,865",Exact filed field; fiscal period dates taken from return header. Organization-wide amount; no AI allocation.,USD,273567814,TECHFREEDOM,/AppData/SubmissionHeaderAndDocument/SubmissionDocument/IRS990[1]/TotalProgramServiceExpensesAmt[1],PROGRAM,organization_program,202433209349317043,TECHFREEDOM,TechFreedom,2023-12-31,2023-01-01,yes,industry,sources/return-202433209349317043.html
R-TECHFREEDOM-2023-EXPENSE-7043,1855237,https://projects.propublica.org/nonprofits/full_text/202433209349317043/IRS990,2026-09-14,"1,855,237",Exact filed field; fiscal period dates taken from return header. Organization-wide amount; no AI allocation.,USD,273567814,TECHFREEDOM,/AppData/SubmissionHeaderAndDocument/SubmissionDocument/IRS990[1]/CYTotalExpensesAmt[1],EXPENSE,organization_expense,202433209349317043,TECHFREEDOM,TechFreedom,2023-12-31,2023-01-01,yes,industry,sources/return-202433209349317043.html
R-TECHFREEDOM-2023-CONTRIB-7043,1651644,https://projects.propublica.org/nonprofits/full_text/202433209349317043/IRS990,2026-09-14,"1,651,644",Exact filed field; fiscal period dates taken from return header. Organization-wide amount; no AI allocation.,USD,273567814,TECHFREEDOM,/AppData/SubmissionHeaderAndDocument/SubmissionDocument/IRS990[1]/CYContributionsGrantsAmt[1],CONTRIB,organization_contrib,202433209349317043,TECHFREEDOM,TechFreedom,2023-12-31,2023-01-01,yes,industry,sources/return-202433209349317043.html
R-TECHFREEDOM-2023-INVEST-7043,0,https://projects.propublica.org/nonprofits/full_text/202433209349317043/IRS990,2026-09-14,0,Exact filed field; fiscal period dates taken from return header. Organization-wide amount; no AI allocation.,USD,273567814,TECHFREEDOM,/AppData/SubmissionHeaderAndDocument/SubmissionDocument/IRS990[1]/CYInvestmentIncomeAmt[1],INVEST,organization_invest,202433209349317043,TECHFREEDOM,TechFreedom,2023-12-31,2023-01-01,yes,industry,sources/return-202433209349317043.html
R-TECHFREEDOM-2022-REV-0449,1579008,https://projects.propublica.org/nonprofits/full_text/202343119349300449/IRS990,2026-09-14,"1,579,008",Exact filed field; fiscal period dates taken from return header. Organization-wide amount; no AI allocation.,USD,273567814,TECHFREEDOM,/AppData/SubmissionHeaderAndDocument/SubmissionDocument/IRS990[1]/CYTotalRevenueAmt[1],REV,organization_rev,202343119349300449,TECHFREEDOM,TechFreedom,2022-12-31,2022-01-01,yes,industry,sources/return-202343119349300449.html
R-TECHFREEDOM-2022-ASSETS-0449,609316,https://projects.propublica.org/nonprofits/full_text/202343119349300449/IRS990,2026-09-14,"609,316",Exact filed field; fiscal period dates taken from return header. Organization-wide amount; no AI allocation.,USD,273567814,TECHFREEDOM,/AppData/SubmissionHeaderAndDocument/SubmissionDocument/IRS990[1]/TotalAssetsEOYAmt[1],ASSETS,organization_assets,202343119349300449,TECHFREEDOM,TechFreedom,2022-12-31,2022-01-01,yes,industry,sources/return-202343119349300449.html
R-TECHFREEDOM-2022-PROGRAM-0449,1002188,https://projects.propublica.org/nonprofits/full_text/202343119349300449/IRS990,2026-09-14,"1,002,188",Exact filed field; fiscal period dates taken from return header. Organization-wide amount; no AI allocation.,USD,273567814,TECHFREEDOM,/AppData/SubmissionHeaderAndDocument/SubmissionDocument/IRS990[1]/TotalProgramServiceExpensesAmt[1],PROGRAM,organization_program,202343119349300449,TECHFREEDOM,TechFreedom,2022-12-31,2022-01-01,yes,industry,sources/return-202343119349300449.html
R-TECHFREEDOM-2022-EXPENSE-0449,1666722,https://projects.propublica.org/nonprofits/full_text/202343119349300449/IRS990,2026-09-14,"1,666,722",Exact filed field; fiscal period dates taken from return header. Organization-wide amount; no AI allocation.,USD,273567814,TECHFREEDOM,/AppData/SubmissionHeaderAndDocument/SubmissionDocument/IRS990[1]/CYTotalExpensesAmt[1],EXPENSE,organization_expense,202343119349300449,TECHFREEDOM,TechFreedom,2022-12-31,2022-01-01,yes,industry,sources/return-202343119349300449.html
R-TECHFREEDOM-2022-CONTRIB-0449,1579008,https://projects.propublica.org/nonprofits/full_text/202343119349300449/IRS990,2026-09-14,"1,579,008",Exact filed field; fiscal period dates taken from return header. Organization-wide amount; no AI allocation.,USD,273567814,TECHFREEDOM,/AppData/SubmissionHeaderAndDocument/SubmissionDocument/IRS990[1]/CYContributionsGrantsAmt[1],CONTRIB,organization_contrib,202343119349300449,TECHFREEDOM,TechFreedom,2022-12-31,2022-01-01,yes,industry,sources/return-202343119349300449.html
R-TECHFREEDOM-2022-INVEST-0449,0,https://projects.propublica.org/nonprofits/full_text/202343119349300449/IRS990,2026-09-14,0,Exact filed field; fiscal period dates taken from return header. Organization-wide amount; no AI allocation.,USD,273567814,TECHFREEDOM,/AppData/SubmissionHeaderAndDocument/SubmissionDocument/IRS990[1]/CYInvestmentIncomeAmt[1],INVEST,organization_invest,202343119349300449,TECHFREEDOM,TechFreedom,2022-12-31,2022-01-01,yes,industry,sources/return-202343119349300449.html
R-TECHFREEDOM-2021-REV-6118,1262524,https://projects.propublica.org/nonprofits/full_text/202233189349316118/IRS990,2026-09-14,"1,262,524",Exact filed field; fiscal period dates taken from return header. Organization-wide amount; no AI allocation.,USD,273567814,TECHFREEDOM,/AppData/SubmissionHeaderAndDocument/SubmissionDocument/IRS990[1]/CYTotalRevenueAmt[1],REV,organization_rev,202233189349316118,TECHFREEDOM,TechFreedom,2021-12-31,2021-01-01,yes,industry,sources/return-202233189349316118.html
R-TECHFREEDOM-2021-ASSETS-6118,682336,https://projects.propublica.org/nonprofits/full_text/202233189349316118/IRS990,2026-09-14,"682,336",Exact filed field; fiscal period dates taken from return header. Organization-wide amount; no AI allocation.,USD,273567814,TECHFREEDOM,/AppData/SubmissionHeaderAndDocument/SubmissionDocument/IRS990[1]/TotalAssetsEOYAmt[1],ASSETS,organization_assets,202233189349316118,TECHFREEDOM,TechFreedom,2021-12-31,2021-01-01,yes,industry,sources/return-202233189349316118.html
R-TECHFREEDOM-2021-PROGRAM-6118,746102,https://projects.propublica.org/nonprofits/full_text/202233189349316118/IRS990,2026-09-14,"746,102",Exact filed field; fiscal period dates taken from return header. Organization-wide amount; no AI allocation.,USD,273567814,TECHFREEDOM,/AppData/SubmissionHeaderAndDocument/SubmissionDocument/IRS990[1]/TotalProgramServiceExpensesAmt[1],PROGRAM,organization_program,202233189349316118,TECHFREEDOM,TechFreedom,2021-12-31,2021-01-01,yes,industry,sources/return-202233189349316118.html
R-TECHFREEDOM-2021-EXPENSE-6118,1255689,https://projects.propublica.org/nonprofits/full_text/202233189349316118/IRS990,2026-09-14,"1,255,689",Exact filed field; fiscal period dates taken from return header. Organization-wide amount; no AI allocation.,USD,273567814,TECHFREEDOM,/AppData/SubmissionHeaderAndDocument/SubmissionDocument/IRS990[1]/CYTotalExpensesAmt[1],EXPENSE,organization_expense,202233189349316118,TECHFREEDOM,TechFreedom,2021-12-31,2021-01-01,yes,industry,sources/return-202233189349316118.html
R-TECHFREEDOM-2021-CONTRIB-6118,1262524,https://projects.propublica.org/nonprofits/full_text/202233189349316118/IRS990,2026-09-14,"1,262,524",Exact filed field; fiscal period dates taken from return header. Organization-wide amount; no AI allocation.,USD,273567814,TECHFREEDOM,/AppData/SubmissionHeaderAndDocument/SubmissionDocument/IRS990[1]/CYContributionsGrantsAmt[1],CONTRIB,organization_contrib,202233189349316118,TECHFREEDOM,TechFreedom,2021-12-31,2021-01-01,yes,industry,sources/return-202233189349316118.html
R-TECHFREEDOM-2021-INVEST-6118,0,https://projects.propublica.org/nonprofits/full_text/202233189349316118/IRS990,2026-09-14,0,Exact filed field; fiscal period dates taken from return header. Organization-wide amount; no AI allocation.,USD,273567814,TECHFREEDOM,/AppData/SubmissionHeaderAndDocument/SubmissionDocument/IRS990[1]/CYInvestmentIncomeAmt[1],INVEST,organization_invest,202233189349316118,TECHFREEDOM,TechFreedom,2021-12-31,2021-01-01,yes,industry,sources/return-202233189349316118.html
R-TECHFREEDOM-2020-REV-0470,1262215,https://projects.propublica.org/nonprofits/full_text/202103189349300470/IRS990,2026-09-14,"1,262,215",Exact filed field; fiscal period dates taken from return header. Organization-wide amount; no AI allocation.,USD,273567814,TECHFREEDOM,/AppData/SubmissionHeaderAndDocument/SubmissionDocument/IRS990[1]/CYTotalRevenueAmt[1],REV,organization_rev,202103189349300470,TECHFREEDOM,TechFreedom,2020-12-31,2020-01-01,yes,industry,sources/return-202103189349300470.html
R-TECHFREEDOM-2020-ASSETS-0470,766215,https://projects.propublica.org/nonprofits/full_text/202103189349300470/IRS990,2026-09-14,"766,215",Exact filed field; fiscal period dates taken from return header. Organization-wide amount; no AI allocation.,USD,273567814,TECHFREEDOM,/AppData/SubmissionHeaderAndDocument/SubmissionDocument/IRS990[1]/TotalAssetsEOYAmt[1],ASSETS,organization_assets,202103189349300470,TECHFREEDOM,TechFreedom,2020-12-31,2020-01-01,yes,industry,sources/return-202103189349300470.html
R-TECHFREEDOM-2020-PROGRAM-0470,577368,https://projects.propublica.org/nonprofits/full_text/202103189349300470/IRS990,2026-09-14,"577,368",Exact filed field; fiscal period dates taken from return header. Organization-wide amount; no AI allocation.,USD,273567814,TECHFREEDOM,/AppData/SubmissionHeaderAndDocument/SubmissionDocument/IRS990[1]/TotalProgramServiceExpensesAmt[1],PROGRAM,organization_program,202103189349300470,TECHFREEDOM,TechFreedom,2020-12-31,2020-01-01,yes,industry,sources/return-202103189349300470.html
R-TECHFREEDOM-2020-EXPENSE-0470,882698,https://projects.propublica.org/nonprofits/full_text/202103189349300470/IRS990,2026-09-14,"882,698",Exact filed field; fiscal period dates taken from return header. Organization-wide amount; no AI allocation.,USD,273567814,TECHFREEDOM,/AppData/SubmissionHeaderAndDocument/SubmissionDocument/IRS990[1]/CYTotalExpensesAmt[1],EXPENSE,organization_expense,202103189349300470,TECHFREEDOM,TechFreedom,2020-12-31,2020-01-01,yes,industry,sources/return-202103189349300470.html
R-TECHFREEDOM-2020-CONTRIB-0470,1261725,https://projects.propublica.org/nonprofits/full_text/202103189349300470/IRS990,2026-09-14,"1,261,725",Exact filed field; fiscal period dates taken from return header. Organization-wide amount; no AI allocation.,USD,273567814,TECHFREEDOM,/AppData/SubmissionHeaderAndDocument/SubmissionDocument/IRS990[1]/CYContributionsGrantsAmt[1],CONTRIB,organization_contrib,202103189349300470,TECHFREEDOM,TechFreedom,2020-12-31,2020-01-01,yes,industry,sources/return-202103189349300470.html
R-TECHFREEDOM-2020-INVEST-0470,0,https://projects.propublica.org/nonprofits/full_text/202103189349300470/IRS990,2026-09-14,0,Exact filed field; fiscal period dates taken from return header. Organization-wide amount; no AI allocation.,USD,273567814,TECHFREEDOM,/AppData/SubmissionHeaderAndDocument/SubmissionDocument/IRS990[1]/CYInvestmentIncomeAmt[1],INVEST,organization_invest,202103189349300470,TECHFREEDOM,TechFreedom,2020-12-31,2020-01-01,yes,industry,sources/return-202103189349300470.html
R-TECHFREEDOM-2019-REV-1866,988378,https://projects.propublica.org/nonprofits/full_text/202012249349301866/IRS990,2026-09-14,"988,378",Exact filed field; fiscal period dates taken from return header. Organization-wide amount; no AI allocation.,USD,273567814,TECHFREEDOM,/AppData/SubmissionHeaderAndDocument/SubmissionDocument/IRS990[1]/CYTotalRevenueAmt[1],REV,organization_rev,202012249349301866,TECHFREEDOM,TechFreedom,2019-12-31,2019-01-01,yes,industry,sources/return-202012249349301866.html
R-TECHFREEDOM-2019-ASSETS-1866,275640,https://projects.propublica.org/nonprofits/full_text/202012249349301866/IRS990,2026-09-14,"275,640",Exact filed field; fiscal period dates taken from return header. Organization-wide amount; no AI allocation.,USD,273567814,TECHFREEDOM,/AppData/SubmissionHeaderAndDocument/SubmissionDocument/IRS990[1]/TotalAssetsEOYAmt[1],ASSETS,organization_assets,202012249349301866,TECHFREEDOM,TechFreedom,2019-12-31,2019-01-01,yes,industry,sources/return-202012249349301866.html
R-TECHFREEDOM-2019-PROGRAM-1866,484940,https://projects.propublica.org/nonprofits/full_text/202012249349301866/IRS990,2026-09-14,"484,940",Exact filed field; fiscal period dates taken from return header. Organization-wide amount; no AI allocation.,USD,273567814,TECHFREEDOM,/AppData/SubmissionHeaderAndDocument/SubmissionDocument/IRS990[1]/TotalProgramServiceExpensesAmt[1],PROGRAM,organization_program,202012249349301866,TECHFREEDOM,TechFreedom,2019-12-31,2019-01-01,yes,industry,sources/return-202012249349301866.html
R-TECHFREEDOM-2019-EXPENSE-1866,833772,https://projects.propublica.org/nonprofits/full_text/202012249349301866/IRS990,2026-09-14,"833,772",Exact filed field; fiscal period dates taken from return header. Organization-wide amount; no AI allocation.,USD,273567814,TECHFREEDOM,/AppData/SubmissionHeaderAndDocument/SubmissionDocument/IRS990[1]/CYTotalExpensesAmt[1],EXPENSE,organization_expense,202012249349301866,TECHFREEDOM,TechFreedom,2019-12-31,2019-01-01,yes,industry,sources/return-202012249349301866.html
R-TECHFREEDOM-2019-CONTRIB-1866,988378,https://projects.propublica.org/nonprofits/full_text/202012249349301866/IRS990,2026-09-14,"988,378",Exact filed field; fiscal period dates taken from return header. Organization-wide amount; no AI allocation.,USD,273567814,TECHFREEDOM,/AppData/SubmissionHeaderAndDocument/SubmissionDocument/IRS990[1]/CYContributionsGrantsAmt[1],CONTRIB,organization_contrib,202012249349301866,TECHFREEDOM,TechFreedom,2019-12-31,2019-01-01,yes,industry,sources/return-202012249349301866.html
R-TECHFREEDOM-2019-INVEST-1866,0,https://projects.propublica.org/nonprofits/full_text/202012249349301866/IRS990,2026-09-14,0,Exact filed field; fiscal period dates taken from return header. Organization-wide amount; no AI allocation.,USD,273567814,TECHFREEDOM,/AppData/SubmissionHeaderAndDocument/SubmissionDocument/IRS990[1]/CYInvestmentIncomeAmt[1],INVEST,organization_invest,202012249349301866,TECHFREEDOM,TechFreedom,2019-12-31,2019-01-01,yes,industry,sources/return-202012249349301866.html
R-FLI-2024-REV-3667,21273381,https://projects.propublica.org/nonprofits/full_text/202523119349303667/IRS990,2026-09-14,"21,273,381",Exact filed field; fiscal period dates taken from return header. Organization-wide amount; no AI allocation.,USD,471052538,FLI,/AppData/SubmissionHeaderAndDocument/SubmissionDocument/IRS990[1]/CYTotalRevenueAmt[1],REV,organization_rev,202523119349303667,FLI,Future of Life Institute,2024-12-31,2024-01-01,yes,safety,sources/return-202523119349303667.html
R-FLI-2024-ASSETS-3667,6348222,https://projects.propublica.org/nonprofits/full_text/202523119349303667/IRS990,2026-09-14,"6,348,222",Exact filed field; fiscal period dates taken from return header. Organization-wide amount; no AI allocation.,USD,471052538,FLI,/AppData/SubmissionHeaderAndDocument/SubmissionDocument/IRS990[1]/TotalAssetsEOYAmt[1],ASSETS,organization_assets,202523119349303667,FLI,Future of Life Institute,2024-12-31,2024-01-01,yes,safety,sources/return-202523119349303667.html
R-FLI-2024-PROGRAM-3667,15846086,https://projects.propublica.org/nonprofits/full_text/202523119349303667/IRS990,2026-09-14,"15,846,086",Exact filed field; fiscal period dates taken from return header. Organization-wide amount; no AI allocation.,USD,471052538,FLI,/AppData/SubmissionHeaderAndDocument/SubmissionDocument/IRS990[1]/TotalProgramServiceExpensesAmt[1],PROGRAM,organization_program,202523119349303667,FLI,Future of Life Institute,2024-12-31,2024-01-01,yes,safety,sources/return-202523119349303667.html
R-FLI-2024-EXPENSE-3667,17399051,https://projects.propublica.org/nonprofits/full_text/202523119349303667/IRS990,2026-09-14,"17,399,051",Exact filed field; fiscal period dates taken from return header. Organization-wide amount; no AI allocation.,USD,471052538,FLI,/AppData/SubmissionHeaderAndDocument/SubmissionDocument/IRS990[1]/CYTotalExpensesAmt[1],EXPENSE,organization_expense,202523119349303667,FLI,Future of Life Institute,2024-12-31,2024-01-01,yes,safety,sources/return-202523119349303667.html
R-FLI-2024-CONTRIB-3667,21136620,https://projects.propublica.org/nonprofits/full_text/202523119349303667/IRS990,2026-09-14,"21,136,620",Exact filed field; fiscal period dates taken from return header. Organization-wide amount; no AI allocation.,USD,471052538,FLI,/AppData/SubmissionHeaderAndDocument/SubmissionDocument/IRS990[1]/CYContributionsGrantsAmt[1],CONTRIB,organization_contrib,202523119349303667,FLI,Future of Life Institute,2024-12-31,2024-01-01,yes,safety,sources/return-202523119349303667.html
R-FLI-2024-INVEST-3667,135893,https://projects.propublica.org/nonprofits/full_text/202523119349303667/IRS990,2026-09-14,"135,893",Exact filed field; fiscal period dates taken from return header. Organization-wide amount; no AI allocation.,USD,471052538,FLI,/AppData/SubmissionHeaderAndDocument/SubmissionDocument/IRS990[1]/CYInvestmentIncomeAmt[1],INVEST,organization_invest,202523119349303667,FLI,Future of Life Institute,2024-12-31,2024-01-01,yes,safety,sources/return-202523119349303667.html
R-FLI-2023-REV-1937,4717340,https://projects.propublica.org/nonprofits/full_text/202521139349301937/IRS990,2026-09-14,"4,717,340",Exact filed field; fiscal period dates taken from return header. Organization-wide amount; no AI allocation.,USD,471052538,FLI,/AppData/SubmissionHeaderAndDocument/SubmissionDocument/IRS990[1]/CYTotalRevenueAmt[1],REV,organization_rev,202521139349301937,FLI,Future of Life Institute,2023-12-31,2023-01-01,yes,safety,sources/return-202521139349301937.html
R-FLI-2023-ASSETS-1937,1785621,https://projects.propublica.org/nonprofits/full_text/202521139349301937/IRS990,2026-09-14,"1,785,621",Exact filed field; fiscal period dates taken from return header. Organization-wide amount; no AI allocation.,USD,471052538,FLI,/AppData/SubmissionHeaderAndDocument/SubmissionDocument/IRS990[1]/TotalAssetsEOYAmt[1],ASSETS,organization_assets,202521139349301937,FLI,Future of Life Institute,2023-12-31,2023-01-01,yes,safety,sources/return-202521139349301937.html
R-FLI-2023-PROGRAM-1937,15298237,https://projects.propublica.org/nonprofits/full_text/202521139349301937/IRS990,2026-09-14,"15,298,237",Exact filed field; fiscal period dates taken from return header. Organization-wide amount; no AI allocation.,USD,471052538,FLI,/AppData/SubmissionHeaderAndDocument/SubmissionDocument/IRS990[1]/TotalProgramServiceExpensesAmt[1],PROGRAM,organization_program,202521139349301937,FLI,Future of Life Institute,2023-12-31,2023-01-01,yes,safety,sources/return-202521139349301937.html
R-FLI-2023-EXPENSE-1937,16317712,https://projects.propublica.org/nonprofits/full_text/202521139349301937/IRS990,2026-09-14,"16,317,712",Exact filed field; fiscal period dates taken from return header. Organization-wide amount; no AI allocation.,USD,471052538,FLI,/AppData/SubmissionHeaderAndDocument/SubmissionDocument/IRS990[1]/CYTotalExpensesAmt[1],EXPENSE,organization_expense,202521139349301937,FLI,Future of Life Institute,2023-12-31,2023-01-01,yes,safety,sources/return-202521139349301937.html
R-FLI-2023-CONTRIB-1937,4874714,https://projects.propublica.org/nonprofits/full_text/202521139349301937/IRS990,2026-09-14,"4,874,714",Exact filed field; fiscal period dates taken from return header. Organization-wide amount; no AI allocation.,USD,471052538,FLI,/AppData/SubmissionHeaderAndDocument/SubmissionDocument/IRS990[1]/CYContributionsGrantsAmt[1],CONTRIB,organization_contrib,202521139349301937,FLI,Future of Life Institute,2023-12-31,2023-01-01,yes,safety,sources/return-202521139349301937.html
R-FLI-2023-INVEST-1937,-157374,https://projects.propublica.org/nonprofits/full_text/202521139349301937/IRS990,2026-09-14,"-157,374",Exact filed field; fiscal period dates taken from return header. Organization-wide amount; no AI allocation.,USD,471052538,FLI,/AppData/SubmissionHeaderAndDocument/SubmissionDocument/IRS990[1]/CYInvestmentIncomeAmt[1],INVEST,organization_invest,202521139349301937,FLI,Future of Life Institute,2023-12-31,2023-01-01,yes,safety,sources/return-202521139349301937.html
R-FLI-2023-NETSALES-1937,-333654,https://projects.propublica.org/nonprofits/full_text/202521139349301937/IRS990,2026-09-14,"-333,654",Exact filed field; fiscal period dates taken from return header. Organization-wide amount; no AI allocation.,USD,471052538,FLI,/AppData/SubmissionHeaderAndDocument/SubmissionDocument/IRS990[1]/NetGainOrLossInvestmentsGrp[1]/TotalRevenueColumnAmt[1],NETSALES,organization_netsales,202521139349301937,FLI,Future of Life Institute,2023-12-31,2023-01-01,yes,safety,sources/return-202521139349301937.html
R-FLI-2022-REV-1606,-85626657,https://projects.propublica.org/nonprofits/full_text/202510309349301606/IRS990,2026-09-14,"-85,626,657",Exact filed field; fiscal period dates taken from return header. Organization-wide amount; no AI allocation.,USD,471052538,FLI,/AppData/SubmissionHeaderAndDocument/SubmissionDocument/IRS990[1]/CYTotalRevenueAmt[1],REV,organization_rev,202510309349301606,FLI,Future of Life Institute,2022-12-31,2022-01-01,yes,safety,sources/return-202510309349301606.html
R-FLI-2022-ASSETS-1606,11827052,https://projects.propublica.org/nonprofits/full_text/202510309349301606/IRS990,2026-09-14,"11,827,052",Exact filed field; fiscal period dates taken from return header. Organization-wide amount; no AI allocation.,USD,471052538,FLI,/AppData/SubmissionHeaderAndDocument/SubmissionDocument/IRS990[1]/TotalAssetsEOYAmt[1],ASSETS,organization_assets,202510309349301606,FLI,Future of Life Institute,2022-12-31,2022-01-01,yes,safety,sources/return-202510309349301606.html
R-FLI-2022-PROGRAM-1606,377862547,https://projects.propublica.org/nonprofits/full_text/202510309349301606/IRS990,2026-09-14,"377,862,547",Exact filed field; fiscal period dates taken from return header. Organization-wide amount; no AI allocation.,USD,471052538,FLI,/AppData/SubmissionHeaderAndDocument/SubmissionDocument/IRS990[1]/TotalProgramServiceExpensesAmt[1],PROGRAM,organization_program,202510309349301606,FLI,Future of Life Institute,2022-12-31,2022-01-01,yes,safety,sources/return-202510309349301606.html
R-FLI-2022-EXPENSE-1606,379048482,https://projects.propublica.org/nonprofits/full_text/202510309349301606/IRS990,2026-09-14,"379,048,482",Exact filed field; fiscal period dates taken from return header. Organization-wide amount; no AI allocation.,USD,471052538,FLI,/AppData/SubmissionHeaderAndDocument/SubmissionDocument/IRS990[1]/CYTotalExpensesAmt[1],EXPENSE,organization_expense,202510309349301606,FLI,Future of Life Institute,2022-12-31,2022-01-01,yes,safety,sources/return-202510309349301606.html
R-FLI-2022-CONTRIB-1606,21898,https://projects.propublica.org/nonprofits/full_text/202510309349301606/IRS990,2026-09-14,"21,898",Exact filed field; fiscal period dates taken from return header. Organization-wide amount; no AI allocation.,USD,471052538,FLI,/AppData/SubmissionHeaderAndDocument/SubmissionDocument/IRS990[1]/CYContributionsGrantsAmt[1],CONTRIB,organization_contrib,202510309349301606,FLI,Future of Life Institute,2022-12-31,2022-01-01,yes,safety,sources/return-202510309349301606.html
R-FLI-2022-INVEST-1606,-85648555,https://projects.propublica.org/nonprofits/full_text/202510309349301606/IRS990,2026-09-14,"-85,648,555",Exact filed field; fiscal period dates taken from return header. Organization-wide amount; no AI allocation.,USD,471052538,FLI,/AppData/SubmissionHeaderAndDocument/SubmissionDocument/IRS990[1]/CYInvestmentIncomeAmt[1],INVEST,organization_invest,202510309349301606,FLI,Future of Life Institute,2022-12-31,2022-01-01,yes,safety,sources/return-202510309349301606.html
R-FLI-2022-NETSALES-1606,-90006069,https://projects.propublica.org/nonprofits/full_text/202510309349301606/IRS990,2026-09-14,"-90,006,069",Exact filed field; fiscal period dates taken from return header. Organization-wide amount; no AI allocation.,USD,471052538,FLI,/AppData/SubmissionHeaderAndDocument/SubmissionDocument/IRS990[1]/NetGainOrLossInvestmentsGrp[1]/TotalRevenueColumnAmt[1],NETSALES,organization_netsales,202510309349301606,FLI,Future of Life Institute,2022-12-31,2022-01-01,yes,safety,sources/return-202510309349301606.html
R-FLI-2021-REV-0240,549531672,https://projects.propublica.org/nonprofits/full_text/202400669349300240/IRS990,2026-09-14,"549,531,672",Exact filed field; fiscal period dates taken from return header. Organization-wide amount; no AI allocation.,USD,471052538,FLI,/AppData/SubmissionHeaderAndDocument/SubmissionDocument/IRS990[1]/CYTotalRevenueAmt[1],REV,organization_rev,202400669349300240,FLI,Future of Life Institute,2021-12-31,2021-01-01,yes,safety,sources/return-202400669349300240.html
R-FLI-2021-ASSETS-0240,537164374,https://projects.propublica.org/nonprofits/full_text/202400669349300240/IRS990,2026-09-14,"537,164,374",Exact filed field; fiscal period dates taken from return header. Organization-wide amount; no AI allocation.,USD,471052538,FLI,/AppData/SubmissionHeaderAndDocument/SubmissionDocument/IRS990[1]/TotalAssetsEOYAmt[1],ASSETS,organization_assets,202400669349300240,FLI,Future of Life Institute,2021-12-31,2021-01-01,yes,safety,sources/return-202400669349300240.html
R-FLI-2021-PROGRAM-0240,15588128,https://projects.propublica.org/nonprofits/full_text/202400669349300240/IRS990,2026-09-14,"15,588,128",Exact filed field; fiscal period dates taken from return header. Organization-wide amount; no AI allocation.,USD,471052538,FLI,/AppData/SubmissionHeaderAndDocument/SubmissionDocument/IRS990[1]/TotalProgramServiceExpensesAmt[1],PROGRAM,organization_program,202400669349300240,FLI,Future of Life Institute,2021-12-31,2021-01-01,yes,safety,sources/return-202400669349300240.html
R-FLI-2021-EXPENSE-0240,16065773,https://projects.propublica.org/nonprofits/full_text/202400669349300240/IRS990,2026-09-14,"16,065,773",Exact filed field; fiscal period dates taken from return header. Organization-wide amount; no AI allocation.,USD,471052538,FLI,/AppData/SubmissionHeaderAndDocument/SubmissionDocument/IRS990[1]/CYTotalExpensesAmt[1],EXPENSE,organization_expense,202400669349300240,FLI,Future of Life Institute,2021-12-31,2021-01-01,yes,safety,sources/return-202400669349300240.html
R-FLI-2021-CONTRIB-0240,670530459,https://projects.propublica.org/nonprofits/full_text/202400669349300240/IRS990,2026-09-14,"670,530,459",Exact filed field; fiscal period dates taken from return header. Organization-wide amount; no AI allocation.,USD,471052538,FLI,/AppData/SubmissionHeaderAndDocument/SubmissionDocument/IRS990[1]/CYContributionsGrantsAmt[1],CONTRIB,organization_contrib,202400669349300240,FLI,Future of Life Institute,2021-12-31,2021-01-01,yes,safety,sources/return-202400669349300240.html
R-FLI-2021-INVEST-0240,-120998787,https://projects.propublica.org/nonprofits/full_text/202400669349300240/IRS990,2026-09-14,"-120,998,787",Exact filed field; fiscal period dates taken from return header. Organization-wide amount; no AI allocation.,USD,471052538,FLI,/AppData/SubmissionHeaderAndDocument/SubmissionDocument/IRS990[1]/CYInvestmentIncomeAmt[1],INVEST,organization_invest,202400669349300240,FLI,Future of Life Institute,2021-12-31,2021-01-01,yes,safety,sources/return-202400669349300240.html
R-FLI-2021-NETSALES-0240,-123558439,https://projects.propublica.org/nonprofits/full_text/202400669349300240/IRS990,2026-09-14,"-123,558,439",Exact filed field; fiscal period dates taken from return header. Organization-wide amount; no AI allocation.,USD,471052538,FLI,/AppData/SubmissionHeaderAndDocument/SubmissionDocument/IRS990[1]/NetGainOrLossInvestmentsGrp[1]/TotalRevenueColumnAmt[1],NETSALES,organization_netsales,202400669349300240,FLI,Future of Life Institute,2021-12-31,2021-01-01,yes,safety,sources/return-202400669349300240.html
R-FLI-2020-REV-2107,482479,https://projects.propublica.org/nonprofits/full_text/202123199349312107/IRS990,2026-09-14,"482,479",Exact filed field; fiscal period dates taken from return header. Organization-wide amount; no AI allocation.,USD,471052538,FLI,/AppData/SubmissionHeaderAndDocument/SubmissionDocument/IRS990[1]/CYTotalRevenueAmt[1],REV,organization_rev,202123199349312107,FLI,Future of Life Institute,2020-12-31,2020-01-01,yes,safety,sources/return-202123199349312107.html
R-FLI-2020-ASSETS-2107,2360211,https://projects.propublica.org/nonprofits/full_text/202123199349312107/IRS990,2026-09-14,"2,360,211",Exact filed field; fiscal period dates taken from return header. Organization-wide amount; no AI allocation.,USD,471052538,FLI,/AppData/SubmissionHeaderAndDocument/SubmissionDocument/IRS990[1]/TotalAssetsEOYAmt[1],ASSETS,organization_assets,202123199349312107,FLI,Future of Life Institute,2020-12-31,2020-01-01,yes,safety,sources/return-202123199349312107.html
R-FLI-2020-PROGRAM-2107,468809,https://projects.propublica.org/nonprofits/full_text/202123199349312107/IRS990,2026-09-14,"468,809",Exact filed field; fiscal period dates taken from return header. Organization-wide amount; no AI allocation.,USD,471052538,FLI,/AppData/SubmissionHeaderAndDocument/SubmissionDocument/IRS990[1]/TotalProgramServiceExpensesAmt[1],PROGRAM,organization_program,202123199349312107,FLI,Future of Life Institute,2020-12-31,2020-01-01,yes,safety,sources/return-202123199349312107.html
R-FLI-2020-EXPENSE-2107,468809,https://projects.propublica.org/nonprofits/full_text/202123199349312107/IRS990,2026-09-14,"468,809",Exact filed field; fiscal period dates taken from return header. Organization-wide amount; no AI allocation.,USD,471052538,FLI,/AppData/SubmissionHeaderAndDocument/SubmissionDocument/IRS990[1]/CYTotalExpensesAmt[1],EXPENSE,organization_expense,202123199349312107,FLI,Future of Life Institute,2020-12-31,2020-01-01,yes,safety,sources/return-202123199349312107.html
R-FLI-2020-CONTRIB-2107,481825,https://projects.propublica.org/nonprofits/full_text/202123199349312107/IRS990,2026-09-14,"481,825",Exact filed field; fiscal period dates taken from return header. Organization-wide amount; no AI allocation.,USD,471052538,FLI,/AppData/SubmissionHeaderAndDocument/SubmissionDocument/IRS990[1]/CYContributionsGrantsAmt[1],CONTRIB,organization_contrib,202123199349312107,FLI,Future of Life Institute,2020-12-31,2020-01-01,yes,safety,sources/return-202123199349312107.html
R-FLI-2020-INVEST-2107,654,https://projects.propublica.org/nonprofits/full_text/202123199349312107/IRS990,2026-09-14,654,Exact filed field; fiscal period dates taken from return header. Organization-wide amount; no AI allocation.,USD,471052538,FLI,/AppData/SubmissionHeaderAndDocument/SubmissionDocument/IRS990[1]/CYInvestmentIncomeAmt[1],INVEST,organization_invest,202123199349312107,FLI,Future of Life Institute,2020-12-31,2020-01-01,yes,safety,sources/return-202123199349312107.html
R-FLI-2019-REV-2049,2383219,https://projects.propublica.org/nonprofits/full_text/202043219349312049/IRS990,2026-09-14,"2,383,219",Exact filed field; fiscal period dates taken from return header. Organization-wide amount; no AI allocation.,USD,471052538,FLI,/AppData/SubmissionHeaderAndDocument/SubmissionDocument/IRS990[1]/CYTotalRevenueAmt[1],REV,organization_rev,202043219349312049,FLI,Future of Life Institute,2019-12-31,2019-01-01,yes,safety,sources/return-202043219349312049.html
R-FLI-2019-ASSETS-2049,2346541,https://projects.propublica.org/nonprofits/full_text/202043219349312049/IRS990,2026-09-14,"2,346,541",Exact filed field; fiscal period dates taken from return header. Organization-wide amount; no AI allocation.,USD,471052538,FLI,/AppData/SubmissionHeaderAndDocument/SubmissionDocument/IRS990[1]/TotalAssetsEOYAmt[1],ASSETS,organization_assets,202043219349312049,FLI,Future of Life Institute,2019-12-31,2019-01-01,yes,safety,sources/return-202043219349312049.html
R-FLI-2019-PROGRAM-2049,1278585,https://projects.propublica.org/nonprofits/full_text/202043219349312049/IRS990,2026-09-14,"1,278,585",Exact filed field; fiscal period dates taken from return header. Organization-wide amount; no AI allocation.,USD,471052538,FLI,/AppData/SubmissionHeaderAndDocument/SubmissionDocument/IRS990[1]/TotalProgramServiceExpensesAmt[1],PROGRAM,organization_program,202043219349312049,FLI,Future of Life Institute,2019-12-31,2019-01-01,yes,safety,sources/return-202043219349312049.html
R-FLI-2019-EXPENSE-2049,1278585,https://projects.propublica.org/nonprofits/full_text/202043219349312049/IRS990,2026-09-14,"1,278,585",Exact filed field; fiscal period dates taken from return header. Organization-wide amount; no AI allocation.,USD,471052538,FLI,/AppData/SubmissionHeaderAndDocument/SubmissionDocument/IRS990[1]/CYTotalExpensesAmt[1],EXPENSE,organization_expense,202043219349312049,FLI,Future of Life Institute,2019-12-31,2019-01-01,yes,safety,sources/return-202043219349312049.html
R-FLI-2019-CONTRIB-2049,2382596,https://projects.propublica.org/nonprofits/full_text/202043219349312049/IRS990,2026-09-14,"2,382,596",Exact filed field; fiscal period dates taken from return header. Organization-wide amount; no AI allocation.,USD,471052538,FLI,/AppData/SubmissionHeaderAndDocument/SubmissionDocument/IRS990[1]/CYContributionsGrantsAmt[1],CONTRIB,organization_contrib,202043219349312049,FLI,Future of Life Institute,2019-12-31,2019-01-01,yes,safety,sources/return-202043219349312049.html
R-FLI-2019-INVEST-2049,623,https://projects.propublica.org/nonprofits/full_text/202043219349312049/IRS990,2026-09-14,623,Exact filed field; fiscal period dates taken from return header. Organization-wide amount; no AI allocation.,USD,471052538,FLI,/AppData/SubmissionHeaderAndDocument/SubmissionDocument/IRS990[1]/CYInvestmentIncomeAmt[1],INVEST,organization_invest,202043219349312049,FLI,Future of Life Institute,2019-12-31,2019-01-01,yes,safety,sources/return-202043219349312049.html
R-PCF-2024-REV-1107,14844863,https://projects.propublica.org/nonprofits/full_text/202521499349301107/IRS990,2026-09-14,"14,844,863",Exact filed field; fiscal period dates taken from return header. Organization-wide amount; no AI allocation.,USD,521263996,PC,/AppData/SubmissionHeaderAndDocument/SubmissionDocument/IRS990[1]/CYTotalRevenueAmt[1],REV,organization_rev,202521499349301107,PCF,Public Citizen Foundation,2024-09-30,2023-10-01,yes,comparator,sources/return-202521499349301107.html
R-PCF-2024-ASSETS-1107,35761953,https://projects.propublica.org/nonprofits/full_text/202521499349301107/IRS990,2026-09-14,"35,761,953",Exact filed field; fiscal period dates taken from return header. Organization-wide amount; no AI allocation.,USD,521263996,PC,/AppData/SubmissionHeaderAndDocument/SubmissionDocument/IRS990[1]/TotalAssetsEOYAmt[1],ASSETS,organization_assets,202521499349301107,PCF,Public Citizen Foundation,2024-09-30,2023-10-01,yes,comparator,sources/return-202521499349301107.html
R-PCF-2024-PROGRAM-1107,15488946,https://projects.propublica.org/nonprofits/full_text/202521499349301107/IRS990,2026-09-14,"15,488,946",Exact filed field; fiscal period dates taken from return header. Organization-wide amount; no AI allocation.,USD,521263996,PC,/AppData/SubmissionHeaderAndDocument/SubmissionDocument/IRS990[1]/TotalProgramServiceExpensesAmt[1],PROGRAM,organization_program,202521499349301107,PCF,Public Citizen Foundation,2024-09-30,2023-10-01,yes,comparator,sources/return-202521499349301107.html
R-PCF-2024-EXPENSE-1107,17865500,https://projects.propublica.org/nonprofits/full_text/202521499349301107/IRS990,2026-09-14,"17,865,500",Exact filed field; fiscal period dates taken from return header. Organization-wide amount; no AI allocation.,USD,521263996,PC,/AppData/SubmissionHeaderAndDocument/SubmissionDocument/IRS990[1]/CYTotalExpensesAmt[1],EXPENSE,organization_expense,202521499349301107,PCF,Public Citizen Foundation,2024-09-30,2023-10-01,yes,comparator,sources/return-202521499349301107.html
R-PCF-2024-CONTRIB-1107,13300225,https://projects.propublica.org/nonprofits/full_text/202521499349301107/IRS990,2026-09-14,"13,300,225",Exact filed field; fiscal period dates taken from return header. Organization-wide amount; no AI allocation.,USD,521263996,PC,/AppData/SubmissionHeaderAndDocument/SubmissionDocument/IRS990[1]/CYContributionsGrantsAmt[1],CONTRIB,organization_contrib,202521499349301107,PCF,Public Citizen Foundation,2024-09-30,2023-10-01,yes,comparator,sources/return-202521499349301107.html
R-PCF-2024-INVEST-1107,433138,https://projects.propublica.org/nonprofits/full_text/202521499349301107/IRS990,2026-09-14,"433,138",Exact filed field; fiscal period dates taken from return header. Organization-wide amount; no AI allocation.,USD,521263996,PC,/AppData/SubmissionHeaderAndDocument/SubmissionDocument/IRS990[1]/CYInvestmentIncomeAmt[1],INVEST,organization_invest,202521499349301107,PCF,Public Citizen Foundation,2024-09-30,2023-10-01,yes,comparator,sources/return-202521499349301107.html
R-PCF-2024-NETSALES-1107,-314146,https://projects.propublica.org/nonprofits/full_text/202521499349301107/IRS990,2026-09-14,"-314,146",Exact filed field; fiscal period dates taken from return header. Organization-wide amount; no AI allocation.,USD,521263996,PC,/AppData/SubmissionHeaderAndDocument/SubmissionDocument/IRS990[1]/NetGainOrLossInvestmentsGrp[1]/TotalRevenueColumnAmt[1],NETSALES,organization_netsales,202521499349301107,PCF,Public Citizen Foundation,2024-09-30,2023-10-01,yes,comparator,sources/return-202521499349301107.html
R-PCF-2023-REV-1550,13389271,https://projects.propublica.org/nonprofits/full_text/202401509349301550/IRS990,2026-09-14,"13,389,271",Exact filed field; fiscal period dates taken from return header. Organization-wide amount; no AI allocation.,USD,521263996,PC,/AppData/SubmissionHeaderAndDocument/SubmissionDocument/IRS990[1]/CYTotalRevenueAmt[1],REV,organization_rev,202401509349301550,PCF,Public Citizen Foundation,2023-09-30,2022-10-01,yes,comparator,sources/return-202401509349301550.html
R-PCF-2023-ASSETS-1550,33737010,https://projects.propublica.org/nonprofits/full_text/202401509349301550/IRS990,2026-09-14,"33,737,010",Exact filed field; fiscal period dates taken from return header. Organization-wide amount; no AI allocation.,USD,521263996,PC,/AppData/SubmissionHeaderAndDocument/SubmissionDocument/IRS990[1]/TotalAssetsEOYAmt[1],ASSETS,organization_assets,202401509349301550,PCF,Public Citizen Foundation,2023-09-30,2022-10-01,yes,comparator,sources/return-202401509349301550.html
R-PCF-2023-PROGRAM-1550,15556588,https://projects.propublica.org/nonprofits/full_text/202401509349301550/IRS990,2026-09-14,"15,556,588",Exact filed field; fiscal period dates taken from return header. Organization-wide amount; no AI allocation.,USD,521263996,PC,/AppData/SubmissionHeaderAndDocument/SubmissionDocument/IRS990[1]/TotalProgramServiceExpensesAmt[1],PROGRAM,organization_program,202401509349301550,PCF,Public Citizen Foundation,2023-09-30,2022-10-01,yes,comparator,sources/return-202401509349301550.html
R-PCF-2023-EXPENSE-1550,18066747,https://projects.propublica.org/nonprofits/full_text/202401509349301550/IRS990,2026-09-14,"18,066,747",Exact filed field; fiscal period dates taken from return header. Organization-wide amount; no AI allocation.,USD,521263996,PC,/AppData/SubmissionHeaderAndDocument/SubmissionDocument/IRS990[1]/CYTotalExpensesAmt[1],EXPENSE,organization_expense,202401509349301550,PCF,Public Citizen Foundation,2023-09-30,2022-10-01,yes,comparator,sources/return-202401509349301550.html
R-PCF-2023-CONTRIB-1550,12113803,https://projects.propublica.org/nonprofits/full_text/202401509349301550/IRS990,2026-09-14,"12,113,803",Exact filed field; fiscal period dates taken from return header. Organization-wide amount; no AI allocation.,USD,521263996,PC,/AppData/SubmissionHeaderAndDocument/SubmissionDocument/IRS990[1]/CYContributionsGrantsAmt[1],CONTRIB,organization_contrib,202401509349301550,PCF,Public Citizen Foundation,2023-09-30,2022-10-01,yes,comparator,sources/return-202401509349301550.html
R-PCF-2023-INVEST-1550,325754,https://projects.propublica.org/nonprofits/full_text/202401509349301550/IRS990,2026-09-14,"325,754",Exact filed field; fiscal period dates taken from return header. Organization-wide amount; no AI allocation.,USD,521263996,PC,/AppData/SubmissionHeaderAndDocument/SubmissionDocument/IRS990[1]/CYInvestmentIncomeAmt[1],INVEST,organization_invest,202401509349301550,PCF,Public Citizen Foundation,2023-09-30,2022-10-01,yes,comparator,sources/return-202401509349301550.html
R-PCF-2023-NETSALES-1550,-458970,https://projects.propublica.org/nonprofits/full_text/202401509349301550/IRS990,2026-09-14,"-458,970",Exact filed field; fiscal period dates taken from return header. Organization-wide amount; no AI allocation.,USD,521263996,PC,/AppData/SubmissionHeaderAndDocument/SubmissionDocument/IRS990[1]/NetGainOrLossInvestmentsGrp[1]/TotalRevenueColumnAmt[1],NETSALES,organization_netsales,202401509349301550,PCF,Public Citizen Foundation,2023-09-30,2022-10-01,yes,comparator,sources/return-202401509349301550.html
R-PCF-2022-REV-0124,18677601,https://projects.propublica.org/nonprofits/full_text/202340729349300124/IRS990,2026-09-14,"18,677,601",Exact filed field; fiscal period dates taken from return header. Organization-wide amount; no AI allocation.,USD,521263996,PC,/AppData/SubmissionHeaderAndDocument/SubmissionDocument/IRS990[1]/CYTotalRevenueAmt[1],REV,organization_rev,202340729349300124,PCF,Public Citizen Foundation,2022-09-30,2021-10-01,yes,comparator,sources/return-202340729349300124.html
R-PCF-2022-ASSETS-0124,35119846,https://projects.propublica.org/nonprofits/full_text/202340729349300124/IRS990,2026-09-14,"35,119,846",Exact filed field; fiscal period dates taken from return header. Organization-wide amount; no AI allocation.,USD,521263996,PC,/AppData/SubmissionHeaderAndDocument/SubmissionDocument/IRS990[1]/TotalAssetsEOYAmt[1],ASSETS,organization_assets,202340729349300124,PCF,Public Citizen Foundation,2022-09-30,2021-10-01,yes,comparator,sources/return-202340729349300124.html
R-PCF-2022-PROGRAM-0124,12967955,https://projects.propublica.org/nonprofits/full_text/202340729349300124/IRS990,2026-09-14,"12,967,955",Exact filed field; fiscal period dates taken from return header. Organization-wide amount; no AI allocation.,USD,521263996,PC,/AppData/SubmissionHeaderAndDocument/SubmissionDocument/IRS990[1]/TotalProgramServiceExpensesAmt[1],PROGRAM,organization_program,202340729349300124,PCF,Public Citizen Foundation,2022-09-30,2021-10-01,yes,comparator,sources/return-202340729349300124.html
R-PCF-2022-EXPENSE-0124,15678059,https://projects.propublica.org/nonprofits/full_text/202340729349300124/IRS990,2026-09-14,"15,678,059",Exact filed field; fiscal period dates taken from return header. Organization-wide amount; no AI allocation.,USD,521263996,PC,/AppData/SubmissionHeaderAndDocument/SubmissionDocument/IRS990[1]/CYTotalExpensesAmt[1],EXPENSE,organization_expense,202340729349300124,PCF,Public Citizen Foundation,2022-09-30,2021-10-01,yes,comparator,sources/return-202340729349300124.html
R-PCF-2022-CONTRIB-0124,14828552,https://projects.propublica.org/nonprofits/full_text/202340729349300124/IRS990,2026-09-14,"14,828,552",Exact filed field; fiscal period dates taken from return header. Organization-wide amount; no AI allocation.,USD,521263996,PC,/AppData/SubmissionHeaderAndDocument/SubmissionDocument/IRS990[1]/CYContributionsGrantsAmt[1],CONTRIB,organization_contrib,202340729349300124,PCF,Public Citizen Foundation,2022-09-30,2021-10-01,yes,comparator,sources/return-202340729349300124.html
R-PCF-2022-INVEST-0124,2205066,https://projects.propublica.org/nonprofits/full_text/202340729349300124/IRS990,2026-09-14,"2,205,066",Exact filed field; fiscal period dates taken from return header. Organization-wide amount; no AI allocation.,USD,521263996,PC,/AppData/SubmissionHeaderAndDocument/SubmissionDocument/IRS990[1]/CYInvestmentIncomeAmt[1],INVEST,organization_invest,202340729349300124,PCF,Public Citizen Foundation,2022-09-30,2021-10-01,yes,comparator,sources/return-202340729349300124.html
R-PCF-2022-NETSALES-0124,851541,https://projects.propublica.org/nonprofits/full_text/202340729349300124/IRS990,2026-09-14,"851,541",Exact filed field; fiscal period dates taken from return header. Organization-wide amount; no AI allocation.,USD,521263996,PC,/AppData/SubmissionHeaderAndDocument/SubmissionDocument/IRS990[1]/NetGainOrLossInvestmentsGrp[1]/TotalRevenueColumnAmt[1],NETSALES,organization_netsales,202340729349300124,PCF,Public Citizen Foundation,2022-09-30,2021-10-01,yes,comparator,sources/return-202340729349300124.html
R-PCF-2021-REV-1300,18706342,https://projects.propublica.org/nonprofits/full_text/202200479349301300/IRS990,2026-09-14,"18,706,342",Exact filed field; fiscal period dates taken from return header. Organization-wide amount; no AI allocation.,USD,521263996,PC,/AppData/SubmissionHeaderAndDocument/SubmissionDocument/IRS990[1]/CYTotalRevenueAmt[1],REV,organization_rev,202200479349301300,PCF,Public Citizen Foundation,2021-09-30,2020-10-01,yes,comparator,sources/return-202200479349301300.html
R-PCF-2021-ASSETS-1300,41687767,https://projects.propublica.org/nonprofits/full_text/202200479349301300/IRS990,2026-09-14,"41,687,767",Exact filed field; fiscal period dates taken from return header. Organization-wide amount; no AI allocation.,USD,521263996,PC,/AppData/SubmissionHeaderAndDocument/SubmissionDocument/IRS990[1]/TotalAssetsEOYAmt[1],ASSETS,organization_assets,202200479349301300,PCF,Public Citizen Foundation,2021-09-30,2020-10-01,yes,comparator,sources/return-202200479349301300.html
R-PCF-2021-PROGRAM-1300,11873052,https://projects.propublica.org/nonprofits/full_text/202200479349301300/IRS990,2026-09-14,"11,873,052",Exact filed field; fiscal period dates taken from return header. Organization-wide amount; no AI allocation.,USD,521263996,PC,/AppData/SubmissionHeaderAndDocument/SubmissionDocument/IRS990[1]/TotalProgramServiceExpensesAmt[1],PROGRAM,organization_program,202200479349301300,PCF,Public Citizen Foundation,2021-09-30,2020-10-01,yes,comparator,sources/return-202200479349301300.html
R-PCF-2021-EXPENSE-1300,14135825,https://projects.propublica.org/nonprofits/full_text/202200479349301300/IRS990,2026-09-14,"14,135,825",Exact filed field; fiscal period dates taken from return header. Organization-wide amount; no AI allocation.,USD,521263996,PC,/AppData/SubmissionHeaderAndDocument/SubmissionDocument/IRS990[1]/CYTotalExpensesAmt[1],EXPENSE,organization_expense,202200479349301300,PCF,Public Citizen Foundation,2021-09-30,2020-10-01,yes,comparator,sources/return-202200479349301300.html
R-PCF-2021-CONTRIB-1300,13316046,https://projects.propublica.org/nonprofits/full_text/202200479349301300/IRS990,2026-09-14,"13,316,046",Exact filed field; fiscal period dates taken from return header. Organization-wide amount; no AI allocation.,USD,521263996,PC,/AppData/SubmissionHeaderAndDocument/SubmissionDocument/IRS990[1]/CYContributionsGrantsAmt[1],CONTRIB,organization_contrib,202200479349301300,PCF,Public Citizen Foundation,2021-09-30,2020-10-01,yes,comparator,sources/return-202200479349301300.html
R-PCF-2021-INVEST-1300,1948334,https://projects.propublica.org/nonprofits/full_text/202200479349301300/IRS990,2026-09-14,"1,948,334",Exact filed field; fiscal period dates taken from return header. Organization-wide amount; no AI allocation.,USD,521263996,PC,/AppData/SubmissionHeaderAndDocument/SubmissionDocument/IRS990[1]/CYInvestmentIncomeAmt[1],INVEST,organization_invest,202200479349301300,PCF,Public Citizen Foundation,2021-09-30,2020-10-01,yes,comparator,sources/return-202200479349301300.html
R-PCF-2021-NETSALES-1300,1200423,https://projects.propublica.org/nonprofits/full_text/202200479349301300/IRS990,2026-09-14,"1,200,423",Exact filed field; fiscal period dates taken from return header. Organization-wide amount; no AI allocation.,USD,521263996,PC,/AppData/SubmissionHeaderAndDocument/SubmissionDocument/IRS990[1]/NetGainOrLossInvestmentsGrp[1]/TotalRevenueColumnAmt[1],NETSALES,organization_netsales,202200479349301300,PCF,Public Citizen Foundation,2021-09-30,2020-10-01,yes,comparator,sources/return-202200479349301300.html
R-PCF-2020-REV-0226,15939832,https://projects.propublica.org/nonprofits/full_text/202110359349300226/IRS990,2026-09-14,"15,939,832",Exact filed field; fiscal period dates taken from return header. Organization-wide amount; no AI allocation.,USD,521263996,PC,/AppData/SubmissionHeaderAndDocument/SubmissionDocument/IRS990[1]/CYTotalRevenueAmt[1],REV,organization_rev,202110359349300226,PCF,Public Citizen Foundation,2020-09-30,2019-10-01,yes,comparator,sources/return-202110359349300226.html
R-PCF-2020-ASSETS-0226,35046554,https://projects.propublica.org/nonprofits/full_text/202110359349300226/IRS990,2026-09-14,"35,046,554",Exact filed field; fiscal period dates taken from return header. Organization-wide amount; no AI allocation.,USD,521263996,PC,/AppData/SubmissionHeaderAndDocument/SubmissionDocument/IRS990[1]/TotalAssetsEOYAmt[1],ASSETS,organization_assets,202110359349300226,PCF,Public Citizen Foundation,2020-09-30,2019-10-01,yes,comparator,sources/return-202110359349300226.html
R-PCF-2020-PROGRAM-0226,10540696,https://projects.propublica.org/nonprofits/full_text/202110359349300226/IRS990,2026-09-14,"10,540,696",Exact filed field; fiscal period dates taken from return header. Organization-wide amount; no AI allocation.,USD,521263996,PC,/AppData/SubmissionHeaderAndDocument/SubmissionDocument/IRS990[1]/TotalProgramServiceExpensesAmt[1],PROGRAM,organization_program,202110359349300226,PCF,Public Citizen Foundation,2020-09-30,2019-10-01,yes,comparator,sources/return-202110359349300226.html
R-PCF-2020-EXPENSE-0226,12868504,https://projects.propublica.org/nonprofits/full_text/202110359349300226/IRS990,2026-09-14,"12,868,504",Exact filed field; fiscal period dates taken from return header. Organization-wide amount; no AI allocation.,USD,521263996,PC,/AppData/SubmissionHeaderAndDocument/SubmissionDocument/IRS990[1]/CYTotalExpensesAmt[1],EXPENSE,organization_expense,202110359349300226,PCF,Public Citizen Foundation,2020-09-30,2019-10-01,yes,comparator,sources/return-202110359349300226.html
R-PCF-2020-CONTRIB-0226,13157134,https://projects.propublica.org/nonprofits/full_text/202110359349300226/IRS990,2026-09-14,"13,157,134",Exact filed field; fiscal period dates taken from return header. Organization-wide amount; no AI allocation.,USD,521263996,PC,/AppData/SubmissionHeaderAndDocument/SubmissionDocument/IRS990[1]/CYContributionsGrantsAmt[1],CONTRIB,organization_contrib,202110359349300226,PCF,Public Citizen Foundation,2020-09-30,2019-10-01,yes,comparator,sources/return-202110359349300226.html
R-PCF-2020-INVEST-0226,1083572,https://projects.propublica.org/nonprofits/full_text/202110359349300226/IRS990,2026-09-14,"1,083,572",Exact filed field; fiscal period dates taken from return header. Organization-wide amount; no AI allocation.,USD,521263996,PC,/AppData/SubmissionHeaderAndDocument/SubmissionDocument/IRS990[1]/CYInvestmentIncomeAmt[1],INVEST,organization_invest,202110359349300226,PCF,Public Citizen Foundation,2020-09-30,2019-10-01,yes,comparator,sources/return-202110359349300226.html
R-PCF-2020-NETSALES-0226,587581,https://projects.propublica.org/nonprofits/full_text/202110359349300226/IRS990,2026-09-14,"587,581",Exact filed field; fiscal period dates taken from return header. Organization-wide amount; no AI allocation.,USD,521263996,PC,/AppData/SubmissionHeaderAndDocument/SubmissionDocument/IRS990[1]/NetGainOrLossInvestmentsGrp[1]/TotalRevenueColumnAmt[1],NETSALES,organization_netsales,202110359349300226,PCF,Public Citizen Foundation,2020-09-30,2019-10-01,yes,comparator,sources/return-202110359349300226.html
R-PCF-2019-REV-1210,12939405,https://projects.propublica.org/nonprofits/full_text/202000429349301210/IRS990,2026-09-14,"12,939,405",Exact filed field; fiscal period dates taken from return header. Organization-wide amount; no AI allocation.,USD,521263996,PC,/AppData/SubmissionHeaderAndDocument/SubmissionDocument/IRS990[1]/CYTotalRevenueAmt[1],REV,organization_rev,202000429349301210,PCF,Public Citizen Foundation,2019-09-30,2018-10-01,yes,comparator,sources/return-202000429349301210.html
R-PCF-2019-ASSETS-1210,29283779,https://projects.propublica.org/nonprofits/full_text/202000429349301210/IRS990,2026-09-14,"29,283,779",Exact filed field; fiscal period dates taken from return header. Organization-wide amount; no AI allocation.,USD,521263996,PC,/AppData/SubmissionHeaderAndDocument/SubmissionDocument/IRS990[1]/TotalAssetsEOYAmt[1],ASSETS,organization_assets,202000429349301210,PCF,Public Citizen Foundation,2019-09-30,2018-10-01,yes,comparator,sources/return-202000429349301210.html
R-PCF-2019-PROGRAM-1210,10803482,https://projects.propublica.org/nonprofits/full_text/202000429349301210/IRS990,2026-09-14,"10,803,482",Exact filed field; fiscal period dates taken from return header. Organization-wide amount; no AI allocation.,USD,521263996,PC,/AppData/SubmissionHeaderAndDocument/SubmissionDocument/IRS990[1]/TotalProgramServiceExpensesAmt[1],PROGRAM,organization_program,202000429349301210,PCF,Public Citizen Foundation,2019-09-30,2018-10-01,yes,comparator,sources/return-202000429349301210.html
R-PCF-2019-EXPENSE-1210,12986875,https://projects.propublica.org/nonprofits/full_text/202000429349301210/IRS990,2026-09-14,"12,986,875",Exact filed field; fiscal period dates taken from return header. Organization-wide amount; no AI allocation.,USD,521263996,PC,/AppData/SubmissionHeaderAndDocument/SubmissionDocument/IRS990[1]/CYTotalExpensesAmt[1],EXPENSE,organization_expense,202000429349301210,PCF,Public Citizen Foundation,2019-09-30,2018-10-01,yes,comparator,sources/return-202000429349301210.html
R-PCF-2019-CONTRIB-1210,10654016,https://projects.propublica.org/nonprofits/full_text/202000429349301210/IRS990,2026-09-14,"10,654,016",Exact filed field; fiscal period dates taken from return header. Organization-wide amount; no AI allocation.,USD,521263996,PC,/AppData/SubmissionHeaderAndDocument/SubmissionDocument/IRS990[1]/CYContributionsGrantsAmt[1],CONTRIB,organization_contrib,202000429349301210,PCF,Public Citizen Foundation,2019-09-30,2018-10-01,yes,comparator,sources/return-202000429349301210.html
R-PCF-2019-INVEST-1210,416249,https://projects.propublica.org/nonprofits/full_text/202000429349301210/IRS990,2026-09-14,"416,249",Exact filed field; fiscal period dates taken from return header. Organization-wide amount; no AI allocation.,USD,521263996,PC,/AppData/SubmissionHeaderAndDocument/SubmissionDocument/IRS990[1]/CYInvestmentIncomeAmt[1],INVEST,organization_invest,202000429349301210,PCF,Public Citizen Foundation,2019-09-30,2018-10-01,yes,comparator,sources/return-202000429349301210.html
R-PCF-2019-NETSALES-1210,-190191,https://projects.propublica.org/nonprofits/full_text/202000429349301210/IRS990,2026-09-14,"-190,191",Exact filed field; fiscal period dates taken from return header. Organization-wide amount; no AI allocation.,USD,521263996,PC,/AppData/SubmissionHeaderAndDocument/SubmissionDocument/IRS990[1]/NetGainOrLossInvestmentsGrp[1]/TotalRevenueColumnAmt[1],NETSALES,organization_netsales,202000429349301210,PCF,Public Citizen Foundation,2019-09-30,2018-10-01,yes,comparator,sources/return-202000429349301210.html
R-PROGRESS-2024-REV-0333,9683024,https://projects.propublica.org/nonprofits/full_text/202533119349300333/IRS990,2026-09-14,"9,683,024",Exact filed field; fiscal period dates taken from return header. Organization-wide amount; no AI allocation.,USD,853963084,PROGRESS,/AppData/SubmissionHeaderAndDocument/SubmissionDocument/IRS990[1]/CYTotalRevenueAmt[1],REV,organization_rev,202533119349300333,PROGRESS,Chamber of Progress,2024-12-31,2024-01-01,yes,industry,sources/return-202533119349300333.html
R-PROGRESS-2024-ASSETS-0333,14346791,https://projects.propublica.org/nonprofits/full_text/202533119349300333/IRS990,2026-09-14,"14,346,791",Exact filed field; fiscal period dates taken from return header. Organization-wide amount; no AI allocation.,USD,853963084,PROGRESS,/AppData/SubmissionHeaderAndDocument/SubmissionDocument/IRS990[1]/TotalAssetsEOYAmt[1],ASSETS,organization_assets,202533119349300333,PROGRESS,Chamber of Progress,2024-12-31,2024-01-01,yes,industry,sources/return-202533119349300333.html
R-PROGRESS-2024-EXPENSE-0333,8174841,https://projects.propublica.org/nonprofits/full_text/202533119349300333/IRS990,2026-09-14,"8,174,841",Exact filed field; fiscal period dates taken from return header. Organization-wide amount; no AI allocation.,USD,853963084,PROGRESS,/AppData/SubmissionHeaderAndDocument/SubmissionDocument/IRS990[1]/CYTotalExpensesAmt[1],EXPENSE,organization_expense,202533119349300333,PROGRESS,Chamber of Progress,2024-12-31,2024-01-01,yes,industry,sources/return-202533119349300333.html
R-PROGRESS-2024-CONTRIB-0333,0,https://projects.propublica.org/nonprofits/full_text/202533119349300333/IRS990,2026-09-14,0,Exact filed field; fiscal period dates taken from return header. Organization-wide amount; no AI allocation.,USD,853963084,PROGRESS,/AppData/SubmissionHeaderAndDocument/SubmissionDocument/IRS990[1]/CYContributionsGrantsAmt[1],CONTRIB,organization_contrib,202533119349300333,PROGRESS,Chamber of Progress,2024-12-31,2024-01-01,yes,industry,sources/return-202533119349300333.html
R-PROGRESS-2024-INVEST-0333,156448,https://projects.propublica.org/nonprofits/full_text/202533119349300333/IRS990,2026-09-14,"156,448",Exact filed field; fiscal period dates taken from return header. Organization-wide amount; no AI allocation.,USD,853963084,PROGRESS,/AppData/SubmissionHeaderAndDocument/SubmissionDocument/IRS990[1]/CYInvestmentIncomeAmt[1],INVEST,organization_invest,202533119349300333,PROGRESS,Chamber of Progress,2024-12-31,2024-01-01,yes,industry,sources/return-202533119349300333.html
R-PROGRESS-2023-REV-2270,8681678,https://projects.propublica.org/nonprofits/full_text/202403169349302270/IRS990,2026-09-14,"8,681,678",Exact filed field; fiscal period dates taken from return header. Organization-wide amount; no AI allocation.,USD,853963084,PROGRESS,/AppData/SubmissionHeaderAndDocument/SubmissionDocument/IRS990[1]/CYTotalRevenueAmt[1],REV,organization_rev,202403169349302270,PROGRESS,Chamber of Progress,2023-12-31,2023-01-01,yes,industry,sources/return-202403169349302270.html
R-PROGRESS-2023-ASSETS-2270,12595548,https://projects.propublica.org/nonprofits/full_text/202403169349302270/IRS990,2026-09-14,"12,595,548",Exact filed field; fiscal period dates taken from return header. Organization-wide amount; no AI allocation.,USD,853963084,PROGRESS,/AppData/SubmissionHeaderAndDocument/SubmissionDocument/IRS990[1]/TotalAssetsEOYAmt[1],ASSETS,organization_assets,202403169349302270,PROGRESS,Chamber of Progress,2023-12-31,2023-01-01,yes,industry,sources/return-202403169349302270.html
R-PROGRESS-2023-EXPENSE-2270,6534986,https://projects.propublica.org/nonprofits/full_text/202403169349302270/IRS990,2026-09-14,"6,534,986",Exact filed field; fiscal period dates taken from return header. Organization-wide amount; no AI allocation.,USD,853963084,PROGRESS,/AppData/SubmissionHeaderAndDocument/SubmissionDocument/IRS990[1]/CYTotalExpensesAmt[1],EXPENSE,organization_expense,202403169349302270,PROGRESS,Chamber of Progress,2023-12-31,2023-01-01,yes,industry,sources/return-202403169349302270.html
R-PROGRESS-2023-CONTRIB-2270,0,https://projects.propublica.org/nonprofits/full_text/202403169349302270/IRS990,2026-09-14,0,Exact filed field; fiscal period dates taken from return header. Organization-wide amount; no AI allocation.,USD,853963084,PROGRESS,/AppData/SubmissionHeaderAndDocument/SubmissionDocument/IRS990[1]/CYContributionsGrantsAmt[1],CONTRIB,organization_contrib,202403169349302270,PROGRESS,Chamber of Progress,2023-12-31,2023-01-01,yes,industry,sources/return-202403169349302270.html
R-PROGRESS-2023-INVEST-2270,0,https://projects.propublica.org/nonprofits/full_text/202403169349302270/IRS990,2026-09-14,0,Exact filed field; fiscal period dates taken from return header. Organization-wide amount; no AI allocation.,USD,853963084,PROGRESS,/AppData/SubmissionHeaderAndDocument/SubmissionDocument/IRS990[1]/CYInvestmentIncomeAmt[1],INVEST,organization_invest,202403169349302270,PROGRESS,Chamber of Progress,2023-12-31,2023-01-01,yes,industry,sources/return-202403169349302270.html
R-PROGRESS-2022-REV-2976,29920121,https://projects.propublica.org/nonprofits/full_text/202313189349302976/IRS990,2026-09-14,"29,920,121",Exact filed field; fiscal period dates taken from return header. Organization-wide amount; no AI allocation.,USD,853963084,PROGRESS,/AppData/SubmissionHeaderAndDocument/SubmissionDocument/IRS990[1]/CYTotalRevenueAmt[1],REV,organization_rev,202313189349302976,PROGRESS,Chamber of Progress,2022-12-31,2022-01-01,yes,industry,sources/return-202313189349302976.html
R-PROGRESS-2022-ASSETS-2976,10357158,https://projects.propublica.org/nonprofits/full_text/202313189349302976/IRS990,2026-09-14,"10,357,158",Exact filed field; fiscal period dates taken from return header. Organization-wide amount; no AI allocation.,USD,853963084,PROGRESS,/AppData/SubmissionHeaderAndDocument/SubmissionDocument/IRS990[1]/TotalAssetsEOYAmt[1],ASSETS,organization_assets,202313189349302976,PROGRESS,Chamber of Progress,2022-12-31,2022-01-01,yes,industry,sources/return-202313189349302976.html
R-PROGRESS-2022-EXPENSE-2976,24240229,https://projects.propublica.org/nonprofits/full_text/202313189349302976/IRS990,2026-09-14,"24,240,229",Exact filed field; fiscal period dates taken from return header. Organization-wide amount; no AI allocation.,USD,853963084,PROGRESS,/AppData/SubmissionHeaderAndDocument/SubmissionDocument/IRS990[1]/CYTotalExpensesAmt[1],EXPENSE,organization_expense,202313189349302976,PROGRESS,Chamber of Progress,2022-12-31,2022-01-01,yes,industry,sources/return-202313189349302976.html
R-PROGRESS-2022-CONTRIB-2976,0,https://projects.propublica.org/nonprofits/full_text/202313189349302976/IRS990,2026-09-14,0,Exact filed field; fiscal period dates taken from return header. Organization-wide amount; no AI allocation.,USD,853963084,PROGRESS,/AppData/SubmissionHeaderAndDocument/SubmissionDocument/IRS990[1]/CYContributionsGrantsAmt[1],CONTRIB,organization_contrib,202313189349302976,PROGRESS,Chamber of Progress,2022-12-31,2022-01-01,yes,industry,sources/return-202313189349302976.html
R-PROGRESS-2022-INVEST-2976,0,https://projects.propublica.org/nonprofits/full_text/202313189349302976/IRS990,2026-09-14,0,Exact filed field; fiscal period dates taken from return header. Organization-wide amount; no AI allocation.,USD,853963084,PROGRESS,/AppData/SubmissionHeaderAndDocument/SubmissionDocument/IRS990[1]/CYInvestmentIncomeAmt[1],INVEST,organization_invest,202313189349302976,PROGRESS,Chamber of Progress,2022-12-31,2022-01-01,yes,industry,sources/return-202313189349302976.html
R-PROGRESS-2021-REV-2626,10610320,https://projects.propublica.org/nonprofits/full_text/202211299349302626/IRS990,2026-09-14,"10,610,320",Exact filed field; fiscal period dates taken from return header. Organization-wide amount; no AI allocation.,USD,853963084,PROGRESS,/AppData/SubmissionHeaderAndDocument/SubmissionDocument/IRS990[1]/CYTotalRevenueAmt[1],REV,organization_rev,202211299349302626,PROGRESS,Chamber of Progress,2021-12-31,2021-01-01,yes,industry,sources/return-202211299349302626.html
R-PROGRESS-2021-ASSETS-2626,5318636,https://projects.propublica.org/nonprofits/full_text/202211299349302626/IRS990,2026-09-14,"5,318,636",Exact filed field; fiscal period dates taken from return header. Organization-wide amount; no AI allocation.,USD,853963084,PROGRESS,/AppData/SubmissionHeaderAndDocument/SubmissionDocument/IRS990[1]/TotalAssetsEOYAmt[1],ASSETS,organization_assets,202211299349302626,PROGRESS,Chamber of Progress,2021-12-31,2021-01-01,yes,industry,sources/return-202211299349302626.html
R-PROGRESS-2021-EXPENSE-2626,6164029,https://projects.propublica.org/nonprofits/full_text/202211299349302626/IRS990,2026-09-14,"6,164,029",Exact filed field; fiscal period dates taken from return header. Organization-wide amount; no AI allocation.,USD,853963084,PROGRESS,/AppData/SubmissionHeaderAndDocument/SubmissionDocument/IRS990[1]/CYTotalExpensesAmt[1],EXPENSE,organization_expense,202211299349302626,PROGRESS,Chamber of Progress,2021-12-31,2021-01-01,yes,industry,sources/return-202211299349302626.html
R-PROGRESS-2021-CONTRIB-2626,825000,https://projects.propublica.org/nonprofits/full_text/202211299349302626/IRS990,2026-09-14,"825,000",Exact filed field; fiscal period dates taken from return header. Organization-wide amount; no AI allocation.,USD,853963084,PROGRESS,/AppData/SubmissionHeaderAndDocument/SubmissionDocument/IRS990[1]/CYContributionsGrantsAmt[1],CONTRIB,organization_contrib,202211299349302626,PROGRESS,Chamber of Progress,2021-12-31,2021-01-01,yes,industry,sources/return-202211299349302626.html
R-PROGRESS-2021-INVEST-2626,0,https://projects.propublica.org/nonprofits/full_text/202211299349302626/IRS990,2026-09-14,0,Exact filed field; fiscal period dates taken from return header. Organization-wide amount; no AI allocation.,USD,853963084,PROGRESS,/AppData/SubmissionHeaderAndDocument/SubmissionDocument/IRS990[1]/CYInvestmentIncomeAmt[1],INVEST,organization_invest,202211299349302626,PROGRESS,Chamber of Progress,2021-12-31,2021-01-01,yes,industry,sources/return-202211299349302626.html
R-HORIZON-2024-REV-4082,13091933,https://projects.propublica.org/nonprofits/full_text/202523109349304082/IRS990,2026-09-14,"13,091,933",Exact filed field; fiscal period dates taken from return header. Organization-wide amount; no AI allocation.,USD,874657441,HORIZON,/AppData/SubmissionHeaderAndDocument/SubmissionDocument/IRS990[1]/CYTotalRevenueAmt[1],REV,organization_rev,202523109349304082,HORIZON,Horizon Institute for Public Service,2024-12-31,2024-01-01,yes,safety,sources/return-202523109349304082.html
R-HORIZON-2024-ASSETS-4082,20024961,https://projects.propublica.org/nonprofits/full_text/202523109349304082/IRS990,2026-09-14,"20,024,961",Exact filed field; fiscal period dates taken from return header. Organization-wide amount; no AI allocation.,USD,874657441,HORIZON,/AppData/SubmissionHeaderAndDocument/SubmissionDocument/IRS990[1]/TotalAssetsEOYAmt[1],ASSETS,organization_assets,202523109349304082,HORIZON,Horizon Institute for Public Service,2024-12-31,2024-01-01,yes,safety,sources/return-202523109349304082.html
R-HORIZON-2024-PROGRAM-4082,4827290,https://projects.propublica.org/nonprofits/full_text/202523109349304082/IRS990,2026-09-14,"4,827,290",Exact filed field; fiscal period dates taken from return header. Organization-wide amount; no AI allocation.,USD,874657441,HORIZON,/AppData/SubmissionHeaderAndDocument/SubmissionDocument/IRS990[1]/TotalProgramServiceExpensesAmt[1],PROGRAM,organization_program,202523109349304082,HORIZON,Horizon Institute for Public Service,2024-12-31,2024-01-01,yes,safety,sources/return-202523109349304082.html
R-HORIZON-2024-EXPENSE-4082,5243974,https://projects.propublica.org/nonprofits/full_text/202523109349304082/IRS990,2026-09-14,"5,243,974",Exact filed field; fiscal period dates taken from return header. Organization-wide amount; no AI allocation.,USD,874657441,HORIZON,/AppData/SubmissionHeaderAndDocument/SubmissionDocument/IRS990[1]/CYTotalExpensesAmt[1],EXPENSE,organization_expense,202523109349304082,HORIZON,Horizon Institute for Public Service,2024-12-31,2024-01-01,yes,safety,sources/return-202523109349304082.html
R-HORIZON-2024-CONTRIB-4082,12559669,https://projects.propublica.org/nonprofits/full_text/202523109349304082/IRS990,2026-09-14,"12,559,669",Exact filed field; fiscal period dates taken from return header. Organization-wide amount; no AI allocation.,USD,874657441,HORIZON,/AppData/SubmissionHeaderAndDocument/SubmissionDocument/IRS990[1]/CYContributionsGrantsAmt[1],CONTRIB,organization_contrib,202523109349304082,HORIZON,Horizon Institute for Public Service,2024-12-31,2024-01-01,yes,safety,sources/return-202523109349304082.html
R-HORIZON-2024-INVEST-4082,532264,https://projects.propublica.org/nonprofits/full_text/202523109349304082/IRS990,2026-09-14,"532,264",Exact filed field; fiscal period dates taken from return header. Organization-wide amount; no AI allocation.,USD,874657441,HORIZON,/AppData/SubmissionHeaderAndDocument/SubmissionDocument/IRS990[1]/CYInvestmentIncomeAmt[1],INVEST,organization_invest,202523109349304082,HORIZON,Horizon Institute for Public Service,2024-12-31,2024-01-01,yes,safety,sources/return-202523109349304082.html
R-HORIZON-2024-NETSALES-4082,4202,https://projects.propublica.org/nonprofits/full_text/202523109349304082/IRS990,2026-09-14,"4,202",Exact filed field; fiscal period dates taken from return header. Organization-wide amount; no AI allocation.,USD,874657441,HORIZON,/AppData/SubmissionHeaderAndDocument/SubmissionDocument/IRS990[1]/NetGainOrLossInvestmentsGrp[1]/TotalRevenueColumnAmt[1],NETSALES,organization_netsales,202523109349304082,HORIZON,Horizon Institute for Public Service,2024-12-31,2024-01-01,yes,safety,sources/return-202523109349304082.html
R-HORIZON-2023-REV-1334,4351283,https://projects.propublica.org/nonprofits/full_text/202441209349301334/IRS990,2026-09-14,"4,351,283",Exact filed field; fiscal period dates taken from return header. Organization-wide amount; no AI allocation.,USD,874657441,HORIZON,/AppData/SubmissionHeaderAndDocument/SubmissionDocument/IRS990[1]/CYTotalRevenueAmt[1],REV,organization_rev,202441209349301334,HORIZON,Horizon Institute for Public Service,2023-12-31,2023-01-01,yes,safety,sources/return-202441209349301334.html
R-HORIZON-2023-ASSETS-1334,11895280,https://projects.propublica.org/nonprofits/full_text/202441209349301334/IRS990,2026-09-14,"11,895,280",Exact filed field; fiscal period dates taken from return header. Organization-wide amount; no AI allocation.,USD,874657441,HORIZON,/AppData/SubmissionHeaderAndDocument/SubmissionDocument/IRS990[1]/TotalAssetsEOYAmt[1],ASSETS,organization_assets,202441209349301334,HORIZON,Horizon Institute for Public Service,2023-12-31,2023-01-01,yes,safety,sources/return-202441209349301334.html
R-HORIZON-2023-PROGRAM-1334,4017319,https://projects.propublica.org/nonprofits/full_text/202441209349301334/IRS990,2026-09-14,"4,017,319",Exact filed field; fiscal period dates taken from return header. Organization-wide amount; no AI allocation.,USD,874657441,HORIZON,/AppData/SubmissionHeaderAndDocument/SubmissionDocument/IRS990[1]/TotalProgramServiceExpensesAmt[1],PROGRAM,organization_program,202441209349301334,HORIZON,Horizon Institute for Public Service,2023-12-31,2023-01-01,yes,safety,sources/return-202441209349301334.html
R-HORIZON-2023-EXPENSE-1334,4214849,https://projects.propublica.org/nonprofits/full_text/202441209349301334/IRS990,2026-09-14,"4,214,849",Exact filed field; fiscal period dates taken from return header. Organization-wide amount; no AI allocation.,USD,874657441,HORIZON,/AppData/SubmissionHeaderAndDocument/SubmissionDocument/IRS990[1]/CYTotalExpensesAmt[1],EXPENSE,organization_expense,202441209349301334,HORIZON,Horizon Institute for Public Service,2023-12-31,2023-01-01,yes,safety,sources/return-202441209349301334.html
R-HORIZON-2023-CONTRIB-1334,3930916,https://projects.propublica.org/nonprofits/full_text/202441209349301334/IRS990,2026-09-14,"3,930,916",Exact filed field; fiscal period dates taken from return header. Organization-wide amount; no AI allocation.,USD,874657441,HORIZON,/AppData/SubmissionHeaderAndDocument/SubmissionDocument/IRS990[1]/CYContributionsGrantsAmt[1],CONTRIB,organization_contrib,202441209349301334,HORIZON,Horizon Institute for Public Service,2023-12-31,2023-01-01,yes,safety,sources/return-202441209349301334.html
R-HORIZON-2023-INVEST-1334,418903,https://projects.propublica.org/nonprofits/full_text/202441209349301334/IRS990,2026-09-14,"418,903",Exact filed field; fiscal period dates taken from return header. Organization-wide amount; no AI allocation.,USD,874657441,HORIZON,/AppData/SubmissionHeaderAndDocument/SubmissionDocument/IRS990[1]/CYInvestmentIncomeAmt[1],INVEST,organization_invest,202441209349301334,HORIZON,Horizon Institute for Public Service,2023-12-31,2023-01-01,yes,safety,sources/return-202441209349301334.html
R-HORIZON-2022-REV-2006,11937990,https://projects.propublica.org/nonprofits/full_text/202312559349302006/IRS990,2026-09-14,"11,937,990",Exact filed field; fiscal period dates taken from return header. Organization-wide amount; no AI allocation.,USD,874657441,HORIZON,/AppData/SubmissionHeaderAndDocument/SubmissionDocument/IRS990[1]/CYTotalRevenueAmt[1],REV,organization_rev,202312559349302006,HORIZON,Horizon Institute for Public Service,2022-12-31,2022-01-01,yes,safety,sources/return-202312559349302006.html
R-HORIZON-2022-ASSETS-2006,11807526,https://projects.propublica.org/nonprofits/full_text/202312559349302006/IRS990,2026-09-14,"11,807,526",Exact filed field; fiscal period dates taken from return header. Organization-wide amount; no AI allocation.,USD,874657441,HORIZON,/AppData/SubmissionHeaderAndDocument/SubmissionDocument/IRS990[1]/TotalAssetsEOYAmt[1],ASSETS,organization_assets,202312559349302006,HORIZON,Horizon Institute for Public Service,2022-12-31,2022-01-01,yes,safety,sources/return-202312559349302006.html
R-HORIZON-2022-PROGRAM-2006,178970,https://projects.propublica.org/nonprofits/full_text/202312559349302006/IRS990,2026-09-14,"178,970",Exact filed field; fiscal period dates taken from return header. Organization-wide amount; no AI allocation.,USD,874657441,HORIZON,/AppData/SubmissionHeaderAndDocument/SubmissionDocument/IRS990[1]/TotalProgramServiceExpensesAmt[1],PROGRAM,organization_program,202312559349302006,HORIZON,Horizon Institute for Public Service,2022-12-31,2022-01-01,yes,safety,sources/return-202312559349302006.html
R-HORIZON-2022-EXPENSE-2006,222005,https://projects.propublica.org/nonprofits/full_text/202312559349302006/IRS990,2026-09-14,"222,005",Exact filed field; fiscal period dates taken from return header. Organization-wide amount; no AI allocation.,USD,874657441,HORIZON,/AppData/SubmissionHeaderAndDocument/SubmissionDocument/IRS990[1]/CYTotalExpensesAmt[1],EXPENSE,organization_expense,202312559349302006,HORIZON,Horizon Institute for Public Service,2022-12-31,2022-01-01,yes,safety,sources/return-202312559349302006.html
R-HORIZON-2022-CONTRIB-2006,11937990,https://projects.propublica.org/nonprofits/full_text/202312559349302006/IRS990,2026-09-14,"11,937,990",Exact filed field; fiscal period dates taken from return header. Organization-wide amount; no AI allocation.,USD,874657441,HORIZON,/AppData/SubmissionHeaderAndDocument/SubmissionDocument/IRS990[1]/CYContributionsGrantsAmt[1],CONTRIB,organization_contrib,202312559349302006,HORIZON,Horizon Institute for Public Service,2022-12-31,2022-01-01,yes,safety,sources/return-202312559349302006.html
R-HORIZON-2022-INVEST-2006,0,https://projects.propublica.org/nonprofits/full_text/202312559349302006/IRS990,2026-09-14,0,Exact filed field; fiscal period dates taken from return header. Organization-wide amount; no AI allocation.,USD,874657441,HORIZON,/AppData/SubmissionHeaderAndDocument/SubmissionDocument/IRS990[1]/CYInvestmentIncomeAmt[1],INVEST,organization_invest,202312559349302006,HORIZON,Horizon Institute for Public Service,2022-12-31,2022-01-01,yes,safety,sources/return-202312559349302006.html
R-CAIS-2024-REV-3615,10235085,https://projects.propublica.org/nonprofits/full_text/202503219349323615/IRS990,2026-09-14,"10,235,085",Exact filed field; fiscal period dates taken from return header. Organization-wide amount; no AI allocation.,USD,881751310,CAIS,/AppData/SubmissionHeaderAndDocument/SubmissionDocument/IRS990[1]/CYTotalRevenueAmt[1],REV,organization_rev,202503219349323615,CAIS,Center for AI Safety,2024-12-31,2024-01-01,yes,safety,sources/return-202503219349323615.html
R-CAIS-2024-ASSETS-3615,12638754,https://projects.propublica.org/nonprofits/full_text/202503219349323615/IRS990,2026-09-14,"12,638,754",Exact filed field; fiscal period dates taken from return header. Organization-wide amount; no AI allocation.,USD,881751310,CAIS,/AppData/SubmissionHeaderAndDocument/SubmissionDocument/IRS990[1]/TotalAssetsEOYAmt[1],ASSETS,organization_assets,202503219349323615,CAIS,Center for AI Safety,2024-12-31,2024-01-01,yes,safety,sources/return-202503219349323615.html
R-CAIS-2024-PROGRAM-3615,6288786,https://projects.propublica.org/nonprofits/full_text/202503219349323615/IRS990,2026-09-14,"6,288,786",Exact filed field; fiscal period dates taken from return header. Organization-wide amount; no AI allocation.,USD,881751310,CAIS,/AppData/SubmissionHeaderAndDocument/SubmissionDocument/IRS990[1]/TotalProgramServiceExpensesAmt[1],PROGRAM,organization_program,202503219349323615,CAIS,Center for AI Safety,2024-12-31,2024-01-01,yes,safety,sources/return-202503219349323615.html
R-CAIS-2024-EXPENSE-3615,7163607,https://projects.propublica.org/nonprofits/full_text/202503219349323615/IRS990,2026-09-14,"7,163,607",Exact filed field; fiscal period dates taken from return header. Organization-wide amount; no AI allocation.,USD,881751310,CAIS,/AppData/SubmissionHeaderAndDocument/SubmissionDocument/IRS990[1]/CYTotalExpensesAmt[1],EXPENSE,organization_expense,202503219349323615,CAIS,Center for AI Safety,2024-12-31,2024-01-01,yes,safety,sources/return-202503219349323615.html
R-CAIS-2024-CONTRIB-3615,9596669,https://projects.propublica.org/nonprofits/full_text/202503219349323615/IRS990,2026-09-14,"9,596,669",Exact filed field; fiscal period dates taken from return header. Organization-wide amount; no AI allocation.,USD,881751310,CAIS,/AppData/SubmissionHeaderAndDocument/SubmissionDocument/IRS990[1]/CYContributionsGrantsAmt[1],CONTRIB,organization_contrib,202503219349323615,CAIS,Center for AI Safety,2024-12-31,2024-01-01,yes,safety,sources/return-202503219349323615.html
R-CAIS-2024-INVEST-3615,333081,https://projects.propublica.org/nonprofits/full_text/202503219349323615/IRS990,2026-09-14,"333,081",Exact filed field; fiscal period dates taken from return header. Organization-wide amount; no AI allocation.,USD,881751310,CAIS,/AppData/SubmissionHeaderAndDocument/SubmissionDocument/IRS990[1]/CYInvestmentIncomeAmt[1],INVEST,organization_invest,202503219349323615,CAIS,Center for AI Safety,2024-12-31,2024-01-01,yes,safety,sources/return-202503219349323615.html
R-CAIS-2024-NETSALES-3615,-51175,https://projects.propublica.org/nonprofits/full_text/202503219349323615/IRS990,2026-09-14,"-51,175",Exact filed field; fiscal period dates taken from return header. Organization-wide amount; no AI allocation.,USD,881751310,CAIS,/AppData/SubmissionHeaderAndDocument/SubmissionDocument/IRS990[1]/NetGainOrLossInvestmentsGrp[1]/TotalRevenueColumnAmt[1],NETSALES,organization_netsales,202503219349323615,CAIS,Center for AI Safety,2024-12-31,2024-01-01,yes,safety,sources/return-202503219349323615.html
R-CAIS-2023-REV-0741,16089191,https://projects.propublica.org/nonprofits/full_text/202511609349300741/IRS990,2026-09-14,"16,089,191",Exact filed field; fiscal period dates taken from return header. Organization-wide amount; no AI allocation.,USD,881751310,CAIS,/AppData/SubmissionHeaderAndDocument/SubmissionDocument/IRS990[1]/CYTotalRevenueAmt[1],REV,organization_rev,202511609349300741,CAIS,Center for AI Safety,2023-12-31,2023-01-01,yes,safety,sources/return-202511609349300741.html
R-CAIS-2023-ASSETS-0741,13989499,https://projects.propublica.org/nonprofits/full_text/202511609349300741/IRS990,2026-09-14,"13,989,499",Exact filed field; fiscal period dates taken from return header. Organization-wide amount; no AI allocation.,USD,881751310,CAIS,/AppData/SubmissionHeaderAndDocument/SubmissionDocument/IRS990[1]/TotalAssetsEOYAmt[1],ASSETS,organization_assets,202511609349300741,CAIS,Center for AI Safety,2023-12-31,2023-01-01,yes,safety,sources/return-202511609349300741.html
R-CAIS-2023-PROGRAM-0741,7431439,https://projects.propublica.org/nonprofits/full_text/202511609349300741/IRS990,2026-09-14,"7,431,439",Exact filed field; fiscal period dates taken from return header. Organization-wide amount; no AI allocation.,USD,881751310,CAIS,/AppData/SubmissionHeaderAndDocument/SubmissionDocument/IRS990[1]/TotalProgramServiceExpensesAmt[1],PROGRAM,organization_program,202511609349300741,CAIS,Center for AI Safety,2023-12-31,2023-01-01,yes,safety,sources/return-202511609349300741.html
R-CAIS-2023-EXPENSE-0741,8134449,https://projects.propublica.org/nonprofits/full_text/202511609349300741/IRS990,2026-09-14,"8,134,449",Exact filed field; fiscal period dates taken from return header. Organization-wide amount; no AI allocation.,USD,881751310,CAIS,/AppData/SubmissionHeaderAndDocument/SubmissionDocument/IRS990[1]/CYTotalExpensesAmt[1],EXPENSE,organization_expense,202511609349300741,CAIS,Center for AI Safety,2023-12-31,2023-01-01,yes,safety,sources/return-202511609349300741.html
R-CAIS-2023-CONTRIB-0741,15594432,https://projects.propublica.org/nonprofits/full_text/202511609349300741/IRS990,2026-09-14,"15,594,432",Exact filed field; fiscal period dates taken from return header. Organization-wide amount; no AI allocation.,USD,881751310,CAIS,/AppData/SubmissionHeaderAndDocument/SubmissionDocument/IRS990[1]/CYContributionsGrantsAmt[1],CONTRIB,organization_contrib,202511609349300741,CAIS,Center for AI Safety,2023-12-31,2023-01-01,yes,safety,sources/return-202511609349300741.html
R-CAIS-2023-INVEST-0741,484973,https://projects.propublica.org/nonprofits/full_text/202511609349300741/IRS990,2026-09-14,"484,973",Exact filed field; fiscal period dates taken from return header. Organization-wide amount; no AI allocation.,USD,881751310,CAIS,/AppData/SubmissionHeaderAndDocument/SubmissionDocument/IRS990[1]/CYInvestmentIncomeAmt[1],INVEST,organization_invest,202511609349300741,CAIS,Center for AI Safety,2023-12-31,2023-01-01,yes,safety,sources/return-202511609349300741.html
R-CAIS-2023-NETSALES-0741,0,https://projects.propublica.org/nonprofits/full_text/202511609349300741/IRS990,2026-09-14,0,Exact filed field; fiscal period dates taken from return header. Organization-wide amount; no AI allocation.,USD,881751310,CAIS,/AppData/SubmissionHeaderAndDocument/SubmissionDocument/IRS990[1]/NetGainOrLossInvestmentsGrp[1]/TotalRevenueColumnAmt[1],NETSALES,organization_netsales,202511609349300741,CAIS,Center for AI Safety,2023-12-31,2023-01-01,yes,safety,sources/return-202511609349300741.html
R-CAIS-2022-REV-9581,6660060,https://projects.propublica.org/nonprofits/full_text/202313199349329581/IRS990,2026-09-14,"6,660,060",Exact filed field; fiscal period dates taken from return header. Organization-wide amount; no AI allocation.,USD,881751310,CAIS,/AppData/SubmissionHeaderAndDocument/SubmissionDocument/IRS990[1]/CYTotalRevenueAmt[1],REV,organization_rev,202313199349329581,CAIS,Center for AI Safety,2022-12-31,2022-04-13,yes,safety,sources/return-202313199349329581.html
R-CAIS-2022-ASSETS-9581,5943414,https://projects.propublica.org/nonprofits/full_text/202313199349329581/IRS990,2026-09-14,"5,943,414",Exact filed field; fiscal period dates taken from return header. Organization-wide amount; no AI allocation.,USD,881751310,CAIS,/AppData/SubmissionHeaderAndDocument/SubmissionDocument/IRS990[1]/TotalAssetsEOYAmt[1],ASSETS,organization_assets,202313199349329581,CAIS,Center for AI Safety,2022-12-31,2022-04-13,yes,safety,sources/return-202313199349329581.html
R-CAIS-2022-PROGRAM-9581,680109,https://projects.propublica.org/nonprofits/full_text/202313199349329581/IRS990,2026-09-14,"680,109",Exact filed field; fiscal period dates taken from return header. Organization-wide amount; no AI allocation.,USD,881751310,CAIS,/AppData/SubmissionHeaderAndDocument/SubmissionDocument/IRS990[1]/TotalProgramServiceExpensesAmt[1],PROGRAM,organization_program,202313199349329581,CAIS,Center for AI Safety,2022-12-31,2022-04-13,yes,safety,sources/return-202313199349329581.html
R-CAIS-2022-EXPENSE-9581,816760,https://projects.propublica.org/nonprofits/full_text/202313199349329581/IRS990,2026-09-14,"816,760",Exact filed field; fiscal period dates taken from return header. Organization-wide amount; no AI allocation.,USD,881751310,CAIS,/AppData/SubmissionHeaderAndDocument/SubmissionDocument/IRS990[1]/CYTotalExpensesAmt[1],EXPENSE,organization_expense,202313199349329581,CAIS,Center for AI Safety,2022-12-31,2022-04-13,yes,safety,sources/return-202313199349329581.html
R-CAIS-2022-CONTRIB-9581,6658500,https://projects.propublica.org/nonprofits/full_text/202313199349329581/IRS990,2026-09-14,"6,658,500",Exact filed field; fiscal period dates taken from return header. Organization-wide amount; no AI allocation.,USD,881751310,CAIS,/AppData/SubmissionHeaderAndDocument/SubmissionDocument/IRS990[1]/CYContributionsGrantsAmt[1],CONTRIB,organization_contrib,202313199349329581,CAIS,Center for AI Safety,2022-12-31,2022-04-13,yes,safety,sources/return-202313199349329581.html
R-CAIS-2022-INVEST-9581,47,https://projects.propublica.org/nonprofits/full_text/202313199349329581/IRS990,2026-09-14,47,Exact filed field; fiscal period dates taken from return header. Organization-wide amount; no AI allocation.,USD,881751310,CAIS,/AppData/SubmissionHeaderAndDocument/SubmissionDocument/IRS990[1]/CYInvestmentIncomeAmt[1],INVEST,organization_invest,202313199349329581,CAIS,Center for AI Safety,2022-12-31,2022-04-13,yes,safety,sources/return-202313199349329581.html
R-CAIS-2022-NETSALES-9581,0,https://projects.propublica.org/nonprofits/full_text/202313199349329581/IRS990,2026-09-14,0,Exact filed field; fiscal period dates taken from return header. Organization-wide amount; no AI allocation.,USD,881751310,CAIS,/AppData/SubmissionHeaderAndDocument/SubmissionDocument/IRS990[1]/NetGainOrLossInvestmentsGrp[1]/TotalRevenueColumnAmt[1],NETSALES,organization_netsales,202313199349329581,CAIS,Center for AI Safety,2022-12-31,2022-04-13,yes,safety,sources/return-202313199349329581.html
R-CAISAF-2024-REV-3287,3577153,https://projects.propublica.org/nonprofits/full_text/202523219349323287/IRS990,2026-09-14,"3,577,153",Exact filed field; fiscal period dates taken from return header. Organization-wide amount; no AI allocation.,USD,932442608,CAIS,/AppData/SubmissionHeaderAndDocument/SubmissionDocument/IRS990[1]/CYTotalRevenueAmt[1],REV,organization_rev,202523219349323287,CAISAF,Center for AI Safety Action Fund,2024-12-31,2024-01-01,yes,safety,sources/return-202523219349323287.html
R-CAISAF-2024-ASSETS-3287,1890527,https://projects.propublica.org/nonprofits/full_text/202523219349323287/IRS990,2026-09-14,"1,890,527",Exact filed field; fiscal period dates taken from return header. Organization-wide amount; no AI allocation.,USD,932442608,CAIS,/AppData/SubmissionHeaderAndDocument/SubmissionDocument/IRS990[1]/TotalAssetsEOYAmt[1],ASSETS,organization_assets,202523219349323287,CAISAF,Center for AI Safety Action Fund,2024-12-31,2024-01-01,yes,safety,sources/return-202523219349323287.html
R-CAISAF-2024-PROGRAM-3287,2265597,https://projects.propublica.org/nonprofits/full_text/202523219349323287/IRS990,2026-09-14,"2,265,597",Exact filed field; fiscal period dates taken from return header. Organization-wide amount; no AI allocation.,USD,932442608,CAIS,/AppData/SubmissionHeaderAndDocument/SubmissionDocument/IRS990[1]/TotalProgramServiceExpensesAmt[1],PROGRAM,organization_program,202523219349323287,CAISAF,Center for AI Safety Action Fund,2024-12-31,2024-01-01,yes,safety,sources/return-202523219349323287.html
R-CAISAF-2024-EXPENSE-3287,2394762,https://projects.propublica.org/nonprofits/full_text/202523219349323287/IRS990,2026-09-14,"2,394,762",Exact filed field; fiscal period dates taken from return header. Organization-wide amount; no AI allocation.,USD,932442608,CAIS,/AppData/SubmissionHeaderAndDocument/SubmissionDocument/IRS990[1]/CYTotalExpensesAmt[1],EXPENSE,organization_expense,202523219349323287,CAISAF,Center for AI Safety Action Fund,2024-12-31,2024-01-01,yes,safety,sources/return-202523219349323287.html
R-CAISAF-2024-CONTRIB-3287,3532366,https://projects.propublica.org/nonprofits/full_text/202523219349323287/IRS990,2026-09-14,"3,532,366",Exact filed field; fiscal period dates taken from return header. Organization-wide amount; no AI allocation.,USD,932442608,CAIS,/AppData/SubmissionHeaderAndDocument/SubmissionDocument/IRS990[1]/CYContributionsGrantsAmt[1],CONTRIB,organization_contrib,202523219349323287,CAISAF,Center for AI Safety Action Fund,2024-12-31,2024-01-01,yes,safety,sources/return-202523219349323287.html
R-CAISAF-2024-INVEST-3287,44787,https://projects.propublica.org/nonprofits/full_text/202523219349323287/IRS990,2026-09-14,"44,787",Exact filed field; fiscal period dates taken from return header. Organization-wide amount; no AI allocation.,USD,932442608,CAIS,/AppData/SubmissionHeaderAndDocument/SubmissionDocument/IRS990[1]/CYInvestmentIncomeAmt[1],INVEST,organization_invest,202523219349323287,CAISAF,Center for AI Safety Action Fund,2024-12-31,2024-01-01,yes,safety,sources/return-202523219349323287.html
R-CAISAF-2024-NETSALES-3287,0,https://projects.propublica.org/nonprofits/full_text/202523219349323287/IRS990,2026-09-14,0,Exact filed field; fiscal period dates taken from return header. Organization-wide amount; no AI allocation.,USD,932442608,CAIS,/AppData/SubmissionHeaderAndDocument/SubmissionDocument/IRS990[1]/NetGainOrLossInvestmentsGrp[1]/TotalRevenueColumnAmt[1],NETSALES,organization_netsales,202523219349323287,CAISAF,Center for AI Safety Action Fund,2024-12-31,2024-01-01,yes,safety,sources/return-202523219349323287.html
R-CAISAF-2023-REV-5214,718870,https://projects.propublica.org/nonprofits/full_text/202443209349315214/IRS990,2026-09-14,"718,870",Exact filed field; fiscal period dates taken from return header. Organization-wide amount; no AI allocation.,USD,932442608,CAIS,/AppData/SubmissionHeaderAndDocument/SubmissionDocument/IRS990[1]/CYTotalRevenueAmt[1],REV,organization_rev,202443209349315214,CAISAF,Center for AI Safety Action Fund,2023-12-31,2023-07-04,yes,safety,sources/return-202443209349315214.html
R-CAISAF-2023-ASSETS-5214,607985,https://projects.propublica.org/nonprofits/full_text/202443209349315214/IRS990,2026-09-14,"607,985",Exact filed field; fiscal period dates taken from return header. Organization-wide amount; no AI allocation.,USD,932442608,CAIS,/AppData/SubmissionHeaderAndDocument/SubmissionDocument/IRS990[1]/TotalAssetsEOYAmt[1],ASSETS,organization_assets,202443209349315214,CAISAF,Center for AI Safety Action Fund,2023-12-31,2023-07-04,yes,safety,sources/return-202443209349315214.html
R-CAISAF-2023-PROGRAM-5214,116385,https://projects.propublica.org/nonprofits/full_text/202443209349315214/IRS990,2026-09-14,"116,385",Exact filed field; fiscal period dates taken from return header. Organization-wide amount; no AI allocation.,USD,932442608,CAIS,/AppData/SubmissionHeaderAndDocument/SubmissionDocument/IRS990[1]/TotalProgramServiceExpensesAmt[1],PROGRAM,organization_program,202443209349315214,CAISAF,Center for AI Safety Action Fund,2023-12-31,2023-07-04,yes,safety,sources/return-202443209349315214.html
R-CAISAF-2023-EXPENSE-5214,139139,https://projects.propublica.org/nonprofits/full_text/202443209349315214/IRS990,2026-09-14,"139,139",Exact filed field; fiscal period dates taken from return header. Organization-wide amount; no AI allocation.,USD,932442608,CAIS,/AppData/SubmissionHeaderAndDocument/SubmissionDocument/IRS990[1]/CYTotalExpensesAmt[1],EXPENSE,organization_expense,202443209349315214,CAISAF,Center for AI Safety Action Fund,2023-12-31,2023-07-04,yes,safety,sources/return-202443209349315214.html
R-CAISAF-2023-CONTRIB-5214,718870,https://projects.propublica.org/nonprofits/full_text/202443209349315214/IRS990,2026-09-14,"718,870",Exact filed field; fiscal period dates taken from return header. Organization-wide amount; no AI allocation.,USD,932442608,CAIS,/AppData/SubmissionHeaderAndDocument/SubmissionDocument/IRS990[1]/CYContributionsGrantsAmt[1],CONTRIB,organization_contrib,202443209349315214,CAISAF,Center for AI Safety Action Fund,2023-12-31,2023-07-04,yes,safety,sources/return-202443209349315214.html
R-CAISAF-2023-INVEST-5214,0,https://projects.propublica.org/nonprofits/full_text/202443209349315214/IRS990,2026-09-14,0,Exact filed field; fiscal period dates taken from return header. Organization-wide amount; no AI allocation.,USD,932442608,CAIS,/AppData/SubmissionHeaderAndDocument/SubmissionDocument/IRS990[1]/CYInvestmentIncomeAmt[1],INVEST,organization_invest,202443209349315214,CAISAF,Center for AI Safety Action Fund,2023-12-31,2023-07-04,yes,safety,sources/return-202443209349315214.html
R-CAISAF-2023-NETSALES-5214,0,https://projects.propublica.org/nonprofits/full_text/202443209349315214/IRS990,2026-09-14,0,Exact filed field; fiscal period dates taken from return header. Organization-wide amount; no AI allocation.,USD,932442608,CAIS,/AppData/SubmissionHeaderAndDocument/SubmissionDocument/IRS990[1]/NetGainOrLossInvestmentsGrp[1]/TotalRevenueColumnAmt[1],NETSALES,organization_netsales,202443209349315214,CAISAF,Center for AI Safety Action Fund,2023-12-31,2023-07-04,yes,safety,sources/return-202443209349315214.html
R-ARI-2024-REV-2380,5244469,https://projects.propublica.org/nonprofits/full_text/202503209349302380/IRS990,2026-09-14,"5,244,469",Exact filed field; fiscal period dates taken from return header. Organization-wide amount; no AI allocation.,USD,933248564,ARI,/AppData/SubmissionHeaderAndDocument/SubmissionDocument/IRS990[1]/CYTotalRevenueAmt[1],REV,organization_rev,202503209349302380,ARI,Americans for Responsible Innovation,2024-12-31,2024-01-01,yes,safety,sources/return-202503209349302380.html
R-ARI-2024-ASSETS-2380,3514963,https://projects.propublica.org/nonprofits/full_text/202503209349302380/IRS990,2026-09-14,"3,514,963",Exact filed field; fiscal period dates taken from return header. Organization-wide amount; no AI allocation.,USD,933248564,ARI,/AppData/SubmissionHeaderAndDocument/SubmissionDocument/IRS990[1]/TotalAssetsEOYAmt[1],ASSETS,organization_assets,202503209349302380,ARI,Americans for Responsible Innovation,2024-12-31,2024-01-01,yes,safety,sources/return-202503209349302380.html
R-ARI-2024-PROGRAM-2380,2083880,https://projects.propublica.org/nonprofits/full_text/202503209349302380/IRS990,2026-09-14,"2,083,880",Exact filed field; fiscal period dates taken from return header. Organization-wide amount; no AI allocation.,USD,933248564,ARI,/AppData/SubmissionHeaderAndDocument/SubmissionDocument/IRS990[1]/TotalProgramServiceExpensesAmt[1],PROGRAM,organization_program,202503209349302380,ARI,Americans for Responsible Innovation,2024-12-31,2024-01-01,yes,safety,sources/return-202503209349302380.html
R-ARI-2024-EXPENSE-2380,2592128,https://projects.propublica.org/nonprofits/full_text/202503209349302380/IRS990,2026-09-14,"2,592,128",Exact filed field; fiscal period dates taken from return header. Organization-wide amount; no AI allocation.,USD,933248564,ARI,/AppData/SubmissionHeaderAndDocument/SubmissionDocument/IRS990[1]/CYTotalExpensesAmt[1],EXPENSE,organization_expense,202503209349302380,ARI,Americans for Responsible Innovation,2024-12-31,2024-01-01,yes,safety,sources/return-202503209349302380.html
R-ARI-2024-CONTRIB-2380,5235582,https://projects.propublica.org/nonprofits/full_text/202503209349302380/IRS990,2026-09-14,"5,235,582",Exact filed field; fiscal period dates taken from return header. Organization-wide amount; no AI allocation.,USD,933248564,ARI,/AppData/SubmissionHeaderAndDocument/SubmissionDocument/IRS990[1]/CYContributionsGrantsAmt[1],CONTRIB,organization_contrib,202503209349302380,ARI,Americans for Responsible Innovation,2024-12-31,2024-01-01,yes,safety,sources/return-202503209349302380.html
R-ARI-2024-INVEST-2380,8887,https://projects.propublica.org/nonprofits/full_text/202503209349302380/IRS990,2026-09-14,"8,887",Exact filed field; fiscal period dates taken from return header. Organization-wide amount; no AI allocation.,USD,933248564,ARI,/AppData/SubmissionHeaderAndDocument/SubmissionDocument/IRS990[1]/CYInvestmentIncomeAmt[1],INVEST,organization_invest,202503209349302380,ARI,Americans for Responsible Innovation,2024-12-31,2024-01-01,yes,safety,sources/return-202503209349302380.html
R-ARI-2024-NETSALES-2380,316,https://projects.propublica.org/nonprofits/full_text/202503209349302380/IRS990,2026-09-14,316,Exact filed field; fiscal period dates taken from return header. Organization-wide amount; no AI allocation.,USD,933248564,ARI,/AppData/SubmissionHeaderAndDocument/SubmissionDocument/IRS990[1]/NetGainOrLossInvestmentsGrp[1]/TotalRevenueColumnAmt[1],NETSALES,organization_netsales,202503209349302380,ARI,Americans for Responsible Innovation,2024-12-31,2024-01-01,yes,safety,sources/return-202503209349302380.html
R-ARI-2023-REV-1504,501673,https://projects.propublica.org/nonprofits/full_text/202541059349301504/IRS990,2026-09-14,"501,673",Exact filed field; fiscal period dates taken from return header. Organization-wide amount; no AI allocation.,USD,933248564,ARI,/AppData/SubmissionHeaderAndDocument/SubmissionDocument/IRS990[1]/CYTotalRevenueAmt[1],REV,organization_rev,202541059349301504,ARI,Americans for Responsible Innovation,2023-12-31,2023-09-01,yes,safety,sources/return-202541059349301504.html
R-ARI-2023-ASSETS-1504,496629,https://projects.propublica.org/nonprofits/full_text/202541059349301504/IRS990,2026-09-14,"496,629",Exact filed field; fiscal period dates taken from return header. Organization-wide amount; no AI allocation.,USD,933248564,ARI,/AppData/SubmissionHeaderAndDocument/SubmissionDocument/IRS990[1]/TotalAssetsEOYAmt[1],ASSETS,organization_assets,202541059349301504,ARI,Americans for Responsible Innovation,2023-12-31,2023-09-01,yes,safety,sources/return-202541059349301504.html
R-ARI-2023-PROGRAM-1504,30,https://projects.propublica.org/nonprofits/full_text/202541059349301504/IRS990,2026-09-14,30,Exact filed field; fiscal period dates taken from return header. Organization-wide amount; no AI allocation.,USD,933248564,ARI,/AppData/SubmissionHeaderAndDocument/SubmissionDocument/IRS990[1]/TotalProgramServiceExpensesAmt[1],PROGRAM,organization_program,202541059349301504,ARI,Americans for Responsible Innovation,2023-12-31,2023-09-01,yes,safety,sources/return-202541059349301504.html
R-ARI-2023-EXPENSE-1504,23064,https://projects.propublica.org/nonprofits/full_text/202541059349301504/IRS990,2026-09-14,"23,064",Exact filed field; fiscal period dates taken from return header. Organization-wide amount; no AI allocation.,USD,933248564,ARI,/AppData/SubmissionHeaderAndDocument/SubmissionDocument/IRS990[1]/CYTotalExpensesAmt[1],EXPENSE,organization_expense,202541059349301504,ARI,Americans for Responsible Innovation,2023-12-31,2023-09-01,yes,safety,sources/return-202541059349301504.html
R-ARI-2023-CONTRIB-1504,500100,https://projects.propublica.org/nonprofits/full_text/202541059349301504/IRS990,2026-09-14,"500,100",Exact filed field; fiscal period dates taken from return header. Organization-wide amount; no AI allocation.,USD,933248564,ARI,/AppData/SubmissionHeaderAndDocument/SubmissionDocument/IRS990[1]/CYContributionsGrantsAmt[1],CONTRIB,organization_contrib,202541059349301504,ARI,Americans for Responsible Innovation,2023-12-31,2023-09-01,yes,safety,sources/return-202541059349301504.html
R-ARI-2023-INVEST-1504,1573,https://projects.propublica.org/nonprofits/full_text/202541059349301504/IRS990,2026-09-14,"1,573",Exact filed field; fiscal period dates taken from return header. Organization-wide amount; no AI allocation.,USD,933248564,ARI,/AppData/SubmissionHeaderAndDocument/SubmissionDocument/IRS990[1]/CYInvestmentIncomeAmt[1],INVEST,organization_invest,202541059349301504,ARI,Americans for Responsible Innovation,2023-12-31,2023-09-01,yes,safety,sources/return-202541059349301504.html
R-SAIF-2024-REV-0600,2182205,https://projects.propublica.org/nonprofits/full_text/202502259349300600/IRS990,2026-09-14,"2,182,205",Exact filed field; fiscal period dates taken from return header. Organization-wide amount; no AI allocation.,USD,934950919,SAIF,/AppData/SubmissionHeaderAndDocument/SubmissionDocument/IRS990[1]/CYTotalRevenueAmt[1],REV,organization_rev,202502259349300600,SAIF,Safe AI Forum,2024-12-31,2024-01-01,yes,safety,sources/return-202502259349300600.html
R-SAIF-2024-ASSETS-0600,2133588,https://projects.propublica.org/nonprofits/full_text/202502259349300600/IRS990,2026-09-14,"2,133,588",Exact filed field; fiscal period dates taken from return header. Organization-wide amount; no AI allocation.,USD,934950919,SAIF,/AppData/SubmissionHeaderAndDocument/SubmissionDocument/IRS990[1]/TotalAssetsEOYAmt[1],ASSETS,organization_assets,202502259349300600,SAIF,Safe AI Forum,2024-12-31,2024-01-01,yes,safety,sources/return-202502259349300600.html
R-SAIF-2024-EXPENSE-0600,51825,https://projects.propublica.org/nonprofits/full_text/202502259349300600/IRS990,2026-09-14,"51,825",Exact filed field; fiscal period dates taken from return header. Organization-wide amount; no AI allocation.,USD,934950919,SAIF,/AppData/SubmissionHeaderAndDocument/SubmissionDocument/IRS990[1]/CYTotalExpensesAmt[1],EXPENSE,organization_expense,202502259349300600,SAIF,Safe AI Forum,2024-12-31,2024-01-01,yes,safety,sources/return-202502259349300600.html
R-SAIF-2024-CONTRIB-0600,2182205,https://projects.propublica.org/nonprofits/full_text/202502259349300600/IRS990,2026-09-14,"2,182,205",Exact filed field; fiscal period dates taken from return header. Organization-wide amount; no AI allocation.,USD,934950919,SAIF,/AppData/SubmissionHeaderAndDocument/SubmissionDocument/IRS990[1]/CYContributionsGrantsAmt[1],CONTRIB,organization_contrib,202502259349300600,SAIF,Safe AI Forum,2024-12-31,2024-01-01,yes,safety,sources/return-202502259349300600.html
R-SAIF-2024-INVEST-0600,0,https://projects.propublica.org/nonprofits/full_text/202502259349300600/IRS990,2026-09-14,0,Exact filed field; fiscal period dates taken from return header. Organization-wide amount; no AI allocation.,USD,934950919,SAIF,/AppData/SubmissionHeaderAndDocument/SubmissionDocument/IRS990[1]/CYInvestmentIncomeAmt[1],INVEST,organization_invest,202502259349300600,SAIF,Safe AI Forum,2024-12-31,2024-01-01,yes,safety,sources/return-202502259349300600.html
R-SAIF-2024-NETSALES-0600,0,https://projects.propublica.org/nonprofits/full_text/202502259349300600/IRS990,2026-09-14,0,Exact filed field; fiscal period dates taken from return header. Organization-wide amount; no AI allocation.,USD,934950919,SAIF,/AppData/SubmissionHeaderAndDocument/SubmissionDocument/IRS990[1]/NetGainOrLossInvestmentsGrp[1]/TotalRevenueColumnAmt[1],NETSALES,organization_netsales,202502259349300600,SAIF,Safe AI Forum,2024-12-31,2024-01-01,yes,safety,sources/return-202502259349300600.html
R-CRI-2024-REV-2505,4631047,https://projects.propublica.org/nonprofits/full_text/202503209349302505/IRS990,2026-09-14,"4,631,047",Exact filed field; fiscal period dates taken from return header. Organization-wide amount; no AI allocation.,USD,990921925,ARI,/AppData/SubmissionHeaderAndDocument/SubmissionDocument/IRS990[1]/CYTotalRevenueAmt[1],REV,organization_rev,202503209349302505,CRI,Center for Responsible Innovation,2024-12-31,2024-01-10,yes,safety,sources/return-202503209349302505.html
R-CRI-2024-ASSETS-2505,4176715,https://projects.propublica.org/nonprofits/full_text/202503209349302505/IRS990,2026-09-14,"4,176,715",Exact filed field; fiscal period dates taken from return header. Organization-wide amount; no AI allocation.,USD,990921925,ARI,/AppData/SubmissionHeaderAndDocument/SubmissionDocument/IRS990[1]/TotalAssetsEOYAmt[1],ASSETS,organization_assets,202503209349302505,CRI,Center for Responsible Innovation,2024-12-31,2024-01-10,yes,safety,sources/return-202503209349302505.html
R-CRI-2024-PROGRAM-2505,950000,https://projects.propublica.org/nonprofits/full_text/202503209349302505/IRS990,2026-09-14,"950,000",Exact filed field; fiscal period dates taken from return header. Organization-wide amount; no AI allocation.,USD,990921925,ARI,/AppData/SubmissionHeaderAndDocument/SubmissionDocument/IRS990[1]/TotalProgramServiceExpensesAmt[1],PROGRAM,organization_program,202503209349302505,CRI,Center for Responsible Innovation,2024-12-31,2024-01-10,yes,safety,sources/return-202503209349302505.html
R-CRI-2024-EXPENSE-2505,954332,https://projects.propublica.org/nonprofits/full_text/202503209349302505/IRS990,2026-09-14,"954,332",Exact filed field; fiscal period dates taken from return header. Organization-wide amount; no AI allocation.,USD,990921925,ARI,/AppData/SubmissionHeaderAndDocument/SubmissionDocument/IRS990[1]/CYTotalExpensesAmt[1],EXPENSE,organization_expense,202503209349302505,CRI,Center for Responsible Innovation,2024-12-31,2024-01-10,yes,safety,sources/return-202503209349302505.html
R-CRI-2024-CONTRIB-2505,4625300,https://projects.propublica.org/nonprofits/full_text/202503209349302505/IRS990,2026-09-14,"4,625,300",Exact filed field; fiscal period dates taken from return header. Organization-wide amount; no AI allocation.,USD,990921925,ARI,/AppData/SubmissionHeaderAndDocument/SubmissionDocument/IRS990[1]/CYContributionsGrantsAmt[1],CONTRIB,organization_contrib,202503209349302505,CRI,Center for Responsible Innovation,2024-12-31,2024-01-10,yes,safety,sources/return-202503209349302505.html
R-CRI-2024-INVEST-2505,5747,https://projects.propublica.org/nonprofits/full_text/202503209349302505/IRS990,2026-09-14,"5,747",Exact filed field; fiscal period dates taken from return header. Organization-wide amount; no AI allocation.,USD,990921925,ARI,/AppData/SubmissionHeaderAndDocument/SubmissionDocument/IRS990[1]/CYInvestmentIncomeAmt[1],INVEST,organization_invest,202503209349302505,CRI,Center for Responsible Innovation,2024-12-31,2024-01-10,yes,safety,sources/return-202503209349302505.html
