row_id,amount,source_url,snapshot_date,verbatim_quote_from_source,note,author_amount,author_name,author_row_id,author_tier,currency,funder,money_type,object_id,period_end,period_start,purpose,recipient_ein,recipient_name,schedule_row,source_fields,source_file,verdict
RM-VG001,250000,https://projects.propublica.org/nonprofits/full_text/202441359349309439/IRS990ScheduleI,2026-09-14,"250,000","Primary filing rematch by recipient EIN and exact fiscal period. Author-selected tier retained as a classification claim, not a finding about each recipient’s activities.",250000,1Day Sooner,VG001,A-EA infrastructure,USD,Vanguard,filed_cash_grant,202441359349309439,2023-06-30,2022-07-01,FOR RECIPIENT'S EXEMPT PURPOSE,851103820,1DAY SOONER INC,17,"{""CashGrantAmt[1]"": ""250,000"", ""IRCSectionDesc[1]"": ""501(C)3"", ""NonCashAssistanceDesc[1]"": ""N/A"", ""PurposeOfGrantTxt[1]"": ""FOR RECIPIENT'S EXEMPT PURPOSE"", ""RecipientBusinessName[1]/BusinessNameLine1Txt[1]"": ""1DAY SOONER INC"", ""RecipientEIN[1]"": ""85-1103820"", ""USAddress[1]/AddressLine1Txt[1]"": ""2093 PHILADELPHIA PIKE 6363"", ""USAddress[1]/CityNm[1]"": ""CLAYMONT"", ""USAddress[1]/StateAbbreviationCd[1]"": ""DE"", ""USAddress[1]/ZIPCd[1]"": ""19703"", ""ValuationMethodUsedDesc[1]"": ""FMV""}",sources/schedule-202441359349309439.html,KEEP
RM-VG002,201000,https://projects.propublica.org/nonprofits/full_text/202441359349309439/IRS990ScheduleI,2026-09-14,"201,000","Primary filing rematch by recipient EIN and exact fiscal period. Author-selected tier retained as a classification claim, not a finding about each recipient’s activities.",201000,Alignment Research Center,VG002,A-AI safety,USD,Vanguard,filed_cash_grant,202441359349309439,2023-06-30,2022-07-01,FOR RECIPIENT'S EXEMPT PURPOSE,863605182,ALIGNMENT RESEARCH CENTER,408,"{""CashGrantAmt[1]"": ""201,000"", ""IRCSectionDesc[1]"": ""501(C)3"", ""NonCashAssistanceDesc[1]"": ""N/A"", ""PurposeOfGrantTxt[1]"": ""FOR RECIPIENT'S EXEMPT PURPOSE"", ""RecipientBusinessName[1]/BusinessNameLine1Txt[1]"": ""ALIGNMENT RESEARCH CENTER"", ""RecipientEIN[1]"": ""86-3605182"", ""USAddress[1]/AddressLine1Txt[1]"": ""440 N BARRANCA AVE"", ""USAddress[1]/CityNm[1]"": ""COVINA"", ""USAddress[1]/StateAbbreviationCd[1]"": ""CA"", ""USAddress[1]/ZIPCd[1]"": ""91723"", ""ValuationMethodUsedDesc[1]"": ""FMV""}",sources/schedule-202441359349309439.html,KEEP
RM-VG003,385353,https://projects.propublica.org/nonprofits/full_text/202441359349309439/IRS990ScheduleI,2026-09-14,"385,353","Primary filing rematch by recipient EIN and exact fiscal period. Author-selected tier retained as a classification claim, not a finding about each recipient’s activities.",385353,Animal Charity Evaluators,VG003,C-EA animal,USD,Vanguard,filed_cash_grant,202441359349309439,2023-06-30,2022-07-01,FOR RECIPIENT'S EXEMPT PURPOSE,364684978,ANIMAL CHARITY EVALUATORS,926,"{""CashGrantAmt[1]"": ""385,353"", ""IRCSectionDesc[1]"": ""501(C)3"", ""NonCashAssistanceDesc[1]"": ""N/A"", ""PurposeOfGrantTxt[1]"": ""FOR RECIPIENT'S EXEMPT PURPOSE"", ""RecipientBusinessName[1]/BusinessNameLine1Txt[1]"": ""ANIMAL CHARITY EVALUATORS"", ""RecipientEIN[1]"": ""36-4684978"", ""USAddress[1]/AddressLine1Txt[1]"": ""440 N BARRANCA AVE 3480"", ""USAddress[1]/CityNm[1]"": ""COVINA"", ""USAddress[1]/StateAbbreviationCd[1]"": ""CA"", ""USAddress[1]/ZIPCd[1]"": ""91723"", ""ValuationMethodUsedDesc[1]"": ""FMV""}",sources/schedule-202441359349309439.html,KEEP
RM-VG004,10000,https://projects.propublica.org/nonprofits/full_text/202441359349309439/IRS990ScheduleI,2026-09-14,"10,000","Primary filing rematch by recipient EIN and exact fiscal period. Author-selected tier retained as a classification claim, not a finding about each recipient’s activities.",10000,Center for Applied Rationality,VG004,A-AI safety,USD,Vanguard,filed_cash_grant,202441359349309439,2023-06-30,2022-07-01,FOR RECIPIENT'S EXEMPT PURPOSE,453100226,CENTER FOR APPLIED RATIONALITY,3069,"{""CashGrantAmt[1]"": ""10,000"", ""IRCSectionDesc[1]"": ""501(C)3"", ""NonCashAssistanceDesc[1]"": ""N/A"", ""PurposeOfGrantTxt[1]"": ""FOR RECIPIENT'S EXEMPT PURPOSE"", ""RecipientBusinessName[1]/BusinessNameLine1Txt[1]"": ""CENTER FOR APPLIED RATIONALITY"", ""RecipientEIN[1]"": ""45-3100226"", ""USAddress[1]/AddressLine1Txt[1]"": ""2428 DWIGHT WAY STE 6"", ""USAddress[1]/CityNm[1]"": ""BERKELEY"", ""USAddress[1]/StateAbbreviationCd[1]"": ""CA"", ""USAddress[1]/ZIPCd[1]"": ""94704"", ""ValuationMethodUsedDesc[1]"": ""FMV""}",sources/schedule-202441359349309439.html,KEEP
RM-VG005,106000,https://projects.propublica.org/nonprofits/full_text/202441359349309439/IRS990ScheduleI,2026-09-14,"106,000","Primary filing rematch by recipient EIN and exact fiscal period. Author-selected tier retained as a classification claim, not a finding about each recipient’s activities.",106000,Center for Election Science,VG005,A-EA infrastructure,USD,Vanguard,filed_cash_grant,202441359349309439,2023-06-30,2022-07-01,FOR RECIPIENT'S EXEMPT PURPOSE,452334002,CENTER FOR ELECTION SCIENCE,3094,"{""CashGrantAmt[1]"": ""106,000"", ""IRCSectionDesc[1]"": ""501(C)3"", ""NonCashAssistanceDesc[1]"": ""N/A"", ""PurposeOfGrantTxt[1]"": ""FOR RECIPIENT'S EXEMPT PURPOSE"", ""RecipientBusinessName[1]/BusinessNameLine1Txt[1]"": ""CENTER FOR ELECTION SCIENCE"", ""RecipientEIN[1]"": ""45-2334002"", ""USAddress[1]/AddressLine1Txt[1]"": ""440 N BARRANCA AVE 2468"", ""USAddress[1]/CityNm[1]"": ""COVINA"", ""USAddress[1]/StateAbbreviationCd[1]"": ""CA"", ""USAddress[1]/ZIPCd[1]"": ""91723"", ""ValuationMethodUsedDesc[1]"": ""FMV""}",sources/schedule-202441359349309439.html,KEEP
RM-VG006,5500,https://projects.propublica.org/nonprofits/full_text/202441359349309439/IRS990ScheduleI,2026-09-14,"5,500","Primary filing rematch by recipient EIN and exact fiscal period. Author-selected tier retained as a classification claim, not a finding about each recipient’s activities.",5500,Compassion in World Farming,VG006,C-EA animal,USD,Vanguard,filed_cash_grant,202441359349309439,2023-06-30,2022-07-01,FOR RECIPIENT'S EXEMPT PURPOSE,461822635,COMPASSION IN WORLD FARMING,4538,"{""CashGrantAmt[1]"": ""5,500"", ""IRCSectionDesc[1]"": ""501(C)3"", ""NonCashAssistanceDesc[1]"": ""N/A"", ""PurposeOfGrantTxt[1]"": ""FOR RECIPIENT'S EXEMPT PURPOSE"", ""RecipientBusinessName[1]/BusinessNameLine1Txt[1]"": ""COMPASSION IN WORLD FARMING"", ""RecipientEIN[1]"": ""46-1822635"", ""USAddress[1]/AddressLine1Txt[1]"": ""211 EAST 43RD STREET"", ""USAddress[1]/CityNm[1]"": ""NEW YORK"", ""USAddress[1]/StateAbbreviationCd[1]"": ""NY"", ""USAddress[1]/ZIPCd[1]"": ""10017"", ""ValuationMethodUsedDesc[1]"": ""FMV""}",sources/schedule-202441359349309439.html,KEEP
RM-VG007,7000,https://projects.propublica.org/nonprofits/full_text/202441359349309439/IRS990ScheduleI,2026-09-14,"7,000","Primary filing rematch by recipient EIN and exact fiscal period. Author-selected tier retained as a classification claim, not a finding about each recipient’s activities.",7000,Effective Altruism Foundation,VG007,A-EA infrastructure,USD,Vanguard,filed_cash_grant,202441359349309439,2023-06-30,2022-07-01,FOR RECIPIENT'S EXEMPT PURPOSE,821136248,EFFECTIVE ALTRUISM FOUNDATION INC,5775,"{""CashGrantAmt[1]"": ""7,000"", ""IRCSectionDesc[1]"": ""501(C)3"", ""NonCashAssistanceDesc[1]"": ""N/A"", ""PurposeOfGrantTxt[1]"": ""FOR RECIPIENT'S EXEMPT PURPOSE"", ""RecipientBusinessName[1]/BusinessNameLine1Txt[1]"": ""EFFECTIVE ALTRUISM FOUNDATION INC"", ""RecipientEIN[1]"": ""82-1136248"", ""USAddress[1]/AddressLine1Txt[1]"": ""2930 DOMINGO AVE UNIT 351"", ""USAddress[1]/CityNm[1]"": ""BERKELEY"", ""USAddress[1]/StateAbbreviationCd[1]"": ""CA"", ""USAddress[1]/ZIPCd[1]"": ""94705"", ""ValuationMethodUsedDesc[1]"": ""FMV""}",sources/schedule-202441359349309439.html,KEEP
RM-VG008,2203812,https://projects.propublica.org/nonprofits/full_text/202441359349309439/IRS990ScheduleI,2026-09-14,"2,203,812","Primary filing rematch by recipient EIN and exact fiscal period. Author-selected tier retained as a classification claim, not a finding about each recipient’s activities.",2203812,Effective Ventures Foundation USA,VG008,A-EA infrastructure,USD,Vanguard,filed_cash_grant,202441359349309439,2023-06-30,2022-07-01,FOR RECIPIENT'S EXEMPT PURPOSE,471988398,EFFECTIVE VENTURES FOUNDATION USA,5776,"{""CashGrantAmt[1]"": ""2,203,812"", ""IRCSectionDesc[1]"": ""501(C)3"", ""NonCashAssistanceDesc[1]"": ""N/A"", ""PurposeOfGrantTxt[1]"": ""FOR RECIPIENT'S EXEMPT PURPOSE"", ""RecipientBusinessName[1]/BusinessNameLine1Txt[1]"": ""EFFECTIVE VENTURES FOUNDATION USA"", ""RecipientEIN[1]"": ""47-1988398"", ""USAddress[1]/AddressLine1Txt[1]"": ""2443 FILLMORE ST"", ""USAddress[1]/CityNm[1]"": ""SAN FRANCISCO"", ""USAddress[1]/StateAbbreviationCd[1]"": ""CA"", ""USAddress[1]/ZIPCd[1]"": ""94115"", ""ValuationMethodUsedDesc[1]"": ""FMV""}",sources/schedule-202441359349309439.html,KEEP
RM-VG009,2956462,https://projects.propublica.org/nonprofits/full_text/202441359349309439/IRS990ScheduleI,2026-09-14,"2,956,462","Primary filing rematch by recipient EIN and exact fiscal period. Author-selected tier retained as a classification claim, not a finding about each recipient’s activities.",2956462,Evidence Action,VG009,B-EA global health,USD,Vanguard,filed_cash_grant,202441359349309439,2023-06-30,2022-07-01,FOR RECIPIENT'S EXEMPT PURPOSE,900874591,EVIDENCE ACTION INC,6123,"{""CashGrantAmt[1]"": ""2,956,462"", ""IRCSectionDesc[1]"": ""501(C)3"", ""NonCashAssistanceDesc[1]"": ""N/A"", ""PurposeOfGrantTxt[1]"": ""FOR RECIPIENT'S EXEMPT PURPOSE"", ""RecipientBusinessName[1]/BusinessNameLine1Txt[1]"": ""EVIDENCE ACTION INC"", ""RecipientEIN[1]"": ""90-0874591"", ""USAddress[1]/AddressLine1Txt[1]"": ""1133 CONNECTICUT AVE NW STE 200"", ""USAddress[1]/CityNm[1]"": ""WASHINGTON"", ""USAddress[1]/StateAbbreviationCd[1]"": ""DC"", ""USAddress[1]/ZIPCd[1]"": ""20036"", ""ValuationMethodUsedDesc[1]"": ""FMV""}",sources/schedule-202441359349309439.html,KEEP
RM-VG010,200000,https://projects.propublica.org/nonprofits/full_text/202441359349309439/IRS990ScheduleI,2026-09-14,"200,000","Primary filing rematch by recipient EIN and exact fiscal period. Author-selected tier retained as a classification claim, not a finding about each recipient’s activities.",200000,FAR AI,VG010,A-AI safety,USD,Vanguard,filed_cash_grant,202441359349309439,2023-06-30,2022-07-01,FOR RECIPIENT'S EXEMPT PURPOSE,920692207,FAR AI INC,6286,"{""CashGrantAmt[1]"": ""200,000"", ""IRCSectionDesc[1]"": ""501(C)3"", ""NonCashAssistanceDesc[1]"": ""N/A"", ""PurposeOfGrantTxt[1]"": ""FOR RECIPIENT'S EXEMPT PURPOSE"", ""RecipientBusinessName[1]/BusinessNameLine1Txt[1]"": ""FAR AI INC"", ""RecipientEIN[1]"": ""92-0692207"", ""USAddress[1]/AddressLine1Txt[1]"": ""600 W BROADWAY STE 660"", ""USAddress[1]/CityNm[1]"": ""SAN DIEGO"", ""USAddress[1]/StateAbbreviationCd[1]"": ""CA"", ""USAddress[1]/ZIPCd[1]"": ""92101"", ""ValuationMethodUsedDesc[1]"": ""FMV""}",sources/schedule-202441359349309439.html,KEEP
RM-VG011,57250,https://projects.propublica.org/nonprofits/full_text/202441359349309439/IRS990ScheduleI,2026-09-14,"57,250","Primary filing rematch by recipient EIN and exact fiscal period. Author-selected tier retained as a classification claim, not a finding about each recipient’s activities.",57250,Faunalytics,VG011,C-EA animal,USD,Vanguard,filed_cash_grant,202441359349309439,2023-06-30,2022-07-01,FOR RECIPIENT'S EXEMPT PURPOSE,010686889,FAUNALYTICS,6321,"{""CashGrantAmt[1]"": ""57,250"", ""IRCSectionDesc[1]"": ""501(C)3"", ""NonCashAssistanceDesc[1]"": ""N/A"", ""PurposeOfGrantTxt[1]"": ""FOR RECIPIENT'S EXEMPT PURPOSE"", ""RecipientBusinessName[1]/BusinessNameLine1Txt[1]"": ""FAUNALYTICS"", ""RecipientEIN[1]"": ""01-0686889"", ""USAddress[1]/AddressLine1Txt[1]"": ""PO BOX 152703"", ""USAddress[1]/CityNm[1]"": ""SAN DIEGO"", ""USAddress[1]/StateAbbreviationCd[1]"": ""CA"", ""USAddress[1]/ZIPCd[1]"": ""92195"", ""ValuationMethodUsedDesc[1]"": ""FMV""}",sources/schedule-202441359349309439.html,KEEP
RM-VG012,52500,https://projects.propublica.org/nonprofits/full_text/202441359349309439/IRS990ScheduleI,2026-09-14,"52,500","Primary filing rematch by recipient EIN and exact fiscal period. Author-selected tier retained as a classification claim, not a finding about each recipient’s activities.",52500,Fish Welfare Initiative,VG012,C-EA animal,USD,Vanguard,filed_cash_grant,202441359349309439,2023-06-30,2022-07-01,FOR RECIPIENT'S EXEMPT PURPOSE,852065536,FISH WELFARE INITIATIVE,6724,"{""CashGrantAmt[1]"": ""52,500"", ""IRCSectionDesc[1]"": ""501(C)3"", ""NonCashAssistanceDesc[1]"": ""N/A"", ""PurposeOfGrantTxt[1]"": ""FOR RECIPIENT'S EXEMPT PURPOSE"", ""RecipientBusinessName[1]/BusinessNameLine1Txt[1]"": ""FISH WELFARE INITIATIVE"", ""RecipientEIN[1]"": ""85-2065536"", ""USAddress[1]/AddressLine1Txt[1]"": ""3123 BUTTERFLY DR"", ""USAddress[1]/CityNm[1]"": ""NORMAL"", ""USAddress[1]/StateAbbreviationCd[1]"": ""IL"", ""USAddress[1]/ZIPCd[1]"": ""61761"", ""ValuationMethodUsedDesc[1]"": ""FMV""}",sources/schedule-202441359349309439.html,KEEP
RM-VG013,161000,https://projects.propublica.org/nonprofits/full_text/202441359349309439/IRS990ScheduleI,2026-09-14,"161,000","Primary filing rematch by recipient EIN and exact fiscal period. Author-selected tier retained as a classification claim, not a finding about each recipient’s activities.",161000,Founders Pledge Inc,VG013,A-EA infrastructure,USD,Vanguard,filed_cash_grant,202441359349309439,2023-06-30,2022-07-01,FOR RECIPIENT'S EXEMPT PURPOSE,371795297,FOUNDERS PLEDGE INC,6981,"{""CashGrantAmt[1]"": ""161,000"", ""IRCSectionDesc[1]"": ""501(C)3"", ""NonCashAssistanceDesc[1]"": ""N/A"", ""PurposeOfGrantTxt[1]"": ""FOR RECIPIENT'S EXEMPT PURPOSE"", ""RecipientBusinessName[1]/BusinessNameLine1Txt[1]"": ""FOUNDERS PLEDGE INC"", ""RecipientEIN[1]"": ""37-1795297"", ""USAddress[1]/AddressLine1Txt[1]"": ""228 PARK AVE S PMB 71081 NE"", ""USAddress[1]/CityNm[1]"": ""NEW YORK"", ""USAddress[1]/StateAbbreviationCd[1]"": ""NY"", ""USAddress[1]/ZIPCd[1]"": ""10003"", ""ValuationMethodUsedDesc[1]"": ""FMV""}",sources/schedule-202441359349309439.html,KEEP
RM-VG014,8942961,https://projects.propublica.org/nonprofits/full_text/202441359349309439/IRS990ScheduleI,2026-09-14,"8,942,961","Primary filing rematch by recipient EIN and exact fiscal period. Author-selected tier retained as a classification claim, not a finding about each recipient’s activities.",8942961,GiveDirectly,VG014,B-EA global health,USD,Vanguard,filed_cash_grant,202441359349309439,2023-06-30,2022-07-01,FOR RECIPIENT'S EXEMPT PURPOSE,271661997,GIVEDIRECTLY INC,7588,"{""CashGrantAmt[1]"": ""8,942,961"", ""IRCSectionDesc[1]"": ""501(C)3"", ""NonCashAssistanceDesc[1]"": ""N/A"", ""PurposeOfGrantTxt[1]"": ""FOR RECIPIENT'S EXEMPT PURPOSE"", ""RecipientBusinessName[1]/BusinessNameLine1Txt[1]"": ""GIVEDIRECTLY INC"", ""RecipientEIN[1]"": ""27-1661997"", ""USAddress[1]/AddressLine1Txt[1]"": ""PO BOX 3221"", ""USAddress[1]/CityNm[1]"": ""NEW YORK"", ""USAddress[1]/StateAbbreviationCd[1]"": ""NY"", ""USAddress[1]/ZIPCd[1]"": ""10008"", ""ValuationMethodUsedDesc[1]"": ""FMV""}",sources/schedule-202441359349309439.html,KEEP
RM-VG015,5045538,https://projects.propublica.org/nonprofits/full_text/202441359349309439/IRS990ScheduleI,2026-09-14,"5,045,538","Primary filing rematch by recipient EIN and exact fiscal period. Author-selected tier retained as a classification claim, not a finding about each recipient’s activities.",5045538,Good Food Institute,VG015,C-EA animal,USD,Vanguard,filed_cash_grant,202441359349309439,2023-06-30,2022-07-01,FOR RECIPIENT'S EXEMPT PURPOSE,810840578,GOOD FOOD INSTITUTE INC,7702,"{""CashGrantAmt[1]"": ""5,045,538"", ""IRCSectionDesc[1]"": ""501(C)3"", ""NonCashAssistanceDesc[1]"": ""N/A"", ""PurposeOfGrantTxt[1]"": ""FOR RECIPIENT'S EXEMPT PURPOSE"", ""RecipientBusinessName[1]/BusinessNameLine1Txt[1]"": ""GOOD FOOD INSTITUTE INC"", ""RecipientEIN[1]"": ""81-0840578"", ""USAddress[1]/AddressLine1Txt[1]"": ""2503D N HARRISON ST 19"", ""USAddress[1]/CityNm[1]"": ""ARLINGTON"", ""USAddress[1]/StateAbbreviationCd[1]"": ""VA"", ""USAddress[1]/ZIPCd[1]"": ""22207"", ""ValuationMethodUsedDesc[1]"": ""FMV""}",sources/schedule-202441359349309439.html,KEEP
RM-VG016,348383,https://projects.propublica.org/nonprofits/full_text/202441359349309439/IRS990ScheduleI,2026-09-14,"348,383","Primary filing rematch by recipient EIN and exact fiscal period. Author-selected tier retained as a classification claim, not a finding about each recipient’s activities.",348383,Helen Keller International,VG016,B-EA global health,USD,Vanguard,filed_cash_grant,202441359349309439,2023-06-30,2022-07-01,FOR RECIPIENT'S EXEMPT PURPOSE,135562162,HELEN KELLER INTERNATIONAL,8449,"{""CashGrantAmt[1]"": ""348,383"", ""IRCSectionDesc[1]"": ""501(C)3"", ""NonCashAssistanceDesc[1]"": ""N/A"", ""PurposeOfGrantTxt[1]"": ""FOR RECIPIENT'S EXEMPT PURPOSE"", ""RecipientBusinessName[1]/BusinessNameLine1Txt[1]"": ""HELEN KELLER INTERNATIONAL"", ""RecipientEIN[1]"": ""13-5562162"", ""USAddress[1]/AddressLine1Txt[1]"": ""1 DAG HAMMARSKJOLD PLZ FL 2"", ""USAddress[1]/CityNm[1]"": ""NEW YORK"", ""USAddress[1]/StateAbbreviationCd[1]"": ""NY"", ""USAddress[1]/ZIPCd[1]"": ""10017"", ""ValuationMethodUsedDesc[1]"": ""FMV""}",sources/schedule-202441359349309439.html,KEEP
RM-VG017,997405,https://projects.propublica.org/nonprofits/full_text/202441359349309439/IRS990ScheduleI,2026-09-14,"997,405","Primary filing rematch by recipient EIN and exact fiscal period. Author-selected tier retained as a classification claim, not a finding about each recipient’s activities.",997405,Malaria Consortium,VG017,B-EA global health,USD,Vanguard,filed_cash_grant,202441359349309439,2023-06-30,2022-07-01,FOR RECIPIENT'S EXEMPT PURPOSE,980627052,MALARIA CONSORTIUM,11158,"{""CashGrantAmt[1]"": ""997,405"", ""IRCSectionDesc[1]"": ""501(C)3"", ""NonCashAssistanceDesc[1]"": ""N/A"", ""PurposeOfGrantTxt[1]"": ""FOR RECIPIENT'S EXEMPT PURPOSE"", ""RecipientBusinessName[1]/BusinessNameLine1Txt[1]"": ""MALARIA CONSORTIUM"", ""RecipientEIN[1]"": ""98-0627052"", ""USAddress[1]/AddressLine1Txt[1]"": ""PO BOX 6334"", ""USAddress[1]/CityNm[1]"": ""HERMITAGE"", ""USAddress[1]/StateAbbreviationCd[1]"": ""PA"", ""USAddress[1]/ZIPCd[1]"": ""16148"", ""ValuationMethodUsedDesc[1]"": ""FMV""}",sources/schedule-202441359349309439.html,KEEP
RM-VG018,2279562,https://projects.propublica.org/nonprofits/full_text/202441359349309439/IRS990ScheduleI,2026-09-14,"2,279,562","Primary filing rematch by recipient EIN and exact fiscal period. Author-selected tier retained as a classification claim, not a finding about each recipient’s activities.",2279562,Mercy for Animals,VG018,C-EA animal,USD,Vanguard,filed_cash_grant,202441359349309439,2023-06-30,2022-07-01,FOR RECIPIENT'S EXEMPT PURPOSE,542076145,MERCY FOR ANIMALS,11561,"{""CashGrantAmt[1]"": ""2,279,562"", ""IRCSectionDesc[1]"": ""501(C)3"", ""NonCashAssistanceDesc[1]"": ""N/A"", ""PurposeOfGrantTxt[1]"": ""FOR RECIPIENT'S EXEMPT PURPOSE"", ""RecipientBusinessName[1]/BusinessNameLine1Txt[1]"": ""MERCY FOR ANIMALS"", ""RecipientEIN[1]"": ""54-2076145"", ""USAddress[1]/AddressLine1Txt[1]"": ""8033 W SUNSET BLVD"", ""USAddress[1]/CityNm[1]"": ""LOS ANGELES"", ""USAddress[1]/StateAbbreviationCd[1]"": ""CA"", ""USAddress[1]/ZIPCd[1]"": ""90046"", ""ValuationMethodUsedDesc[1]"": ""FMV""}",sources/schedule-202441359349309439.html,KEEP
RM-VG019,233372,https://projects.propublica.org/nonprofits/full_text/202441359349309439/IRS990ScheduleI,2026-09-14,"233,372","Primary filing rematch by recipient EIN and exact fiscal period. Author-selected tier retained as a classification claim, not a finding about each recipient’s activities.",233372,New Incentives,VG019,B-EA global health,USD,Vanguard,filed_cash_grant,202441359349309439,2023-06-30,2022-07-01,FOR RECIPIENT'S EXEMPT PURPOSE,452368993,NEW INCENTIVES,12657,"{""CashGrantAmt[1]"": ""233,372"", ""IRCSectionDesc[1]"": ""501(C)3"", ""NonCashAssistanceDesc[1]"": ""N/A"", ""PurposeOfGrantTxt[1]"": ""FOR RECIPIENT'S EXEMPT PURPOSE"", ""RecipientBusinessName[1]/BusinessNameLine1Txt[1]"": ""NEW INCENTIVES"", ""RecipientEIN[1]"": ""45-2368993"", ""USAddress[1]/AddressLine1Txt[1]"": ""440 N BARRANCA AVE UNIT 6133"", ""USAddress[1]/CityNm[1]"": ""COVINA"", ""USAddress[1]/StateAbbreviationCd[1]"": ""CA"", ""USAddress[1]/ZIPCd[1]"": ""91723"", ""ValuationMethodUsedDesc[1]"": ""FMV""}",sources/schedule-202441359349309439.html,KEEP
RM-VG020,14000,https://projects.propublica.org/nonprofits/full_text/202441359349309439/IRS990ScheduleI,2026-09-14,"14,000","Primary filing rematch by recipient EIN and exact fiscal period. Author-selected tier retained as a classification claim, not a finding about each recipient’s activities.",14000,Nuclear Threat Initiative,VG020,A-borderline,USD,Vanguard,filed_cash_grant,202441359349309439,2023-06-30,2022-07-01,FOR RECIPIENT'S EXEMPT PURPOSE,522289435,NUCLEAR THREAT INITIATIVE INC,13091,"{""CashGrantAmt[1]"": ""14,000"", ""IRCSectionDesc[1]"": ""501(C)3"", ""NonCashAssistanceDesc[1]"": ""N/A"", ""PurposeOfGrantTxt[1]"": ""FOR RECIPIENT'S EXEMPT PURPOSE"", ""RecipientBusinessName[1]/BusinessNameLine1Txt[1]"": ""NUCLEAR THREAT INITIATIVE INC"", ""RecipientEIN[1]"": ""52-2289435"", ""USAddress[1]/AddressLine1Txt[1]"": ""1776 I ST NW STE 600"", ""USAddress[1]/CityNm[1]"": ""WASHINGTON"", ""USAddress[1]/StateAbbreviationCd[1]"": ""DC"", ""USAddress[1]/ZIPCd[1]"": ""20006"", ""ValuationMethodUsedDesc[1]"": ""FMV""}",sources/schedule-202441359349309439.html,KEEP
RM-VG021,154760,https://projects.propublica.org/nonprofits/full_text/202441359349309439/IRS990ScheduleI,2026-09-14,"154,760","Primary filing rematch by recipient EIN and exact fiscal period. Author-selected tier retained as a classification claim, not a finding about each recipient’s activities.",154760,One Acre Fund,VG021,B-EA global health,USD,Vanguard,filed_cash_grant,202441359349309439,2023-06-30,2022-07-01,FOR RECIPIENT'S EXEMPT PURPOSE,203668110,ONE ACRE FUND,13256,"{""CashGrantAmt[1]"": ""154,760"", ""IRCSectionDesc[1]"": ""501(C)3"", ""NonCashAssistanceDesc[1]"": ""N/A"", ""PurposeOfGrantTxt[1]"": ""FOR RECIPIENT'S EXEMPT PURPOSE"", ""RecipientBusinessName[1]/BusinessNameLine1Txt[1]"": ""ONE ACRE FUND"", ""RecipientEIN[1]"": ""20-3668110"", ""USAddress[1]/AddressLine1Txt[1]"": ""1954 FIRST STREET SUITE 183"", ""USAddress[1]/CityNm[1]"": ""HIGHLAND PARK"", ""USAddress[1]/StateAbbreviationCd[1]"": ""IL"", ""USAddress[1]/ZIPCd[1]"": ""60035"", ""ValuationMethodUsedDesc[1]"": ""FMV""}",sources/schedule-202441359349309439.html,KEEP
RM-VG022,1000000,https://projects.propublica.org/nonprofits/full_text/202441359349309439/IRS990ScheduleI,2026-09-14,"1,000,000","Primary filing rematch by recipient EIN and exact fiscal period. Author-selected tier retained as a classification claim, not a finding about each recipient’s activities.",1000000,Ought (Elicit),VG022,A-AI safety,USD,Vanguard,filed_cash_grant,202441359349309439,2023-06-30,2022-07-01,FOR RECIPIENT'S EXEMPT PURPOSE,812121304,OUGHT INC,13454,"{""CashGrantAmt[1]"": ""1,000,000"", ""IRCSectionDesc[1]"": ""501(C)3"", ""NonCashAssistanceDesc[1]"": ""N/A"", ""PurposeOfGrantTxt[1]"": ""FOR RECIPIENT'S EXEMPT PURPOSE"", ""RecipientBusinessName[1]/BusinessNameLine1Txt[1]"": ""OUGHT INC"", ""RecipientEIN[1]"": ""81-2121304"", ""USAddress[1]/AddressLine1Txt[1]"": ""340 S LEMON AVE 4405"", ""USAddress[1]/CityNm[1]"": ""WALNUT"", ""USAddress[1]/StateAbbreviationCd[1]"": ""CA"", ""USAddress[1]/ZIPCd[1]"": ""91789"", ""ValuationMethodUsedDesc[1]"": ""FMV""}",sources/schedule-202441359349309439.html,KEEP
RM-VG023,177000,https://projects.propublica.org/nonprofits/full_text/202441359349309439/IRS990ScheduleI,2026-09-14,"177,000","Primary filing rematch by recipient EIN and exact fiscal period. Author-selected tier retained as a classification claim, not a finding about each recipient’s activities.",177000,Rethink Priorities,VG023,A-EA infrastructure,USD,Vanguard,filed_cash_grant,202441359349309439,2023-06-30,2022-07-01,FOR RECIPIENT'S EXEMPT PURPOSE,843896318,RETHINK PRIORITIES,15065,"{""CashGrantAmt[1]"": ""177,000"", ""IRCSectionDesc[1]"": ""501(C)3"", ""NonCashAssistanceDesc[1]"": ""N/A"", ""PurposeOfGrantTxt[1]"": ""FOR RECIPIENT'S EXEMPT PURPOSE"", ""RecipientBusinessName[1]/BusinessNameLine1Txt[1]"": ""RETHINK PRIORITIES"", ""RecipientEIN[1]"": ""84-3896318"", ""USAddress[1]/AddressLine1Txt[1]"": ""530 DIVISADERO ST PMB 796"", ""USAddress[1]/CityNm[1]"": ""SAN FRANCISCO"", ""USAddress[1]/StateAbbreviationCd[1]"": ""CA"", ""USAddress[1]/ZIPCd[1]"": ""94117"", ""ValuationMethodUsedDesc[1]"": ""FMV""}",sources/schedule-202441359349309439.html,KEEP
RM-VG024,1130329,https://projects.propublica.org/nonprofits/full_text/202441359349309439/IRS990ScheduleI,2026-09-14,"1,130,329","Primary filing rematch by recipient EIN and exact fiscal period. Author-selected tier retained as a classification claim, not a finding about each recipient’s activities.",1130329,Against Malaria Foundation,VG024,B-EA global health,USD,Vanguard,filed_cash_grant,202441359349309439,2023-06-30,2022-07-01,FOR RECIPIENT'S EXEMPT PURPOSE,203069841,THE AGAINST MALARIA FOUNDATION,18155,"{""CashGrantAmt[1]"": ""1,130,329"", ""IRCSectionDesc[1]"": ""501(C)3"", ""NonCashAssistanceDesc[1]"": ""N/A"", ""PurposeOfGrantTxt[1]"": ""FOR RECIPIENT'S EXEMPT PURPOSE"", ""RecipientBusinessName[1]/BusinessNameLine1Txt[1]"": ""THE AGAINST MALARIA FOUNDATION"", ""RecipientEIN[1]"": ""20-3069841"", ""USAddress[1]/AddressLine1Txt[1]"": ""301 W 20TH ST STE 300"", ""USAddress[1]/CityNm[1]"": ""KANSAS CITY"", ""USAddress[1]/StateAbbreviationCd[1]"": ""MO"", ""USAddress[1]/ZIPCd[1]"": ""64108"", ""ValuationMethodUsedDesc[1]"": ""FMV""}",sources/schedule-202441359349309439.html,KEEP
RM-VG025,58944786,https://projects.propublica.org/nonprofits/full_text/202441359349309439/IRS990ScheduleI,2026-09-14,"58,944,786","Primary filing rematch by recipient EIN and exact fiscal period. Author-selected tier retained as a classification claim, not a finding about each recipient’s activities.",58944786,GiveWell (The Clear Fund),VG025,B-EA global health,USD,Vanguard,filed_cash_grant,202441359349309439,2023-06-30,2022-07-01,FOR RECIPIENT'S EXEMPT PURPOSE,208625442,THE CLEAR FUND,18314,"{""CashGrantAmt[1]"": ""58,944,786"", ""IRCSectionDesc[1]"": ""501(C)3"", ""NonCashAssistanceDesc[1]"": ""N/A"", ""PurposeOfGrantTxt[1]"": ""FOR RECIPIENT'S EXEMPT PURPOSE"", ""RecipientBusinessName[1]/BusinessNameLine1Txt[1]"": ""THE CLEAR FUND"", ""RecipientEIN[1]"": ""20-8625442"", ""USAddress[1]/AddressLine1Txt[1]"": ""1714 FRANKLIN ST 100335"", ""USAddress[1]/CityNm[1]"": ""OAKLAND"", ""USAddress[1]/StateAbbreviationCd[1]"": ""CA"", ""USAddress[1]/ZIPCd[1]"": ""94612"", ""ValuationMethodUsedDesc[1]"": ""FMV""}",sources/schedule-202441359349309439.html,KEEP
RM-VG026,1087386,https://projects.propublica.org/nonprofits/full_text/202441359349309439/IRS990ScheduleI,2026-09-14,"1,087,386","Primary filing rematch by recipient EIN and exact fiscal period. Author-selected tier retained as a classification claim, not a finding about each recipient’s activities.",1087386,The Humane League,VG026,C-EA animal,USD,Vanguard,filed_cash_grant,202441359349309439,2023-06-30,2022-07-01,FOR RECIPIENT'S EXEMPT PURPOSE,043817491,THE HUMANE LEAGUE,18514,"{""CashGrantAmt[1]"": ""1,087,386"", ""IRCSectionDesc[1]"": ""501(C)3"", ""NonCashAssistanceDesc[1]"": ""N/A"", ""PurposeOfGrantTxt[1]"": ""FOR RECIPIENT'S EXEMPT PURPOSE"", ""RecipientBusinessName[1]/BusinessNameLine1Txt[1]"": ""THE HUMANE LEAGUE"", ""RecipientEIN[1]"": ""04-3817491"", ""USAddress[1]/AddressLine1Txt[1]"": ""PO BOX 10476"", ""USAddress[1]/CityNm[1]"": ""ROCKVILLE"", ""USAddress[1]/StateAbbreviationCd[1]"": ""MD"", ""USAddress[1]/ZIPCd[1]"": ""20849"", ""ValuationMethodUsedDesc[1]"": ""FMV""}",sources/schedule-202441359349309439.html,KEEP
RM-VG027,69250,https://projects.propublica.org/nonprofits/full_text/202441359349309439/IRS990ScheduleI,2026-09-14,"69,250","Primary filing rematch by recipient EIN and exact fiscal period. Author-selected tier retained as a classification claim, not a finding about each recipient’s activities.",69250,Wild Animal Initiative,VG027,C-EA animal,USD,Vanguard,filed_cash_grant,202441359349309439,2023-06-30,2022-07-01,FOR RECIPIENT'S EXEMPT PURPOSE,822281466,WILD ANIMAL INITIATIVE INC,20659,"{""CashGrantAmt[1]"": ""69,250"", ""IRCSectionDesc[1]"": ""501(C)3"", ""NonCashAssistanceDesc[1]"": ""N/A"", ""PurposeOfGrantTxt[1]"": ""FOR RECIPIENT'S EXEMPT PURPOSE"", ""RecipientBusinessName[1]/BusinessNameLine1Txt[1]"": ""WILD ANIMAL INITIATIVE INC"", ""RecipientEIN[1]"": ""82-2281466"", ""USAddress[1]/AddressLine1Txt[1]"": ""5123 WEST 98TH STREET 1204"", ""USAddress[1]/CityNm[1]"": ""MINNEAPOLIS"", ""USAddress[1]/StateAbbreviationCd[1]"": ""MN"", ""USAddress[1]/ZIPCd[1]"": ""55437"", ""ValuationMethodUsedDesc[1]"": ""FMV""}",sources/schedule-202441359349309439.html,KEEP
RM-VG028,125000,https://projects.propublica.org/nonprofits/full_text/202511349349313096/IRS990ScheduleI,2026-09-14,"125,000","Primary filing rematch by recipient EIN and exact fiscal period. Author-selected tier retained as a classification claim, not a finding about each recipient’s activities.",125000,1Day Sooner,VG028,A-EA infrastructure,USD,Vanguard,filed_cash_grant,202511349349313096,2024-06-30,2023-07-01,FOR RECIPIENT'S EXEMPT PURPOSE,851103820,1DAY SOONER INC,10,"{""CashGrantAmt[1]"": ""125,000"", ""IRCSectionDesc[1]"": ""501(C)3"", ""NonCashAssistanceDesc[1]"": ""N/A"", ""PurposeOfGrantTxt[1]"": ""FOR RECIPIENT'S EXEMPT PURPOSE"", ""RecipientBusinessName[1]/BusinessNameLine1Txt[1]"": ""1DAY SOONER INC"", ""RecipientEIN[1]"": ""85-1103820"", ""USAddress[1]/AddressLine1Txt[1]"": ""2093 PHILADELPHIA PIKE 6363"", ""USAddress[1]/CityNm[1]"": ""CLAYMONT"", ""USAddress[1]/StateAbbreviationCd[1]"": ""DE"", ""USAddress[1]/ZIPCd[1]"": ""19703"", ""ValuationMethodUsedDesc[1]"": ""FMV""}",sources/schedule-202511349349313096.html,KEEP
RM-VG029,588578,https://projects.propublica.org/nonprofits/full_text/202511349349313096/IRS990ScheduleI,2026-09-14,"588,578","Primary filing rematch by recipient EIN and exact fiscal period. Author-selected tier retained as a classification claim, not a finding about each recipient’s activities.",588578,Against Malaria Foundation,VG029,B-EA global health,USD,Vanguard,filed_cash_grant,202511349349313096,2024-06-30,2023-07-01,FOR RECIPIENT'S EXEMPT PURPOSE,203069841,AGAINST MALARIA FOUNDATION (US),319,"{""CashGrantAmt[1]"": ""588,578"", ""IRCSectionDesc[1]"": ""501(C)3"", ""NonCashAssistanceDesc[1]"": ""N/A"", ""PurposeOfGrantTxt[1]"": ""FOR RECIPIENT'S EXEMPT PURPOSE"", ""RecipientBusinessName[1]/BusinessNameLine1Txt[1]"": ""AGAINST MALARIA FOUNDATION (US)"", ""RecipientEIN[1]"": ""20-3069841"", ""USAddress[1]/AddressLine1Txt[1]"": ""310 W 20TH ST STE 300"", ""USAddress[1]/CityNm[1]"": ""KANSAS CITY"", ""USAddress[1]/StateAbbreviationCd[1]"": ""MO"", ""USAddress[1]/ZIPCd[1]"": ""64108"", ""ValuationMethodUsedDesc[1]"": ""FMV""}",sources/schedule-202511349349313096.html,KEEP
RM-VG030,1000000,https://projects.propublica.org/nonprofits/full_text/202511349349313096/IRS990ScheduleI,2026-09-14,"1,000,000","Primary filing rematch by recipient EIN and exact fiscal period. Author-selected tier retained as a classification claim, not a finding about each recipient’s activities.",1000000,Alignment Research Center,VG030,A-AI safety,USD,Vanguard,filed_cash_grant,202511349349313096,2024-06-30,2023-07-01,FOR RECIPIENT'S EXEMPT PURPOSE,863605182,ALIGNMENT RESEARCH CENTER,458,"{""CashGrantAmt[1]"": ""1,000,000"", ""IRCSectionDesc[1]"": ""501(C)3"", ""NonCashAssistanceDesc[1]"": ""N/A"", ""PurposeOfGrantTxt[1]"": ""FOR RECIPIENT'S EXEMPT PURPOSE"", ""RecipientBusinessName[1]/BusinessNameLine1Txt[1]"": ""ALIGNMENT RESEARCH CENTER"", ""RecipientEIN[1]"": ""86-3605182"", ""USAddress[1]/AddressLine1Txt[1]"": ""440 N BARRANCA AVE 9807"", ""USAddress[1]/CityNm[1]"": ""COVINA"", ""USAddress[1]/StateAbbreviationCd[1]"": ""CA"", ""USAddress[1]/ZIPCd[1]"": ""91723"", ""ValuationMethodUsedDesc[1]"": ""FMV""}",sources/schedule-202511349349313096.html,KEEP
RM-VG031,121000,https://projects.propublica.org/nonprofits/full_text/202511349349313096/IRS990ScheduleI,2026-09-14,"121,000","Primary filing rematch by recipient EIN and exact fiscal period. Author-selected tier retained as a classification claim, not a finding about each recipient’s activities.",121000,Animal Charity Evaluators,VG031,C-EA animal,USD,Vanguard,filed_cash_grant,202511349349313096,2024-06-30,2023-07-01,FOR RECIPIENT'S EXEMPT PURPOSE,364684978,ANIMAL CHARITY EVALUATORS,1028,"{""CashGrantAmt[1]"": ""121,000"", ""IRCSectionDesc[1]"": ""501(C)3"", ""NonCashAssistanceDesc[1]"": ""N/A"", ""PurposeOfGrantTxt[1]"": ""FOR RECIPIENT'S EXEMPT PURPOSE"", ""RecipientBusinessName[1]/BusinessNameLine1Txt[1]"": ""ANIMAL CHARITY EVALUATORS"", ""RecipientEIN[1]"": ""36-4684978"", ""USAddress[1]/AddressLine1Txt[1]"": ""440 N BARRANCA AVE 3480"", ""USAddress[1]/CityNm[1]"": ""COVINA"", ""USAddress[1]/StateAbbreviationCd[1]"": ""CA"", ""USAddress[1]/ZIPCd[1]"": ""91723"", ""ValuationMethodUsedDesc[1]"": ""FMV""}",sources/schedule-202511349349313096.html,KEEP
RM-VG032,762650,https://projects.propublica.org/nonprofits/full_text/202511349349313096/IRS990ScheduleI,2026-09-14,"762,650","Primary filing rematch by recipient EIN and exact fiscal period. Author-selected tier retained as a classification claim, not a finding about each recipient’s activities.",762650,Berkeley Existential Risk Initiative,VG032,A-AI safety,USD,Vanguard,filed_cash_grant,202511349349313096,2024-06-30,2023-07-01,FOR RECIPIENT'S EXEMPT PURPOSE,814820272,BERKELEY EXISTENTIAL RISK INITIATIVE,1900,"{""CashGrantAmt[1]"": ""762,650"", ""IRCSectionDesc[1]"": ""501(C)3"", ""NonCashAssistanceDesc[1]"": ""N/A"", ""PurposeOfGrantTxt[1]"": ""FOR RECIPIENT'S EXEMPT PURPOSE"", ""RecipientBusinessName[1]/BusinessNameLine1Txt[1]"": ""BERKELEY EXISTENTIAL RISK INITIATIVE"", ""RecipientEIN[1]"": ""81-4820272"", ""USAddress[1]/AddressLine1Txt[1]"": ""440 N BARRANCA AVE 2374"", ""USAddress[1]/CityNm[1]"": ""COVINA"", ""USAddress[1]/StateAbbreviationCd[1]"": ""CA"", ""USAddress[1]/ZIPCd[1]"": ""91723"", ""ValuationMethodUsedDesc[1]"": ""FMV""}",sources/schedule-202511349349313096.html,KEEP
RM-VG033,182500,https://projects.propublica.org/nonprofits/full_text/202511349349313096/IRS990ScheduleI,2026-09-14,"182,500","Primary filing rematch by recipient EIN and exact fiscal period. Author-selected tier retained as a classification claim, not a finding about each recipient’s activities.",182500,CNAS,VG033,A-borderline,USD,Vanguard,filed_cash_grant,202511349349313096,2024-06-30,2023-07-01,FOR RECIPIENT'S EXEMPT PURPOSE,208084828,CENTER FOR A NEW AMERICAN SECURITY INC,3424,"{""CashGrantAmt[1]"": ""182,500"", ""IRCSectionDesc[1]"": ""501(C)3"", ""NonCashAssistanceDesc[1]"": ""N/A"", ""PurposeOfGrantTxt[1]"": ""FOR RECIPIENT'S EXEMPT PURPOSE"", ""RecipientBusinessName[1]/BusinessNameLine1Txt[1]"": ""CENTER FOR A NEW AMERICAN SECURITY INC"", ""RecipientEIN[1]"": ""20-8084828"", ""USAddress[1]/AddressLine1Txt[1]"": ""1152 15TH ST NW STE 950"", ""USAddress[1]/CityNm[1]"": ""WASHINGTON"", ""USAddress[1]/StateAbbreviationCd[1]"": ""DC"", ""USAddress[1]/ZIPCd[1]"": ""20005"", ""ValuationMethodUsedDesc[1]"": ""FMV""}",sources/schedule-202511349349313096.html,KEEP
RM-VG034,216000,https://projects.propublica.org/nonprofits/full_text/202511349349313096/IRS990ScheduleI,2026-09-14,"216,000","Primary filing rematch by recipient EIN and exact fiscal period. Author-selected tier retained as a classification claim, not a finding about each recipient’s activities.",216000,Center for AI Safety,VG034,A-AI safety,USD,Vanguard,filed_cash_grant,202511349349313096,2024-06-30,2023-07-01,FOR RECIPIENT'S EXEMPT PURPOSE,881751310,CENTER FOR AI SAFETY INC,3426,"{""CashGrantAmt[1]"": ""216,000"", ""IRCSectionDesc[1]"": ""501(C)3"", ""NonCashAssistanceDesc[1]"": ""N/A"", ""PurposeOfGrantTxt[1]"": ""FOR RECIPIENT'S EXEMPT PURPOSE"", ""RecipientBusinessName[1]/BusinessNameLine1Txt[1]"": ""CENTER FOR AI SAFETY INC"", ""RecipientEIN[1]"": ""88-1751310"", ""USAddress[1]/AddressLine1Txt[1]"": ""505 MONTGOMERY ST FL 10"", ""USAddress[1]/CityNm[1]"": ""SAN FRANCISCO"", ""USAddress[1]/StateAbbreviationCd[1]"": ""CA"", ""USAddress[1]/ZIPCd[1]"": ""94111"", ""ValuationMethodUsedDesc[1]"": ""FMV""}",sources/schedule-202511349349313096.html,KEEP
RM-VG035,240250,https://projects.propublica.org/nonprofits/full_text/202511349349313096/IRS990ScheduleI,2026-09-14,"240,250","Primary filing rematch by recipient EIN and exact fiscal period. Author-selected tier retained as a classification claim, not a finding about each recipient’s activities.",240250,Center for Applied Rationality,VG035,A-AI safety,USD,Vanguard,filed_cash_grant,202511349349313096,2024-06-30,2023-07-01,FOR RECIPIENT'S EXEMPT PURPOSE,453100226,CENTER FOR APPLIED RATIONALITY,3430,"{""CashGrantAmt[1]"": ""240,250"", ""IRCSectionDesc[1]"": ""501(C)3"", ""NonCashAssistanceDesc[1]"": ""N/A"", ""PurposeOfGrantTxt[1]"": ""FOR RECIPIENT'S EXEMPT PURPOSE"", ""RecipientBusinessName[1]/BusinessNameLine1Txt[1]"": ""CENTER FOR APPLIED RATIONALITY"", ""RecipientEIN[1]"": ""45-3100226"", ""USAddress[1]/AddressLine1Txt[1]"": ""2740 TELEGRAPH AVE"", ""USAddress[1]/CityNm[1]"": ""BERKELEY"", ""USAddress[1]/StateAbbreviationCd[1]"": ""CA"", ""USAddress[1]/ZIPCd[1]"": ""94705"", ""ValuationMethodUsedDesc[1]"": ""FMV""}",sources/schedule-202511349349313096.html,KEEP
RM-VG036,18500,https://projects.propublica.org/nonprofits/full_text/202511349349313096/IRS990ScheduleI,2026-09-14,"18,500","Primary filing rematch by recipient EIN and exact fiscal period. Author-selected tier retained as a classification claim, not a finding about each recipient’s activities.",18500,Compassion in World Farming,VG036,C-EA animal,USD,Vanguard,filed_cash_grant,202511349349313096,2024-06-30,2023-07-01,FOR RECIPIENT'S EXEMPT PURPOSE,461822635,COMPASSION IN WORLD FARMING INC,5082,"{""CashGrantAmt[1]"": ""18,500"", ""IRCSectionDesc[1]"": ""501(C)3"", ""NonCashAssistanceDesc[1]"": ""N/A"", ""PurposeOfGrantTxt[1]"": ""FOR RECIPIENT'S EXEMPT PURPOSE"", ""RecipientBusinessName[1]/BusinessNameLine1Txt[1]"": ""COMPASSION IN WORLD FARMING INC"", ""RecipientEIN[1]"": ""46-1822635"", ""USAddress[1]/AddressLine1Txt[1]"": ""211 E 43RD ST FL 7"", ""USAddress[1]/CityNm[1]"": ""NEW YORK CITY"", ""USAddress[1]/StateAbbreviationCd[1]"": ""NY"", ""USAddress[1]/ZIPCd[1]"": ""10017"", ""ValuationMethodUsedDesc[1]"": ""FMV""}",sources/schedule-202511349349313096.html,KEEP
RM-VG037,100000,https://projects.propublica.org/nonprofits/full_text/202511349349313096/IRS990ScheduleI,2026-09-14,"100,000","Primary filing rematch by recipient EIN and exact fiscal period. Author-selected tier retained as a classification claim, not a finding about each recipient’s activities.",100000,Convergent Research (FROs),VG037,A-AI safety,USD,Vanguard,filed_cash_grant,202511349349313096,2024-06-30,2023-07-01,FOR RECIPIENT'S EXEMPT PURPOSE,883013217,CONVERGENT RESEARCH INC,5366,"{""CashGrantAmt[1]"": ""100,000"", ""IRCSectionDesc[1]"": ""501(C)3"", ""NonCashAssistanceDesc[1]"": ""N/A"", ""PurposeOfGrantTxt[1]"": ""FOR RECIPIENT'S EXEMPT PURPOSE"", ""RecipientBusinessName[1]/BusinessNameLine1Txt[1]"": ""CONVERGENT RESEARCH INC"", ""RecipientEIN[1]"": ""88-3013217"", ""USAddress[1]/AddressLine1Txt[1]"": ""160 ALEWIFE BROOK PKWY 1212"", ""USAddress[1]/CityNm[1]"": ""CAMBRIDGE"", ""USAddress[1]/StateAbbreviationCd[1]"": ""MA"", ""USAddress[1]/ZIPCd[1]"": ""02138"", ""ValuationMethodUsedDesc[1]"": ""FMV""}",sources/schedule-202511349349313096.html,KEEP
RM-VG038,270103,https://projects.propublica.org/nonprofits/full_text/202511349349313096/IRS990ScheduleI,2026-09-14,"270,103","Primary filing rematch by recipient EIN and exact fiscal period. Author-selected tier retained as a classification claim, not a finding about each recipient’s activities.",270103,Effective Ventures Foundation USA,VG038,A-EA infrastructure,USD,Vanguard,filed_cash_grant,202511349349313096,2024-06-30,2023-07-01,FOR RECIPIENT'S EXEMPT PURPOSE,471988398,EFFECTIVE VENTURES FOUNDATION USA INC,6477,"{""CashGrantAmt[1]"": ""270,103"", ""IRCSectionDesc[1]"": ""501(C)3"", ""NonCashAssistanceDesc[1]"": ""N/A"", ""PurposeOfGrantTxt[1]"": ""FOR RECIPIENT'S EXEMPT PURPOSE"", ""RecipientBusinessName[1]/BusinessNameLine1Txt[1]"": ""EFFECTIVE VENTURES FOUNDATION USA INC"", ""RecipientEIN[1]"": ""47-1988398"", ""USAddress[1]/AddressLine1Txt[1]"": ""2443 FILLMORE ST"", ""USAddress[1]/CityNm[1]"": ""SAN FRANCISCO"", ""USAddress[1]/StateAbbreviationCd[1]"": ""CA"", ""USAddress[1]/ZIPCd[1]"": ""94115"", ""ValuationMethodUsedDesc[1]"": ""FMV""}",sources/schedule-202511349349313096.html,KEEP
RM-VG039,3137888,https://projects.propublica.org/nonprofits/full_text/202511349349313096/IRS990ScheduleI,2026-09-14,"3,137,888","Primary filing rematch by recipient EIN and exact fiscal period. Author-selected tier retained as a classification claim, not a finding about each recipient’s activities.",3137888,Evidence Action,VG039,B-EA global health,USD,Vanguard,filed_cash_grant,202511349349313096,2024-06-30,2023-07-01,FOR RECIPIENT'S EXEMPT PURPOSE,900874591,EVIDENCE ACTION,6865,"{""CashGrantAmt[1]"": ""3,137,888"", ""IRCSectionDesc[1]"": ""501(C)3"", ""NonCashAssistanceDesc[1]"": ""N/A"", ""PurposeOfGrantTxt[1]"": ""FOR RECIPIENT'S EXEMPT PURPOSE"", ""RecipientBusinessName[1]/BusinessNameLine1Txt[1]"": ""EVIDENCE ACTION"", ""RecipientEIN[1]"": ""90-0874591"", ""USAddress[1]/AddressLine1Txt[1]"": ""1875 K ST NW FL 4"", ""USAddress[1]/CityNm[1]"": ""WASHINGTON"", ""USAddress[1]/StateAbbreviationCd[1]"": ""DC"", ""USAddress[1]/ZIPCd[1]"": ""20006"", ""ValuationMethodUsedDesc[1]"": ""FMV""}",sources/schedule-202511349349313096.html,KEEP
RM-VG040,222985,https://projects.propublica.org/nonprofits/full_text/202511349349313096/IRS990ScheduleI,2026-09-14,"222,985","Primary filing rematch by recipient EIN and exact fiscal period. Author-selected tier retained as a classification claim, not a finding about each recipient’s activities.",222985,FAR AI,VG040,A-AI safety,USD,Vanguard,filed_cash_grant,202511349349313096,2024-06-30,2023-07-01,FOR RECIPIENT'S EXEMPT PURPOSE,920692207,FAR AI INC,7035,"{""CashGrantAmt[1]"": ""222,985"", ""IRCSectionDesc[1]"": ""501(C)3"", ""NonCashAssistanceDesc[1]"": ""N/A"", ""PurposeOfGrantTxt[1]"": ""FOR RECIPIENT'S EXEMPT PURPOSE"", ""RecipientBusinessName[1]/BusinessNameLine1Txt[1]"": ""FAR AI INC"", ""RecipientEIN[1]"": ""92-0692207"", ""USAddress[1]/AddressLine1Txt[1]"": ""600 W BROADWAY STE 660"", ""USAddress[1]/CityNm[1]"": ""SAN DIEGO"", ""USAddress[1]/StateAbbreviationCd[1]"": ""CA"", ""USAddress[1]/ZIPCd[1]"": ""92101"", ""ValuationMethodUsedDesc[1]"": ""FMV""}",sources/schedule-202511349349313096.html,KEEP
RM-VG041,18850,https://projects.propublica.org/nonprofits/full_text/202511349349313096/IRS990ScheduleI,2026-09-14,"18,850","Primary filing rematch by recipient EIN and exact fiscal period. Author-selected tier retained as a classification claim, not a finding about each recipient’s activities.",18850,Faunalytics,VG041,C-EA animal,USD,Vanguard,filed_cash_grant,202511349349313096,2024-06-30,2023-07-01,FOR RECIPIENT'S EXEMPT PURPOSE,010686889,FAUNALYTICS,7072,"{""CashGrantAmt[1]"": ""18,850"", ""IRCSectionDesc[1]"": ""501(C)3"", ""NonCashAssistanceDesc[1]"": ""N/A"", ""PurposeOfGrantTxt[1]"": ""FOR RECIPIENT'S EXEMPT PURPOSE"", ""RecipientBusinessName[1]/BusinessNameLine1Txt[1]"": ""FAUNALYTICS"", ""RecipientEIN[1]"": ""01-0686889"", ""USAddress[1]/AddressLine1Txt[1]"": ""PO BOX 152703"", ""USAddress[1]/CityNm[1]"": ""SAN DIEGO"", ""USAddress[1]/StateAbbreviationCd[1]"": ""CA"", ""USAddress[1]/ZIPCd[1]"": ""92195"", ""ValuationMethodUsedDesc[1]"": ""FMV""}",sources/schedule-202511349349313096.html,KEEP
RM-VG042,53161,https://projects.propublica.org/nonprofits/full_text/202511349349313096/IRS990ScheduleI,2026-09-14,"53,161","Primary filing rematch by recipient EIN and exact fiscal period. Author-selected tier retained as a classification claim, not a finding about each recipient’s activities.",53161,Founders Pledge Inc,VG042,A-EA infrastructure,USD,Vanguard,filed_cash_grant,202511349349313096,2024-06-30,2023-07-01,FOR RECIPIENT'S EXEMPT PURPOSE,371795297,FOUNDERS PLEDGE INC,7789,"{""CashGrantAmt[1]"": ""53,161"", ""IRCSectionDesc[1]"": ""501(C)3"", ""NonCashAssistanceDesc[1]"": ""N/A"", ""PurposeOfGrantTxt[1]"": ""FOR RECIPIENT'S EXEMPT PURPOSE"", ""RecipientBusinessName[1]/BusinessNameLine1Txt[1]"": ""FOUNDERS PLEDGE INC"", ""RecipientEIN[1]"": ""37-1795297"", ""USAddress[1]/AddressLine1Txt[1]"": ""228 PARK AVE S PMB 71081"", ""USAddress[1]/CityNm[1]"": ""NEW YORK CITY"", ""USAddress[1]/StateAbbreviationCd[1]"": ""NY"", ""USAddress[1]/ZIPCd[1]"": ""10003"", ""ValuationMethodUsedDesc[1]"": ""FMV""}",sources/schedule-202511349349313096.html,KEEP
RM-VG043,7214620,https://projects.propublica.org/nonprofits/full_text/202511349349313096/IRS990ScheduleI,2026-09-14,"7,214,620","Primary filing rematch by recipient EIN and exact fiscal period. Author-selected tier retained as a classification claim, not a finding about each recipient’s activities.",7214620,GiveDirectly,VG043,B-EA global health,USD,Vanguard,filed_cash_grant,202511349349313096,2024-06-30,2023-07-01,FOR RECIPIENT'S EXEMPT PURPOSE,271661997,GIVEDIRECTLY INC,8467,"{""CashGrantAmt[1]"": ""7,214,620"", ""IRCSectionDesc[1]"": ""501(C)3"", ""NonCashAssistanceDesc[1]"": ""N/A"", ""PurposeOfGrantTxt[1]"": ""FOR RECIPIENT'S EXEMPT PURPOSE"", ""RecipientBusinessName[1]/BusinessNameLine1Txt[1]"": ""GIVEDIRECTLY INC"", ""RecipientEIN[1]"": ""27-1661997"", ""USAddress[1]/AddressLine1Txt[1]"": ""33 IRVING PL"", ""USAddress[1]/CityNm[1]"": ""NEW YORK CITY"", ""USAddress[1]/StateAbbreviationCd[1]"": ""NY"", ""USAddress[1]/ZIPCd[1]"": ""10003"", ""ValuationMethodUsedDesc[1]"": ""FMV""}",sources/schedule-202511349349313096.html,KEEP
RM-VG044,72338861,https://projects.propublica.org/nonprofits/full_text/202511349349313096/IRS990ScheduleI,2026-09-14,"72,338,861","Primary filing rematch by recipient EIN and exact fiscal period. Author-selected tier retained as a classification claim, not a finding about each recipient’s activities.",72338861,GiveWell (The Clear Fund),VG044,B-EA global health,USD,Vanguard,filed_cash_grant,202511349349313096,2024-06-30,2023-07-01,FOR RECIPIENT'S EXEMPT PURPOSE,208625442,GIVEWELL,8469,"{""CashGrantAmt[1]"": ""72,338,861"", ""IRCSectionDesc[1]"": ""501(C)3"", ""NonCashAssistanceDesc[1]"": ""N/A"", ""PurposeOfGrantTxt[1]"": ""FOR RECIPIENT'S EXEMPT PURPOSE"", ""RecipientBusinessName[1]/BusinessNameLine1Txt[1]"": ""GIVEWELL"", ""RecipientEIN[1]"": ""20-8625442"", ""USAddress[1]/AddressLine1Txt[1]"": ""1714 FRANKLIN ST 100335"", ""USAddress[1]/CityNm[1]"": ""OAKLAND"", ""USAddress[1]/StateAbbreviationCd[1]"": ""CA"", ""USAddress[1]/ZIPCd[1]"": ""94612"", ""ValuationMethodUsedDesc[1]"": ""FMV""}",sources/schedule-202511349349313096.html,KEEP
RM-VG045,150500,https://projects.propublica.org/nonprofits/full_text/202511349349313096/IRS990ScheduleI,2026-09-14,"150,500","Primary filing rematch by recipient EIN and exact fiscal period. Author-selected tier retained as a classification claim, not a finding about each recipient’s activities.",150500,Giving What We Can USA,VG045,A-EA infrastructure,USD,Vanguard,filed_cash_grant,202511349349313096,2024-06-30,2023-07-01,FOR RECIPIENT'S EXEMPT PURPOSE,933629215,GIVING WHAT WE CAN USA INC,8474,"{""CashGrantAmt[1]"": ""150,500"", ""IRCSectionDesc[1]"": ""501(C)3"", ""NonCashAssistanceDesc[1]"": ""N/A"", ""PurposeOfGrantTxt[1]"": ""FOR RECIPIENT'S EXEMPT PURPOSE"", ""RecipientBusinessName[1]/BusinessNameLine1Txt[1]"": ""GIVING WHAT WE CAN USA INC"", ""RecipientEIN[1]"": ""93-3629215"", ""USAddress[1]/AddressLine1Txt[1]"": ""651 N BROAD ST STE 201"", ""USAddress[1]/CityNm[1]"": ""MIDDLETOWN"", ""USAddress[1]/StateAbbreviationCd[1]"": ""DE"", ""USAddress[1]/ZIPCd[1]"": ""19709"", ""ValuationMethodUsedDesc[1]"": ""FMV""}",sources/schedule-202511349349313096.html,KEEP
RM-VG046,307138,https://projects.propublica.org/nonprofits/full_text/202511349349313096/IRS990ScheduleI,2026-09-14,"307,138","Primary filing rematch by recipient EIN and exact fiscal period. Author-selected tier retained as a classification claim, not a finding about each recipient’s activities.",307138,Helen Keller International,VG046,B-EA global health,USD,Vanguard,filed_cash_grant,202511349349313096,2024-06-30,2023-07-01,FOR RECIPIENT'S EXEMPT PURPOSE,135562162,HELEN KELLER INTERNATIONAL,9465,"{""CashGrantAmt[1]"": ""307,138"", ""IRCSectionDesc[1]"": ""501(C)3"", ""NonCashAssistanceDesc[1]"": ""N/A"", ""PurposeOfGrantTxt[1]"": ""FOR RECIPIENT'S EXEMPT PURPOSE"", ""RecipientBusinessName[1]/BusinessNameLine1Txt[1]"": ""HELEN KELLER INTERNATIONAL"", ""RecipientEIN[1]"": ""13-5562162"", ""USAddress[1]/AddressLine1Txt[1]"": ""1 DAG HAMMARSKJOLD PLZ FL 2"", ""USAddress[1]/CityNm[1]"": ""NEW YORK CITY"", ""USAddress[1]/StateAbbreviationCd[1]"": ""NY"", ""USAddress[1]/ZIPCd[1]"": ""10017"", ""ValuationMethodUsedDesc[1]"": ""FMV""}",sources/schedule-202511349349313096.html,KEEP
RM-VG047,3398603,https://projects.propublica.org/nonprofits/full_text/202511349349313096/IRS990ScheduleI,2026-09-14,"3,398,603","Primary filing rematch by recipient EIN and exact fiscal period. Author-selected tier retained as a classification claim, not a finding about each recipient’s activities.",3398603,Horizon Institute for Public Service,VG047,A-AI safety,USD,Vanguard,filed_cash_grant,202511349349313096,2024-06-30,2023-07-01,FOR RECIPIENT'S EXEMPT PURPOSE,874657441,HORIZON INSTITUTE FOR PUBLIC SERVICE,10008,"{""CashGrantAmt[1]"": ""3,398,603"", ""IRCSectionDesc[1]"": ""501(C)3"", ""NonCashAssistanceDesc[1]"": ""N/A"", ""PurposeOfGrantTxt[1]"": ""FOR RECIPIENT'S EXEMPT PURPOSE"", ""RecipientBusinessName[1]/BusinessNameLine1Txt[1]"": ""HORIZON INSTITUTE FOR PUBLIC SERVICE"", ""RecipientEIN[1]"": ""87-4657441"", ""USAddress[1]/AddressLine1Txt[1]"": ""1201 CONNECTICUT AVE NW 200H"", ""USAddress[1]/CityNm[1]"": ""WASHINGTON"", ""USAddress[1]/StateAbbreviationCd[1]"": ""DC"", ""USAddress[1]/ZIPCd[1]"": ""20036"", ""ValuationMethodUsedDesc[1]"": ""FMV""}",sources/schedule-202511349349313096.html,KEEP
RM-VG048,245000,https://projects.propublica.org/nonprofits/full_text/202511349349313096/IRS990ScheduleI,2026-09-14,"245,000","Primary filing rematch by recipient EIN and exact fiscal period. Author-selected tier retained as a classification claim, not a finding about each recipient’s activities.",245000,Legal Priorities / Institute for Law & AI,VG048,A-AI safety,USD,Vanguard,filed_cash_grant,202511349349313096,2024-06-30,2023-07-01,FOR RECIPIENT'S EXEMPT PURPOSE,851024198,LEGAL PRIORITIES INC,11925,"{""CashGrantAmt[1]"": ""245,000"", ""IRCSectionDesc[1]"": ""501(C)3"", ""NonCashAssistanceDesc[1]"": ""N/A"", ""PurposeOfGrantTxt[1]"": ""FOR RECIPIENT'S EXEMPT PURPOSE"", ""RecipientBusinessName[1]/BusinessNameLine1Txt[1]"": ""LEGAL PRIORITIES INC"", ""RecipientEIN[1]"": ""85-1024198"", ""USAddress[1]/AddressLine1Txt[1]"": ""6 LIBERTY SQ 6079"", ""USAddress[1]/CityNm[1]"": ""BOSTON"", ""USAddress[1]/StateAbbreviationCd[1]"": ""MA"", ""USAddress[1]/ZIPCd[1]"": ""02109"", ""ValuationMethodUsedDesc[1]"": ""FMV""}",sources/schedule-202511349349313096.html,KEEP
RM-VG049,100000,https://projects.propublica.org/nonprofits/full_text/202511349349313096/IRS990ScheduleI,2026-09-14,"100,000","Primary filing rematch by recipient EIN and exact fiscal period. Author-selected tier retained as a classification claim, not a finding about each recipient’s activities.",100000,Longview Philanthropy USA,VG049,A-EA infrastructure,USD,Vanguard,filed_cash_grant,202511349349313096,2024-06-30,2023-07-01,FOR RECIPIENT'S EXEMPT PURPOSE,932664730,LONGVIEW PHILANTHROPY USA INC,12248,"{""CashGrantAmt[1]"": ""100,000"", ""IRCSectionDesc[1]"": ""501(C)3"", ""NonCashAssistanceDesc[1]"": ""N/A"", ""PurposeOfGrantTxt[1]"": ""FOR RECIPIENT'S EXEMPT PURPOSE"", ""RecipientBusinessName[1]/BusinessNameLine1Txt[1]"": ""LONGVIEW PHILANTHROPY USA INC"", ""RecipientEIN[1]"": ""93-2664730"", ""USAddress[1]/AddressLine1Txt[1]"": ""2093 PHILADELPHIA PIKE 7230"", ""USAddress[1]/CityNm[1]"": ""CLAYMONT"", ""USAddress[1]/StateAbbreviationCd[1]"": ""DE"", ""USAddress[1]/ZIPCd[1]"": ""19703"", ""ValuationMethodUsedDesc[1]"": ""FMV""}",sources/schedule-202511349349313096.html,KEEP
RM-VG050,322543,https://projects.propublica.org/nonprofits/full_text/202511349349313096/IRS990ScheduleI,2026-09-14,"322,543","Primary filing rematch by recipient EIN and exact fiscal period. Author-selected tier retained as a classification claim, not a finding about each recipient’s activities.",322543,Malaria Consortium,VG050,B-EA global health,USD,Vanguard,filed_cash_grant,202511349349313096,2024-06-30,2023-07-01,FOR RECIPIENT'S EXEMPT PURPOSE,980627052,MALARIA CONSORTIUM US,12576,"{""CashGrantAmt[1]"": ""322,543"", ""IRCSectionDesc[1]"": ""501(C)3"", ""NonCashAssistanceDesc[1]"": ""N/A"", ""PurposeOfGrantTxt[1]"": ""FOR RECIPIENT'S EXEMPT PURPOSE"", ""RecipientBusinessName[1]/BusinessNameLine1Txt[1]"": ""MALARIA CONSORTIUM US"", ""RecipientEIN[1]"": ""98-0627052"", ""USAddress[1]/AddressLine1Txt[1]"": ""PO BOX 6334"", ""USAddress[1]/CityNm[1]"": ""HERMITAGE"", ""USAddress[1]/StateAbbreviationCd[1]"": ""PA"", ""USAddress[1]/ZIPCd[1]"": ""16148"", ""ValuationMethodUsedDesc[1]"": ""FMV""}",sources/schedule-202511349349313096.html,KEEP
RM-VG051,1427585,https://projects.propublica.org/nonprofits/full_text/202511349349313096/IRS990ScheduleI,2026-09-14,"1,427,585","Primary filing rematch by recipient EIN and exact fiscal period. Author-selected tier retained as a classification claim, not a finding about each recipient’s activities.",1427585,Mercy for Animals,VG051,C-EA animal,USD,Vanguard,filed_cash_grant,202511349349313096,2024-06-30,2023-07-01,FOR RECIPIENT'S EXEMPT PURPOSE,542076145,MERCY FOR ANIMALS,13021,"{""CashGrantAmt[1]"": ""1,427,585"", ""IRCSectionDesc[1]"": ""501(C)3"", ""NonCashAssistanceDesc[1]"": ""N/A"", ""PurposeOfGrantTxt[1]"": ""FOR RECIPIENT'S EXEMPT PURPOSE"", ""RecipientBusinessName[1]/BusinessNameLine1Txt[1]"": ""MERCY FOR ANIMALS"", ""RecipientEIN[1]"": ""54-2076145"", ""USAddress[1]/AddressLine1Txt[1]"": ""8033 W SUNSET BLVD 864"", ""USAddress[1]/CityNm[1]"": ""LOS ANGELES"", ""USAddress[1]/StateAbbreviationCd[1]"": ""CA"", ""USAddress[1]/ZIPCd[1]"": ""90046"", ""ValuationMethodUsedDesc[1]"": ""FMV""}",sources/schedule-202511349349313096.html,KEEP
RM-VG052,191421,https://projects.propublica.org/nonprofits/full_text/202511349349313096/IRS990ScheduleI,2026-09-14,"191,421","Primary filing rematch by recipient EIN and exact fiscal period. Author-selected tier retained as a classification claim, not a finding about each recipient’s activities.",191421,New Incentives,VG052,B-EA global health,USD,Vanguard,filed_cash_grant,202511349349313096,2024-06-30,2023-07-01,FOR RECIPIENT'S EXEMPT PURPOSE,452368993,NEW INCENTIVES,14242,"{""CashGrantAmt[1]"": ""191,421"", ""IRCSectionDesc[1]"": ""501(C)3"", ""NonCashAssistanceDesc[1]"": ""N/A"", ""PurposeOfGrantTxt[1]"": ""FOR RECIPIENT'S EXEMPT PURPOSE"", ""RecipientBusinessName[1]/BusinessNameLine1Txt[1]"": ""NEW INCENTIVES"", ""RecipientEIN[1]"": ""45-2368993"", ""USAddress[1]/AddressLine1Txt[1]"": ""440 N BARRANCA AVE UNIT 6133"", ""USAddress[1]/CityNm[1]"": ""COVINA"", ""USAddress[1]/StateAbbreviationCd[1]"": ""CA"", ""USAddress[1]/ZIPCd[1]"": ""91723"", ""ValuationMethodUsedDesc[1]"": ""FMV""}",sources/schedule-202511349349313096.html,KEEP
RM-VG053,30000,https://projects.propublica.org/nonprofits/full_text/202511349349313096/IRS990ScheduleI,2026-09-14,"30,000","Primary filing rematch by recipient EIN and exact fiscal period. Author-selected tier retained as a classification claim, not a finding about each recipient’s activities.",30000,Nonlinear,VG053,A-AI safety,USD,Vanguard,filed_cash_grant,202511349349313096,2024-06-30,2023-07-01,FOR RECIPIENT'S EXEMPT PURPOSE,884043628,NONLINEAR INC,14461,"{""CashGrantAmt[1]"": ""30,000"", ""IRCSectionDesc[1]"": ""501(C)3"", ""NonCashAssistanceDesc[1]"": ""N/A"", ""PurposeOfGrantTxt[1]"": ""FOR RECIPIENT'S EXEMPT PURPOSE"", ""RecipientBusinessName[1]/BusinessNameLine1Txt[1]"": ""NONLINEAR INC"", ""RecipientEIN[1]"": ""88-4043628"", ""USAddress[1]/AddressLine1Txt[1]"": ""3445 N KAMA DR"", ""USAddress[1]/CityNm[1]"": ""LA PORTE"", ""USAddress[1]/StateAbbreviationCd[1]"": ""IN"", ""USAddress[1]/ZIPCd[1]"": ""46350"", ""ValuationMethodUsedDesc[1]"": ""FMV""}",sources/schedule-202511349349313096.html,KEEP
RM-VG054,44500,https://projects.propublica.org/nonprofits/full_text/202511349349313096/IRS990ScheduleI,2026-09-14,"44,500","Primary filing rematch by recipient EIN and exact fiscal period. Author-selected tier retained as a classification claim, not a finding about each recipient’s activities.",44500,Nuclear Threat Initiative,VG054,A-borderline,USD,Vanguard,filed_cash_grant,202511349349313096,2024-06-30,2023-07-01,FOR RECIPIENT'S EXEMPT PURPOSE,522289435,NUCLEAR THREAT INITIATIVE INC,14712,"{""CashGrantAmt[1]"": ""44,500"", ""IRCSectionDesc[1]"": ""501(C)3"", ""NonCashAssistanceDesc[1]"": ""N/A"", ""PurposeOfGrantTxt[1]"": ""FOR RECIPIENT'S EXEMPT PURPOSE"", ""RecipientBusinessName[1]/BusinessNameLine1Txt[1]"": ""NUCLEAR THREAT INITIATIVE INC"", ""RecipientEIN[1]"": ""52-2289435"", ""USAddress[1]/AddressLine1Txt[1]"": ""1776 I ST NW STE 600"", ""USAddress[1]/CityNm[1]"": ""WASHINGTON"", ""USAddress[1]/StateAbbreviationCd[1]"": ""DC"", ""USAddress[1]/ZIPCd[1]"": ""20006"", ""ValuationMethodUsedDesc[1]"": ""FMV""}",sources/schedule-202511349349313096.html,KEEP
RM-VG055,251260,https://projects.propublica.org/nonprofits/full_text/202511349349313096/IRS990ScheduleI,2026-09-14,"251,260","Primary filing rematch by recipient EIN and exact fiscal period. Author-selected tier retained as a classification claim, not a finding about each recipient’s activities.",251260,One Acre Fund,VG055,B-EA global health,USD,Vanguard,filed_cash_grant,202511349349313096,2024-06-30,2023-07-01,FOR RECIPIENT'S EXEMPT PURPOSE,203668110,ONE ACRE FUND,14911,"{""CashGrantAmt[1]"": ""251,260"", ""IRCSectionDesc[1]"": ""501(C)3"", ""NonCashAssistanceDesc[1]"": ""N/A"", ""PurposeOfGrantTxt[1]"": ""FOR RECIPIENT'S EXEMPT PURPOSE"", ""RecipientBusinessName[1]/BusinessNameLine1Txt[1]"": ""ONE ACRE FUND"", ""RecipientEIN[1]"": ""20-3668110"", ""USAddress[1]/AddressLine1Txt[1]"": ""2070 GREEN BAY RD STE 183"", ""USAddress[1]/CityNm[1]"": ""HIGHLAND PARK"", ""USAddress[1]/StateAbbreviationCd[1]"": ""IL"", ""USAddress[1]/ZIPCd[1]"": ""60035"", ""ValuationMethodUsedDesc[1]"": ""FMV""}",sources/schedule-202511349349313096.html,KEEP
RM-VG056,150000,https://projects.propublica.org/nonprofits/full_text/202511349349313096/IRS990ScheduleI,2026-09-14,"150,000","Primary filing rematch by recipient EIN and exact fiscal period. Author-selected tier retained as a classification claim, not a finding about each recipient’s activities.",150000,Palisade Research,VG056,A-AI safety,USD,Vanguard,filed_cash_grant,202511349349313096,2024-06-30,2023-07-01,FOR RECIPIENT'S EXEMPT PURPOSE,931591014,PALISADE RESEARCH INC,15338,"{""CashGrantAmt[1]"": ""150,000"", ""IRCSectionDesc[1]"": ""501(C)3"", ""NonCashAssistanceDesc[1]"": ""N/A"", ""PurposeOfGrantTxt[1]"": ""FOR RECIPIENT'S EXEMPT PURPOSE"", ""RecipientBusinessName[1]/BusinessNameLine1Txt[1]"": ""PALISADE RESEARCH INC"", ""RecipientEIN[1]"": ""93-1591014"", ""USAddress[1]/AddressLine1Txt[1]"": ""8 THE GREEN SUITE 14997"", ""USAddress[1]/CityNm[1]"": ""DOVER"", ""USAddress[1]/StateAbbreviationCd[1]"": ""DE"", ""USAddress[1]/ZIPCd[1]"": ""19901"", ""ValuationMethodUsedDesc[1]"": ""FMV""}",sources/schedule-202511349349313096.html,KEEP
RM-VG057,903002,https://projects.propublica.org/nonprofits/full_text/202511349349313096/IRS990ScheduleI,2026-09-14,"903,002","Primary filing rematch by recipient EIN and exact fiscal period. Author-selected tier retained as a classification claim, not a finding about each recipient’s activities.",903002,Rethink Priorities,VG057,A-EA infrastructure,USD,Vanguard,filed_cash_grant,202511349349313096,2024-06-30,2023-07-01,FOR RECIPIENT'S EXEMPT PURPOSE,843896318,RETHINK PRIORITIES,16865,"{""CashGrantAmt[1]"": ""903,002"", ""IRCSectionDesc[1]"": ""501(C)3"", ""NonCashAssistanceDesc[1]"": ""N/A"", ""PurposeOfGrantTxt[1]"": ""FOR RECIPIENT'S EXEMPT PURPOSE"", ""RecipientBusinessName[1]/BusinessNameLine1Txt[1]"": ""RETHINK PRIORITIES"", ""RecipientEIN[1]"": ""84-3896318"", ""USAddress[1]/AddressLine1Txt[1]"": ""530 DIVISADERO ST 796 PMB"", ""USAddress[1]/CityNm[1]"": ""SAN FRANCISCO"", ""USAddress[1]/StateAbbreviationCd[1]"": ""CA"", ""USAddress[1]/ZIPCd[1]"": ""94117"", ""ValuationMethodUsedDesc[1]"": ""FMV""}",sources/schedule-202511349349313096.html,KEEP
RM-VG058,190000,https://projects.propublica.org/nonprofits/full_text/202511349349313096/IRS990ScheduleI,2026-09-14,"190,000","Primary filing rematch by recipient EIN and exact fiscal period. Author-selected tier retained as a classification claim, not a finding about each recipient’s activities.",190000,SecureBio,VG058,A-AI safety,USD,Vanguard,filed_cash_grant,202511349349313096,2024-06-30,2023-07-01,FOR RECIPIENT'S EXEMPT PURPOSE,883068255,SECUREBIO INC,17962,"{""CashGrantAmt[1]"": ""190,000"", ""IRCSectionDesc[1]"": ""501(C)3"", ""NonCashAssistanceDesc[1]"": ""N/A"", ""PurposeOfGrantTxt[1]"": ""FOR RECIPIENT'S EXEMPT PURPOSE"", ""RecipientBusinessName[1]/BusinessNameLine1Txt[1]"": ""SECUREBIO INC"", ""RecipientEIN[1]"": ""88-3068255"", ""USAddress[1]/AddressLine1Txt[1]"": ""1 BROADWAY 13-100"", ""USAddress[1]/CityNm[1]"": ""CAMBRIDGE"", ""USAddress[1]/StateAbbreviationCd[1]"": ""MA"", ""USAddress[1]/ZIPCd[1]"": ""02142"", ""ValuationMethodUsedDesc[1]"": ""FMV""}",sources/schedule-202511349349313096.html,KEEP
RM-VG059,4749779,https://projects.propublica.org/nonprofits/full_text/202511349349313096/IRS990ScheduleI,2026-09-14,"4,749,779","Primary filing rematch by recipient EIN and exact fiscal period. Author-selected tier retained as a classification claim, not a finding about each recipient’s activities.",4749779,Good Food Institute,VG059,C-EA animal,USD,Vanguard,filed_cash_grant,202511349349313096,2024-06-30,2023-07-01,FOR RECIPIENT'S EXEMPT PURPOSE,810840578,THE GOOD FOOD INSTITUTE,20922,"{""CashGrantAmt[1]"": ""4,749,779"", ""IRCSectionDesc[1]"": ""501(C)3"", ""NonCashAssistanceDesc[1]"": ""N/A"", ""PurposeOfGrantTxt[1]"": ""FOR RECIPIENT'S EXEMPT PURPOSE"", ""RecipientBusinessName[1]/BusinessNameLine1Txt[1]"": ""THE GOOD FOOD INSTITUTE"", ""RecipientEIN[1]"": ""81-0840578"", ""USAddress[1]/AddressLine1Txt[1]"": ""2503D N HARRISON ST 19"", ""USAddress[1]/CityNm[1]"": ""ARLINGTON"", ""USAddress[1]/StateAbbreviationCd[1]"": ""VA"", ""USAddress[1]/ZIPCd[1]"": ""22207"", ""ValuationMethodUsedDesc[1]"": ""FMV""}",sources/schedule-202511349349313096.html,KEEP
RM-VG060,977806,https://projects.propublica.org/nonprofits/full_text/202511349349313096/IRS990ScheduleI,2026-09-14,"977,806","Primary filing rematch by recipient EIN and exact fiscal period. Author-selected tier retained as a classification claim, not a finding about each recipient’s activities.",977806,The Humane League,VG060,C-EA animal,USD,Vanguard,filed_cash_grant,202511349349313096,2024-06-30,2023-07-01,FOR RECIPIENT'S EXEMPT PURPOSE,043817491,THE HUMANE LEAGUE,21010,"{""CashGrantAmt[1]"": ""977,806"", ""IRCSectionDesc[1]"": ""501(C)3"", ""NonCashAssistanceDesc[1]"": ""N/A"", ""PurposeOfGrantTxt[1]"": ""FOR RECIPIENT'S EXEMPT PURPOSE"", ""RecipientBusinessName[1]/BusinessNameLine1Txt[1]"": ""THE HUMANE LEAGUE"", ""RecipientEIN[1]"": ""04-3817491"", ""USAddress[1]/AddressLine1Txt[1]"": ""1321 UPLAND DR 16989"", ""USAddress[1]/CityNm[1]"": ""HOUSTON"", ""USAddress[1]/StateAbbreviationCd[1]"": ""TX"", ""USAddress[1]/ZIPCd[1]"": ""77043"", ""ValuationMethodUsedDesc[1]"": ""FMV""}",sources/schedule-202511349349313096.html,KEEP
RM-VG061,43750,https://projects.propublica.org/nonprofits/full_text/202511349349313096/IRS990ScheduleI,2026-09-14,"43,750","Primary filing rematch by recipient EIN and exact fiscal period. Author-selected tier retained as a classification claim, not a finding about each recipient’s activities.",43750,Wild Animal Initiative,VG061,C-EA animal,USD,Vanguard,filed_cash_grant,202511349349313096,2024-06-30,2023-07-01,FOR RECIPIENT'S EXEMPT PURPOSE,822281466,WILD ANIMAL INITIATIVE INC,23619,"{""CashGrantAmt[1]"": ""43,750"", ""IRCSectionDesc[1]"": ""501(C)3"", ""NonCashAssistanceDesc[1]"": ""N/A"", ""PurposeOfGrantTxt[1]"": ""FOR RECIPIENT'S EXEMPT PURPOSE"", ""RecipientBusinessName[1]/BusinessNameLine1Txt[1]"": ""WILD ANIMAL INITIATIVE INC"", ""RecipientEIN[1]"": ""82-2281466"", ""USAddress[1]/AddressLine1Txt[1]"": ""5123 W 98TH ST 1204"", ""USAddress[1]/CityNm[1]"": ""MINNEAPOLIS"", ""USAddress[1]/StateAbbreviationCd[1]"": ""MN"", ""USAddress[1]/ZIPCd[1]"": ""55437"", ""ValuationMethodUsedDesc[1]"": ""FMV""}",sources/schedule-202511349349313096.html,KEEP
RM-VG062,46011,https://projects.propublica.org/nonprofits/full_text/202621329349306657/IRS990ScheduleI,2026-09-14,"46,011","Primary filing rematch by recipient EIN and exact fiscal period. Author-selected tier retained as a classification claim, not a finding about each recipient’s activities.",46011,1Day Sooner,VG062,A-EA infrastructure,USD,Vanguard,filed_cash_grant,202621329349306657,2025-06-30,2024-07-01,FOR RECIPIENT'S EXEMPT PURPOSE,851103820,1DAY SOONER INC,17,"{""CashGrantAmt[1]"": ""46,011"", ""IRCSectionDesc[1]"": ""501(C)3"", ""NonCashAssistanceDesc[1]"": ""N/A"", ""PurposeOfGrantTxt[1]"": ""FOR RECIPIENT'S EXEMPT PURPOSE"", ""RecipientBusinessName[1]/BusinessNameLine1Txt[1]"": ""1DAY SOONER INC"", ""RecipientEIN[1]"": ""85-1103820"", ""USAddress[1]/AddressLine1Txt[1]"": ""2093 PHILADELPHIA PIKE 6363"", ""USAddress[1]/CityNm[1]"": ""CLAYMONT"", ""USAddress[1]/StateAbbreviationCd[1]"": ""DE"", ""USAddress[1]/ZIPCd[1]"": ""197032424"", ""ValuationMethodUsedDesc[1]"": ""FMV""}",sources/schedule-202621329349306657.html,KEEP
RM-VG063,164050,https://projects.propublica.org/nonprofits/full_text/202621329349306657/IRS990ScheduleI,2026-09-14,"164,050","Primary filing rematch by recipient EIN and exact fiscal period. Author-selected tier retained as a classification claim, not a finding about each recipient’s activities.",164050,AI Futures Project,VG063,A-AI safety,USD,Vanguard,filed_cash_grant,202621329349306657,2025-06-30,2024-07-01,FOR RECIPIENT'S EXEMPT PURPOSE,994320292,AI FUTURES PROJECT INC,426,"{""CashGrantAmt[1]"": ""164,050"", ""IRCSectionDesc[1]"": ""501(C)3"", ""NonCashAssistanceDesc[1]"": ""N/A"", ""PurposeOfGrantTxt[1]"": ""FOR RECIPIENT'S EXEMPT PURPOSE"", ""RecipientBusinessName[1]/BusinessNameLine1Txt[1]"": ""AI FUTURES PROJECT INC"", ""RecipientEIN[1]"": ""99-4320292"", ""USAddress[1]/AddressLine1Txt[1]"": ""2169 GRANT ST"", ""USAddress[1]/CityNm[1]"": ""BERKELEY"", ""USAddress[1]/StateAbbreviationCd[1]"": ""CA"", ""USAddress[1]/ZIPCd[1]"": ""947031517"", ""ValuationMethodUsedDesc[1]"": ""FMV""}",sources/schedule-202621329349306657.html,KEEP
RM-VG064,1500000,https://projects.propublica.org/nonprofits/full_text/202621329349306657/IRS990ScheduleI,2026-09-14,"1,500,000","Primary filing rematch by recipient EIN and exact fiscal period. Author-selected tier retained as a classification claim, not a finding about each recipient’s activities.",1500000,Alignment Research Center,VG064,A-AI safety,USD,Vanguard,filed_cash_grant,202621329349306657,2025-06-30,2024-07-01,FOR RECIPIENT'S EXEMPT PURPOSE,863605182,ALIGNMENT RESEARCH CENTER,547,"{""CashGrantAmt[1]"": ""1,500,000"", ""IRCSectionDesc[1]"": ""501(C)3"", ""NonCashAssistanceDesc[1]"": ""N/A"", ""PurposeOfGrantTxt[1]"": ""FOR RECIPIENT'S EXEMPT PURPOSE"", ""RecipientBusinessName[1]/BusinessNameLine1Txt[1]"": ""ALIGNMENT RESEARCH CENTER"", ""RecipientEIN[1]"": ""86-3605182"", ""USAddress[1]/AddressLine1Txt[1]"": ""440 N BARRANCA AVE 9807"", ""USAddress[1]/CityNm[1]"": ""COVINA"", ""USAddress[1]/StateAbbreviationCd[1]"": ""CA"", ""USAddress[1]/ZIPCd[1]"": ""917231722"", ""ValuationMethodUsedDesc[1]"": ""FMV""}",sources/schedule-202621329349306657.html,KEEP
RM-VG065,844663,https://projects.propublica.org/nonprofits/full_text/202621329349306657/IRS990ScheduleI,2026-09-14,"844,663","Primary filing rematch by recipient EIN and exact fiscal period. Author-selected tier retained as a classification claim, not a finding about each recipient’s activities.",844663,Animal Charity Evaluators,VG065,C-EA animal,USD,Vanguard,filed_cash_grant,202621329349306657,2025-06-30,2024-07-01,FOR RECIPIENT'S EXEMPT PURPOSE,364684978,ANIMAL CHARITY EVALUATORS,1169,"{""CashGrantAmt[1]"": ""844,663"", ""IRCSectionDesc[1]"": ""501(C)3"", ""NonCashAssistanceDesc[1]"": ""N/A"", ""PurposeOfGrantTxt[1]"": ""FOR RECIPIENT'S EXEMPT PURPOSE"", ""RecipientBusinessName[1]/BusinessNameLine1Txt[1]"": ""ANIMAL CHARITY EVALUATORS"", ""RecipientEIN[1]"": ""36-4684978"", ""USAddress[1]/AddressLine1Txt[1]"": ""440 N BARRANCA AVE 3480"", ""USAddress[1]/CityNm[1]"": ""COVINA"", ""USAddress[1]/StateAbbreviationCd[1]"": ""CA"", ""USAddress[1]/ZIPCd[1]"": ""917231722"", ""ValuationMethodUsedDesc[1]"": ""FMV""}",sources/schedule-202621329349306657.html,KEEP
RM-VG066,60000,https://projects.propublica.org/nonprofits/full_text/202621329349306657/IRS990ScheduleI,2026-09-14,"60,000","Primary filing rematch by recipient EIN and exact fiscal period. Author-selected tier retained as a classification claim, not a finding about each recipient’s activities.",60000,Arthropoda Foundation,VG066,C-EA animal,USD,Vanguard,filed_cash_grant,202621329349306657,2025-06-30,2024-07-01,FOR RECIPIENT'S EXEMPT PURPOSE,994569321,ARTHROPODA FOUNDATION,1454,"{""CashGrantAmt[1]"": ""60,000"", ""IRCSectionDesc[1]"": ""501(C)3"", ""NonCashAssistanceDesc[1]"": ""N/A"", ""PurposeOfGrantTxt[1]"": ""FOR RECIPIENT'S EXEMPT PURPOSE"", ""RecipientBusinessName[1]/BusinessNameLine1Txt[1]"": ""ARTHROPODA FOUNDATION"", ""RecipientEIN[1]"": ""99-4569321"", ""USAddress[1]/AddressLine1Txt[1]"": ""2424 E YORK ST STE 320"", ""USAddress[1]/CityNm[1]"": ""PHILADELPHIA"", ""USAddress[1]/StateAbbreviationCd[1]"": ""PA"", ""USAddress[1]/ZIPCd[1]"": ""191253045"", ""ValuationMethodUsedDesc[1]"": ""FMV""}",sources/schedule-202621329349306657.html,KEEP
RM-VG067,463490,https://projects.propublica.org/nonprofits/full_text/202621329349306657/IRS990ScheduleI,2026-09-14,"463,490","Primary filing rematch by recipient EIN and exact fiscal period. Author-selected tier retained as a classification claim, not a finding about each recipient’s activities.",463490,Berkeley Existential Risk Initiative,VG067,A-AI safety,USD,Vanguard,filed_cash_grant,202621329349306657,2025-06-30,2024-07-01,FOR RECIPIENT'S EXEMPT PURPOSE,814820272,BERKELEY EXISTENTIAL RISK INITIATIVE,2157,"{""CashGrantAmt[1]"": ""463,490"", ""IRCSectionDesc[1]"": ""501(C)3"", ""NonCashAssistanceDesc[1]"": ""N/A"", ""PurposeOfGrantTxt[1]"": ""FOR RECIPIENT'S EXEMPT PURPOSE"", ""RecipientBusinessName[1]/BusinessNameLine1Txt[1]"": ""BERKELEY EXISTENTIAL RISK INITIATIVE"", ""RecipientEIN[1]"": ""81-4820272"", ""USAddress[1]/AddressLine1Txt[1]"": ""501 W BROADWAY STE 1540"", ""USAddress[1]/CityNm[1]"": ""SAN DIEGO"", ""USAddress[1]/StateAbbreviationCd[1]"": ""CA"", ""USAddress[1]/ZIPCd[1]"": ""921013770"", ""ValuationMethodUsedDesc[1]"": ""FMV""}",sources/schedule-202621329349306657.html,KEEP
RM-VG068,100000,https://projects.propublica.org/nonprofits/full_text/202621329349306657/IRS990ScheduleI,2026-09-14,"100,000","Primary filing rematch by recipient EIN and exact fiscal period. Author-selected tier retained as a classification claim, not a finding about each recipient’s activities.",100000,Cambridge Boston Alignment Initiative,VG068,A-AI safety,USD,Vanguard,filed_cash_grant,202621329349306657,2025-06-30,2024-07-01,FOR RECIPIENT'S EXEMPT PURPOSE,921463153,CAMBRIDGE BOSTON ALIGNMENT INITIATIVE INC,3384,"{""CashGrantAmt[1]"": ""100,000"", ""IRCSectionDesc[1]"": ""501(C)3"", ""NonCashAssistanceDesc[1]"": ""N/A"", ""PurposeOfGrantTxt[1]"": ""FOR RECIPIENT'S EXEMPT PURPOSE"", ""RecipientBusinessName[1]/BusinessNameLine1Txt[1]"": ""CAMBRIDGE BOSTON ALIGNMENT INITIATIVE INC"", ""RecipientEIN[1]"": ""92-1463153"", ""USAddress[1]/AddressLine1Txt[1]"": ""66 CHURCH ST STE 2"", ""USAddress[1]/CityNm[1]"": ""CAMBRIDGE"", ""USAddress[1]/StateAbbreviationCd[1]"": ""MA"", ""USAddress[1]/ZIPCd[1]"": ""021383792"", ""ValuationMethodUsedDesc[1]"": ""FMV""}",sources/schedule-202621329349306657.html,KEEP
RM-VG069,1082500,https://projects.propublica.org/nonprofits/full_text/202621329349306657/IRS990ScheduleI,2026-09-14,"1,082,500","Primary filing rematch by recipient EIN and exact fiscal period. Author-selected tier retained as a classification claim, not a finding about each recipient’s activities.",1082500,Center for AI Safety,VG069,A-AI safety,USD,Vanguard,filed_cash_grant,202621329349306657,2025-06-30,2024-07-01,FOR RECIPIENT'S EXEMPT PURPOSE,881751310,CENTER FOR ARTIFICIAL INTELLIGENCE SAFETY INC,3987,"{""CashGrantAmt[1]"": ""1,082,500"", ""IRCSectionDesc[1]"": ""501(C)3"", ""NonCashAssistanceDesc[1]"": ""N/A"", ""PurposeOfGrantTxt[1]"": ""FOR RECIPIENT'S EXEMPT PURPOSE"", ""RecipientBusinessName[1]/BusinessNameLine1Txt[1]"": ""CENTER FOR ARTIFICIAL INTELLIGENCE SAFETY INC"", ""RecipientEIN[1]"": ""88-1751310"", ""USAddress[1]/AddressLine1Txt[1]"": ""555 MONTGOMERY ST STE 1501"", ""USAddress[1]/CityNm[1]"": ""SAN FRANCISCO"", ""USAddress[1]/StateAbbreviationCd[1]"": ""CA"", ""USAddress[1]/ZIPCd[1]"": ""941116528"", ""ValuationMethodUsedDesc[1]"": ""FMV""}",sources/schedule-202621329349306657.html,KEEP
RM-VG070,252000,https://projects.propublica.org/nonprofits/full_text/202621329349306657/IRS990ScheduleI,2026-09-14,"252,000","Primary filing rematch by recipient EIN and exact fiscal period. Author-selected tier retained as a classification claim, not a finding about each recipient’s activities.",252000,Center for Election Science,VG070,A-EA infrastructure,USD,Vanguard,filed_cash_grant,202621329349306657,2025-06-30,2024-07-01,FOR RECIPIENT'S EXEMPT PURPOSE,452334002,CENTER FOR ELECTION SCIENCE,4020,"{""CashGrantAmt[1]"": ""252,000"", ""IRCSectionDesc[1]"": ""501(C)3"", ""NonCashAssistanceDesc[1]"": ""N/A"", ""PurposeOfGrantTxt[1]"": ""FOR RECIPIENT'S EXEMPT PURPOSE"", ""RecipientBusinessName[1]/BusinessNameLine1Txt[1]"": ""CENTER FOR ELECTION SCIENCE"", ""RecipientEIN[1]"": ""45-2334002"", ""USAddress[1]/AddressLine1Txt[1]"": ""440 N BARRANCA AVE 2468"", ""USAddress[1]/CityNm[1]"": ""COVINA"", ""USAddress[1]/StateAbbreviationCd[1]"": ""CA"", ""USAddress[1]/ZIPCd[1]"": ""917231722"", ""ValuationMethodUsedDesc[1]"": ""FMV""}",sources/schedule-202621329349306657.html,KEEP
RM-VG071,2000000,https://projects.propublica.org/nonprofits/full_text/202621329349306657/IRS990ScheduleI,2026-09-14,"2,000,000","Primary filing rematch by recipient EIN and exact fiscal period. Author-selected tier retained as a classification claim, not a finding about each recipient’s activities.",2000000,GovAI (Centre for the Governance of AI Inc),VG071,A-AI safety,USD,Vanguard,filed_cash_grant,202621329349306657,2025-06-30,2024-07-01,FOR RECIPIENT'S EXEMPT PURPOSE,994000294,CENTRE FOR THE GOVERNANCE OF AI INC,4212,"{""CashGrantAmt[1]"": ""2,000,000"", ""IRCSectionDesc[1]"": ""501(C)3"", ""NonCashAssistanceDesc[1]"": ""N/A"", ""PurposeOfGrantTxt[1]"": ""FOR RECIPIENT'S EXEMPT PURPOSE"", ""RecipientBusinessName[1]/BusinessNameLine1Txt[1]"": ""CENTRE FOR THE GOVERNANCE OF AI INC"", ""RecipientEIN[1]"": ""99-4000294"", ""USAddress[1]/AddressLine1Txt[1]"": ""1178 BROADWAY 3RD FLOOR 1399"", ""USAddress[1]/CityNm[1]"": ""NEW YORK"", ""USAddress[1]/StateAbbreviationCd[1]"": ""NY"", ""USAddress[1]/ZIPCd[1]"": ""100015666"", ""ValuationMethodUsedDesc[1]"": ""FMV""}",sources/schedule-202621329349306657.html,KEEP
RM-VG072,600000,https://projects.propublica.org/nonprofits/full_text/202621329349306657/IRS990ScheduleI,2026-09-14,"600,000","Primary filing rematch by recipient EIN and exact fiscal period. Author-selected tier retained as a classification claim, not a finding about each recipient’s activities.",600000,CivAI (Civic AI Security Program),VG072,A-AI safety,USD,Vanguard,filed_cash_grant,202621329349306657,2025-06-30,2024-07-01,FOR RECIPIENT'S EXEMPT PURPOSE,934182617,CIVIC AI SECURITY PROGRAM INC,5269,"{""CashGrantAmt[1]"": ""600,000"", ""IRCSectionDesc[1]"": ""501(C)3"", ""NonCashAssistanceDesc[1]"": ""N/A"", ""PurposeOfGrantTxt[1]"": ""FOR RECIPIENT'S EXEMPT PURPOSE"", ""RecipientBusinessName[1]/BusinessNameLine1Txt[1]"": ""CIVIC AI SECURITY PROGRAM INC"", ""RecipientEIN[1]"": ""93-4182617"", ""USAddress[1]/AddressLine1Txt[1]"": ""2036 BANCROFT WAY FL 2"", ""USAddress[1]/CityNm[1]"": ""BERKELEY"", ""USAddress[1]/StateAbbreviationCd[1]"": ""CA"", ""USAddress[1]/ZIPCd[1]"": ""947041674"", ""ValuationMethodUsedDesc[1]"": ""FMV""}",sources/schedule-202621329349306657.html,KEEP
RM-VG073,6585000,https://projects.propublica.org/nonprofits/full_text/202621329349306657/IRS990ScheduleI,2026-09-14,"6,585,000","Primary filing rematch by recipient EIN and exact fiscal period. Author-selected tier retained as a classification claim, not a finding about each recipient’s activities.",6585000,Transluce (Clarity AI Research Inc),VG073,A-AI safety,USD,Vanguard,filed_cash_grant,202621329349306657,2025-06-30,2024-07-01,FOR RECIPIENT'S EXEMPT PURPOSE,993262331,CLARITY AI RESEARCH INC,5297,"{""CashGrantAmt[1]"": ""6,585,000"", ""IRCSectionDesc[1]"": ""501(C)3"", ""NonCashAssistanceDesc[1]"": ""N/A"", ""PurposeOfGrantTxt[1]"": ""FOR RECIPIENT'S EXEMPT PURPOSE"", ""RecipientBusinessName[1]/BusinessNameLine1Txt[1]"": ""CLARITY AI RESEARCH INC"", ""RecipientEIN[1]"": ""99-3262331"", ""USAddress[1]/AddressLine1Txt[1]"": ""1301 SANSOME STREET FLOOR 5"", ""USAddress[1]/CityNm[1]"": ""SAN FRANCISCO"", ""USAddress[1]/StateAbbreviationCd[1]"": ""CA"", ""USAddress[1]/ZIPCd[1]"": ""941111122"", ""ValuationMethodUsedDesc[1]"": ""FMV""}",sources/schedule-202621329349306657.html,KEEP
RM-VG074,26000,https://projects.propublica.org/nonprofits/full_text/202621329349306657/IRS990ScheduleI,2026-09-14,"26,000","Primary filing rematch by recipient EIN and exact fiscal period. Author-selected tier retained as a classification claim, not a finding about each recipient’s activities.",26000,Compassion in World Farming,VG074,C-EA animal,USD,Vanguard,filed_cash_grant,202621329349306657,2025-06-30,2024-07-01,FOR RECIPIENT'S EXEMPT PURPOSE,461822635,COMPASSION IN WORLD FARMING,5896,"{""CashGrantAmt[1]"": ""26,000"", ""IRCSectionDesc[1]"": ""501(C)3"", ""NonCashAssistanceDesc[1]"": ""N/A"", ""PurposeOfGrantTxt[1]"": ""FOR RECIPIENT'S EXEMPT PURPOSE"", ""RecipientBusinessName[1]/BusinessNameLine1Txt[1]"": ""COMPASSION IN WORLD FARMING"", ""RecipientEIN[1]"": ""46-1822635"", ""USAddress[1]/AddressLine1Txt[1]"": ""211 EAST 43RD STREET"", ""USAddress[1]/CityNm[1]"": ""NEW YORK"", ""USAddress[1]/StateAbbreviationCd[1]"": ""NY"", ""USAddress[1]/ZIPCd[1]"": ""100174707"", ""ValuationMethodUsedDesc[1]"": ""FMV""}",sources/schedule-202621329349306657.html,KEEP
RM-VG075,25100000,https://projects.propublica.org/nonprofits/full_text/202621329349306657/IRS990ScheduleI,2026-09-14,"25,100,000","Primary filing rematch by recipient EIN and exact fiscal period. Author-selected tier retained as a classification claim, not a finding about each recipient’s activities.",25100000,Convergent Research (FROs),VG075,A-AI safety,USD,Vanguard,filed_cash_grant,202621329349306657,2025-06-30,2024-07-01,FOR RECIPIENT'S EXEMPT PURPOSE,883013217,CONVERGENT RESEARCH INC,6197,"{""CashGrantAmt[1]"": ""25,100,000"", ""IRCSectionDesc[1]"": ""501(C)3"", ""NonCashAssistanceDesc[1]"": ""N/A"", ""PurposeOfGrantTxt[1]"": ""FOR RECIPIENT'S EXEMPT PURPOSE"", ""RecipientBusinessName[1]/BusinessNameLine1Txt[1]"": ""CONVERGENT RESEARCH INC"", ""RecipientEIN[1]"": ""88-3013217"", ""USAddress[1]/AddressLine1Txt[1]"": ""160 ALEWIFE BROOK PKWY 1212"", ""USAddress[1]/CityNm[1]"": ""CAMBRIDGE"", ""USAddress[1]/StateAbbreviationCd[1]"": ""MA"", ""USAddress[1]/ZIPCd[1]"": ""021381102"", ""ValuationMethodUsedDesc[1]"": ""FMV""}",sources/schedule-202621329349306657.html,KEEP
RM-VG076,143000,https://projects.propublica.org/nonprofits/full_text/202621329349306657/IRS990ScheduleI,2026-09-14,"143,000","Primary filing rematch by recipient EIN and exact fiscal period. Author-selected tier retained as a classification claim, not a finding about each recipient’s activities.",143000,Effective Ventures Foundation USA,VG076,A-EA infrastructure,USD,Vanguard,filed_cash_grant,202621329349306657,2025-06-30,2024-07-01,FOR RECIPIENT'S EXEMPT PURPOSE,471988398,EFFECTIVE VENTURES FOUNDATION USA,7479,"{""CashGrantAmt[1]"": ""143,000"", ""IRCSectionDesc[1]"": ""501(C)3"", ""NonCashAssistanceDesc[1]"": ""N/A"", ""PurposeOfGrantTxt[1]"": ""FOR RECIPIENT'S EXEMPT PURPOSE"", ""RecipientBusinessName[1]/BusinessNameLine1Txt[1]"": ""EFFECTIVE VENTURES FOUNDATION USA"", ""RecipientEIN[1]"": ""47-1988398"", ""USAddress[1]/AddressLine1Txt[1]"": ""2443 FILLMORE ST 380-16662"", ""USAddress[1]/CityNm[1]"": ""SAN FRANCISCO"", ""USAddress[1]/StateAbbreviationCd[1]"": ""CA"", ""USAddress[1]/ZIPCd[1]"": ""941151814"", ""ValuationMethodUsedDesc[1]"": ""FMV""}",sources/schedule-202621329349306657.html,KEEP
RM-VG077,400000,https://projects.propublica.org/nonprofits/full_text/202621329349306657/IRS990ScheduleI,2026-09-14,"400,000","Primary filing rematch by recipient EIN and exact fiscal period. Author-selected tier retained as a classification claim, not a finding about each recipient’s activities.",400000,Epoch AI,VG077,A-AI safety,USD,Vanguard,filed_cash_grant,202621329349306657,2025-06-30,2024-07-01,FOR RECIPIENT'S EXEMPT PURPOSE,994050541,EPOCH ARTIFICIAL INTELLIGENCE INC,7760,"{""CashGrantAmt[1]"": ""400,000"", ""IRCSectionDesc[1]"": ""501(C)3"", ""NonCashAssistanceDesc[1]"": ""N/A"", ""PurposeOfGrantTxt[1]"": ""FOR RECIPIENT'S EXEMPT PURPOSE"", ""RecipientBusinessName[1]/BusinessNameLine1Txt[1]"": ""EPOCH ARTIFICIAL INTELLIGENCE INC"", ""RecipientEIN[1]"": ""99-4050541"", ""USAddress[1]/AddressLine1Txt[1]"": ""166 GEARY ST STE 1500 1917"", ""USAddress[1]/CityNm[1]"": ""SAN FRANCISCO"", ""USAddress[1]/StateAbbreviationCd[1]"": ""CA"", ""USAddress[1]/ZIPCd[1]"": ""941085628"", ""ValuationMethodUsedDesc[1]"": ""FMV""}",sources/schedule-202621329349306657.html,KEEP
RM-VG078,2246000,https://projects.propublica.org/nonprofits/full_text/202621329349306657/IRS990ScheduleI,2026-09-14,"2,246,000","Primary filing rematch by recipient EIN and exact fiscal period. Author-selected tier retained as a classification claim, not a finding about each recipient’s activities.",2246000,Evidence Action,VG078,B-EA global health,USD,Vanguard,filed_cash_grant,202621329349306657,2025-06-30,2024-07-01,FOR RECIPIENT'S EXEMPT PURPOSE,900874591,EVIDENCE ACTION INC,7909,"{""CashGrantAmt[1]"": ""2,246,000"", ""IRCSectionDesc[1]"": ""501(C)3"", ""NonCashAssistanceDesc[1]"": ""N/A"", ""PurposeOfGrantTxt[1]"": ""FOR RECIPIENT'S EXEMPT PURPOSE"", ""RecipientBusinessName[1]/BusinessNameLine1Txt[1]"": ""EVIDENCE ACTION INC"", ""RecipientEIN[1]"": ""90-0874591"", ""USAddress[1]/AddressLine1Txt[1]"": ""1015 15TH ST NW STE 1100"", ""USAddress[1]/CityNm[1]"": ""WASHINGTON"", ""USAddress[1]/StateAbbreviationCd[1]"": ""DC"", ""USAddress[1]/ZIPCd[1]"": ""200052619"", ""ValuationMethodUsedDesc[1]"": ""FMV""}",sources/schedule-202621329349306657.html,KEEP
RM-VG079,42750,https://projects.propublica.org/nonprofits/full_text/202621329349306657/IRS990ScheduleI,2026-09-14,"42,750","Primary filing rematch by recipient EIN and exact fiscal period. Author-selected tier retained as a classification claim, not a finding about each recipient’s activities.",42750,Faunalytics,VG079,C-EA animal,USD,Vanguard,filed_cash_grant,202621329349306657,2025-06-30,2024-07-01,FOR RECIPIENT'S EXEMPT PURPOSE,010686889,FAUNALYTICS,8159,"{""CashGrantAmt[1]"": ""42,750"", ""IRCSectionDesc[1]"": ""501(C)3"", ""NonCashAssistanceDesc[1]"": ""N/A"", ""PurposeOfGrantTxt[1]"": ""FOR RECIPIENT'S EXEMPT PURPOSE"", ""RecipientBusinessName[1]/BusinessNameLine1Txt[1]"": ""FAUNALYTICS"", ""RecipientEIN[1]"": ""01-0686889"", ""USAddress[1]/AddressLine1Txt[1]"": ""9415 DELPHI RD SW"", ""USAddress[1]/CityNm[1]"": ""OLYMPIA"", ""USAddress[1]/StateAbbreviationCd[1]"": ""WA"", ""USAddress[1]/ZIPCd[1]"": ""985128518"", ""ValuationMethodUsedDesc[1]"": ""FMV""}",sources/schedule-202621329349306657.html,KEEP
RM-VG080,1210500,https://projects.propublica.org/nonprofits/full_text/202621329349306657/IRS990ScheduleI,2026-09-14,"1,210,500","Primary filing rematch by recipient EIN and exact fiscal period. Author-selected tier retained as a classification claim, not a finding about each recipient’s activities.",1210500,Founders Pledge Inc,VG080,A-EA infrastructure,USD,Vanguard,filed_cash_grant,202621329349306657,2025-06-30,2024-07-01,FOR RECIPIENT'S EXEMPT PURPOSE,371795297,FOUNDERS PLEDGE INC,8965,"{""CashGrantAmt[1]"": ""1,210,500"", ""IRCSectionDesc[1]"": ""501(C)3"", ""NonCashAssistanceDesc[1]"": ""N/A"", ""PurposeOfGrantTxt[1]"": ""FOR RECIPIENT'S EXEMPT PURPOSE"", ""RecipientBusinessName[1]/BusinessNameLine1Txt[1]"": ""FOUNDERS PLEDGE INC"", ""RecipientEIN[1]"": ""37-1795297"", ""USAddress[1]/AddressLine1Txt[1]"": ""228 PARK AVE S PMB 71081"", ""USAddress[1]/CityNm[1]"": ""NEW YORK"", ""USAddress[1]/StateAbbreviationCd[1]"": ""NY"", ""USAddress[1]/ZIPCd[1]"": ""100031502"", ""ValuationMethodUsedDesc[1]"": ""FMV""}",sources/schedule-202621329349306657.html,KEEP
RM-VG081,17087572,https://projects.propublica.org/nonprofits/full_text/202621329349306657/IRS990ScheduleI,2026-09-14,"17,087,572","Primary filing rematch by recipient EIN and exact fiscal period. Author-selected tier retained as a classification claim, not a finding about each recipient’s activities.",17087572,GiveDirectly,VG081,B-EA global health,USD,Vanguard,filed_cash_grant,202621329349306657,2025-06-30,2024-07-01,FOR RECIPIENT'S EXEMPT PURPOSE,271661997,GIVEDIRECTLY INC,9779,"{""CashGrantAmt[1]"": ""17,087,572"", ""IRCSectionDesc[1]"": ""501(C)3"", ""NonCashAssistanceDesc[1]"": ""N/A"", ""PurposeOfGrantTxt[1]"": ""FOR RECIPIENT'S EXEMPT PURPOSE"", ""RecipientBusinessName[1]/BusinessNameLine1Txt[1]"": ""GIVEDIRECTLY INC"", ""RecipientEIN[1]"": ""27-1661997"", ""USAddress[1]/AddressLine1Txt[1]"": ""PO BOX 3221"", ""USAddress[1]/CityNm[1]"": ""NEW YORK"", ""USAddress[1]/StateAbbreviationCd[1]"": ""NY"", ""USAddress[1]/ZIPCd[1]"": ""100083221"", ""ValuationMethodUsedDesc[1]"": ""FMV""}",sources/schedule-202621329349306657.html,KEEP
RM-VG082,5248902,https://projects.propublica.org/nonprofits/full_text/202621329349306657/IRS990ScheduleI,2026-09-14,"5,248,902","Primary filing rematch by recipient EIN and exact fiscal period. Author-selected tier retained as a classification claim, not a finding about each recipient’s activities.",5248902,Giving What We Can USA,VG082,A-EA infrastructure,USD,Vanguard,filed_cash_grant,202621329349306657,2025-06-30,2024-07-01,FOR RECIPIENT'S EXEMPT PURPOSE,933629215,GIVING WHAT WE CAN USA INC,9789,"{""CashGrantAmt[1]"": ""5,248,902"", ""IRCSectionDesc[1]"": ""501(C)3"", ""NonCashAssistanceDesc[1]"": ""N/A"", ""PurposeOfGrantTxt[1]"": ""FOR RECIPIENT'S EXEMPT PURPOSE"", ""RecipientBusinessName[1]/BusinessNameLine1Txt[1]"": ""GIVING WHAT WE CAN USA INC"", ""RecipientEIN[1]"": ""93-3629215"", ""USAddress[1]/AddressLine1Txt[1]"": ""2810 N CHURCH ST"", ""USAddress[1]/CityNm[1]"": ""WILMINGTON"", ""USAddress[1]/StateAbbreviationCd[1]"": ""DE"", ""USAddress[1]/ZIPCd[1]"": ""198024447"", ""ValuationMethodUsedDesc[1]"": ""FMV""}",sources/schedule-202621329349306657.html,KEEP
RM-VG083,4469298,https://projects.propublica.org/nonprofits/full_text/202621329349306657/IRS990ScheduleI,2026-09-14,"4,469,298","Primary filing rematch by recipient EIN and exact fiscal period. Author-selected tier retained as a classification claim, not a finding about each recipient’s activities.",4469298,Good Food Institute,VG083,C-EA animal,USD,Vanguard,filed_cash_grant,202621329349306657,2025-06-30,2024-07-01,FOR RECIPIENT'S EXEMPT PURPOSE,810840578,GOOD FOOD INSTITUTE INC,9929,"{""CashGrantAmt[1]"": ""4,469,298"", ""IRCSectionDesc[1]"": ""501(C)3"", ""NonCashAssistanceDesc[1]"": ""N/A"", ""PurposeOfGrantTxt[1]"": ""FOR RECIPIENT'S EXEMPT PURPOSE"", ""RecipientBusinessName[1]/BusinessNameLine1Txt[1]"": ""GOOD FOOD INSTITUTE INC"", ""RecipientEIN[1]"": ""81-0840578"", ""USAddress[1]/AddressLine1Txt[1]"": ""2503D N HARRISON ST 19"", ""USAddress[1]/CityNm[1]"": ""ARLINGTON"", ""USAddress[1]/StateAbbreviationCd[1]"": ""VA"", ""USAddress[1]/ZIPCd[1]"": ""222071640"", ""ValuationMethodUsedDesc[1]"": ""FMV""}",sources/schedule-202621329349306657.html,KEEP
RM-VG084,794786,https://projects.propublica.org/nonprofits/full_text/202621329349306657/IRS990ScheduleI,2026-09-14,"794,786","Primary filing rematch by recipient EIN and exact fiscal period. Author-selected tier retained as a classification claim, not a finding about each recipient’s activities.",794786,Helen Keller International,VG084,B-EA global health,USD,Vanguard,filed_cash_grant,202621329349306657,2025-06-30,2024-07-01,FOR RECIPIENT'S EXEMPT PURPOSE,135562162,HELEN KELLER INTERNATIONAL,10970,"{""CashGrantAmt[1]"": ""794,786"", ""IRCSectionDesc[1]"": ""501(C)3"", ""NonCashAssistanceDesc[1]"": ""N/A"", ""PurposeOfGrantTxt[1]"": ""FOR RECIPIENT'S EXEMPT PURPOSE"", ""RecipientBusinessName[1]/BusinessNameLine1Txt[1]"": ""HELEN KELLER INTERNATIONAL"", ""RecipientEIN[1]"": ""13-5562162"", ""USAddress[1]/AddressLine1Txt[1]"": ""1 DAG HAMMARSKJOLD PLZ FL 2"", ""USAddress[1]/CityNm[1]"": ""NEW YORK"", ""USAddress[1]/StateAbbreviationCd[1]"": ""NY"", ""USAddress[1]/ZIPCd[1]"": ""100172208"", ""ValuationMethodUsedDesc[1]"": ""FMV""}",sources/schedule-202621329349306657.html,KEEP
RM-VG085,4219061,https://projects.propublica.org/nonprofits/full_text/202621329349306657/IRS990ScheduleI,2026-09-14,"4,219,061","Primary filing rematch by recipient EIN and exact fiscal period. Author-selected tier retained as a classification claim, not a finding about each recipient’s activities.",4219061,Horizon Institute for Public Service,VG085,A-AI safety,USD,Vanguard,filed_cash_grant,202621329349306657,2025-06-30,2024-07-01,FOR RECIPIENT'S EXEMPT PURPOSE,874657441,HORIZON INSTITUTE FOR PUBLIC SERVICE,11582,"{""CashGrantAmt[1]"": ""4,219,061"", ""IRCSectionDesc[1]"": ""501(C)3"", ""NonCashAssistanceDesc[1]"": ""N/A"", ""PurposeOfGrantTxt[1]"": ""FOR RECIPIENT'S EXEMPT PURPOSE"", ""RecipientBusinessName[1]/BusinessNameLine1Txt[1]"": ""HORIZON INSTITUTE FOR PUBLIC SERVICE"", ""RecipientEIN[1]"": ""87-4657441"", ""USAddress[1]/AddressLine1Txt[1]"": ""1710 RHODE ISLAND AVE NW STE 500"", ""USAddress[1]/CityNm[1]"": ""WASHINGTON"", ""USAddress[1]/StateAbbreviationCd[1]"": ""DC"", ""USAddress[1]/ZIPCd[1]"": ""200363106"", ""ValuationMethodUsedDesc[1]"": ""FMV""}",sources/schedule-202621329349306657.html,KEEP
RM-VG086,35000,https://projects.propublica.org/nonprofits/full_text/202621329349306657/IRS990ScheduleI,2026-09-14,"35,000","Primary filing rematch by recipient EIN and exact fiscal period. Author-selected tier retained as a classification claim, not a finding about each recipient’s activities.",35000,Insect Welfare Research Society,VG086,C-EA animal,USD,Vanguard,filed_cash_grant,202621329349306657,2025-06-30,2024-07-01,FOR RECIPIENT'S EXEMPT PURPOSE,933393218,INSECT WELFARE RESEARCH SOCIETY,12115,"{""CashGrantAmt[1]"": ""35,000"", ""IRCSectionDesc[1]"": ""501(C)3"", ""NonCashAssistanceDesc[1]"": ""N/A"", ""PurposeOfGrantTxt[1]"": ""FOR RECIPIENT'S EXEMPT PURPOSE"", ""RecipientBusinessName[1]/BusinessNameLine1Txt[1]"": ""INSECT WELFARE RESEARCH SOCIETY"", ""RecipientEIN[1]"": ""93-3393218"", ""USAddress[1]/AddressLine1Txt[1]"": ""5625 N GERMAN CHURCH RD UNIT 2060"", ""USAddress[1]/CityNm[1]"": ""INDIANAPOLIS"", ""USAddress[1]/StateAbbreviationCd[1]"": ""IN"", ""USAddress[1]/ZIPCd[1]"": ""462358513"", ""ValuationMethodUsedDesc[1]"": ""FMV""}",sources/schedule-202621329349306657.html,KEEP
RM-VG087,28200,https://projects.propublica.org/nonprofits/full_text/202621329349306657/IRS990ScheduleI,2026-09-14,"28,200","Primary filing rematch by recipient EIN and exact fiscal period. Author-selected tier retained as a classification claim, not a finding about each recipient’s activities.",28200,Institute for Progress,VG087,A-borderline,USD,Vanguard,filed_cash_grant,202621329349306657,2025-06-30,2024-07-01,FOR RECIPIENT'S EXEMPT PURPOSE,872449729,INSTITUTE FOR PROGRESS,12159,"{""CashGrantAmt[1]"": ""28,200"", ""IRCSectionDesc[1]"": ""501(C)3"", ""NonCashAssistanceDesc[1]"": ""N/A"", ""PurposeOfGrantTxt[1]"": ""FOR RECIPIENT'S EXEMPT PURPOSE"", ""RecipientBusinessName[1]/BusinessNameLine1Txt[1]"": ""INSTITUTE FOR PROGRESS"", ""RecipientEIN[1]"": ""87-2449729"", ""USAddress[1]/AddressLine1Txt[1]"": ""1255 UNION ST NE STE 820"", ""USAddress[1]/CityNm[1]"": ""WASHINGTON"", ""USAddress[1]/StateAbbreviationCd[1]"": ""DC"", ""USAddress[1]/ZIPCd[1]"": ""200020346"", ""ValuationMethodUsedDesc[1]"": ""FMV""}",sources/schedule-202621329349306657.html,KEEP
RM-VG088,2700000,https://projects.propublica.org/nonprofits/full_text/202621329349306657/IRS990ScheduleI,2026-09-14,"2,700,000","Primary filing rematch by recipient EIN and exact fiscal period. Author-selected tier retained as a classification claim, not a finding about each recipient’s activities.",2700000,Legal Priorities / Institute for Law & AI,VG088,A-AI safety,USD,Vanguard,filed_cash_grant,202621329349306657,2025-06-30,2024-07-01,FOR RECIPIENT'S EXEMPT PURPOSE,851024198,LEGAL PRIORITIES INC,13698,"{""CashGrantAmt[1]"": ""2,700,000"", ""IRCSectionDesc[1]"": ""501(C)3"", ""NonCashAssistanceDesc[1]"": ""N/A"", ""PurposeOfGrantTxt[1]"": ""FOR RECIPIENT'S EXEMPT PURPOSE"", ""RecipientBusinessName[1]/BusinessNameLine1Txt[1]"": ""LEGAL PRIORITIES INC"", ""RecipientEIN[1]"": ""85-1024198"", ""USAddress[1]/AddressLine1Txt[1]"": ""6 LIBERTY SQ"", ""USAddress[1]/CityNm[1]"": ""BOSTON"", ""USAddress[1]/StateAbbreviationCd[1]"": ""MA"", ""USAddress[1]/ZIPCd[1]"": ""021095800"", ""ValuationMethodUsedDesc[1]"": ""FMV""}",sources/schedule-202621329349306657.html,KEEP
RM-VG089,168960,https://projects.propublica.org/nonprofits/full_text/202621329349306657/IRS990ScheduleI,2026-09-14,"168,960","Primary filing rematch by recipient EIN and exact fiscal period. Author-selected tier retained as a classification claim, not a finding about each recipient’s activities.",168960,Lightcone Infrastructure,VG089,A-AI safety,USD,Vanguard,filed_cash_grant,202621329349306657,2025-06-30,2024-07-01,FOR RECIPIENT'S EXEMPT PURPOSE,920861538,LIGHTCONE INFRASTRUCTURE INC,13898,"{""CashGrantAmt[1]"": ""168,960"", ""IRCSectionDesc[1]"": ""501(C)3"", ""NonCashAssistanceDesc[1]"": ""N/A"", ""PurposeOfGrantTxt[1]"": ""FOR RECIPIENT'S EXEMPT PURPOSE"", ""RecipientBusinessName[1]/BusinessNameLine1Txt[1]"": ""LIGHTCONE INFRASTRUCTURE INC"", ""RecipientEIN[1]"": ""92-0861538"", ""USAddress[1]/AddressLine1Txt[1]"": ""2740 TELEGRAPH AVE"", ""USAddress[1]/CityNm[1]"": ""BERKELEY"", ""USAddress[1]/StateAbbreviationCd[1]"": ""CA"", ""USAddress[1]/ZIPCd[1]"": ""947051131"", ""ValuationMethodUsedDesc[1]"": ""FMV""}",sources/schedule-202621329349306657.html,KEEP
RM-VG090,2500000,https://projects.propublica.org/nonprofits/full_text/202621329349306657/IRS990ScheduleI,2026-09-14,"2,500,000","Primary filing rematch by recipient EIN and exact fiscal period. Author-selected tier retained as a classification claim, not a finding about each recipient’s activities.",2500000,Longview Philanthropy USA,VG090,A-EA infrastructure,USD,Vanguard,filed_cash_grant,202621329349306657,2025-06-30,2024-07-01,FOR RECIPIENT'S EXEMPT PURPOSE,932664730,LONGVIEW PHILANTHROPY USA INC,14116,"{""CashGrantAmt[1]"": ""2,500,000"", ""IRCSectionDesc[1]"": ""501(C)3"", ""NonCashAssistanceDesc[1]"": ""N/A"", ""PurposeOfGrantTxt[1]"": ""FOR RECIPIENT'S EXEMPT PURPOSE"", ""RecipientBusinessName[1]/BusinessNameLine1Txt[1]"": ""LONGVIEW PHILANTHROPY USA INC"", ""RecipientEIN[1]"": ""93-2664730"", ""USAddress[1]/AddressLine1Txt[1]"": ""2093 PHILADELPHIA PIKE 7230"", ""USAddress[1]/CityNm[1]"": ""CLAYMONT"", ""USAddress[1]/StateAbbreviationCd[1]"": ""DE"", ""USAddress[1]/ZIPCd[1]"": ""197032424"", ""ValuationMethodUsedDesc[1]"": ""FMV""}",sources/schedule-202621329349306657.html,KEEP
RM-VG091,1422424,https://projects.propublica.org/nonprofits/full_text/202621329349306657/IRS990ScheduleI,2026-09-14,"1,422,424","Primary filing rematch by recipient EIN and exact fiscal period. Author-selected tier retained as a classification claim, not a finding about each recipient’s activities.",1422424,Malaria Consortium,VG091,B-EA global health,USD,Vanguard,filed_cash_grant,202621329349306657,2025-06-30,2024-07-01,FOR RECIPIENT'S EXEMPT PURPOSE,980627052,MALARIA CONSORTIUM US INC,14484,"{""CashGrantAmt[1]"": ""1,422,424"", ""IRCSectionDesc[1]"": ""501(C)3"", ""NonCashAssistanceDesc[1]"": ""N/A"", ""PurposeOfGrantTxt[1]"": ""FOR RECIPIENT'S EXEMPT PURPOSE"", ""RecipientBusinessName[1]/BusinessNameLine1Txt[1]"": ""MALARIA CONSORTIUM US INC"", ""RecipientEIN[1]"": ""98-0627052"", ""USAddress[1]/AddressLine1Txt[1]"": ""PO BOX 6334"", ""USAddress[1]/CityNm[1]"": ""HERMITAGE"", ""USAddress[1]/StateAbbreviationCd[1]"": ""PA"", ""USAddress[1]/ZIPCd[1]"": ""161480924"", ""ValuationMethodUsedDesc[1]"": ""FMV""}",sources/schedule-202621329349306657.html,KEEP
RM-VG092,44000,https://projects.propublica.org/nonprofits/full_text/202621329349306657/IRS990ScheduleI,2026-09-14,"44,000","Primary filing rematch by recipient EIN and exact fiscal period. Author-selected tier retained as a classification claim, not a finding about each recipient’s activities.",44000,MATS Research,VG092,A-AI safety,USD,Vanguard,filed_cash_grant,202621329349306657,2025-06-30,2024-07-01,FOR RECIPIENT'S EXEMPT PURPOSE,990648563,MATS RESEARCH INC,14784,"{""CashGrantAmt[1]"": ""44,000"", ""IRCSectionDesc[1]"": ""501(C)3"", ""NonCashAssistanceDesc[1]"": ""N/A"", ""PurposeOfGrantTxt[1]"": ""FOR RECIPIENT'S EXEMPT PURPOSE"", ""RecipientBusinessName[1]/BusinessNameLine1Txt[1]"": ""MATS RESEARCH INC"", ""RecipientEIN[1]"": ""99-0648563"", ""USAddress[1]/AddressLine1Txt[1]"": ""2036 BANCROFT WAY"", ""USAddress[1]/CityNm[1]"": ""BERKELEY"", ""USAddress[1]/StateAbbreviationCd[1]"": ""CA"", ""USAddress[1]/ZIPCd[1]"": ""947041420"", ""ValuationMethodUsedDesc[1]"": ""FMV""}",sources/schedule-202621329349306657.html,KEEP
RM-VG093,585375,https://projects.propublica.org/nonprofits/full_text/202621329349306657/IRS990ScheduleI,2026-09-14,"585,375","Primary filing rematch by recipient EIN and exact fiscal period. Author-selected tier retained as a classification claim, not a finding about each recipient’s activities.",585375,Mercy for Animals,VG093,C-EA animal,USD,Vanguard,filed_cash_grant,202621329349306657,2025-06-30,2024-07-01,FOR RECIPIENT'S EXEMPT PURPOSE,542076145,MERCY FOR ANIMALS,15000,"{""CashGrantAmt[1]"": ""585,375"", ""IRCSectionDesc[1]"": ""501(C)3"", ""NonCashAssistanceDesc[1]"": ""N/A"", ""PurposeOfGrantTxt[1]"": ""FOR RECIPIENT'S EXEMPT PURPOSE"", ""RecipientBusinessName[1]/BusinessNameLine1Txt[1]"": ""MERCY FOR ANIMALS"", ""RecipientEIN[1]"": ""54-2076145"", ""USAddress[1]/AddressLine1Txt[1]"": ""8033 SUNSET BLVD STE 864"", ""USAddress[1]/CityNm[1]"": ""LOS ANGELES"", ""USAddress[1]/StateAbbreviationCd[1]"": ""CA"", ""USAddress[1]/ZIPCd[1]"": ""900462401"", ""ValuationMethodUsedDesc[1]"": ""FMV""}",sources/schedule-202621329349306657.html,KEEP
RM-VG094,4000000,https://projects.propublica.org/nonprofits/full_text/202621329349306657/IRS990ScheduleI,2026-09-14,"4,000,000","Primary filing rematch by recipient EIN and exact fiscal period. Author-selected tier retained as a classification claim, not a finding about each recipient’s activities.",4000000,METR,VG094,A-AI safety,USD,Vanguard,filed_cash_grant,202621329349306657,2025-06-30,2024-07-01,FOR RECIPIENT'S EXEMPT PURPOSE,991219864,MODEL EVALUATION AND THREAT RESEARCH,15424,"{""CashGrantAmt[1]"": ""4,000,000"", ""IRCSectionDesc[1]"": ""501(C)3"", ""NonCashAssistanceDesc[1]"": ""N/A"", ""PurposeOfGrantTxt[1]"": ""FOR RECIPIENT'S EXEMPT PURPOSE"", ""RecipientBusinessName[1]/BusinessNameLine1Txt[1]"": ""MODEL EVALUATION AND THREAT RESEARCH"", ""RecipientEIN[1]"": ""99-1219864"", ""USAddress[1]/AddressLine1Txt[1]"": ""440 N BARRANCA AVE 3345"", ""USAddress[1]/CityNm[1]"": ""COVINA"", ""USAddress[1]/StateAbbreviationCd[1]"": ""CA"", ""USAddress[1]/ZIPCd[1]"": ""917231722"", ""ValuationMethodUsedDesc[1]"": ""FMV""}",sources/schedule-202621329349306657.html,KEEP
RM-VG095,1075000,https://projects.propublica.org/nonprofits/full_text/202621329349306657/IRS990ScheduleI,2026-09-14,"1,075,000","Primary filing rematch by recipient EIN and exact fiscal period. Author-selected tier retained as a classification claim, not a finding about each recipient’s activities.",1075000,"Navigation Charitable Fund (Jed McCaleb; EIN 92-1117448, net assets $1.29B)",VG095,A-EA infrastructure,USD,Vanguard,filed_cash_grant,202621329349306657,2025-06-30,2024-07-01,FOR RECIPIENT'S EXEMPT PURPOSE,921117448,NAVIGATION CHARITABLE FUND,16195,"{""CashGrantAmt[1]"": ""1,075,000"", ""IRCSectionDesc[1]"": ""501(C)3"", ""NonCashAssistanceDesc[1]"": ""N/A"", ""PurposeOfGrantTxt[1]"": ""FOR RECIPIENT'S EXEMPT PURPOSE"", ""RecipientBusinessName[1]/BusinessNameLine1Txt[1]"": ""NAVIGATION CHARITABLE FUND"", ""RecipientEIN[1]"": ""92-1117448"", ""USAddress[1]/AddressLine1Txt[1]"": ""2991 SACRAMENTO STREET 230"", ""USAddress[1]/CityNm[1]"": ""BERKELEY"", ""USAddress[1]/StateAbbreviationCd[1]"": ""CA"", ""USAddress[1]/ZIPCd[1]"": ""947022534"", ""ValuationMethodUsedDesc[1]"": ""FMV""}",sources/schedule-202621329349306657.html,KEEP
RM-VG096,568100,https://projects.propublica.org/nonprofits/full_text/202621329349306657/IRS990ScheduleI,2026-09-14,"568,100","Primary filing rematch by recipient EIN and exact fiscal period. Author-selected tier retained as a classification claim, not a finding about each recipient’s activities.",568100,New Incentives,VG096,B-EA global health,USD,Vanguard,filed_cash_grant,202621329349306657,2025-06-30,2024-07-01,FOR RECIPIENT'S EXEMPT PURPOSE,452368993,NEW INCENTIVES,16405,"{""CashGrantAmt[1]"": ""568,100"", ""IRCSectionDesc[1]"": ""501(C)3"", ""NonCashAssistanceDesc[1]"": ""N/A"", ""PurposeOfGrantTxt[1]"": ""FOR RECIPIENT'S EXEMPT PURPOSE"", ""RecipientBusinessName[1]/BusinessNameLine1Txt[1]"": ""NEW INCENTIVES"", ""RecipientEIN[1]"": ""45-2368993"", ""USAddress[1]/AddressLine1Txt[1]"": ""440 N BARRANCA AVE PMB 6133"", ""USAddress[1]/CityNm[1]"": ""COVINA"", ""USAddress[1]/StateAbbreviationCd[1]"": ""CA"", ""USAddress[1]/ZIPCd[1]"": ""917231722"", ""ValuationMethodUsedDesc[1]"": ""FMV""}",sources/schedule-202621329349306657.html,KEEP
RM-VG097,43000,https://projects.propublica.org/nonprofits/full_text/202621329349306657/IRS990ScheduleI,2026-09-14,"43,000","Primary filing rematch by recipient EIN and exact fiscal period. Author-selected tier retained as a classification claim, not a finding about each recipient’s activities.",43000,Nuclear Threat Initiative,VG097,A-borderline,USD,Vanguard,filed_cash_grant,202621329349306657,2025-06-30,2024-07-01,FOR RECIPIENT'S EXEMPT PURPOSE,522289435,NUCLEAR THREAT INITIATIVE INC,16975,"{""CashGrantAmt[1]"": ""43,000"", ""IRCSectionDesc[1]"": ""501(C)3"", ""NonCashAssistanceDesc[1]"": ""N/A"", ""PurposeOfGrantTxt[1]"": ""FOR RECIPIENT'S EXEMPT PURPOSE"", ""RecipientBusinessName[1]/BusinessNameLine1Txt[1]"": ""NUCLEAR THREAT INITIATIVE INC"", ""RecipientEIN[1]"": ""52-2289435"", ""USAddress[1]/AddressLine1Txt[1]"": ""1776 EYE ST NW STE 1000"", ""USAddress[1]/CityNm[1]"": ""WASHINGTON"", ""USAddress[1]/StateAbbreviationCd[1]"": ""DC"", ""USAddress[1]/ZIPCd[1]"": ""200063719"", ""ValuationMethodUsedDesc[1]"": ""FMV""}",sources/schedule-202621329349306657.html,KEEP
RM-VG098,275160,https://projects.propublica.org/nonprofits/full_text/202621329349306657/IRS990ScheduleI,2026-09-14,"275,160","Primary filing rematch by recipient EIN and exact fiscal period. Author-selected tier retained as a classification claim, not a finding about each recipient’s activities.",275160,One Acre Fund,VG098,B-EA global health,USD,Vanguard,filed_cash_grant,202621329349306657,2025-06-30,2024-07-01,FOR RECIPIENT'S EXEMPT PURPOSE,203668110,ONE ACRE FUND,17183,"{""CashGrantAmt[1]"": ""275,160"", ""IRCSectionDesc[1]"": ""501(C)3"", ""NonCashAssistanceDesc[1]"": ""N/A"", ""PurposeOfGrantTxt[1]"": ""FOR RECIPIENT'S EXEMPT PURPOSE"", ""RecipientBusinessName[1]/BusinessNameLine1Txt[1]"": ""ONE ACRE FUND"", ""RecipientEIN[1]"": ""20-3668110"", ""USAddress[1]/AddressLine1Txt[1]"": ""2070 GREEN BAY RD STE 183"", ""USAddress[1]/CityNm[1]"": ""HIGHLAND PARK"", ""USAddress[1]/StateAbbreviationCd[1]"": ""IL"", ""USAddress[1]/ZIPCd[1]"": ""600352412"", ""ValuationMethodUsedDesc[1]"": ""FMV""}",sources/schedule-202621329349306657.html,KEEP
RM-VG099,1000000,https://projects.propublica.org/nonprofits/full_text/202621329349306657/IRS990ScheduleI,2026-09-14,"1,000,000","Primary filing rematch by recipient EIN and exact fiscal period. Author-selected tier retained as a classification claim, not a finding about each recipient’s activities.",1000000,Open Philanthropy Advisors Inc,VG099,A-EA infrastructure,USD,Vanguard,filed_cash_grant,202621329349306657,2025-06-30,2024-07-01,FOR RECIPIENT'S EXEMPT PURPOSE,992255770,OPEN PHILANTHROPY ADVISORS INC,17279,"{""CashGrantAmt[1]"": ""1,000,000"", ""IRCSectionDesc[1]"": ""501(C)3"", ""NonCashAssistanceDesc[1]"": ""N/A"", ""PurposeOfGrantTxt[1]"": ""FOR RECIPIENT'S EXEMPT PURPOSE"", ""RecipientBusinessName[1]/BusinessNameLine1Txt[1]"": ""OPEN PHILANTHROPY ADVISORS INC"", ""RecipientEIN[1]"": ""99-2255770"", ""USAddress[1]/AddressLine1Txt[1]"": ""314 LYTTON AVE"", ""USAddress[1]/CityNm[1]"": ""PALO ALTO"", ""USAddress[1]/StateAbbreviationCd[1]"": ""CA"", ""USAddress[1]/ZIPCd[1]"": ""943011430"", ""ValuationMethodUsedDesc[1]"": ""FMV""}",sources/schedule-202621329349306657.html,KEEP
RM-VG100,1595226,https://projects.propublica.org/nonprofits/full_text/202621329349306657/IRS990ScheduleI,2026-09-14,"1,595,226","Primary filing rematch by recipient EIN and exact fiscal period. Author-selected tier retained as a classification claim, not a finding about each recipient’s activities.",1595226,Rethink Priorities,VG100,A-EA infrastructure,USD,Vanguard,filed_cash_grant,202621329349306657,2025-06-30,2024-07-01,FOR RECIPIENT'S EXEMPT PURPOSE,843896318,RETHINK PRIORITIES,19457,"{""CashGrantAmt[1]"": ""1,595,226"", ""IRCSectionDesc[1]"": ""501(C)3"", ""NonCashAssistanceDesc[1]"": ""N/A"", ""PurposeOfGrantTxt[1]"": ""FOR RECIPIENT'S EXEMPT PURPOSE"", ""RecipientBusinessName[1]/BusinessNameLine1Txt[1]"": ""RETHINK PRIORITIES"", ""RecipientEIN[1]"": ""84-3896318"", ""USAddress[1]/AddressLine1Txt[1]"": ""530 DIVISADERO ST PMB 796"", ""USAddress[1]/CityNm[1]"": ""SAN FRANCISCO"", ""USAddress[1]/StateAbbreviationCd[1]"": ""CA"", ""USAddress[1]/ZIPCd[1]"": ""941172213"", ""ValuationMethodUsedDesc[1]"": ""FMV""}",sources/schedule-202621329349306657.html,KEEP
RM-VG101,3350000,https://projects.propublica.org/nonprofits/full_text/202621329349306657/IRS990ScheduleI,2026-09-14,"3,350,000","Primary filing rematch by recipient EIN and exact fiscal period. Author-selected tier retained as a classification claim, not a finding about each recipient’s activities.",3350000,Sentinel Bio (biosecurity fund),VG101,A-AI safety,USD,Vanguard,filed_cash_grant,202621329349306657,2025-06-30,2024-07-01,FOR RECIPIENT'S EXEMPT PURPOSE,993068480,SENTINEL BIO INC,20767,"{""CashGrantAmt[1]"": ""3,350,000"", ""IRCSectionDesc[1]"": ""501(C)3"", ""NonCashAssistanceDesc[1]"": ""N/A"", ""PurposeOfGrantTxt[1]"": ""FOR RECIPIENT'S EXEMPT PURPOSE"", ""RecipientBusinessName[1]/BusinessNameLine1Txt[1]"": ""SENTINEL BIO INC"", ""RecipientEIN[1]"": ""99-3068480"", ""USAddress[1]/AddressLine1Txt[1]"": ""1100 15TH ST NW STE 400"", ""USAddress[1]/CityNm[1]"": ""WASHINGTON"", ""USAddress[1]/StateAbbreviationCd[1]"": ""DC"", ""USAddress[1]/ZIPCd[1]"": ""200051877"", ""ValuationMethodUsedDesc[1]"": ""FMV""}",sources/schedule-202621329349306657.html,KEEP
RM-VG102,80000,https://projects.propublica.org/nonprofits/full_text/202621329349306657/IRS990ScheduleI,2026-09-14,"80,000","Primary filing rematch by recipient EIN and exact fiscal period. Author-selected tier retained as a classification claim, not a finding about each recipient’s activities.",80000,Sentinel (Research; forecasting/emergency response),VG102,A-AI safety,USD,Vanguard,filed_cash_grant,202621329349306657,2025-06-30,2024-07-01,FOR RECIPIENT'S EXEMPT PURPOSE,331519495,SENTINEL RESEARCH,20768,"{""CashGrantAmt[1]"": ""80,000"", ""IRCSectionDesc[1]"": ""501(C)3"", ""NonCashAssistanceDesc[1]"": ""N/A"", ""PurposeOfGrantTxt[1]"": ""FOR RECIPIENT'S EXEMPT PURPOSE"", ""RecipientBusinessName[1]/BusinessNameLine1Txt[1]"": ""SENTINEL RESEARCH"", ""RecipientEIN[1]"": ""33-1519495"", ""USAddress[1]/AddressLine1Txt[1]"": ""902 W 30TH ST"", ""USAddress[1]/CityNm[1]"": ""AUSTIN"", ""USAddress[1]/StateAbbreviationCd[1]"": ""TX"", ""USAddress[1]/ZIPCd[1]"": ""787052104"", ""ValuationMethodUsedDesc[1]"": ""FMV""}",sources/schedule-202621329349306657.html,KEEP
RM-VG103,5356767,https://projects.propublica.org/nonprofits/full_text/202621329349306657/IRS990ScheduleI,2026-09-14,"5,356,767","Primary filing rematch by recipient EIN and exact fiscal period. Author-selected tier retained as a classification claim, not a finding about each recipient’s activities.",5356767,Against Malaria Foundation,VG103,B-EA global health,USD,Vanguard,filed_cash_grant,202621329349306657,2025-06-30,2024-07-01,FOR RECIPIENT'S EXEMPT PURPOSE,203069841,THE AGAINST MALARIA FOUNDATION,23372,"{""CashGrantAmt[1]"": ""5,356,767"", ""IRCSectionDesc[1]"": ""501(C)3"", ""NonCashAssistanceDesc[1]"": ""N/A"", ""PurposeOfGrantTxt[1]"": ""FOR RECIPIENT'S EXEMPT PURPOSE"", ""RecipientBusinessName[1]/BusinessNameLine1Txt[1]"": ""THE AGAINST MALARIA FOUNDATION"", ""RecipientEIN[1]"": ""20-3069841"", ""USAddress[1]/AddressLine1Txt[1]"": ""310 W 20TH ST STE 300"", ""USAddress[1]/CityNm[1]"": ""KANSAS CITY"", ""USAddress[1]/StateAbbreviationCd[1]"": ""MO"", ""USAddress[1]/ZIPCd[1]"": ""641082025"", ""ValuationMethodUsedDesc[1]"": ""FMV""}",sources/schedule-202621329349306657.html,KEEP
RM-VG104,101439692,https://projects.propublica.org/nonprofits/full_text/202621329349306657/IRS990ScheduleI,2026-09-14,"101,439,692","Primary filing rematch by recipient EIN and exact fiscal period. Author-selected tier retained as a classification claim, not a finding about each recipient’s activities.",101439692,GiveWell (The Clear Fund),VG104,B-EA global health,USD,Vanguard,filed_cash_grant,202621329349306657,2025-06-30,2024-07-01,FOR RECIPIENT'S EXEMPT PURPOSE,208625442,THE CLEAR FUND,23568,"{""CashGrantAmt[1]"": ""101,439,692"", ""IRCSectionDesc[1]"": ""501(C)3"", ""NonCashAssistanceDesc[1]"": ""N/A"", ""PurposeOfGrantTxt[1]"": ""FOR RECIPIENT'S EXEMPT PURPOSE"", ""RecipientBusinessName[1]/BusinessNameLine1Txt[1]"": ""THE CLEAR FUND"", ""RecipientEIN[1]"": ""20-8625442"", ""USAddress[1]/AddressLine1Txt[1]"": ""1714 FRANKLIN STREET 100335"", ""USAddress[1]/CityNm[1]"": ""OAKLAND"", ""USAddress[1]/StateAbbreviationCd[1]"": ""CA"", ""USAddress[1]/ZIPCd[1]"": ""946123488"", ""ValuationMethodUsedDesc[1]"": ""FMV""}",sources/schedule-202621329349306657.html,KEEP
RM-VG105,611100,https://projects.propublica.org/nonprofits/full_text/202621329349306657/IRS990ScheduleI,2026-09-14,"611,100","Primary filing rematch by recipient EIN and exact fiscal period. Author-selected tier retained as a classification claim, not a finding about each recipient’s activities.",611100,The Humane League,VG105,C-EA animal,USD,Vanguard,filed_cash_grant,202621329349306657,2025-06-30,2024-07-01,FOR RECIPIENT'S EXEMPT PURPOSE,043817491,THE HUMANE LEAGUE,23817,"{""CashGrantAmt[1]"": ""611,100"", ""IRCSectionDesc[1]"": ""501(C)3"", ""NonCashAssistanceDesc[1]"": ""N/A"", ""PurposeOfGrantTxt[1]"": ""FOR RECIPIENT'S EXEMPT PURPOSE"", ""RecipientBusinessName[1]/BusinessNameLine1Txt[1]"": ""THE HUMANE LEAGUE"", ""RecipientEIN[1]"": ""04-3817491"", ""USAddress[1]/AddressLine1Txt[1]"": ""PO BOX 10476"", ""USAddress[1]/CityNm[1]"": ""ROCKVILLE"", ""USAddress[1]/StateAbbreviationCd[1]"": ""MD"", ""USAddress[1]/ZIPCd[1]"": ""208490476"", ""ValuationMethodUsedDesc[1]"": ""FMV""}",sources/schedule-202621329349306657.html,KEEP
RM-VG106,1089750,https://projects.propublica.org/nonprofits/full_text/202621329349306657/IRS990ScheduleI,2026-09-14,"1,089,750","Primary filing rematch by recipient EIN and exact fiscal period. Author-selected tier retained as a classification claim, not a finding about each recipient’s activities.",1089750,Wild Animal Initiative,VG106,C-EA animal,USD,Vanguard,filed_cash_grant,202621329349306657,2025-06-30,2024-07-01,FOR RECIPIENT'S EXEMPT PURPOSE,822281466,WILD ANIMAL INITIATIVE INC,26452,"{""CashGrantAmt[1]"": ""1,089,750"", ""IRCSectionDesc[1]"": ""501(C)3"", ""NonCashAssistanceDesc[1]"": ""N/A"", ""PurposeOfGrantTxt[1]"": ""FOR RECIPIENT'S EXEMPT PURPOSE"", ""RecipientBusinessName[1]/BusinessNameLine1Txt[1]"": ""WILD ANIMAL INITIATIVE INC"", ""RecipientEIN[1]"": ""82-2281466"", ""USAddress[1]/AddressLine1Txt[1]"": ""5123 WEST 98TH STREET 1204"", ""USAddress[1]/CityNm[1]"": ""MINNEAPOLIS"", ""USAddress[1]/StateAbbreviationCd[1]"": ""MN"", ""USAddress[1]/ZIPCd[1]"": ""554372040"", ""ValuationMethodUsedDesc[1]"": ""FMV""}",sources/schedule-202621329349306657.html,KEEP
