{
 "sizes": [
  "total",
  "lt100k",
  "100k_500k",
  "500k_1m",
  "1m_10m",
  "10m_50m",
  "ge50m"
 ],
 "size_labels": [
  "Total",
  "<$100k",
  "$100k\u2013500k",
  "$500k\u20131M",
  "$1M\u201310M",
  "$10M\u201350M",
  "\u2265$50M"
 ],
 "n": [
  248791,
  30333,
  62017,
  37838,
  83692,
  24040,
  10871
 ],
 "rev_k": [
  3028040286,
  10923985,
  27965514,
  24453033,
  212530526,
  325631410,
  2426535819
 ],
 "contrib_k": [
  756122073,
  6780797,
  17954778,
  16107424,
  121451407,
  144931693,
  448895974
 ],
 "gov_k": [
  305067921,
  1612771,
  4772592,
  4138983,
  49795390,
  74795617,
  169952567
 ],
 "prgm_k": [
  2108586084,
  3776860,
  8891578,
  7358806,
  81852040,
  166719852,
  1839986948
 ],
 "pct_contrib": [
  40.3463847827651,
  23.784386997575655,
  26.58118078652936,
  25.696120000317865,
  41.000257823279064,
  51.60749553929519,
  37.86012279985385
 ],
 "pct_rev": [
  10.074764276105142,
  14.763577577230288,
  17.065990634035906,
  16.92625614172279,
  23.429758979658292,
  22.969411028254306,
  7.0039175053282
 ],
 "share_gov": [
  100.0,
  0.5286596488786509,
  1.564435875248909,
  1.3567414713525385,
  16.322722440554475,
  24.51769322543749,
  55.70974701073208
 ],
 "gov_b": [
  305.067921,
  1.612771,
  4.772592,
  4.138983,
  49.79539,
  74.795617,
  169.952567
 ],
 "prg_pct": [
  69.63533787013823,
  34.57401305475978,
  31.794795547115637,
  30.093632965693867,
  38.51307458769476,
  51.1989466863777,
  75.82772665430001
 ],
 "priv_pct": [
  14.895909875619138,
  47.30898110900006,
  47.13729202331128,
  48.94460740309801,
  33.71563527772947,
  21.538486106116114,
  11.495540466200717
 ],
 "oth_pct": [
  5.3939879781374875,
  3.353428259009876,
  4.001921795537175,
  4.0355034894853326,
  4.341531154917482,
  4.293156179251873,
  5.6728153741710745
 ],
 "sections": [
  "total",
  "c3",
  "c4",
  "c5",
  "c6",
  "c7",
  "c8",
  "c9"
 ],
 "sec_rev_k": [
  3473632663,
  3028040286,
  156437504,
  29068535,
  58464055,
  18438819,
  21595566,
  161587898
 ],
 "sec_gov_k": [
  312946350,
  305067921,
  4054987,
  296172,
  3459054,
  56264,
  5548,
  6404
 ],
 "sec_pct_rev": [
  9.00919528231647,
  10.074764276105142,
  2.59208111630316,
  1.018874876219252,
  5.916548210691167,
  0.30513884864318047,
  0.025690458865491185,
  0.00396316808329297
 ]
}