{
  "published": {
    "n": 248791,
    "assets": 6174766718000,
    "liab": 2208387601000,
    "netassets": 3966379117000,
    "rev": 3028040286000,
    "contrib": 756122073000,
    "govgrants": 305067921000,
    "prgmrev": 2108586084000,
    "exp": 2909411470000
  },
  "ours": {
    "pooled": {
      "n": 261146,
      "assets": 6055957627625.0,
      "liab": 2128234824314.0,
      "netassets": 3927723866564.0,
      "rev": 3025479969711.0,
      "contrib": 782577969405.0,
      "exp": 2795481872880.0
    },
    "ty2022": {
      "n": 221549,
      "assets": 5431168870468.0,
      "liab": 1913621888796.0,
      "netassets": 3517546926827.0,
      "rev": 2818795444672.0,
      "contrib": 708871795488.0,
      "exp": 2619460277761.0
    },
    "dedup": {
      "n": 245065,
      "assets": 5707514597694.0,
      "liab": 2023448604533.0,
      "netassets": 3684066244679.0,
      "rev": 2919320339694.0,
      "contrib": 749762865259.0,
      "exp": 2708839842290.0
    }
  },
  "gaps": {
    "pooled": {
      "n": 4.96601565169158,
      "assets": -1.924106542011714,
      "liab": -3.6294705082434486,
      "netassets": -0.974572760085455,
      "rev": -0.08455357416602086,
      "contrib": 3.498892222526084,
      "exp": -3.9158983971421546
    },
    "ty2022": {
      "n": -10.949753005534767,
      "assets": -12.04252535345741,
      "liab": -13.347553304072369,
      "netassets": -11.315917539231034,
      "rev": -6.910239678627578,
      "contrib": -6.249027663552946,
      "exp": -9.965974054505256
    },
    "dedup": {
      "n": -1.4976425996117222,
      "assets": -7.5671218305935035,
      "liab": -8.374390273847585,
      "netassets": -7.1176472039952,
      "rev": -3.5904392292487484,
      "contrib": -0.8410292422451209,
      "exp": -6.893890045398082
    }
  },
  "gov_share_of_contributions": 40.3463847827651,
  "published_contrib_share": 24.970674151724282,
  "ours_contrib_shares": {
    "pooled": 25.866241959610576,
    "ty2022": 25.148039629051038,
    "dedup": 25.68278838962871
  },
  "components_billions": {
    "Government grants (contributions)": 305.067921,
    "All other contributions, gifts, grants, etc.": 396.071863,
    "Related organizations": 37.824104,
    "Fundraising events": 10.718452,
    "Membership dues": 4.534481,
    "Federated campaigns": 1.905251
  }
}