Organization,EIN,Year,Program Efficiency,Fundraising Efficiency,Total Revenue,Total Expenses,Form Type
American Civil Liberties Union Foundation Inc,13-6213516,2023,,512.1546800796325,201181635.0,186344190.0,990
American National Red Cross,53-0196605,2022,,3520.9612639215047,3182229338.0,3048182336.0,990
United Way Worldwide,13-1635294,2022,,,98499995.0,84068757.0,990
Planned Parenthood Federation Of America,13-1644147,2022,,94.1175179777418,454574008.0,390022935.0,990
Nature Conservancy,53-0242652,2022,,60.70164455758963,1312108803.0,1004881237.0,990
